date,bf_0_10,bf_10_20,bf_20_30,bf_30_40,bf_40_50,bf_50_60,bf_total,evap_potential,evap_real,frost_depth
1991-01-01,112,115,117,118,119,119,116,0.5,0.1,0
1991-01-02,115,115,116,117,118,118,116,0.7,0.6,0
1991-01-03,124,122,118,117,117,118,119,0.6,0.4,0
1991-01-04,125,126,126,123,120,118,123,0.5,0.1,0
1991-01-05,121,122,123,124,124,122,123,0.6,0.7,0
1991-01-06,120,121,122,123,123,123,122,1.3,0.7,0
1991-01-07,117,119,121,122,122,122,120,0.5,0,0
1991-01-08,115,117,119,120,121,121,119,0.9,0.4,0
1991-01-09,113,116,118,119,120,121,118,1.1,0.4,0
1991-01-10,117,116,117,118,119,120,118,1.3,0.8,0
1991-01-11,124,123,120,118,119,119,120,0.7,0.4,0
1991-01-12,120,122,122,121,120,119,121,0.4,0.4,0
1991-01-13,119,120,121,121,121,120,120,0.1,0,0
1991-01-14,118,119,120,120,120,120,120,0.3,0.4,0
1991-01-15,115,118,119,120,120,120,119,0.5,0.1,6
1991-01-16,114,116,118,119,119,120,118,0.1,0,10
1991-01-17,112,115,117,118,119,119,117,0,0.1,13
1991-01-18,111,114,116,117,118,119,116,0,0,16
1991-01-19,110,113,115,116,117,118,115,0.2,0.1,17
1991-01-20,111,113,114,116,117,118,115,0.2,0.2,16
1991-01-21,112,112,114,115,116,117,114,0.3,0.1,15
1991-01-22,119,115,114,115,116,117,116,0.1,0.3,11
1991-01-23,115,116,115,115,116,116,115,0.3,0.1,9
1991-01-24,113,115,115,115,115,116,115,0.4,0.1,7
1991-01-25,112,114,115,115,115,116,114,0.3,0,2
1991-01-26,111,113,114,115,115,116,114,0.3,0.1,0
1991-01-27,110,112,114,115,115,115,113,0.4,0.2,0
1991-01-28,109,112,113,114,115,115,113,0.4,0.2,0
1991-01-29,108,111,113,114,115,115,112,0.3,0,2
1991-01-30,108,110,112,113,114,115,112,0.5,0.1,0
1991-01-31,107,110,112,113,114,115,112,0.3,0.1,6
1991-02-01,106,109,111,113,114,114,111,0.3,0,12
1991-02-02,106,109,111,112,113,114,111,0,0,16
1991-02-03,106,108,110,112,113,114,110,0.2,0,20
1991-02-04,105,108,110,111,113,113,110,0.2,0,24
1991-02-05,105,108,110,111,112,113,110,0.3,0,25
1991-02-06,104,107,109,111,112,113,109,0.3,0.2,27
1991-02-07,104,107,109,110,112,113,109,0.3,0,32
1991-02-08,104,106,109,110,111,112,109,0.3,0,36
1991-02-09,104,106,108,110,111,112,108,0.2,0.2,39
1991-02-10,113,107,108,110,111,112,110,0.3,0.1,41
1991-02-11,120,113,109,109,111,112,112,0.3,0.2,42
1991-02-12,115,114,111,110,110,111,112,0.4,0.2,42
1991-02-13,115,114,112,110,110,111,112,0.4,0.3,41
1991-02-14,117,115,113,111,111,111,113,0.4,0.3,41
1991-02-15,118,116,113,112,111,111,113,0.3,0.3,41
1991-02-16,123,123,118,113,111,111,117,0.4,0.2,40
1991-02-17,118,120,120,116,113,112,116,0.5,0.2,40
1991-02-18,115,118,119,118,115,113,116,0.4,0,39
1991-02-19,114,116,117,117,116,114,116,0.4,0.1,38
1991-02-20,112,115,116,117,116,115,115,0.6,0.3,38
1991-02-21,110,114,115,116,116,115,114,0.6,0.3,37
1991-02-22,109,112,114,115,116,115,114,0.9,0.8,37
1991-02-23,108,111,113,115,115,115,113,1,0.1,36
1991-02-24,107,110,113,114,115,115,112,1.3,0.8,35
1991-02-25,106,109,112,113,114,115,111,0.5,0,35
1991-02-26,105,109,111,113,114,114,111,0.5,0.2,32
1991-02-27,105,108,111,112,113,114,110,1.3,0.1,30
1991-02-28,104,108,110,112,113,114,110,0.9,0,27
1991-03-01,104,107,110,111,113,113,110,0.8,0.2,0
1991-03-02,103,107,109,111,112,113,109,0.7,0.2,0
1991-03-03,102,106,109,110,112,113,109,1,0.6,0
1991-03-04,101,105,108,110,111,112,108,0.9,0.5,0
1991-03-05,100,104,107,109,111,112,107,0.7,0.2,0
1991-03-06,100,104,107,109,111,112,107,0.8,0.7,0
1991-03-07,101,104,107,109,110,111,107,0.9,0.5,0
1991-03-08,100,103,106,108,110,111,106,1.1,0.9,0
1991-03-09,99,103,106,108,109,111,106,0.6,0.2,0
1991-03-10,101,102,105,107,109,110,106,1,0.8,0
1991-03-11,101,102,105,107,109,110,106,1,0.6,0
1991-03-12,99,102,104,107,108,110,105,0.9,0.5,0
1991-03-13,98,101,104,106,108,109,104,1.2,0.8,0
1991-03-14,96,100,103,106,108,109,104,1.6,1.2,0
1991-03-15,97,99,103,105,107,109,103,0.9,0.6,0
1991-03-16,97,99,102,105,107,109,103,1.6,1.4,0
1991-03-17,94,98,102,105,107,108,102,1.6,1.3,0
1991-03-18,92,97,101,104,106,108,101,1.2,0.7,0
1991-03-19,97,97,101,104,106,108,102,1,0.5,0
1991-03-20,122,105,101,104,106,107,107,1.5,1.5,0
1991-03-21,122,119,111,105,105,107,112,1.2,1.1,0
1991-03-22,125,125,126,123,112,108,120,0.7,0.5,0
1991-03-23,120,123,124,124,121,112,120,0.9,0.6,0
1991-03-24,117,119,121,122,122,118,120,0.8,0.3,0
1991-03-25,117,118,119,120,121,119,119,1.2,0.6,0
1991-03-26,114,117,118,119,120,119,118,1.5,0.2,0
1991-03-27,112,115,117,118,119,119,117,1.8,1,0
1991-03-28,110,113,116,117,118,118,115,1.6,0.3,0
1991-03-29,109,112,115,116,117,118,114,1.6,0.4,0
1991-03-30,107,111,114,115,116,117,113,1.1,0.3,0
1991-03-31,106,110,113,115,116,117,113,1.3,0.3,0
1991-04-01,106,109,112,114,115,116,112,1.1,0.4,0
1991-04-02,106,109,111,113,115,115,111,2.1,1.4,0
1991-04-03,104,107,110,112,114,115,110,2.5,1.6,0
1991-04-04,102,106,109,112,113,114,109,1.4,0.8,0
1991-04-05,100,105,108,111,113,114,108,1.8,1,0
1991-04-06,98,104,108,110,112,113,107,2.1,1.4,0
1991-04-07,97,102,107,109,111,113,107,1.7,1.1,0
1991-04-08,100,102,106,109,111,112,107,1.9,1.4,0
1991-04-09,100,102,105,108,110,112,106,2.4,1.8,0
1991-04-10,97,100,104,108,110,111,105,2.4,1.8,0
1991-04-11,93,99,103,107,109,111,104,3.5,2.2,0
1991-04-12,89,97,102,106,108,110,102,3.2,2.1,0
1991-04-13,86,95,101,105,108,110,101,2.8,1.9,0
1991-04-14,83,93,100,104,107,109,99,2.7,1.8,0
1991-04-15,80,91,99,103,106,109,98,2.7,1.9,0
1991-04-16,78,90,98,103,106,108,97,1.8,0.5,0
1991-04-17,79,89,98,102,106,108,97,1.3,0.4,0
1991-04-18,82,89,97,102,105,107,97,1.5,0.7,0
1991-04-19,82,89,97,102,105,107,97,1.6,0.2,0
1991-04-20,82,89,96,101,105,107,97,1.6,0,0
1991-04-21,82,89,96,101,104,107,96,1.7,0.5,0
1991-04-22,82,89,96,101,104,106,96,1,0.4,0
1991-04-23,85,89,96,101,104,106,97,1.5,1.2,0
1991-04-24,90,89,95,100,103,106,97,1.6,0.7,0
1991-04-25,95,89,95,100,103,105,98,2.1,1.5,0
1991-04-26,92,89,95,99,103,105,97,1.8,0.8,0
1991-04-27,90,89,94,99,102,105,97,2.4,1.2,0
1991-04-28,87,88,94,99,102,104,96,2.3,1.5,0
1991-04-29,85,88,93,98,102,104,95,1.6,0.8,0
1991-04-30,84,87,93,98,101,104,94,1.2,0.5,0
1991-05-01,90,88,93,98,101,104,95,1.4,1,0
1991-05-02,90,88,93,97,101,103,95,1,0.5,0
1991-05-03,90,88,92,97,101,103,95,1.8,0.9,0
1991-05-04,90,88,92,97,100,103,95,1.5,0.8,0
1991-05-05,89,88,92,97,100,103,95,2,1.1,0
1991-05-06,86,88,92,96,100,102,94,2,1.2,0
1991-05-07,85,87,91,96,100,102,93,1.5,0.8,0
1991-05-08,82,86,91,96,99,102,93,3,2,0
1991-05-09,79,85,90,95,99,102,92,2.5,1.5,0
1991-05-10,77,83,89,95,98,101,91,2.9,1.9,0
1991-05-11,75,82,89,94,98,101,90,1.6,0.9,0
1991-05-12,74,82,89,94,98,101,89,1.7,1,0
1991-05-13,72,81,88,93,97,100,89,3.3,2.2,0
1991-05-14,76,80,87,93,97,100,89,1.6,1.4,0
1991-05-15,81,80,87,93,97,100,90,1.8,1,0
1991-05-16,87,80,87,92,97,100,90,1.8,1.1,0
1991-05-17,93,81,86,92,96,100,91,2.1,1.6,0
1991-05-18,94,82,86,92,96,99,91,1.8,1,0
1991-05-19,91,82,86,92,96,99,91,2.2,1.5,0
1991-05-20,88,82,86,91,96,99,90,2.3,1.3,0
1991-05-21,85,81,85,91,95,99,89,1.8,0.9,0
1991-05-22,82,81,85,90,95,98,88,4,2.5,0
1991-05-23,78,79,84,90,95,98,87,3,1.5,0
1991-05-24,75,78,84,89,94,98,86,2.8,1.6,0
1991-05-25,73,78,83,89,94,97,86,1.4,0.6,0
1991-05-26,75,77,83,89,94,97,86,2.5,1.8,0
1991-05-27,72,76,82,88,93,97,85,2.7,1.6,0
1991-05-28,70,75,82,88,93,97,84,1.4,0.7,0
1991-05-29,68,74,81,88,93,96,83,3.2,2.1,0
1991-05-30,64,72,80,87,92,96,82,4.1,2.8,0
1991-05-31,59,70,79,86,91,96,80,4.4,3,0
1991-06-01,55,67,78,85,91,95,78,3.9,2.1,0
1991-06-02,52,65,76,84,90,95,77,3.6,2.5,0
1991-06-03,49,64,75,84,90,94,76,2.7,1.6,0
1991-06-04,48,63,75,83,89,94,75,2.8,1.8,0
1991-06-05,47,61,74,83,89,94,75,3.1,1.9,0
1991-06-06,45,60,73,82,89,93,74,1.5,0.9,0
1991-06-07,47,60,73,82,88,93,74,2.4,1.8,0
1991-06-08,54,59,72,81,88,93,75,2.2,1.8,0
1991-06-09,54,59,72,81,88,93,74,2,1.1,0
1991-06-10,61,59,71,81,88,92,75,2.7,2.9,0
1991-06-11,72,60,71,81,87,92,77,3.2,2.3,0
1991-06-12,69,59,70,80,87,92,76,3.4,2.1,0
1991-06-13,67,59,70,79,86,92,76,2.8,2.1,0
1991-06-14,64,59,69,79,86,91,75,4.2,2.8,0
1991-06-15,60,58,68,78,86,91,73,2,0.9,0
1991-06-16,58,58,68,78,85,91,73,2.5,1.3,0
1991-06-17,56,57,67,77,85,90,72,2,1.2,0
1991-06-18,53,56,67,77,84,90,71,3.1,2,0
1991-06-19,52,56,66,76,84,90,71,2.3,1.3,0
1991-06-20,56,55,66,76,84,89,71,2.4,1.7,0
1991-06-21,61,55,65,76,83,89,71,3.5,2.5,0
1991-06-22,61,54,65,75,83,89,71,2.8,1.9,0
1991-06-23,70,54,64,75,83,88,72,3.9,2.8,0
1991-06-24,65,54,63,74,82,88,71,3.7,2.5,0
1991-06-25,63,53,63,73,82,88,70,2.4,1.7,0
1991-06-26,61,53,63,73,81,87,70,3,2.3,0
1991-06-27,75,54,62,73,81,87,72,3.4,3,0
1991-06-28,117,59,62,73,81,87,80,1.4,1.3,0
1991-06-29,115,70,63,73,81,87,81,1.9,1.3,0
1991-06-30,106,75,63,72,81,87,81,3.1,1.9,0
1991-07-01,102,76,64,72,80,86,80,2.8,2.2,0
1991-07-02,97,77,65,72,80,86,79,5.2,3.9,0
1991-07-03,88,75,64,71,79,86,77,5,3.5,0
1991-07-04,80,72,64,71,79,85,75,4.6,3.2,0
1991-07-05,73,70,64,70,78,85,73,5.5,3.5,0
1991-07-06,65,66,63,69,78,84,71,5.6,3.8,0
1991-07-07,58,63,62,69,77,84,69,5.7,4.1,0
1991-07-08,52,60,61,68,76,83,67,4.2,3,0
1991-07-09,47,57,60,67,76,83,65,4.7,3.4,0
1991-07-10,42,54,59,67,75,82,63,4.6,3.3,0
1991-07-11,37,51,57,66,74,82,61,5.3,3.9,0
1991-07-12,32,47,56,65,74,81,59,4.9,3.5,0
1991-07-13,29,45,54,64,73,80,58,3.1,2.2,0
1991-07-14,85,45,54,63,73,80,67,2.4,2.2,0
1991-07-15,96,49,54,63,72,80,69,3.7,2.6,0
1991-07-16,88,51,54,63,72,80,68,2.7,1.4,0
1991-07-17,82,53,53,63,72,79,67,3.6,2.4,0
1991-07-18,75,53,53,62,71,79,66,2.9,1.9,0
1991-07-19,71,53,53,62,71,79,65,2.9,1.8,0
1991-07-20,67,53,53,62,71,79,64,2.1,1.1,0
1991-07-21,64,52,53,62,71,78,63,2.4,1.4,0
1991-07-22,59,51,53,61,70,78,62,4,2.7,0
1991-07-23,53,49,52,61,70,78,60,4.5,3.4,0
1991-07-24,56,48,51,60,69,77,60,2.6,2.1,0
1991-07-25,66,48,51,60,69,77,62,2.8,1.9,0
1991-07-26,69,48,51,60,69,77,62,2.2,1.7,0
1991-07-27,75,49,51,60,69,77,63,3.3,2.3,0
1991-07-28,68,49,51,59,68,76,62,4.4,3.1,0
1991-07-29,61,47,50,59,68,76,60,4.7,3.4,0
1991-07-30,53,46,49,58,67,75,58,5,3.4,0
1991-07-31,47,44,48,57,67,75,56,3.4,2.3,0
1991-08-01,46,43,48,57,67,75,56,1.4,1,0
1991-08-02,45,43,48,57,66,75,56,1.5,1,0
1991-08-03,42,42,47,57,66,74,55,4,2.7,0
1991-08-04,37,40,46,56,66,74,53,3.5,2.5,0
1991-08-05,33,38,45,55,65,73,52,3.9,3,0
1991-08-06,28,36,44,54,64,73,50,4.7,3.7,0
1991-08-07,23,33,43,53,63,72,48,5,3.4,0
1991-08-08,32,32,42,53,63,72,49,1.5,1,0
1991-08-09,30,31,41,52,63,71,48,3.5,2.4,0
1991-08-10,28,30,41,52,62,71,47,1.7,1.2,0
1991-08-11,26,30,40,51,62,71,47,3.7,2.4,0
1991-08-12,27,28,39,51,61,70,46,3.5,2.7,0
1991-08-13,25,27,39,50,61,70,45,2.8,1.8,0
1991-08-14,22,26,38,50,60,69,44,2.6,1.9,0
1991-08-15,19,25,37,49,60,69,43,3.5,2.7,0
1991-08-16,16,23,36,48,59,68,42,3.5,2.5,0
1991-08-17,14,22,35,47,58,68,41,2.6,1.5,0
1991-08-18,13,21,34,47,58,68,40,3.1,1.5,0
1991-08-19,12,20,33,46,58,67,39,2.7,1.1,0
1991-08-20,17,20,33,46,57,67,40,1.4,1,0
1991-08-21,19,20,33,46,57,67,40,3.3,2.2,0
1991-08-22,16,19,32,45,56,66,39,4.7,2.9,0
1991-08-23,15,18,31,44,56,66,38,2.6,1.9,0
1991-08-24,15,17,30,44,55,65,38,3.3,2,0
1991-08-25,13,16,30,43,55,65,37,2.2,1,0
1991-08-26,12,16,29,43,55,64,37,1.6,0.8,0
1991-08-27,11,16,29,42,54,64,36,2.5,1.2,0
1991-08-28,10,15,28,42,54,64,36,2.6,1,0
1991-08-29,10,15,28,41,53,63,35,2.9,1,0
1991-08-30,9,14,27,41,53,63,35,2.8,1.1,0
1991-08-31,8,14,27,41,53,63,34,3.1,1.3,0
1991-09-01,7,13,26,40,52,62,33,3.8,1.4,0
1991-09-02,6,12,26,39,52,62,33,3.9,1.3,0
1991-09-03,5,12,25,39,51,61,32,3.1,1.1,0
1991-09-04,5,11,24,38,51,61,32,3,1.1,0
1991-09-05,4,11,24,38,50,61,31,1.9,0.4,0
1991-09-06,4,11,24,38,50,61,31,2.4,0.4,0
1991-09-07,5,11,24,38,50,60,31,1.5,0.4,0
1991-09-08,13,11,24,38,50,60,33,1.1,0.8,0
1991-09-09,15,11,24,38,50,60,33,1.7,0.8,0
1991-09-10,13,11,24,37,49,60,32,2.4,1.5,0
1991-09-11,12,11,23,37,49,60,32,1.1,0.5,0
1991-09-12,12,11,23,37,49,60,32,2,0.7,0
1991-09-13,11,11,23,37,49,59,32,2.1,0.9,0
1991-09-14,10,11,23,36,49,59,31,2.2,1,0
1991-09-15,9,11,22,36,48,59,31,2,0.9,0
1991-09-16,9,11,22,36,48,58,31,1.8,0.5,0
1991-09-17,26,11,22,35,48,58,33,2,1.3,0
1991-09-18,24,11,22,35,47,58,33,2,1.2,0
1991-09-19,22,11,22,35,47,58,32,1.2,0.5,0
1991-09-20,20,12,22,35,47,58,32,1.3,0.5,0
1991-09-21,19,12,21,35,47,57,32,1.9,1.1,0
1991-09-22,30,12,21,34,47,57,33,1.7,1,0
1991-09-23,53,13,21,34,47,57,37,1.5,1.1,0
1991-09-24,49,15,21,34,46,57,37,1.7,0.9,0
1991-09-25,45,16,21,34,46,57,36,2.1,1.3,0
1991-09-26,45,17,21,34,46,57,37,0.9,0.6,0
1991-09-27,50,19,21,34,46,57,38,0.9,0.5,0
1991-09-28,52,20,22,34,46,56,38,1.6,1.3,0
1991-09-29,49,21,22,34,46,56,38,1,0.4,0
1991-09-30,46,22,22,34,46,56,38,1.5,1,0
1991-10-01,47,23,22,34,46,56,38,1.3,1,0
1991-10-02,55,24,22,34,46,56,39,1.6,1.5,0
1991-10-03,53,25,23,34,46,56,39,1.6,1.1,0
1991-10-04,50,26,23,34,45,56,39,0.8,0.2,0
1991-10-05,48,27,23,34,45,56,39,1.1,0.8,0
1991-10-06,62,28,24,34,45,56,41,0.7,0.5,0
1991-10-07,72,30,24,34,45,56,43,1.1,1,0
1991-10-08,68,32,24,34,45,56,43,1.1,0.7,0
1991-10-09,64,33,25,34,45,55,43,1.2,0.9,0
1991-10-10,60,34,25,34,45,55,42,1.1,0.8,0
1991-10-11,57,34,25,34,45,55,42,1.2,1,0
1991-10-12,54,34,26,34,45,55,41,0.9,0.7,0
1991-10-13,72,35,26,34,45,55,45,0.6,0.4,0
1991-10-14,73,37,27,34,45,55,45,1,0.9,0
1991-10-15,69,39,27,34,45,55,45,0.9,0.7,0
1991-10-16,66,39,27,34,45,55,44,1.2,1,0
1991-10-17,75,40,28,34,45,55,46,1.2,1.5,0
1991-10-18,84,42,29,34,45,55,48,1,1,0
1991-10-19,87,45,29,34,45,55,49,0.8,0.8,0
1991-10-20,90,48,30,35,45,55,50,0.5,0.4,0
1991-10-21,88,50,31,35,45,55,50,0.5,0.5,0
1991-10-22,85,52,32,35,45,55,50,0.6,0.3,0
1991-10-23,85,53,33,35,45,55,51,0.5,0.5,0
1991-10-24,84,54,34,35,45,55,51,0.5,0.2,0
1991-10-25,82,55,35,36,45,55,51,0.5,0.2,0
1991-10-26,80,56,36,36,45,55,51,0.5,0.5,0
1991-10-27,78,56,36,36,45,54,51,0.5,0.4,0
1991-10-28,76,56,37,36,45,54,51,0.5,0.3,0
1991-10-29,74,56,38,37,45,54,51,0.3,0.3,0
1991-10-30,73,56,38,37,45,54,51,0.3,0.2,0
1991-10-31,72,56,39,37,45,54,51,0.4,0.2,0
1991-11-01,71,56,40,38,45,54,50,0.8,0.3,0
1991-11-02,75,56,40,38,45,54,51,0.7,0.8,0
1991-11-03,78,56,40,38,45,54,52,1.4,1.1,0
1991-11-04,105,59,41,39,45,54,57,0.9,0.9,0
1991-11-05,109,64,42,39,45,54,59,0.6,0.4,0
1991-11-06,107,69,43,39,46,54,59,0.6,0.5,0
1991-11-07,122,91,45,40,46,54,66,0.4,0.3,0
1991-11-08,128,129,65,40,46,54,77,0.6,0.6,0
1991-11-09,125,127,100,43,46,54,82,0.5,0.5,0
1991-11-10,120,121,110,50,46,54,83,0.3,0.3,0
1991-11-11,116,117,110,56,47,54,83,0.8,0.3,0
1991-11-12,118,117,108,62,48,54,85,0.5,0.6,0
1991-11-13,117,116,107,67,49,54,85,1,0.6,0
1991-11-14,115,115,106,72,50,55,85,0.9,0.2,0
1991-11-15,112,113,105,75,51,55,85,0.4,0.3,0
1991-11-16,111,112,105,78,53,55,85,0.2,0,0
1991-11-17,109,111,104,79,54,55,85,0.2,0.1,0
1991-11-18,108,109,103,81,56,55,85,0.4,0.1,0
1991-11-19,108,108,102,82,57,56,85,0.4,0.1,0
1991-11-20,120,112,102,82,59,56,89,0.4,0.1,0
1991-11-21,116,114,104,83,60,57,89,0.1,0,0
1991-11-22,113,113,105,85,61,57,89,0,0.2,0
1991-11-23,117,113,105,86,63,57,90,0.2,0,0
1991-11-24,117,115,106,87,64,58,91,0,0.2,0
1991-11-25,114,114,107,89,65,58,91,0,0.2,0
1991-11-26,112,113,107,90,66,59,91,0.3,0.1,0
1991-11-27,111,112,107,91,68,59,91,0.2,0,0
1991-11-28,109,111,107,92,69,60,91,0.3,0,0
1991-11-29,108,110,106,93,70,61,91,0.2,0,0
1991-11-30,107,109,106,93,71,61,91,0.1,0,0
1991-12-01,107,108,106,94,72,62,91,0,0.1,0
1991-12-02,106,107,105,94,73,62,91,0.2,0,0
1991-12-03,105,107,105,94,74,63,91,0.2,0.1,0
1991-12-04,105,106,104,94,75,64,91,0.2,0,0
1991-12-05,110,106,104,94,76,64,92,0.1,0.3,0
1991-12-06,109,107,104,94,77,65,93,0.1,0.2,0
1991-12-07,110,107,104,95,77,66,93,0.2,0,0
1991-12-08,112,108,104,95,78,66,94,0.2,0.1,0
1991-12-09,112,109,104,95,78,67,94,0,0.3,0
1991-12-10,110,109,105,95,79,67,94,0.1,0.1,8
1991-12-11,108,109,105,95,80,68,94,0,0,13
1991-12-12,107,108,105,96,80,68,94,0,0,16
1991-12-13,106,107,105,96,81,69,94,0,0,18
1991-12-14,106,107,105,96,81,70,94,0.1,0.1,20
1991-12-15,105,106,104,96,82,70,94,0,0,22
1991-12-16,104,106,104,96,82,71,94,0.3,0,24
1991-12-17,104,105,104,97,83,71,94,0.4,0.1,24
1991-12-18,121,113,105,97,83,72,98,0.4,0.2,22
1991-12-19,126,127,121,105,84,72,106,0.3,0.1,21
1991-12-20,125,126,126,127,111,75,115,0.6,0.5,19
1991-12-21,125,125,125,125,121,84,118,0.3,0,17
1991-12-22,126,127,127,128,128,104,123,0.3,0,0
1991-12-23,122,124,125,125,126,121,124,1.1,0.8,0
1991-12-24,124,124,124,124,124,123,124,0.4,0.4,0
1991-12-25,120,122,123,123,123,122,122,0.3,0,0
1991-12-26,120,120,121,122,122,121,121,0.5,0.3,0
1991-12-27,124,125,124,123,122,121,123,0.3,0.4,0
1991-12-28,119,121,122,123,123,122,122,0.2,0,2
1991-12-29,116,119,120,121,122,122,120,0.4,0.1,0
1991-12-30,115,117,119,120,121,121,119,0,0.2,0
1991-12-31,113,116,118,119,120,120,118,0.5,0.1,0
1992-01-01,108,111,114,115,116,117,114,0.5,0.2,0
1992-01-02,108,111,113,114,116,117,113,0.6,0.1,0
1992-01-03,107,110,112,114,115,116,112,0.4,0.1,0
1992-01-04,108,110,112,113,115,116,112,0.7,0.2,0
1992-01-05,117,114,112,113,114,115,114,0.4,0.1,0
1992-01-06,125,126,125,120,116,115,121,0.5,0.3,0
1992-01-07,119,121,123,123,121,118,121,0.2,0.3,0
1992-01-08,116,119,120,121,122,120,120,0.6,0.3,0
1992-01-09,120,119,119,120,121,121,120,0.5,0.4,0
1992-01-10,121,121,120,120,120,120,120,0.1,0.3,0
1992-01-11,117,119,120,120,120,120,119,0.2,0,2
1992-01-12,115,117,119,119,120,120,118,0.3,0.1,0
1992-01-13,113,116,118,119,119,120,117,0.3,0,0
1992-01-14,112,115,117,118,119,119,116,0.4,0.1,0
1992-01-15,111,114,116,117,118,119,116,0.6,0.4,0
1992-01-16,110,113,115,116,117,118,115,0.6,0.2,0
1992-01-17,110,112,114,116,117,118,114,0.7,0.4,0
1992-01-18,109,112,114,115,116,117,114,0.5,0.1,0
1992-01-19,111,111,113,115,116,117,114,0.4,0.2,0
1992-01-20,122,118,114,114,115,116,117,0.4,0.4,0
1992-01-21,117,118,116,115,115,116,116,0.1,0.1,8
1992-01-22,114,116,116,116,115,116,116,0.1,0,13
1992-01-23,113,115,116,116,116,116,115,0,0,17
1992-01-24,111,114,115,116,116,116,115,0,0,19
1992-01-25,110,113,114,115,116,116,114,0.1,0,21
1992-01-26,111,112,114,115,115,116,114,0.2,0,23
1992-01-27,110,112,113,114,115,116,113,0.3,0.1,23
1992-01-28,109,112,113,114,115,115,113,0.1,0.1,22
1992-01-29,109,111,113,114,114,115,112,0.1,0.2,22
1992-01-30,108,110,112,113,114,115,112,0.3,0,21
1992-01-31,107,110,112,113,114,114,112,0.2,0,20
1992-02-01,107,109,111,113,113,114,111,0.3,0,19
1992-02-02,106,109,111,112,113,114,111,0.3,0,19
1992-02-03,107,109,110,112,113,114,111,0.7,0.7,19
1992-02-04,110,109,110,111,113,113,111,0.5,0.2,19
1992-02-05,110,110,110,111,112,113,111,0.5,0.2,18
1992-02-06,109,110,110,111,112,113,111,0.5,0.3,0
1992-02-07,108,109,110,111,112,113,110,0.6,0.3,0
1992-02-08,107,109,110,111,112,112,110,0.3,0.2,0
1992-02-09,106,108,110,111,111,112,110,0.3,0.2,0
1992-02-10,105,108,109,110,111,112,109,0.7,0.5,0
1992-02-11,107,108,109,110,111,112,109,0.6,0.4,0
1992-02-12,106,108,109,110,111,112,109,0.6,0.3,0
1992-02-13,110,108,109,110,111,111,110,0.6,0.3,0
1992-02-14,114,109,109,110,110,111,110,0.9,0.8,0
1992-02-15,115,111,109,110,110,111,111,1.1,0.8,0
1992-02-16,115,113,110,110,110,111,112,0.9,0.6,0
1992-02-17,118,115,111,110,110,111,113,0.5,0.4,0
1992-02-18,116,116,113,111,110,111,113,0.4,0.3,1
1992-02-19,114,115,114,112,111,111,113,0.5,0.3,0
1992-02-20,114,114,114,112,111,111,113,0.4,0.1,0
1992-02-21,114,114,114,113,112,111,113,0.5,0.3,0
1992-02-22,112,113,114,113,112,111,112,0.7,0.5,0
1992-02-23,112,113,113,113,112,112,112,0.6,0.4,0
1992-02-24,111,112,113,113,112,112,112,0.5,0.3,0
1992-02-25,110,112,113,113,112,112,112,0.5,0.1,0
1992-02-26,109,111,112,113,112,112,111,0.6,0.1,0
1992-02-27,108,110,112,112,112,112,111,0.7,0.4,0
1992-02-28,106,109,111,112,112,112,110,0.9,0.7,0
1992-02-29,104,108,110,111,112,112,110,1.2,0.9,0
1992-03-01,102,107,109,111,111,112,109,1.4,0.9,0
1992-03-02,102,106,109,110,111,112,108,1.3,0.9,0
1992-03-03,102,105,108,110,111,111,108,1,0.3,0
1992-03-04,101,105,107,109,110,111,107,1.1,0.7,0
1992-03-05,99,104,107,109,110,111,106,1.2,1.1,0
1992-03-06,101,103,106,108,110,111,106,0.8,0.7,0
1992-03-07,104,103,106,108,109,110,107,0.9,0.8,0
1992-03-08,102,103,105,107,109,110,106,1,0.8,0
1992-03-09,100,102,105,107,109,110,105,1,0.6,0
1992-03-10,99,102,104,107,108,109,105,1.4,1,0
1992-03-11,108,102,104,106,108,109,106,1.1,0.8,0
1992-03-12,121,109,105,106,108,109,110,0.8,1,0
1992-03-13,126,127,121,116,113,109,119,0.8,0.8,0
1992-03-14,123,124,125,125,125,120,124,1,1,0
1992-03-15,123,125,125,125,125,124,125,1.3,0.9,0
1992-03-16,118,121,122,123,124,124,122,1,0.5,0
1992-03-17,116,119,120,122,122,123,120,0.7,0.2,0
1992-03-18,113,117,119,120,121,122,119,1.4,1.2,0
1992-03-19,111,115,117,119,120,121,117,0.8,0.4,0
1992-03-20,110,114,116,118,119,120,116,1.3,0.7,0
1992-03-21,116,114,115,117,118,119,116,1.2,1.1,0
1992-03-22,124,122,118,117,117,118,119,0.8,0.7,0
1992-03-23,121,123,124,122,119,118,121,1,0.7,0
1992-03-24,119,121,122,122,122,120,121,1.2,0.7,0
1992-03-25,124,123,122,122,121,121,122,0.7,0.6,0
1992-03-26,120,122,123,123,122,122,122,1.2,0.8,0
1992-03-27,116,119,121,122,122,122,120,0.8,0.2,0
1992-03-28,118,118,119,120,121,121,120,0.9,0.9,0
1992-03-29,122,123,121,121,120,121,121,1.1,0.7,0
1992-03-30,120,121,121,121,121,121,121,1.1,0.8,0
1992-03-31,117,119,120,121,121,121,120,1.6,0.9,0
1992-04-01,120,121,120,120,120,121,120,0.8,0.2,0
1992-04-02,120,123,123,122,121,121,122,2.1,1.5,0
1992-04-03,125,126,125,124,123,122,124,1.2,1.2,0
1992-04-04,119,122,123,124,125,124,123,1,0.5,0
1992-04-05,116,119,121,122,123,123,121,1.2,0.3,0
1992-04-06,114,117,119,120,121,122,119,1.2,0.4,0
1992-04-07,111,115,117,119,120,121,117,2.4,1.5,0
1992-04-08,108,113,116,117,119,120,115,2.4,1.5,0
1992-04-09,105,111,114,116,118,119,114,2.1,1.3,0
1992-04-10,103,109,112,115,117,118,112,2.3,1.5,0
1992-04-11,100,107,111,114,116,117,111,2,1.5,0
1992-04-12,98,105,110,113,115,116,109,2,1.2,0
1992-04-13,96,104,109,112,114,115,108,2.5,1.5,0
1992-04-14,95,103,108,111,113,115,107,2.5,1.1,0
1992-04-15,93,101,107,110,112,114,106,2.1,0.8,0
1992-04-16,93,101,106,109,112,113,106,1.1,0.6,0
1992-04-17,93,100,106,109,111,113,105,1,0.6,0
1992-04-18,101,100,105,108,111,113,106,0.8,0.6,0
1992-04-19,110,102,105,108,110,112,108,3.1,2.2,0
1992-04-20,106,102,104,107,110,111,107,2.3,0.9,0
1992-04-21,103,102,104,107,109,111,106,2.3,1.5,0
1992-04-22,100,101,103,106,109,111,105,1.7,1,0
1992-04-23,98,101,103,106,108,110,104,1.4,0.8,0
1992-04-24,96,100,103,105,108,110,104,2,1.3,0
1992-04-25,94,98,102,105,107,109,103,2.8,1.9,0
1992-04-26,92,97,101,104,107,109,102,2.6,1.8,0
1992-04-27,103,97,101,104,106,108,103,2.8,2.2,0
1992-04-28,103,97,100,103,106,108,103,1.7,1.1,0
1992-04-29,101,97,100,103,106,108,102,1.9,1.1,0
1992-04-30,98,97,99,103,105,107,102,2.8,1.7,0
1992-05-01,96,96,99,102,105,107,101,2,1.2,0
1992-05-02,97,96,99,102,105,107,101,1.2,0.7,0
1992-05-03,95,96,99,102,104,106,100,1.9,0.9,0
1992-05-04,93,95,98,101,104,106,100,2.3,1.5,0
1992-05-05,90,94,97,101,103,106,98,3,2.2,0
1992-05-06,86,92,96,100,103,105,97,3.2,2.2,0
1992-05-07,85,90,96,100,103,105,96,1.5,1,0
1992-05-08,87,90,95,99,102,105,97,1.7,1.4,0
1992-05-09,90,90,95,99,102,104,97,1.3,0.7,0
1992-05-10,106,92,95,99,102,104,100,2.6,1.8,0
1992-05-11,122,99,95,99,102,104,103,1.3,1.1,0
1992-05-12,115,106,96,98,101,104,103,2.7,1.7,0
1992-05-13,109,106,97,98,101,103,102,3.4,2.1,0
1992-05-14,102,103,97,98,101,103,101,4.4,3.1,0
1992-05-15,96,100,97,97,100,103,99,4.5,3.2,0
1992-05-16,90,97,96,97,100,102,97,3.9,2.5,0
1992-05-17,87,94,95,97,99,102,96,2.9,1.6,0
1992-05-18,83,92,94,96,99,102,94,3.9,2.8,0
1992-05-19,78,89,93,96,98,101,92,4.3,3,0
1992-05-20,73,86,91,95,98,101,91,4.7,3.1,0
1992-05-21,68,83,90,94,97,100,89,4.9,3.2,0
1992-05-22,63,79,88,93,97,100,87,4.7,3.3,0
1992-05-23,59,76,86,92,96,99,85,5.2,3.5,0
1992-05-24,54,73,84,91,95,99,83,5.2,3.5,0
1992-05-25,49,69,82,90,95,98,80,4.9,3.5,0
1992-05-26,45,66,80,88,94,97,78,5.4,3.2,0
1992-05-27,41,63,79,87,93,97,77,5,3.1,0
1992-05-28,37,60,77,86,92,96,75,5.1,3.4,0
1992-05-29,34,57,75,85,91,96,73,4.4,3,0
1992-05-30,31,55,73,84,90,95,71,4.4,3.1,0
1992-05-31,27,52,71,82,89,94,69,4.9,3.6,0
1992-06-01,24,49,69,81,88,94,67,3.3,2.2,0
1992-06-02,24,47,67,80,88,93,66,3.5,2.4,0
1992-06-03,36,46,66,79,87,93,68,2.8,1.8,0
1992-06-04,57,46,66,78,87,92,71,1.5,1.2,0
1992-06-05,63,47,65,78,86,92,72,4.1,2.9,0
1992-06-06,71,47,64,77,86,92,73,1.5,1.2,0
1992-06-07,101,51,64,77,86,91,78,2.2,1.5,0
1992-06-08,113,58,64,77,85,91,81,2.5,1.8,0
1992-06-09,112,65,65,76,85,91,82,2.1,1.8,0
1992-06-10,106,71,65,76,85,91,82,4.3,3.1,0
1992-06-11,103,73,65,76,84,90,82,1.5,0.9,0
1992-06-12,108,77,66,76,84,90,84,2.8,1.9,0
1992-06-13,100,79,67,75,84,90,82,4.2,2.7,0
1992-06-14,91,77,67,75,83,90,80,4.7,3.6,0
1992-06-15,85,75,67,74,83,89,79,2.5,1.2,0
1992-06-16,81,74,67,74,82,89,78,4,2.4,0
1992-06-17,77,73,67,74,82,89,77,2.8,1.1,0
1992-06-18,74,72,67,74,82,88,76,3.2,1.9,0
1992-06-19,113,74,68,74,82,88,83,1.3,1,0
1992-06-20,111,82,68,74,81,88,84,4.2,3,0
1992-06-21,103,83,69,73,81,87,83,2.6,1.6,0
1992-06-22,96,82,69,73,81,87,81,4.4,2.9,0
1992-06-23,89,80,69,73,80,87,80,3.5,2.4,0
1992-06-24,83,78,69,73,80,86,78,4,2.6,0
1992-06-25,77,76,69,72,80,86,77,4.4,3,0
1992-06-26,71,73,68,72,79,86,75,5,3.8,0
1992-06-27,64,69,67,71,79,85,73,5,3.5,0
1992-06-28,58,66,66,71,78,85,70,4.5,3.4,0
1992-06-29,52,62,65,70,77,84,68,5,3.8,0
1992-06-30,47,59,64,69,77,84,67,3.7,2.3,0
1992-07-01,53,58,63,69,76,83,67,4.2,3.3,0
1992-07-02,52,56,62,68,76,83,66,3.1,2.1,0
1992-07-03,53,55,61,68,76,83,66,2.1,1.3,0
1992-07-04,68,55,61,68,76,83,68,2.8,2.3,0
1992-07-05,84,55,61,68,75,82,71,2.4,1.8,0
1992-07-06,127,87,62,68,75,82,83,1.2,1,0
1992-07-07,117,103,65,68,75,82,85,4.3,3,0
1992-07-08,108,101,69,68,75,82,84,3.1,1.9,0
1992-07-09,102,97,71,68,75,82,82,3.4,2.3,0
1992-07-10,98,95,72,68,75,81,81,1.9,1,0
1992-07-11,95,93,73,69,75,81,81,2.5,1.6,0
1992-07-12,95,91,74,69,75,81,81,2.5,2.2,0
1992-07-13,99,90,74,69,74,81,81,3.5,2.6,0
1992-07-14,99,89,75,70,74,81,81,1.6,1.3,0
1992-07-15,99,89,75,70,74,81,81,3.5,2.4,0
1992-07-16,94,87,75,70,74,80,80,2.7,1.7,0
1992-07-17,95,86,75,70,74,80,80,2.9,2.3,0
1992-07-18,109,87,75,71,74,80,83,3.5,2.5,0
1992-07-19,101,87,75,71,74,80,81,4.6,3.3,0
1992-07-20,92,85,74,71,74,80,79,4.9,3.8,0
1992-07-21,85,82,73,70,74,79,77,4.2,3.2,0
1992-07-22,85,80,73,70,73,79,77,2.9,2.2,0
1992-07-23,80,78,73,70,73,79,76,3.4,1.9,0
1992-07-24,77,76,72,70,73,79,75,3.7,2.2,0
1992-07-25,106,77,72,70,73,79,79,3.2,2.2,0
1992-07-26,99,78,71,70,73,78,78,2.7,1.8,0
1992-07-27,95,78,71,70,73,78,77,4.2,3.2,0
1992-07-28,94,77,71,70,73,78,77,3.9,2.7,0
1992-07-29,87,76,70,69,73,78,75,4,2.8,0
1992-07-30,80,74,69,69,72,78,74,4.2,3.2,0
1992-07-31,74,71,69,69,72,77,72,3.6,2.7,0
1992-08-01,70,70,68,68,72,77,71,3.6,2.7,0
1992-08-02,66,67,67,68,72,77,69,3.7,2.5,0
1992-08-03,60,65,66,68,71,77,68,4.3,3,0
1992-08-04,55,62,65,67,71,76,66,4.6,2.9,0
1992-08-05,50,60,64,66,71,76,64,4.1,3,0
1992-08-06,45,57,62,66,70,76,63,4.5,3.4,0
1992-08-07,41,54,61,65,70,75,61,3.7,2.3,0
1992-08-08,37,51,59,64,69,75,59,4.4,3.1,0
1992-08-09,35,49,58,64,69,75,58,3.2,0.8,0
1992-08-10,33,48,57,63,69,74,57,3.9,2.4,0
1992-08-11,32,46,56,63,68,74,57,3.2,2.2,0
1992-08-12,33,45,56,62,68,74,56,3.7,2.6,0
1992-08-13,42,44,55,62,68,74,57,2.2,1.7,0
1992-08-14,59,44,54,62,68,74,60,2.7,2.9,0
1992-08-15,62,45,54,61,68,74,61,2.3,1.6,0
1992-08-16,60,45,54,61,67,73,60,1.4,0.7,0
1992-08-17,63,46,53,61,67,73,61,1.9,1.4,0
1992-08-18,63,46,53,61,67,73,60,2.5,1.7,0
1992-08-19,59,46,53,60,67,73,60,2.2,1.1,0
1992-08-20,60,46,52,60,67,73,59,3,2.2,0
1992-08-21,72,46,52,60,66,73,61,2.9,2.2,0
1992-08-22,67,46,51,59,66,72,60,2.7,1.9,0
1992-08-23,78,47,51,59,66,72,62,2.2,1.8,0
1992-08-24,85,49,51,59,66,72,64,1.9,1,0
1992-08-25,88,51,51,59,66,72,64,2.6,1.9,0
1992-08-26,89,53,51,58,65,72,65,3.4,2.6,0
1992-08-27,120,59,51,58,65,72,71,3.2,2.5,0
1992-08-28,108,66,51,58,65,71,70,4.2,2.8,0
1992-08-29,99,68,52,57,65,71,69,2,1.7,0
1992-08-30,94,69,52,57,65,71,68,2.9,2,0
1992-08-31,93,70,53,57,64,71,68,1.1,0.8,0
1992-09-01,119,75,54,57,64,71,73,2,1.9,0
1992-09-02,113,82,55,57,64,71,74,2.1,1.5,0
1992-09-03,111,86,57,58,64,71,74,2.1,1.8,0
1992-09-04,107,87,59,58,64,71,74,1.7,1.5,0
1992-09-05,108,88,61,58,64,71,75,2.1,2.1,0
1992-09-06,105,89,62,59,64,71,75,2.1,1.3,0
1992-09-07,100,88,64,59,64,71,74,2.1,1.5,0
1992-09-08,96,86,65,59,64,70,73,2.5,1.9,0
1992-09-09,92,85,65,59,64,70,72,2.1,1.4,0
1992-09-10,88,83,65,60,64,70,72,2.5,1.8,0
1992-09-11,83,81,65,60,64,70,71,2.7,2,0
1992-09-12,83,79,65,60,64,70,70,1.8,1.4,0
1992-09-13,80,78,66,60,64,70,69,1.8,1.5,0
1992-09-14,85,77,66,61,64,70,70,0.9,0.6,0
1992-09-15,92,77,66,61,64,70,71,2,1.4,0
1992-09-16,89,76,66,61,64,70,71,1.5,0.9,0
1992-09-17,86,76,66,61,64,70,70,1.8,1.3,0
1992-09-18,82,75,66,61,64,69,69,2.1,1.6,0
1992-09-19,79,74,66,61,64,69,69,1.1,0.7,0
1992-09-20,77,73,66,62,64,69,68,1.4,1.1,0
1992-09-21,75,72,65,62,64,69,68,1.8,1.3,0
1992-09-22,71,71,65,62,64,69,67,2.2,1.7,0
1992-09-23,69,69,65,62,64,69,66,1,0.5,0
1992-09-24,67,69,65,62,64,69,66,1.5,1.1,0
1992-09-25,65,67,64,62,64,69,65,1.7,1.4,0
1992-09-26,63,66,64,62,64,69,64,1.6,1.2,0
1992-09-27,60,65,63,62,64,69,64,1.7,1.2,0
1992-09-28,58,63,63,62,64,69,63,1.8,1.4,0
1992-09-29,56,62,62,62,64,69,62,1.4,1,0
1992-09-30,56,61,62,62,64,69,62,0.8,0.5,0
1992-10-01,104,63,62,62,64,69,71,0.7,0.5,0
1992-10-02,111,71,62,62,64,69,73,0.9,0.7,0
1992-10-03,105,75,62,62,64,69,73,1,0.4,0
1992-10-04,100,77,63,62,64,69,72,2,1.2,0
1992-10-05,97,78,63,62,64,69,72,0.7,0.5,0
1992-10-06,116,90,64,62,64,69,77,0.6,0.3,0
1992-10-07,118,103,68,62,64,69,81,0.7,0.5,0
1992-10-08,113,104,72,63,65,69,81,0.8,0.4,0
1992-10-09,110,103,75,63,65,69,81,0.8,0.3,0
1992-10-10,109,102,77,64,65,69,81,0.7,0.5,0
1992-10-11,107,101,79,65,65,69,81,0.6,0.3,0
1992-10-12,105,100,80,65,65,69,81,0.9,0.9,0
1992-10-13,103,99,80,66,65,69,80,0.7,0.5,0
1992-10-14,101,98,81,67,65,69,80,0.9,0.6,0
1992-10-15,102,97,81,67,66,69,80,1,1,0
1992-10-16,101,96,82,68,66,69,80,0.8,0.3,0
1992-10-17,100,96,82,69,66,69,80,0.5,0.1,0
1992-10-18,99,95,83,69,66,69,80,0.7,0.3,0
1992-10-19,97,95,83,70,67,69,80,1.2,0.7,0
1992-10-20,95,94,83,70,67,69,80,0.6,0.4,0
1992-10-21,104,93,83,71,67,69,81,0.5,0.2,0
1992-10-22,107,95,83,71,68,69,82,0.8,0.5,0
1992-10-23,109,96,83,72,68,70,83,0.5,0.3,0
1992-10-24,117,100,84,72,68,70,85,0.5,0.6,0
1992-10-25,124,115,91,73,68,70,90,0.4,0.2,0
1992-10-26,125,126,117,78,69,70,97,0.4,0.2,0
1992-10-27,120,121,120,88,70,70,98,0.5,0.2,0
1992-10-28,124,125,124,98,71,70,102,0.5,0.4,0
1992-10-29,121,122,122,109,75,71,103,0.6,0.6,0
1992-10-30,120,122,121,112,81,71,105,0.4,0.2,0
1992-10-31,117,119,119,113,87,72,105,0.2,0.4,0
1992-11-01,115,117,118,113,92,73,105,0.3,0.2,0
1992-11-02,114,115,116,113,95,75,105,0.7,0.2,0
1992-11-03,122,119,116,112,98,76,107,0.5,0.5,0
1992-11-04,117,118,117,113,100,78,107,0.6,0.3,0
1992-11-05,115,117,117,114,102,80,107,0.6,0.3,0
1992-11-06,113,115,116,114,103,82,107,0.8,0.3,0
1992-11-07,111,114,115,113,104,84,107,0.7,0.2,0
1992-11-08,112,113,114,113,105,86,107,0.3,0.3,0
1992-11-09,110,112,113,113,105,88,107,0.3,0.4,0
1992-11-10,113,112,113,112,106,89,107,0.6,0.5,0
1992-11-11,123,121,118,113,106,91,112,1,0.9,0
1992-11-12,126,127,128,126,116,94,119,0.7,0.9,0
1992-11-13,124,125,125,126,126,108,122,0.4,0.2,0
1992-11-14,123,124,124,124,124,118,123,0.5,0.4,0
1992-11-15,122,122,123,123,123,121,122,0.4,0.1,0
1992-11-16,122,123,123,123,123,121,123,0.6,0.4,0
1992-11-17,119,120,121,122,122,121,121,0.7,0.4,0
1992-11-18,121,121,121,121,121,121,121,0.8,0.8,0
1992-11-19,123,122,121,121,121,120,122,0.7,1,0
1992-11-20,123,124,124,123,122,121,123,0.7,0.6,0
1992-11-21,120,121,122,123,123,122,122,0.3,0.3,0
1992-11-22,127,128,127,126,125,124,126,0.3,0,0
1992-11-23,124,126,126,126,127,127,126,0.4,0.1,0
1992-11-24,119,121,123,124,124,125,123,0.5,0,0
1992-11-25,119,120,121,122,123,123,121,0.8,0.8,0
1992-11-26,122,121,121,121,122,122,121,1.4,1.2,0
1992-11-27,122,124,124,123,122,122,123,0.5,0.6,0
1992-11-28,122,123,123,123,123,123,123,0.8,0.6,0
1992-11-29,118,120,122,122,123,123,121,0,0.1,0
1992-11-30,116,118,120,121,122,122,120,0.5,0,0
1992-12-01,114,117,119,120,121,121,118,0.5,0.4,0
1992-12-02,112,115,117,119,120,120,117,0.9,0.6,0
1992-12-03,113,115,116,118,119,120,117,0.9,0.8,0
1992-12-04,118,118,117,117,118,119,118,0.5,0.4,0
1992-12-05,121,123,122,120,119,119,120,0.2,0.3,0
1992-12-06,117,120,121,121,120,119,120,0.3,0,0
1992-12-07,115,118,119,120,120,120,119,0.5,0.2,0
1992-12-08,114,116,118,119,120,120,118,0.3,0.1,0
1992-12-09,113,115,117,118,119,119,117,0.3,0.1,0
1992-12-10,112,114,116,117,118,119,116,0.3,0.1,0
1992-12-11,113,114,115,117,118,118,116,0.5,0.2,0
1992-12-12,126,126,125,123,120,118,123,0.3,0.4,0
1992-12-13,122,123,124,125,125,123,124,0.5,0.4,0
1992-12-14,120,122,122,123,124,124,122,0.5,0.2,0
1992-12-15,117,119,121,122,122,123,121,0,0.2,0
1992-12-16,115,118,119,120,121,122,119,0,0,0
1992-12-17,113,116,118,119,120,121,118,0,0,0
1992-12-18,112,115,117,118,119,120,117,0,0.1,0
1992-12-19,112,114,116,117,119,119,116,0.6,0.3,0
1992-12-20,119,115,116,117,118,119,117,0.2,0,0
1992-12-21,124,125,122,119,118,118,121,0.3,0,0
1992-12-22,122,123,122,122,120,119,121,0.2,0,0
1992-12-23,122,124,124,124,122,121,123,0.3,0.1,0
1992-12-24,118,120,122,123,123,123,121,0.3,0.1,0
1992-12-25,116,118,120,121,122,122,120,0,0.1,0
1992-12-26,114,117,119,120,121,121,118,0.2,0,5
1992-12-27,113,116,117,119,120,120,117,0.2,0,10
1992-12-28,112,115,116,118,119,120,116,0,0.1,12
1992-12-29,111,114,116,117,118,119,116,0,0,16
1992-12-30,110,113,115,116,117,118,115,0,0,20
1992-12-31,109,112,114,116,117,118,114,0.1,0.1,23
1993-01-01,121,123,124,125,125,125,124,0,0,25
1993-01-02,117,120,121,123,123,124,121,0,0,28
1993-01-03,115,118,120,121,122,122,120,0.1,0,33
1993-01-04,114,117,118,120,121,121,118,0.2,0,39
1993-01-05,112,115,117,119,120,120,117,0.6,0.4,44
1993-01-06,112,114,116,118,119,120,116,0.5,0.4,44
1993-01-07,123,122,118,118,118,119,120,0.3,0,43
1993-01-08,123,123,122,120,119,119,121,0.4,0.2,42
1993-01-09,119,121,122,121,120,120,120,0.5,0.3,41
1993-01-10,116,119,120,121,121,120,119,1.1,0.6,40
1993-01-11,120,120,120,120,120,120,120,0.8,0.9,37
1993-01-12,126,127,127,127,127,126,127,0.5,0.4,34
1993-01-13,120,122,123,124,125,126,123,1,0.6,30
1993-01-14,120,121,122,122,123,124,122,1.3,1.2,0
1993-01-15,117,119,120,121,122,122,120,1,0.1,0
1993-01-16,114,117,119,120,121,122,119,0.9,0.4,0
1993-01-17,112,115,117,119,120,121,117,0.8,0.5,0
1993-01-18,111,114,116,118,119,120,116,0.5,0.4,0
1993-01-19,110,113,115,117,118,119,115,0.7,0.2,0
1993-01-20,111,112,115,116,117,118,115,0.6,0.5,0
1993-01-21,115,114,114,115,117,118,115,1.1,0.8,0
1993-01-22,124,123,121,119,118,117,120,0.8,0.8,0
1993-01-23,123,125,125,126,126,125,125,1.2,1,0
1993-01-24,120,121,123,123,124,125,123,2.1,1.9,0
1993-01-25,126,126,126,125,125,124,125,0.7,0.8,0
1993-01-26,121,123,124,125,126,126,124,0.9,0.5,0
1993-01-27,120,121,122,123,124,124,122,0.4,0.4,0
1993-01-28,122,123,123,122,122,123,122,0.3,0.1,0
1993-01-29,125,126,127,127,128,127,127,0.1,0.3,0
1993-01-30,119,122,123,124,125,125,123,0.1,0.2,0
1993-01-31,116,119,121,122,123,123,121,0.1,0.1,0
1993-02-01,115,117,119,120,121,122,119,0,0,1
1993-02-02,113,116,118,119,120,121,118,0.1,0,2
1993-02-03,112,115,117,118,119,120,117,0.1,0,2
1993-02-04,111,114,116,117,119,119,116,0.1,0,4
1993-02-05,110,113,115,117,118,119,115,0.3,0,4
1993-02-06,110,112,114,116,117,118,115,0.3,0.2,4
1993-02-07,111,112,114,115,117,117,114,0.3,0.1,3
1993-02-08,110,112,113,115,116,117,114,0.4,0.1,2
1993-02-09,109,111,113,114,115,116,113,0.3,0.1,1
1993-02-10,108,111,113,114,115,116,113,0.3,0.2,0
1993-02-11,107,110,112,113,115,116,112,0.3,0.1,0
1993-02-12,107,110,112,113,114,115,112,0.3,0,0
1993-02-13,106,109,111,113,114,115,111,0.3,0,2
1993-02-14,106,109,111,112,113,114,111,0.4,0,5
1993-02-15,105,108,110,112,113,114,110,0.4,0.2,8
1993-02-16,105,108,110,112,113,114,110,0.5,0.1,9
1993-02-17,115,109,110,111,112,113,112,0.5,0.3,9
1993-02-18,113,111,110,111,112,113,112,0.7,0.4,0
1993-02-19,120,114,111,111,112,113,114,0.8,0.8,0
1993-02-20,119,119,114,112,112,113,115,0.9,0.7,0
1993-02-21,125,126,127,123,117,113,122,0.8,0.9,0
1993-02-22,119,122,123,124,124,119,122,0.5,0,0
1993-02-23,116,119,121,122,122,122,120,0.5,0.1,0
1993-02-24,115,117,119,120,121,121,119,0.4,0,2
1993-02-25,113,116,118,119,120,120,118,0.4,0,2
1993-02-26,112,115,117,118,119,120,117,0.6,0,3
1993-02-27,111,114,116,117,118,119,116,0.6,0.1,2
1993-02-28,111,113,115,117,118,118,115,0.7,0.3,2
1993-03-01,110,113,114,116,117,118,115,0.8,0.2,2
1993-03-02,109,112,114,115,116,117,114,1.1,0.1,0
1993-03-03,108,111,113,115,116,117,113,0.8,0,2
1993-03-04,108,111,113,114,115,116,113,0.5,0,3
1993-03-05,107,110,112,114,115,116,112,0.6,0.1,3
1993-03-06,109,110,112,113,114,115,112,0.6,0.4,0
1993-03-07,116,111,112,113,114,115,113,0.6,0.4,0
1993-03-08,114,113,112,113,114,115,113,1.1,0.3,0
1993-03-09,112,113,112,113,113,114,113,0.8,0.1,0
1993-03-10,110,112,112,113,113,114,112,1.1,0.5,0
1993-03-11,108,111,112,112,113,114,112,1.1,0.4,0
1993-03-12,106,109,111,112,113,114,111,1.2,1,0
1993-03-13,104,108,110,112,112,113,110,1.2,1,0
1993-03-14,102,107,109,111,112,113,109,1.5,1.1,0
1993-03-15,100,105,108,110,112,113,108,1.3,0.7,0
1993-03-16,99,104,108,110,111,112,107,2.2,1.3,0
1993-03-17,102,104,107,109,111,112,107,1.3,0.9,0
1993-03-18,101,103,106,109,110,112,107,1.6,0.6,0
1993-03-19,101,103,106,108,110,111,107,1.9,1.1,0
1993-03-20,99,102,105,108,110,111,106,1.7,1,0
1993-03-21,97,101,105,107,109,111,105,1.5,1,0
1993-03-22,97,101,104,107,109,110,105,1.1,0.8,0
1993-03-23,106,101,104,106,108,110,106,2,1.5,0
1993-03-24,105,102,104,106,108,110,106,1.6,0.4,0
1993-03-25,104,102,103,106,108,109,105,1.6,0.2,0
1993-03-26,102,102,103,105,107,109,105,1.7,0.3,0
1993-03-27,101,102,103,105,107,109,105,1.2,0.1,0
1993-03-28,101,102,103,105,107,108,104,1.1,0.1,0
1993-03-29,100,102,103,105,107,108,104,1.5,0.1,0
1993-03-30,100,102,103,105,107,108,104,1.1,0.2,0
1993-03-31,98,101,103,105,106,108,103,1.6,1.2,0
1993-04-01,97,100,102,104,106,107,103,1.4,0.3,0
1993-04-02,101,100,102,104,106,107,103,1.1,0.6,0
1993-04-03,111,102,102,104,106,107,105,1,0.4,0
1993-04-04,109,103,102,104,105,107,105,0.9,0.4,0
1993-04-05,107,104,102,104,105,107,105,2.2,1.5,0
1993-04-06,108,104,103,103,105,106,105,1.1,0.8,0
1993-04-07,124,117,105,104,105,106,110,1.1,0.9,0
1993-04-08,118,118,111,105,105,106,110,1.3,0.8,0
1993-04-09,114,116,113,106,105,106,110,1.2,0.3,0
1993-04-10,112,114,113,108,106,106,110,2.3,1.1,0
1993-04-11,109,112,112,109,106,106,109,2.4,0.9,0
1993-04-12,106,110,111,109,107,106,108,2.1,1,0
1993-04-13,104,108,110,109,107,106,107,2.1,1.1,0
1993-04-14,103,107,109,109,107,107,107,1.5,1,0
1993-04-15,104,106,108,108,108,107,107,2.1,1.5,0
1993-04-16,102,105,107,108,108,107,106,1.2,0.2,0
1993-04-17,101,104,107,108,107,107,106,1.7,1,0
1993-04-18,102,104,106,107,107,107,105,1.7,1.5,0
1993-04-19,120,108,106,107,107,107,109,1,0.8,0
1993-04-20,117,114,107,107,107,107,110,2.8,2.1,0
1993-04-21,110,111,108,107,107,107,108,4,2.7,0
1993-04-22,104,108,108,107,106,107,106,3.8,2.7,0
1993-04-23,102,105,107,106,106,106,105,3.3,2.3,0
1993-04-24,97,103,105,106,106,106,104,3.9,2.8,0
1993-04-25,92,100,104,105,105,106,102,3.4,2.5,0
1993-04-26,88,97,102,104,105,106,100,3.7,2.9,0
1993-04-27,83,94,101,103,104,105,98,4.1,2.8,0
1993-04-28,78,91,99,102,104,105,97,4.8,3.2,0
1993-04-29,73,88,97,101,103,104,95,4.8,3.1,0
1993-04-30,69,85,95,100,102,104,93,4.1,2.7,0
1993-05-01,66,83,94,99,102,104,91,2.7,1.4,0
1993-05-02,65,82,93,98,101,103,90,2.6,1.6,0
1993-05-03,63,80,92,98,101,103,89,2.6,1.5,0
1993-05-04,61,79,91,97,100,102,88,2.8,1.5,0
1993-05-05,59,77,89,96,100,102,87,3.1,1.8,0
1993-05-06,58,76,89,96,99,102,86,1.6,0.8,0
1993-05-07,57,75,88,95,99,101,86,3.1,1.9,0
1993-05-08,54,73,86,94,98,101,84,4,2.4,0
1993-05-09,51,70,85,93,98,100,83,4.2,3.2,0
1993-05-10,47,68,83,92,97,100,81,4.6,3.3,0
1993-05-11,43,65,81,90,96,99,79,5,3.5,0
1993-05-12,40,62,79,89,95,99,77,3.8,2.6,0
1993-05-13,48,61,78,88,95,98,78,1.5,0.5,0
1993-05-14,63,61,78,88,94,98,80,2.2,1.5,0
1993-05-15,60,61,77,87,94,98,79,3.5,2.4,0
1993-05-16,56,59,75,86,93,97,78,3.8,2.8,0
1993-05-17,52,58,74,85,92,97,76,4.5,3.1,0
1993-05-18,47,56,73,84,92,96,75,3.8,2.2,0
1993-05-19,44,55,72,83,91,96,73,3.4,2.3,0
1993-05-20,46,53,70,83,90,95,73,2.8,1.8,0
1993-05-21,99,59,70,82,90,95,82,2.3,2.1,0
1993-05-22,123,105,72,82,89,95,94,1.7,1.1,0
1993-05-23,113,107,77,82,89,94,94,3.5,2.2,0
1993-05-24,107,104,80,82,89,94,92,3,1.9,0
1993-05-25,102,101,82,82,88,94,91,3.2,2,0
1993-05-26,98,98,83,82,88,93,90,2.3,1.3,0
1993-05-27,121,115,86,82,88,93,97,2.3,1.6,0
1993-05-28,117,116,94,83,88,93,98,3.5,2.9,0
1993-05-29,117,114,98,84,88,93,99,3,1.9,0
1993-05-30,114,111,100,85,88,92,98,2.9,2,0
1993-05-31,116,112,101,86,88,92,99,3.2,2.6,0
1993-06-01,113,111,102,88,88,92,99,3.1,2.2,0
1993-06-02,111,111,103,89,88,92,99,1.4,0.4,0
1993-06-03,126,127,127,99,89,92,110,1.4,1.1,0
1993-06-04,120,123,124,117,93,92,111,4.1,2.8,0
1993-06-05,113,117,119,118,100,92,110,4.4,3,0
1993-06-06,107,113,115,115,104,93,108,4.5,3.2,0
1993-06-07,101,109,113,113,106,95,106,4.9,3.2,0
1993-06-08,95,105,110,111,107,96,104,4.8,3.4,0
1993-06-09,90,102,107,109,106,97,102,4.6,3.2,0
1993-06-10,86,98,105,108,106,98,100,4.6,3.5,0
1993-06-11,92,96,103,106,105,98,100,4.7,3.3,0
1993-06-12,121,108,103,105,104,99,107,2.5,1.7,0
1993-06-13,114,112,104,104,104,99,106,2.3,1.3,0
1993-06-14,110,111,106,104,104,100,106,1.9,1,0
1993-06-15,111,110,106,104,103,100,106,1.8,0.9,0
1993-06-16,111,109,107,105,103,100,106,2.5,1.8,0
1993-06-17,121,114,107,105,103,100,108,2.2,1.4,0
1993-06-18,114,114,109,105,103,100,108,2.4,1.5,0
1993-06-19,109,111,109,106,103,100,106,4.3,3.1,0
1993-06-20,103,108,108,106,103,100,105,4.2,2.6,0
1993-06-21,99,105,107,105,103,100,103,3,1.9,0
1993-06-22,95,102,105,105,103,100,102,3,1.8,0
1993-06-23,92,100,104,104,103,100,101,3.1,1.9,0
1993-06-24,90,99,103,104,103,100,100,2.4,1.4,0
1993-06-25,89,97,102,103,102,100,99,2.5,1.8,0
1993-06-26,87,96,101,103,102,100,98,2.7,1.8,0
1993-06-27,91,95,100,102,102,100,98,2.9,2,0
1993-06-28,91,94,99,101,102,100,98,2.6,1.5,0
1993-06-29,87,92,98,101,101,100,96,4.7,3.3,0
1993-06-30,80,89,96,99,100,100,94,4.9,3.6,0
1993-07-01,74,86,94,98,100,99,92,5,3.6,0
1993-07-02,69,83,92,97,99,99,90,3.8,2.7,0
1993-07-03,65,80,91,96,98,99,88,3.8,2.6,0
1993-07-04,63,79,90,95,98,98,87,2.4,0.9,0
1993-07-05,72,78,89,95,97,98,88,2.8,2.3,0
1993-07-06,90,78,88,94,97,98,91,2.4,1.5,0
1993-07-07,86,78,87,94,97,98,90,3.5,2,0
1993-07-08,81,77,86,93,96,97,88,4.9,3.1,0
1993-07-09,75,76,85,92,95,97,87,4.1,2.4,0
1993-07-10,71,74,84,91,95,96,85,3.4,2.5,0
1993-07-11,67,73,83,90,94,96,84,3.1,2.2,0
1993-07-12,65,72,82,89,94,96,83,2.9,2,0
1993-07-13,62,71,81,89,93,95,82,2.8,1.6,0
1993-07-14,62,70,80,88,93,95,81,2.2,2,0
1993-07-15,68,70,80,88,92,95,82,2.2,1.6,0
1993-07-16,116,85,80,87,92,95,93,2.1,1.8,0
1993-07-17,122,124,102,88,92,95,104,3.5,2.3,0
1993-07-18,115,117,108,90,92,94,103,2.3,1.3,0
1993-07-19,117,115,108,93,92,94,103,2.4,1.7,0
1993-07-20,123,120,111,96,92,94,106,2.3,2,0
1993-07-21,118,119,114,99,93,94,106,3.1,2.1,0
1993-07-22,119,117,114,103,93,94,107,2,1.4,0
1993-07-23,120,120,116,105,95,94,108,2.2,1.7,0
1993-07-24,121,120,117,108,96,94,109,3,2.1,0
1993-07-25,122,122,119,111,98,94,111,3.3,2.9,0
1993-07-26,123,125,124,116,101,95,114,2.2,1.9,0
1993-07-27,123,124,124,121,109,96,116,2,1.9,0
1993-07-28,120,123,123,123,116,100,117,2.7,2.1,0
1993-07-29,116,119,121,121,118,105,117,2.6,1.8,0
1993-07-30,115,118,119,119,118,110,116,3.4,2.6,0
1993-07-31,125,126,127,126,125,122,125,2.8,3.2,0
1993-08-01,118,121,123,124,125,125,123,3.3,2.3,0
1993-08-02,113,117,120,121,122,123,119,3.1,2.1,0
1993-08-03,108,114,117,119,120,121,116,3.4,2.6,0
1993-08-04,104,111,115,117,119,120,114,3.1,1.9,0
1993-08-05,105,109,113,116,117,118,113,1.8,1.1,0
1993-08-06,118,112,112,114,116,117,115,2.1,1.3,0
1993-08-07,112,112,112,114,115,117,114,2.2,1.4,0
1993-08-08,114,113,112,113,115,116,114,2.3,2,0
1993-08-09,121,122,117,114,114,115,117,2.4,1.9,0
1993-08-10,125,124,121,117,115,115,120,2.3,2.4,0
1993-08-11,120,122,123,122,118,116,120,2.5,1.6,0
1993-08-12,115,118,120,121,120,118,118,3.2,1.8,0
1993-08-13,112,115,117,119,119,119,117,3.4,2.4,0
1993-08-14,107,112,115,117,118,118,115,3,2,0
1993-08-15,104,110,113,116,117,118,113,3,2,0
1993-08-16,100,107,112,114,116,117,111,3.9,2.7,0
1993-08-17,96,105,110,113,115,116,109,3.4,2.3,0
1993-08-18,92,102,108,111,114,115,107,3.1,2.3,0
1993-08-19,90,100,107,110,113,114,106,1.8,0.7,0
1993-08-20,89,99,106,110,112,114,105,1.7,0.9,0
1993-08-21,88,98,105,109,111,113,104,1.6,0.8,0
1993-08-22,107,107,105,108,111,112,108,1.2,0.9,0
1993-08-23,121,123,118,110,110,112,116,2,1.4,0
1993-08-24,116,118,119,114,111,112,115,2.1,1.2,0
1993-08-25,112,115,117,115,113,112,114,1.7,0.9,0
1993-08-26,109,113,115,115,114,112,113,1.7,1.1,0
1993-08-27,107,111,114,114,114,113,112,1.4,0.8,0
1993-08-28,105,110,112,113,114,113,111,2.4,1.4,0
1993-08-29,102,108,111,112,113,113,110,2.5,1.8,0
1993-08-30,105,106,110,112,113,113,110,1.6,1.3,0
1993-08-31,111,107,109,111,112,113,111,1.9,1.5,0
1993-09-01,108,107,109,110,112,112,110,2.3,1.5,0
1993-09-02,107,107,108,110,111,112,109,1,0.6,0
1993-09-03,121,114,109,110,111,112,113,1.1,0.8,0
1993-09-04,123,125,122,114,111,111,118,2.2,1.7,0
1993-09-05,119,121,121,119,114,112,118,1.8,1.4,0
1993-09-06,114,118,119,119,116,113,117,2.2,1.5,0
1993-09-07,110,115,117,118,117,115,115,2.3,1.7,0
1993-09-08,115,114,115,116,117,115,115,1.2,0.9,0
1993-09-09,114,115,115,116,116,115,115,1.9,1.3,0
1993-09-10,113,114,114,115,116,115,114,1.7,1.3,0
1993-09-11,115,114,114,115,115,115,115,1.4,1.1,0
1993-09-12,116,115,114,114,115,115,115,1.8,1.4,0
1993-09-13,116,115,114,114,115,115,115,1,0.6,0
1993-09-14,120,120,116,115,115,115,117,2.1,1.7,0
1993-09-15,115,117,117,116,115,115,116,2.3,1.8,0
1993-09-16,125,124,122,118,116,115,120,1.1,0.9,0
1993-09-17,123,124,125,124,120,117,122,0.9,0.5,0
1993-09-18,118,120,122,123,123,121,121,1.5,1.1,0
1993-09-19,114,117,119,121,121,121,119,1.8,1.3,0
1993-09-20,110,115,117,119,120,120,117,2,1.5,0
1993-09-21,111,113,115,117,119,119,116,1.4,1,0
1993-09-22,121,119,116,117,118,119,118,1.4,1.3,0
1993-09-23,118,120,119,118,118,118,118,1,0.5,0
1993-09-24,117,118,118,118,118,118,118,0.8,0.5,0
1993-09-25,122,120,119,118,118,118,119,0.8,0.6,0
1993-09-26,119,121,121,119,119,118,119,1.5,0.9,0
1993-09-27,115,118,119,120,119,119,118,1.4,0.6,0
1993-09-28,113,116,118,119,119,119,117,1.1,0.7,0
1993-09-29,110,114,116,118,118,119,116,1.2,0.7,0
1993-09-30,109,112,115,117,118,118,115,1.1,0.6,0
1993-10-01,107,111,114,116,117,118,114,1.7,1,0
1993-10-02,106,110,113,115,116,117,113,0.9,0.6,0
1993-10-03,125,122,121,121,120,118,121,0.7,0.6,0
1993-10-04,122,124,125,126,126,127,125,1.1,0.8,0
1993-10-05,118,120,122,123,124,124,122,1.5,1.1,0
1993-10-06,115,118,120,121,122,123,120,1,0.5,0
1993-10-07,112,116,118,119,121,121,118,1.5,1.1,0
1993-10-08,111,114,116,118,119,120,117,0.7,0.4,0
1993-10-09,119,116,116,117,118,119,118,1.3,1.2,0
1993-10-10,115,116,116,117,118,119,117,1.1,1.1,0
1993-10-11,112,115,116,116,117,118,116,1.2,0.8,0
1993-10-12,110,113,115,116,117,117,114,2,1,0
1993-10-13,108,111,114,115,116,117,113,1.9,1.3,0
1993-10-14,116,114,113,114,116,117,115,1.2,1.4,0
1993-10-15,126,127,127,125,122,119,124,0.6,0.3,0
1993-10-16,121,123,124,125,125,125,124,0.6,0.3,0
1993-10-17,117,120,121,122,123,124,121,0.6,0.4,0
1993-10-18,115,118,120,121,122,122,119,0.7,0.3,0
1993-10-19,113,116,118,119,120,121,118,0.6,0.3,0
1993-10-20,111,115,117,118,119,120,117,0.6,0.4,0
1993-10-21,110,113,116,117,118,119,116,0.5,0.3,0
1993-10-22,111,113,115,116,118,119,115,0.7,0.4,0
1993-10-23,110,112,114,116,117,118,115,0.9,0.5,0
1993-10-24,110,112,114,115,116,117,114,0.8,0.5,0
1993-10-25,109,112,113,115,116,117,114,0.5,0,0
1993-10-26,108,111,113,114,115,116,113,0.5,0.4,0
1993-10-27,107,110,112,114,115,116,112,0.5,0.1,0
1993-10-28,106,109,112,113,114,115,112,0.4,0.2,0
1993-10-29,105,109,111,113,114,115,111,0.5,0.3,0
1993-10-30,105,108,110,112,114,115,111,0.4,0.2,0
1993-10-31,104,108,110,112,113,114,110,0.3,0.1,0
1993-11-01,104,107,110,111,113,114,110,0.5,0,0
1993-11-02,104,107,109,111,112,113,109,0.4,0,0
1993-11-03,103,106,109,111,112,113,109,0.2,0.3,0
1993-11-04,102,106,108,110,112,113,108,0.1,0.2,0
1993-11-05,102,105,108,110,111,112,108,0.4,0,0
1993-11-06,102,105,108,109,111,112,108,0.5,0.2,0
1993-11-07,106,105,107,109,111,112,108,0.4,0.1,0
1993-11-08,110,106,107,109,110,112,109,0.4,0.2,0
1993-11-09,109,107,107,109,110,111,109,0.6,0.4,0
1993-11-10,108,107,107,109,110,111,109,0.9,0.5,0
1993-11-11,108,107,107,108,110,111,109,0.5,0.2,0
1993-11-12,111,108,108,108,109,111,109,0.4,0.3,0
1993-11-13,111,109,108,108,109,110,109,0.4,0.5,0
1993-11-14,115,110,108,108,109,110,110,0.8,1.1,0
1993-11-15,126,126,122,114,110,110,118,0.4,0.4,0
1993-11-16,121,123,124,123,116,111,120,0.5,0.3,0
1993-11-17,117,120,121,122,121,115,119,0.7,0.2,0
1993-11-18,115,118,119,120,120,118,118,0.5,0,0
1993-11-19,114,116,118,119,119,119,118,0.1,0.1,6
1993-11-20,112,115,117,118,119,119,117,0.4,0.1,4
1993-11-21,111,114,116,117,118,118,116,0.5,0,13
1993-11-22,110,113,115,117,117,118,115,0.1,0,18
1993-11-23,110,113,114,116,117,117,114,0.3,0,20
1993-11-24,109,112,114,115,116,117,114,0.3,0,23
1993-11-25,108,111,113,115,116,116,113,0.1,0,24
1993-11-26,108,111,113,114,115,116,113,0,0,24
1993-11-27,107,110,112,114,115,116,112,0.3,0.1,25
1993-11-28,107,110,112,113,114,115,112,0.3,0,27
1993-11-29,106,109,111,113,114,115,111,0.4,0.2,27
1993-11-30,106,109,111,112,113,114,111,0.2,0.1,30
1993-12-01,105,108,110,112,113,114,110,0.3,0,34
1993-12-02,106,108,110,112,113,114,110,0.4,0.3,36
1993-12-03,107,108,110,111,112,113,110,0.7,0.6,35
1993-12-04,106,108,109,111,112,113,110,0.7,0.2,34
1993-12-05,105,107,109,111,112,113,109,0.4,0.2,33
1993-12-06,105,107,109,110,112,113,109,0.5,0.1,31
1993-12-07,105,107,109,110,111,112,109,0.6,0.3,28
1993-12-08,111,107,108,110,111,112,110,0.7,0.6,0
1993-12-09,122,116,110,110,111,112,113,2,1.6,0
1993-12-10,118,118,113,110,111,112,113,1,0.3,0
1993-12-11,122,120,115,112,111,111,115,0.7,0.8,0
1993-12-12,118,119,117,114,112,112,115,0.6,0.4,0
1993-12-13,125,124,123,118,113,112,119,0.6,0.6,0
1993-12-14,125,126,126,126,121,115,123,0.5,0.4,0
1993-12-15,120,122,123,124,125,122,123,0.8,0.6,0
1993-12-16,118,120,121,122,123,123,121,1,0.4,0
1993-12-17,120,121,121,121,122,122,121,0.8,0.7,0
1993-12-18,118,119,120,121,121,121,120,0.5,0.5,0
1993-12-19,120,119,119,120,120,121,120,1.4,1.2,0
1993-12-20,123,123,122,120,120,120,121,0.7,0.5,0
1993-12-21,126,127,126,125,124,122,125,0.3,0.1,0
1993-12-22,124,125,126,126,126,127,126,0.4,0.6,0
1993-12-23,122,123,124,124,125,125,124,0.7,0.6,0
1993-12-24,118,121,122,123,123,124,122,0.5,0.4,0
1993-12-25,124,124,124,124,123,123,124,0.2,0.4,0
1993-12-26,121,123,124,125,125,125,124,0.4,0.4,0
1993-12-27,123,123,123,123,124,124,123,0.3,0.1,0
1993-12-28,120,121,122,123,123,123,122,0.4,0.3,0
1993-12-29,118,120,121,122,122,123,121,0.6,0.3,0
1993-12-30,123,124,123,122,122,122,123,0.9,1.2,0
1993-12-31,125,125,125,124,123,123,124,0.7,1.2,0
1994-01-01,116,118,120,120,121,121,119,0.6,0.3,0
1994-01-02,119,118,119,119,120,120,119,0.6,0.5,0
1994-01-03,124,123,121,120,120,120,121,0.6,0.6,0
1994-01-04,123,124,124,123,122,121,123,0.7,0.6,0
1994-01-05,120,121,122,123,123,122,122,0.9,0.8,0
1994-01-06,117,119,121,122,122,122,120,0.8,0.6,0
1994-01-07,115,117,119,120,121,122,119,0.5,0.2,0
1994-01-08,113,116,118,119,120,121,118,0.1,0.1,0
1994-01-09,112,115,117,118,119,120,117,0.1,0.1,0
1994-01-10,111,114,116,117,118,119,116,0.4,0,0
1994-01-11,110,113,115,117,118,119,115,0.3,0,0
1994-01-12,111,112,114,116,117,118,115,0.9,0.6,0
1994-01-13,120,116,114,115,116,117,116,1.4,1.2,0
1994-01-14,117,117,116,116,116,117,116,0.9,0.2,0
1994-01-15,114,116,116,116,116,117,116,0.7,0.3,0
1994-01-16,114,115,116,116,116,116,116,0.4,0.2,0
1994-01-17,114,115,115,116,116,116,115,0.3,0.2,2
1994-01-18,112,114,115,116,116,116,115,0.8,0.3,6
1994-01-19,111,113,115,115,116,116,114,0.6,0,5
1994-01-20,114,113,114,115,115,116,115,0.3,0,4
1994-01-21,113,114,114,115,115,116,114,0.5,0.4,4
1994-01-22,111,113,114,114,115,116,114,0.5,0.1,0
1994-01-23,118,117,114,114,115,115,116,0.9,0.8,0
1994-01-24,120,122,120,116,115,115,118,1,0.4,0
1994-01-25,120,120,120,118,116,116,118,0.9,0.6,0
1994-01-26,124,124,122,120,118,116,120,0.9,1,0
1994-01-27,120,122,122,122,120,118,121,1,1.1,0
1994-01-28,125,126,127,127,126,124,126,1,1.6,0
1994-01-29,120,122,124,124,125,125,123,0.8,0.7,0
1994-01-30,121,121,122,122,123,124,122,0.8,0.8,0
1994-01-31,121,122,122,122,122,123,122,0.9,0.7,0
1994-02-01,117,120,121,122,122,122,121,0.8,0.1,0
1994-02-02,115,118,119,120,121,122,119,0.8,0.7,0
1994-02-03,113,116,118,119,120,121,118,0.5,0.1,0
1994-02-04,118,117,117,118,119,120,118,0.7,0.6,0
1994-02-05,115,117,117,118,119,119,118,0.7,0.1,0
1994-02-06,113,116,117,118,118,119,117,0.5,0,0
1994-02-07,112,115,116,117,118,118,116,0.4,0.1,0
1994-02-08,111,114,115,117,117,118,115,0.3,0,0
1994-02-09,110,113,115,116,117,118,115,0.6,0.2,0
1994-02-10,109,112,114,115,116,117,114,0.6,0.2,0
1994-02-11,110,112,113,115,116,117,114,0.5,0.2,0
1994-02-12,109,111,113,114,115,116,113,0.7,0.3,0
1994-02-13,108,111,113,114,115,116,113,0.9,0.1,7
1994-02-14,108,110,112,113,115,115,112,1.3,0,20
1994-02-15,107,110,112,113,114,115,112,1.3,0,24
1994-02-16,106,109,111,113,114,115,111,0.9,0,26
1994-02-17,106,109,111,112,113,114,111,0.7,0,27
1994-02-18,105,108,110,112,113,114,110,0.7,0,29
1994-02-19,105,108,110,112,113,114,110,0.6,0,31
1994-02-20,105,108,110,111,112,113,110,0.4,0.1,33
1994-02-21,109,108,109,111,112,113,110,0.4,0.4,36
1994-02-22,109,108,109,111,112,113,110,0.3,0.1,38
1994-02-23,112,109,109,110,112,113,111,0.5,0.5,39
1994-02-24,114,110,110,110,111,112,111,0.5,0.4,39
1994-02-25,113,111,110,110,111,112,111,0.4,0.2,38
1994-02-26,111,111,111,110,111,112,111,0.7,0.4,38
1994-02-27,109,111,111,111,111,112,111,0.9,0.4,37
1994-02-28,108,110,110,111,111,112,110,1,0.4,36
1994-03-01,109,109,110,110,111,111,110,0.8,0.6,34
1994-03-02,112,110,110,110,111,111,111,0.9,0.9,32
1994-03-03,115,111,110,110,111,111,111,1.3,0.8,0
1994-03-04,121,116,111,110,111,111,113,1.2,0.8,0
1994-03-05,115,116,113,111,111,111,113,1.9,0.9,0
1994-03-06,115,115,114,112,111,111,113,1.4,0.8,0
1994-03-07,113,114,114,113,111,111,113,0.9,0.3,0
1994-03-08,111,113,113,113,112,111,112,0.9,0.6,0
1994-03-09,109,112,113,113,112,112,112,1.6,0.9,0
1994-03-10,107,110,112,112,112,112,111,1.5,0.7,0
1994-03-11,105,109,111,112,112,112,110,1.4,0.9,0
1994-03-12,113,109,110,111,112,112,111,0.9,0.6,0
1994-03-13,118,112,111,111,112,112,112,1.5,1.7,0
1994-03-14,118,117,112,111,111,112,114,1.8,0.8,0
1994-03-15,127,126,125,123,120,116,123,0.7,0.7,0
1994-03-16,124,125,125,126,126,127,125,1.2,1.6,0
1994-03-17,125,125,125,125,125,125,125,1.3,1.4,0
1994-03-18,122,123,124,124,125,125,124,0.8,0.7,0
1994-03-19,125,126,126,126,126,126,126,1.4,1.7,0
1994-03-20,120,122,123,124,125,125,123,1.1,0.7,0
1994-03-21,118,120,121,122,123,124,121,1,0.4,0
1994-03-22,115,118,120,121,122,122,120,1.3,0.6,0
1994-03-23,114,116,118,120,121,121,118,1.3,1.2,0
1994-03-24,120,118,118,119,120,120,119,2.3,1.4,0
1994-03-25,120,121,121,120,119,120,120,1.4,1.2,0
1994-03-26,124,125,126,126,125,123,125,1.3,1.6,0
1994-03-27,120,122,123,124,125,125,123,1.5,0.4,0
1994-03-28,116,119,121,122,123,123,121,2.1,0.6,0
1994-03-29,113,117,119,120,121,122,119,1.4,0.7,0
1994-03-30,111,115,117,119,120,121,117,2.3,1.4,0
1994-03-31,109,113,116,117,119,120,115,2.6,1.6,0
1994-04-01,114,113,114,116,118,119,116,2.5,2.4,0
1994-04-02,115,114,114,116,117,118,116,1.7,1.3,0
1994-04-03,113,114,114,115,116,117,115,1.5,0.8,0
1994-04-04,117,114,114,115,116,117,115,1.4,1,0
1994-04-05,118,117,115,115,116,116,116,2,0.6,0
1994-04-06,114,116,116,115,116,116,115,1.5,0.5,0
1994-04-07,112,114,115,115,116,116,115,1.5,0.5,0
1994-04-08,110,113,114,115,115,116,114,1.5,0.6,0
1994-04-09,111,112,114,115,115,116,114,1.6,1.4,0
1994-04-10,115,114,113,114,115,115,114,1.5,0.8,0
1994-04-11,121,121,117,115,115,115,117,1.2,0.8,0
1994-04-12,118,119,118,116,115,115,117,1.3,0.9,0
1994-04-13,126,126,125,125,123,120,124,0.9,1.1,0
1994-04-14,122,124,125,126,126,127,125,1.4,0.7,0
1994-04-15,117,120,122,123,124,124,122,2.1,1.1,0
1994-04-16,113,117,119,121,122,123,119,2,1,0
1994-04-17,111,115,117,119,120,121,117,2.2,0.8,0
1994-04-18,109,113,116,118,119,120,116,2.3,0.7,0
1994-04-19,107,111,114,116,118,119,114,2.4,1.4,0
1994-04-20,104,109,113,115,117,118,113,2.3,1.5,0
1994-04-21,102,108,112,114,116,117,111,1.9,1.1,0
1994-04-22,100,106,110,113,115,116,110,2.4,1.5,0
1994-04-23,96,104,109,112,114,116,108,3.8,2.3,0
1994-04-24,93,102,107,111,113,115,107,3.1,2.2,0
1994-04-25,100,105,106,110,112,114,108,2.7,2.3,0
1994-04-26,120,122,114,110,112,113,115,3,2.2,0
1994-04-27,114,117,116,112,112,113,114,1.9,1.1,0
1994-04-28,111,114,115,113,112,113,113,2,1.1,0
1994-04-29,107,111,113,113,112,113,112,3.3,2.3,0
1994-04-30,103,108,111,112,112,112,110,3.4,2.3,0
1994-05-01,100,106,110,111,112,112,109,2,0.6,0
1994-05-02,99,105,109,111,112,112,108,2.2,1.2,0
1994-05-03,96,103,108,110,111,112,107,3.8,2.2,0
1994-05-04,93,101,106,109,111,112,105,2.1,1.5,0
1994-05-05,120,117,109,109,110,111,113,1.3,1.1,0
1994-05-06,118,120,116,111,110,111,114,2.2,1.4,0
1994-05-07,113,116,116,113,111,111,113,2.9,1.5,0
1994-05-08,108,112,114,113,111,111,112,4.2,2.7,0
1994-05-09,104,110,112,112,112,111,110,2.3,1.2,0
1994-05-10,102,108,111,112,111,111,109,2.5,1.4,0
1994-05-11,98,105,109,111,111,111,108,3.7,2.4,0
1994-05-12,94,103,107,110,111,111,106,3.6,2.4,0
1994-05-13,91,100,106,109,110,111,104,3.3,2.1,0
1994-05-14,88,98,104,108,109,110,103,3.6,2.5,0
1994-05-15,88,96,103,107,109,110,102,3.4,2.4,0
1994-05-16,85,94,102,106,108,109,101,3.7,2.7,0
1994-05-17,111,95,100,105,107,109,104,3.9,2.7,0
1994-05-18,106,96,100,104,107,108,103,1.8,1.1,0
1994-05-19,123,105,100,103,106,108,108,1.2,1.3,0
1994-05-20,119,117,104,103,106,108,109,3.1,2.2,0
1994-05-21,119,117,107,104,105,107,110,2,1.2,0
1994-05-22,118,119,112,105,105,107,111,3.4,2.3,0
1994-05-23,121,118,114,107,106,107,112,1.5,1.2,0
1994-05-24,117,118,116,109,106,107,112,3.1,2.3,0
1994-05-25,122,120,117,111,107,107,114,2.1,1.5,0
1994-05-26,119,119,118,113,109,107,114,2,1.6,0
1994-05-27,124,125,124,119,111,108,118,2,1.4,0
1994-05-28,117,120,122,122,116,110,118,1.8,1.1,0
1994-05-29,114,117,119,120,119,113,117,2.1,1.1,0
1994-05-30,110,115,117,118,118,115,115,2.8,1.5,0
1994-05-31,106,112,115,116,117,116,114,3.6,2.5,0
1994-06-01,101,108,113,115,116,115,111,4.4,3.2,0
1994-06-02,97,106,110,113,115,115,109,3.1,2.1,0
1994-06-03,94,103,109,112,113,114,107,3.9,2.2,0
1994-06-04,94,102,107,111,113,113,107,2.3,1.6,0
1994-06-05,117,106,107,110,112,113,111,1.9,2.2,0
1994-06-06,119,117,109,110,111,112,113,2.9,2,0
1994-06-07,112,114,111,110,111,112,111,3.6,2.1,0
1994-06-08,114,116,114,112,111,111,113,3,2.1,0
1994-06-09,122,124,126,126,127,122,125,2.9,2,0
1994-06-10,118,120,122,123,124,124,122,2.4,1.8,0
1994-06-11,116,118,120,121,122,122,120,2.6,1.7,0
1994-06-12,112,115,118,119,120,121,118,3.4,2.4,0
1994-06-13,108,113,116,118,119,120,116,1.7,0.8,0
1994-06-14,105,111,114,116,118,119,114,4.2,2.6,0
1994-06-15,101,108,112,115,117,118,112,3.7,2.2,0
1994-06-16,103,106,111,114,116,117,111,1.7,1.1,0
1994-06-17,114,108,110,113,115,116,113,2.7,1.8,0
1994-06-18,109,108,110,112,114,115,111,2.3,1.4,0
1994-06-19,104,106,109,111,113,115,110,5.4,3.3,0
1994-06-20,100,104,108,110,112,114,108,1.5,0.8,0
1994-06-21,97,103,107,109,112,113,107,3.3,2,0
1994-06-22,94,101,105,109,111,113,105,3.7,2,0
1994-06-23,89,98,104,108,110,112,103,4.3,2.8,0
1994-06-24,85,96,102,106,109,111,102,4.6,3.2,0
1994-06-25,79,92,101,105,108,110,99,5.4,3.6,0
1994-06-26,74,89,99,104,107,110,97,3.9,2.7,0
1994-06-27,70,87,97,103,106,109,95,4.2,2.8,0
1994-06-28,69,84,95,102,106,108,94,4.8,3.5,0
1994-06-29,72,82,94,101,105,108,93,3.9,2.8,0
1994-06-30,79,81,93,100,104,107,94,4.4,2.9,0
1994-07-01,73,79,91,99,103,106,92,4.3,3,0
1994-07-02,68,77,89,98,103,106,90,4.7,3.3,0
1994-07-03,62,74,88,96,102,105,88,5.3,3.9,0
1994-07-04,73,71,86,95,101,104,88,4.4,3.3,0
1994-07-05,100,72,85,94,100,104,92,3,2.5,0
1994-07-06,96,74,84,94,100,103,92,3.2,2.1,0
1994-07-07,103,76,84,93,99,103,93,2.3,2.1,0
1994-07-08,102,79,84,93,99,103,93,2,1,0
1994-07-09,97,80,84,92,98,102,92,3.3,2.1,0
1994-07-10,91,80,83,91,98,102,91,4.4,3,0
1994-07-11,84,78,82,91,97,101,89,4.7,3.3,0
1994-07-12,77,76,81,90,96,101,87,4.9,3.4,0
1994-07-13,70,73,80,89,95,100,85,5.2,3.6,0
1994-07-14,66,71,79,88,95,99,83,4,3,0
1994-07-15,69,69,78,87,94,99,83,3.5,2.7,0
1994-07-16,65,68,77,86,94,98,81,3.4,2.2,0
1994-07-17,61,66,76,86,93,98,80,3.6,2.5,0
1994-07-18,58,65,75,85,92,98,79,2.5,1.4,0
1994-07-19,55,64,75,84,92,97,78,3,1.7,0
1994-07-20,52,62,73,84,91,97,76,5,3.4,0
1994-07-21,47,59,72,83,90,96,74,4.6,3.5,0
1994-07-22,41,56,70,81,90,95,72,4.7,3.8,0
1994-07-23,36,53,68,80,89,94,70,4.7,3.9,0
1994-07-24,31,49,66,78,87,94,68,5.7,4.4,0
1994-07-25,27,46,64,77,86,93,65,4.8,3.7,0
1994-07-26,23,43,62,75,85,92,63,4.6,3.2,0
1994-07-27,20,40,60,74,84,91,61,5,3.7,0
1994-07-28,17,37,57,72,83,90,59,5.7,3.8,0
1994-07-29,14,34,55,71,82,89,58,4.7,3.2,0
1994-07-30,12,32,53,69,80,88,56,4.1,3,0
1994-07-31,10,30,51,68,79,87,54,5.2,3.4,0
1994-08-01,14,28,50,66,78,86,54,3.8,3.1,0
1994-08-02,22,27,49,65,77,86,54,4,3,0
1994-08-03,18,25,47,64,76,85,53,4.7,3.4,0
1994-08-04,15,23,45,62,75,84,51,6.3,3.9,0
1994-08-05,21,21,43,61,74,83,50,5.3,2.4,0
1994-08-06,45,22,42,60,73,82,54,3.2,2.3,0
1994-08-07,41,22,42,60,73,82,53,1.7,1,0
1994-08-08,39,23,42,59,72,82,53,1.7,1.1,0
1994-08-09,35,23,41,59,72,81,52,3.9,2.7,0
1994-08-10,30,23,40,58,71,81,50,3.8,2.6,0
1994-08-11,39,23,40,57,70,80,51,3,2.1,0
1994-08-12,39,23,39,57,70,80,51,2.8,2,0
1994-08-13,40,23,39,56,70,79,51,2.7,1.4,0
1994-08-14,36,24,39,56,69,79,50,2.8,1.5,0
1994-08-15,33,24,38,55,69,79,50,2.9,1.7,0
1994-08-16,30,23,38,55,68,78,49,3.5,2.6,0
1994-08-17,25,22,37,54,67,78,47,3.4,2.3,0
1994-08-18,32,22,36,54,67,77,48,1.6,1.5,0
1994-08-19,40,23,36,53,67,77,49,1.6,1,0
1994-08-20,38,24,36,53,67,77,49,1.9,1,0
1994-08-21,35,24,36,53,66,76,48,2,1.4,0
1994-08-22,32,23,36,52,66,76,47,3.4,2.4,0
1994-08-23,34,23,35,52,65,76,47,3.1,2.5,0
1994-08-24,85,24,35,51,65,75,56,2.2,1.6,0
1994-08-25,117,63,36,51,65,75,68,1.2,0.8,0
1994-08-26,115,94,39,51,65,75,73,2.4,1.6,0
1994-08-27,107,93,44,51,64,75,72,2.6,1.6,0
1994-08-28,116,94,47,51,64,74,74,2.5,1.9,0
1994-08-29,109,94,51,52,64,74,74,2.9,1.7,0
1994-08-30,104,92,54,52,64,74,73,1.2,0.5,0
1994-08-31,101,90,56,53,64,74,73,2.3,1.6,0
1994-09-01,104,88,58,53,64,74,74,2.1,1.4,0
1994-09-02,100,87,60,54,64,74,73,2.3,1.6,0
1994-09-03,96,85,61,54,64,73,72,1.6,0.8,0
1994-09-04,93,84,62,55,64,73,72,2.2,1.4,0
1994-09-05,95,83,63,55,64,73,72,1.4,1.2,0
1994-09-06,100,83,63,56,64,73,73,2.2,1.7,0
1994-09-07,124,93,64,56,64,73,79,1,0.7,0
1994-09-08,120,103,67,57,64,73,81,1.1,0.9,0
1994-09-09,122,110,72,58,64,73,83,2.1,1.8,0
1994-09-10,119,111,77,59,64,73,84,1.8,1.7,0
1994-09-11,121,118,84,60,64,73,87,2.2,1.6,0
1994-09-12,115,114,90,62,64,73,86,1.8,1.2,0
1994-09-13,110,110,92,64,65,72,86,2.3,1.8,0
1994-09-14,111,110,96,66,65,72,87,1.6,1.2,0
1994-09-15,123,125,127,126,75,72,108,1.9,1.2,0
1994-09-16,122,123,123,124,91,74,109,1.4,1.2,0
1994-09-17,117,120,121,121,102,76,109,1.4,0.7,0
1994-09-18,115,118,119,118,107,79,109,1.2,1.1,0
1994-09-19,113,116,117,117,108,83,109,1.1,0.6,0
1994-09-20,111,114,116,116,109,87,109,1.8,1.1,0
1994-09-21,108,112,114,114,109,90,108,1.6,0.9,0
1994-09-22,106,110,113,113,108,92,107,1.3,0.8,0
1994-09-23,104,109,111,112,108,94,106,1.7,1.2,0
1994-09-24,102,107,110,111,108,96,105,1.8,1.4,0
1994-09-25,100,105,109,110,107,97,105,1.3,0.8,0
1994-09-26,101,104,108,109,107,97,104,1.5,1.3,0
1994-09-27,100,104,107,108,107,98,104,1.4,0.8,0
1994-09-28,98,103,106,107,106,98,103,1.1,0.6,0
1994-09-29,97,102,105,107,106,99,102,1.2,0.6,0
1994-09-30,95,101,104,106,105,99,102,1.5,1,0
1994-10-01,94,100,104,105,105,99,101,0.8,0.4,0
1994-10-02,100,100,103,105,104,99,102,0.9,0.5,0
1994-10-03,110,102,103,104,104,99,104,0.9,0.8,0
1994-10-04,121,115,105,104,104,99,108,1,0.7,0
1994-10-05,117,116,108,105,103,99,108,0.8,0.7,0
1994-10-06,115,115,110,106,103,99,108,0.8,0.7,0
1994-10-07,112,114,111,107,104,99,108,0.7,0.1,0
1994-10-08,111,112,111,108,104,100,108,0.6,0.1,0
1994-10-09,109,111,111,108,104,100,107,0.8,0.3,0
1994-10-10,107,110,110,108,105,100,107,0.9,0.7,0
1994-10-11,106,109,110,108,105,100,106,0.8,0.6,0
1994-10-12,104,107,109,108,105,100,106,0.8,0.7,0
1994-10-13,103,106,108,108,106,101,105,0.7,0.4,0
1994-10-14,102,105,107,107,106,101,105,0.9,0.7,0
1994-10-15,100,104,107,107,105,101,104,0.9,0.8,0
1994-10-16,99,103,106,107,105,101,104,0.8,0.3,0
1994-10-17,98,103,105,106,105,102,103,0.8,0.4,0
1994-10-18,98,102,105,106,105,102,103,1,0.4,0
1994-10-19,97,102,104,105,105,102,102,1.5,0.4,0
1994-10-20,96,101,104,105,105,102,102,1.3,0.4,0
1994-10-21,95,100,103,105,104,102,102,0.9,0.4,0
1994-10-22,95,100,103,104,104,102,101,1.1,0.4,0
1994-10-23,94,99,102,104,104,102,101,1.5,0.6,0
1994-10-24,93,98,102,103,104,102,100,0.8,0.3,0
1994-10-25,94,98,101,103,103,102,100,0.9,0.7,0
1994-10-26,100,98,101,103,103,102,101,1,0.8,0
1994-10-27,100,98,101,102,103,102,101,1.2,0.4,0
1994-10-28,108,99,101,102,103,101,102,0.7,0.6,0
1994-10-29,106,100,101,102,102,101,102,0.7,0.6,0
1994-10-30,117,104,101,102,102,101,105,0.8,0.9,0
1994-10-31,118,110,102,102,102,101,106,1.7,1.2,0
1994-11-01,119,114,104,102,102,101,107,1.6,1,0
1994-11-02,114,114,106,102,102,101,107,0.5,0.5,0
1994-11-03,111,112,108,103,102,101,106,0.9,0.5,0
1994-11-04,109,111,108,104,102,101,106,0.6,0.2,0
1994-11-05,107,109,108,105,102,101,105,0.6,0.6,0
1994-11-06,106,108,108,105,102,101,105,0.3,0,0
1994-11-07,105,108,108,105,103,101,105,0.4,0.1,0
1994-11-08,105,107,107,106,103,101,105,0.4,0.1,0
1994-11-09,104,106,107,106,103,101,105,0.6,0.4,0
1994-11-10,103,106,107,106,104,101,104,0.5,0,0
1994-11-11,103,105,106,106,104,102,104,0.6,0.3,0
1994-11-12,105,105,106,105,104,102,105,0.6,0.5,0
1994-11-13,104,105,106,105,104,102,104,0.5,0.2,0
1994-11-14,105,105,106,105,104,102,104,0.8,0.6,0
1994-11-15,122,118,109,105,104,102,110,1.1,1.1,0
1994-11-16,123,125,120,109,104,102,114,0.9,0.7,0
1994-11-17,123,123,122,116,107,103,115,0.7,0.4,0
1994-11-18,126,127,127,126,119,114,123,0.4,0.2,0
1994-11-19,123,124,125,125,125,126,125,0.4,0.2,0
1994-11-20,121,123,124,124,124,124,123,0.6,0.4,0
1994-11-21,118,120,121,122,123,123,121,0.5,0.2,0
1994-11-22,115,118,120,121,122,122,120,0.2,0,0
1994-11-23,114,117,118,120,121,121,118,0.2,0,0
1994-11-24,113,115,117,119,120,120,117,0.6,0.3,0
1994-11-25,111,114,116,118,119,120,116,0.6,0.3,0
1994-11-26,115,114,116,117,118,119,116,0.4,0.1,0
1994-11-27,120,118,116,117,117,118,118,0.4,0.2,0
1994-11-28,116,118,117,117,117,118,117,0.3,0,0
1994-11-29,114,116,117,117,117,118,116,0.3,0,0
1994-11-30,113,115,116,117,117,117,116,0.3,0,0
1994-12-01,111,114,116,116,117,117,115,0.1,0.3,0
1994-12-02,110,113,115,116,117,117,115,0.4,0.1,0
1994-12-03,109,112,114,115,116,117,114,0.4,0.2,0
1994-12-04,116,113,114,115,116,116,115,0.4,0.3,0
1994-12-05,116,115,114,115,115,116,115,0.6,0.6,0
1994-12-06,117,115,115,115,115,116,115,0.8,0.7,0
1994-12-07,114,115,115,115,115,115,115,0.5,0.2,0
1994-12-08,113,114,115,115,115,115,114,1.1,0.3,0
1994-12-09,120,116,115,115,115,115,116,0.4,0.9,0
1994-12-10,117,117,116,115,115,115,116,0.3,0,0
1994-12-11,117,117,116,116,115,115,116,0.9,0.7,0
1994-12-12,114,116,116,116,115,115,115,1.3,0.3,0
1994-12-13,122,121,118,116,116,115,118,0.7,0.5,0
1994-12-14,123,125,125,122,118,116,121,0.4,0,0
1994-12-15,119,121,122,123,122,119,121,0.1,0.1,0
1994-12-16,116,119,120,121,122,121,120,0.4,0.1,3
1994-12-17,115,117,119,120,121,121,119,0.3,0.2,0
1994-12-18,113,116,118,119,120,120,118,0.7,0.2,0
1994-12-19,112,115,117,118,119,119,117,0.3,0.2,0
1994-12-20,111,114,116,117,118,119,116,0.3,0,0
1994-12-21,111,113,115,116,117,118,115,0.3,0,0
1994-12-22,113,113,114,116,117,118,115,0.4,0.2,0
1994-12-23,111,113,114,115,116,117,115,0.6,0.2,0
1994-12-24,110,112,114,115,116,117,114,0.4,0.1,4
1994-12-25,109,112,113,115,115,116,113,0.3,0,8
1994-12-26,109,111,113,114,115,116,113,0.5,0,9
1994-12-27,120,116,113,114,115,116,116,0.7,0.8,0
1994-12-28,124,125,124,118,115,115,120,0.5,0.5,0
1994-12-29,120,122,123,122,119,117,121,1.5,0.8,0
1994-12-30,122,122,122,122,121,119,121,1.1,0.9,0
1994-12-31,118,120,121,122,121,121,120,0.9,0.5,0
1995-01-01,111,112,113,114,114,113,113,0.7,0.8,0
1995-01-02,114,112,113,114,114,113,113,0.6,0.8,0
1995-01-03,112,113,113,113,113,113,113,0.2,0.2,0
1995-01-04,111,112,113,113,113,113,112,0,0,2
1995-01-05,110,112,113,113,113,112,112,0.2,0.2,4
1995-01-06,109,111,112,113,113,112,112,0.3,0.1,7
1995-01-07,108,110,112,112,113,112,111,0.2,0,9
1995-01-08,107,110,111,112,112,112,111,0.4,0.1,13
1995-01-09,115,111,111,112,112,112,112,0.3,0.2,15
1995-01-10,124,124,119,114,112,112,118,0.7,1,13
1995-01-11,125,125,124,120,115,112,120,0.4,0.4,12
1995-01-12,125,126,126,126,122,115,123,0.6,0.4,10
1995-01-13,119,122,123,124,125,123,123,0,0.1,9
1995-01-14,116,119,121,122,123,123,121,0.3,0.1,8
1995-01-15,115,118,119,120,121,122,119,0.3,0.1,7
1995-01-16,114,116,118,119,120,121,118,0.3,0.3,3
1995-01-17,112,115,117,118,119,120,117,0.7,0.2,2
1995-01-18,111,114,116,117,118,119,116,0.8,0,1
1995-01-19,114,114,115,117,118,119,116,0.4,0.3,1
1995-01-20,113,114,115,116,117,118,116,1,0.3,0
1995-01-21,112,114,115,116,117,117,115,0.7,0.1,0
1995-01-22,116,114,114,115,116,117,115,1,1.2,0
1995-01-23,124,124,120,117,116,117,120,1.4,1.7,0
1995-01-24,123,124,123,121,118,117,121,1,0.8,0
1995-01-25,121,122,123,123,121,119,121,0.4,0.3,0
1995-01-26,123,125,124,124,123,121,123,1.1,1.1,0
1995-01-27,123,124,124,124,124,123,123,0.9,0.7,0
1995-01-28,123,124,124,124,124,124,123,0.7,0.9,0
1995-01-29,122,122,123,123,123,123,123,0.8,0.8,0
1995-01-30,124,126,126,126,125,125,125,0.6,0.5,0
1995-01-31,119,121,123,124,124,125,123,0.6,0.2,0
1995-02-01,116,119,121,122,123,123,120,1.1,0.2,0
1995-02-02,119,119,119,120,121,122,120,0.6,0.5,0
1995-02-03,117,119,119,120,120,121,119,0.6,0.1,0
1995-02-04,115,117,118,119,120,120,118,0.7,0.2,0
1995-02-05,114,116,117,118,119,120,118,0.7,0.4,0
1995-02-06,113,115,117,118,119,119,117,0.8,0.3,0
1995-02-07,111,114,116,117,118,119,116,1.3,0.3,0
1995-02-08,119,117,116,116,117,118,117,0.5,0.4,0
1995-02-09,121,123,121,119,118,118,120,0.4,0.4,0
1995-02-10,118,120,120,120,119,118,119,0.4,0.2,0
1995-02-11,121,121,120,120,120,119,120,0.8,0.6,0
1995-02-12,119,120,120,120,120,120,120,1.4,1.4,0
1995-02-13,116,118,119,120,120,120,119,1,0.3,0
1995-02-14,114,116,118,119,119,120,118,1.1,0.8,0
1995-02-15,121,119,118,118,119,119,119,1,1,0
1995-02-16,120,121,120,119,119,119,120,1.3,1.1,0
1995-02-17,121,120,120,120,119,119,120,1.4,1.2,0
1995-02-18,117,119,120,120,120,119,119,0.8,0.4,0
1995-02-19,116,118,119,119,120,120,119,0.9,0.6,0
1995-02-20,122,121,119,119,119,119,120,1.4,1.3,0
1995-02-21,120,120,120,120,119,119,120,1.2,1,0
1995-02-22,121,122,121,120,120,119,120,1.2,0.8,0
1995-02-23,117,119,120,120,120,120,119,1.2,0.1,0
1995-02-24,115,117,119,120,120,120,118,0.7,0.5,0
1995-02-25,122,120,119,119,119,120,120,0.5,0.3,0
1995-02-26,123,123,121,120,120,119,121,0.5,0.4,0
1995-02-27,121,122,122,122,121,120,121,0.9,0.6,0
1995-02-28,117,119,121,121,121,121,120,0.9,0.6,0
1995-03-01,115,117,119,120,121,121,119,1.3,0.3,0
1995-03-02,118,117,118,119,120,120,119,0.9,0.8,0
1995-03-03,121,120,119,119,119,120,119,1.1,1.1,0
1995-03-04,117,119,119,119,119,119,119,0.7,0,0
1995-03-05,115,117,118,119,119,119,118,1.2,0.3,0
1995-03-06,114,116,117,118,119,119,117,0.9,0.7,0
1995-03-07,113,115,116,117,118,119,116,1.1,0.7,0
1995-03-08,112,114,116,117,118,118,116,1.4,0.1,0
1995-03-09,110,113,115,116,117,118,115,0.8,0.2,0
1995-03-10,109,112,114,116,117,117,114,1.3,0.6,0
1995-03-11,107,111,113,115,116,117,113,1.8,0.7,0
1995-03-12,106,110,112,114,115,116,112,1.7,0.8,0
1995-03-13,104,109,111,113,115,116,111,1.2,0.3,0
1995-03-14,104,108,111,113,114,115,111,1.1,0,0
1995-03-15,105,108,110,112,114,115,111,0.6,0.5,4
1995-03-16,117,110,110,112,113,114,113,1,1.1,0
1995-03-17,120,115,111,112,113,114,114,1.4,1,0
1995-03-18,123,124,119,114,113,114,118,2,1.4,0
1995-03-19,118,120,121,118,115,114,118,1.3,0.9,0
1995-03-20,116,118,119,119,117,115,117,1.5,0.5,0
1995-03-21,119,119,119,118,117,116,118,1.2,0.9,0
1995-03-22,116,118,118,118,118,117,117,1.3,0.4,0
1995-03-23,113,116,117,118,118,117,116,1.9,1,0
1995-03-24,109,113,116,117,117,117,115,2.2,1.4,0
1995-03-25,114,113,114,116,117,117,115,1.7,1.3,0
1995-03-26,116,114,114,115,116,116,115,0.9,0.6,0
1995-03-27,125,125,123,121,117,116,121,1.2,1.7,0
1995-03-28,120,122,124,124,124,120,122,1.1,0.6,0
1995-03-29,122,122,122,122,123,122,122,1.2,0.6,0
1995-03-30,118,120,121,122,122,122,121,1.4,0.2,0
1995-03-31,117,118,120,121,121,122,120,0.7,0.3,0
1995-04-01,118,118,119,120,120,121,119,0.9,0.8,0
1995-04-02,115,117,118,119,120,120,118,3.7,2.1,0
1995-04-03,111,115,117,118,119,119,116,2.8,1.5,0
1995-04-04,108,112,115,117,118,119,115,1.9,0.9,0
1995-04-05,106,111,114,116,117,118,113,1.9,1.1,0
1995-04-06,106,109,113,115,116,117,113,1.4,0.8,0
1995-04-07,105,109,112,114,115,117,112,1.7,0.7,0
1995-04-08,104,108,111,113,115,116,111,2,0.9,0
1995-04-09,103,107,110,113,114,115,110,1.3,0.3,0
1995-04-10,104,107,110,112,114,115,110,0.9,0.7,0
1995-04-11,104,107,109,111,113,114,110,1,0.4,0
1995-04-12,103,106,109,111,113,114,109,1.3,0.8,0
1995-04-13,106,106,108,110,112,114,109,2,1.2,0
1995-04-14,104,105,108,110,112,113,109,2.3,1.2,0
1995-04-15,101,104,107,109,111,113,108,1.6,1.1,0
1995-04-16,111,105,107,109,111,112,109,1.1,0.8,0
1995-04-17,123,115,108,109,110,112,113,0.9,0.8,0
1995-04-18,124,124,117,110,110,111,116,1.4,1.3,0
1995-04-19,124,124,123,116,112,111,118,0.9,0.6,0
1995-04-20,123,125,126,125,119,113,122,1.5,0.9,0
1995-04-21,117,120,122,123,123,120,121,2.3,1.4,0
1995-04-22,113,117,119,121,121,121,118,3,1.9,0
1995-04-23,108,114,117,119,120,120,116,3.2,1.9,0
1995-04-24,104,111,114,117,118,119,114,4.5,2.7,0
1995-04-25,104,108,112,115,117,118,112,3.2,2,0
1995-04-26,112,108,111,114,116,117,113,2.3,1.7,0
1995-04-27,108,108,111,113,115,116,112,2.5,1.4,0
1995-04-28,106,108,110,112,114,115,111,1.4,0.3,0
1995-04-29,103,107,109,111,113,115,110,2.7,1.8,0
1995-04-30,107,106,109,111,113,114,110,1.1,0.7,0
1995-05-01,108,106,108,110,112,114,110,2.1,1.4,0
1995-05-02,104,105,107,110,112,113,108,3.2,2.2,0
1995-05-03,99,103,106,109,111,112,107,3.4,2.5,0
1995-05-04,94,101,105,108,110,112,105,3.6,2.7,0
1995-05-05,89,98,103,107,109,111,103,3.5,2.8,0
1995-05-06,85,96,102,106,108,110,101,3.6,2.5,0
1995-05-07,81,93,101,105,108,110,100,3.5,2.4,0
1995-05-08,78,91,99,104,107,109,98,3.2,1.9,0
1995-05-09,77,90,99,103,107,109,97,1.8,1,0
1995-05-10,79,89,98,103,106,108,97,1.6,1.1,0
1995-05-11,79,89,97,102,106,108,97,2,1.1,0
1995-05-12,77,88,96,102,105,108,96,2.2,1.3,0
1995-05-13,81,87,96,101,105,107,96,1.2,1.1,0
1995-05-14,82,87,95,101,104,107,96,2.4,1.1,0
1995-05-15,80,86,95,100,104,106,95,2.4,1.3,0
1995-05-16,77,85,94,100,103,106,94,2.7,1.9,0
1995-05-17,91,85,93,99,103,106,96,1.9,2.1,0
1995-05-18,105,87,93,99,103,105,99,1.5,1.2,0
1995-05-19,105,89,93,98,102,105,99,2.6,1.8,0
1995-05-20,100,90,92,98,102,105,98,3,2,0
1995-05-21,96,89,92,97,101,104,97,2.1,1.2,0
1995-05-22,92,89,92,97,101,104,96,3.2,2.2,0
1995-05-23,87,87,91,96,100,103,94,3.4,2.4,0
1995-05-24,82,85,90,95,100,103,92,4.5,3.1,0
1995-05-25,77,83,89,95,99,102,91,3.7,2.6,0
1995-05-26,74,82,88,94,99,102,90,1.5,0.8,0
1995-05-27,117,104,89,94,99,102,101,1.7,1.3,0
1995-05-28,115,113,95,94,98,101,103,4,2.8,0
1995-05-29,109,110,97,94,98,101,101,2.2,1.4,0
1995-05-30,118,118,104,95,98,101,105,1.3,1.2,0
1995-05-31,123,124,119,100,98,101,111,1.4,1.2,0
1995-06-01,126,127,126,122,112,102,119,1.1,1,0
1995-06-02,120,123,124,125,125,117,122,1.6,1,0
1995-06-03,120,121,122,122,123,121,122,2.7,1.9,0
1995-06-04,120,122,122,122,122,121,122,1.9,1.5,0
1995-06-05,116,119,121,121,122,121,120,2.3,1.5,0
1995-06-06,114,117,119,120,121,121,118,2,1.4,0
1995-06-07,113,115,117,118,119,120,117,1.9,1.1,0
1995-06-08,120,119,117,118,118,119,118,3.1,2.1,0
1995-06-09,114,116,117,117,118,118,117,2.5,1.9,0
1995-06-10,111,114,116,117,117,118,115,2.5,1.6,0
1995-06-11,108,112,114,116,117,117,114,2.6,1.6,0
1995-06-12,110,110,113,115,116,117,113,2.4,1.8,0
1995-06-13,111,110,112,114,115,116,113,2.2,1.3,0
1995-06-14,110,110,112,113,115,116,113,1.9,1.2,0
1995-06-15,107,109,111,113,114,115,111,2.4,1.4,0
1995-06-16,108,108,110,112,113,115,111,1.3,1.1,0
1995-06-17,111,109,110,112,113,114,111,1.6,1.3,0
1995-06-18,117,111,110,111,113,114,113,1.9,1.3,0
1995-06-19,111,111,110,111,112,113,111,3.7,2.4,0
1995-06-20,104,108,109,110,111,113,109,4.3,3.3,0
1995-06-21,99,105,108,110,111,112,107,3,2,0
1995-06-22,97,103,107,109,110,112,106,2.1,1.2,0
1995-06-23,108,103,106,108,110,111,108,1.4,1.1,0
1995-06-24,106,104,106,108,110,111,107,3.1,2,0
1995-06-25,102,103,105,107,109,110,106,4.3,2.9,0
1995-06-26,96,100,104,106,108,110,104,4.7,3.1,0
1995-06-27,90,97,102,105,108,109,102,4.7,3.2,0
1995-06-28,85,94,100,104,107,109,100,5,3.4,0
1995-06-29,79,91,99,103,106,108,98,4.9,3.5,0
1995-06-30,74,88,97,102,105,107,95,4.7,3.2,0
1995-07-01,69,85,95,101,104,107,94,4.3,2.9,0
1995-07-02,69,83,94,100,104,106,93,1.5,0.9,0
1995-07-03,95,83,93,100,103,106,97,2.8,2.3,0
1995-07-04,105,86,93,99,103,106,98,2.8,1.8,0
1995-07-05,99,86,92,98,102,105,97,3.8,2.4,0
1995-07-06,93,86,91,98,102,105,96,3.8,2.7,0
1995-07-07,86,84,90,97,101,104,94,4.7,3.4,0
1995-07-08,79,82,89,96,100,103,91,4.7,3.4,0
1995-07-09,73,79,87,95,100,103,89,4.7,3.5,0
1995-07-10,68,76,86,94,99,102,87,4.8,3.5,0
1995-07-11,64,74,84,93,98,102,86,4.6,3.2,0
1995-07-12,59,71,83,92,97,101,84,4.7,3.5,0
1995-07-13,55,69,82,91,97,101,82,3.6,2.4,0
1995-07-14,54,67,80,90,96,100,81,3.4,2.4,0
1995-07-15,62,66,79,89,95,100,82,3.9,2.8,0
1995-07-16,69,65,78,88,95,99,82,3.2,2.4,0
1995-07-17,76,65,78,88,94,99,83,2.9,2,0
1995-07-18,84,66,77,87,94,98,84,1.6,1.4,0
1995-07-19,87,67,77,87,94,98,85,3.5,2.5,0
1995-07-20,81,67,76,86,93,98,83,4.6,3.3,0
1995-07-21,73,65,75,85,92,97,81,5.3,4,0
1995-07-22,68,64,74,84,92,97,80,2,1.1,0
1995-07-23,64,63,73,84,91,96,79,4.2,2.8,0
1995-07-24,59,61,72,83,90,96,77,4.3,3.3,0
1995-07-25,53,59,71,82,90,95,75,4.2,3,0
1995-07-26,48,57,69,81,89,94,73,5.2,3.9,0
1995-07-27,45,55,68,80,88,94,72,1.8,1.2,0
1995-07-28,45,55,68,79,88,94,71,1.4,0.9,0
1995-07-29,44,54,67,79,87,93,71,4.3,3.2,0
1995-07-30,39,51,66,78,87,93,69,4.8,3.6,0
1995-07-31,34,48,64,76,86,92,67,5.5,4.1,0
1995-08-01,29,45,62,75,84,91,64,4.6,3.4,0
1995-08-02,25,42,60,74,83,90,62,5,3.7,0
1995-08-03,22,39,58,72,82,89,60,4.3,3.4,0
1995-08-04,19,37,56,71,81,89,59,4.4,3.1,0
1995-08-05,16,34,54,69,80,88,57,4.4,3,0
1995-08-06,14,32,52,68,79,87,55,4.6,3.5,0
1995-08-07,12,30,50,66,78,86,54,4,2.4,0
1995-08-08,10,28,49,65,77,85,52,4,2.3,0
1995-08-09,9,26,47,64,76,84,51,4.4,3.3,0
1995-08-10,7,24,45,62,74,83,49,4.4,3.3,0
1995-08-11,6,21,43,60,73,82,48,5.1,3.1,0
1995-08-12,5,20,41,59,72,81,46,4.6,2.7,0
1995-08-13,4,18,40,58,71,80,45,2.2,1.2,0
1995-08-14,42,19,39,57,70,80,51,2.5,2,0
1995-08-15,43,20,39,57,70,80,51,2.8,2.1,0
1995-08-16,39,20,38,56,69,79,50,2.7,1.6,0
1995-08-17,34,20,38,55,69,79,49,3.9,2.9,0
1995-08-18,29,20,37,54,68,78,48,4.4,3.2,0
1995-08-19,23,19,36,53,67,77,46,4.3,3.2,0
1995-08-20,36,18,34,52,66,76,47,3.8,3,0
1995-08-21,99,20,34,51,65,76,57,2.9,2,0
1995-08-22,90,23,33,51,65,75,56,4,2.7,0
1995-08-23,84,26,33,51,65,75,56,3,2.2,0
1995-08-24,92,30,33,50,64,75,57,2,1.5,0
1995-08-25,89,33,34,50,64,75,57,2.3,1.5,0
1995-08-26,115,38,34,50,64,74,63,2,1.6,0
1995-08-27,107,45,35,50,64,74,62,1.7,1.3,0
1995-08-28,105,50,35,50,64,74,63,1.2,1,0
1995-08-29,114,56,37,50,64,74,66,1.4,1.5,0
1995-08-30,113,63,38,50,64,74,67,1.9,1.5,0
1995-08-31,105,68,40,50,63,74,66,1.5,0.8,0
1995-09-01,110,71,42,50,63,74,68,1.4,1.1,0
1995-09-02,119,84,44,50,63,73,72,1.9,1.5,0
1995-09-03,110,87,47,51,63,73,72,1.4,1,0
1995-09-04,105,87,50,51,63,73,72,1.9,1.3,0
1995-09-05,101,86,52,51,63,73,71,2.4,1.7,0
1995-09-06,96,84,54,52,63,73,70,2.3,1.6,0
1995-09-07,92,82,55,52,63,73,69,2.7,2,0
1995-09-08,96,80,56,53,62,72,70,2.1,1.7,0
1995-09-09,94,79,57,53,62,72,70,2.2,1.5,0
1995-09-10,91,78,58,53,62,72,69,2.3,1.4,0
1995-09-11,91,77,59,54,62,72,69,1.6,1,0
1995-09-12,97,77,59,54,62,72,70,2.2,1.6,0
1995-09-13,101,78,60,55,62,72,71,1,0.8,0
1995-09-14,123,96,61,55,62,72,78,1.5,1.1,0
1995-09-15,113,101,64,56,62,72,78,1.6,1.2,0
1995-09-16,108,99,67,56,63,71,77,2.2,1.6,0
1995-09-17,102,96,69,57,63,71,76,2.3,1.7,0
1995-09-18,98,94,70,58,63,71,75,2.1,1.6,0
1995-09-19,95,92,70,58,63,71,75,1.5,0.9,0
1995-09-20,115,106,72,59,63,71,81,0.8,0.7,0
1995-09-21,122,124,85,60,63,71,88,1.5,1.3,0
1995-09-22,118,118,94,62,63,71,88,1.2,0.9,0
1995-09-23,114,114,98,65,64,71,87,1.3,0.9,0
1995-09-24,110,111,98,68,64,71,87,1.5,0.8,0
1995-09-25,108,109,98,70,64,71,87,1.1,0.5,0
1995-09-26,106,107,98,72,65,71,86,1.4,0.8,0
1995-09-27,123,116,99,74,66,71,91,1.1,1.4,0
1995-09-28,120,121,107,77,66,71,94,1.2,1.3,0
1995-09-29,120,119,110,81,67,71,95,1,0.8,0
1995-09-30,125,125,117,87,68,71,99,0.7,0.4,0
1995-10-01,121,123,123,97,70,72,101,0.7,0.5,0
1995-10-02,118,119,119,104,73,72,101,1.4,1.2,0
1995-10-03,114,117,117,106,77,72,100,1.1,0.7,0
1995-10-04,112,114,115,107,81,73,100,1.5,0.9,0
1995-10-05,109,112,113,106,84,74,100,1.4,0.9,0
1995-10-06,107,111,112,106,86,75,99,0.9,0.6,0
1995-10-07,106,109,110,105,88,75,99,1.4,1.2,0
1995-10-08,103,107,109,105,89,76,98,1.4,1.1,0
1995-10-09,101,106,107,104,90,77,97,1.4,1.1,0
1995-10-10,99,104,106,103,91,78,97,1.4,1.2,0
1995-10-11,97,103,105,103,91,79,96,1,0.8,0
1995-10-12,96,102,104,102,92,80,96,0.7,0.3,0
1995-10-13,96,101,103,102,92,80,96,0.8,0.4,0
1995-10-14,95,100,103,101,92,81,95,0.8,0.3,0
1995-10-15,94,99,102,100,92,82,95,0.9,0.6,0
1995-10-16,94,99,101,100,92,82,95,0.7,0.2,0
1995-10-17,93,98,101,99,92,83,94,0.7,0.3,0
1995-10-18,93,98,100,99,93,84,94,0.9,0.5,0
1995-10-19,92,97,100,99,93,84,94,0.9,0.4,0
1995-10-20,91,96,99,98,92,84,94,0.7,0.2,0
1995-10-21,91,96,99,98,92,85,93,0.6,0.5,0
1995-10-22,91,95,98,97,92,85,93,0.6,0.4,0
1995-10-23,90,95,98,97,92,86,93,0.7,0.5,0
1995-10-24,89,94,97,96,92,86,92,1.1,0.8,0
1995-10-25,88,93,96,96,92,86,92,0.8,0.4,0
1995-10-26,87,93,96,96,92,86,92,0.7,0.6,0
1995-10-27,86,92,95,95,92,87,91,1.1,0.6,0
1995-10-28,86,91,95,95,92,87,91,0.6,0.3,0
1995-10-29,91,91,94,95,92,87,92,0.5,0.3,0
1995-10-30,92,92,94,94,92,87,92,0.4,0.2,0
1995-10-31,93,92,94,94,92,87,92,0.3,0.2,0
1995-11-01,96,92,94,94,92,88,93,0.5,0.3,0
1995-11-02,111,94,94,94,92,88,95,0.6,0.4,0
1995-11-03,120,100,94,94,91,88,98,1.1,1.3,0
1995-11-04,116,107,95,94,91,88,99,0.7,0.3,0
1995-11-05,113,109,97,94,91,88,99,0.2,0.1,0
1995-11-06,110,109,99,94,91,88,98,0.6,0.1,2
1995-11-07,109,108,100,94,91,88,98,0.5,0,0
1995-11-08,112,108,101,95,91,88,99,0.3,0.1,0
1995-11-09,121,113,102,95,92,88,102,0.4,0.2,0
1995-11-10,117,116,105,96,92,89,102,0.5,0.5,0
1995-11-11,114,114,108,97,92,89,102,0.8,0.2,0
1995-11-12,112,113,109,98,92,89,102,0.7,0.3,0
1995-11-13,110,111,109,99,93,89,102,0.4,0,0
1995-11-14,109,110,109,100,93,89,102,0.4,0,0
1995-11-15,108,109,109,101,94,89,102,0.7,0.3,0
1995-11-16,114,110,108,102,94,90,103,0.6,0.7,0
1995-11-17,119,113,109,102,95,90,104,0.5,0.6,0
1995-11-18,117,115,110,103,95,90,105,0.4,0.4,0
1995-11-19,123,119,112,104,96,90,107,0.6,0.8,0
1995-11-20,121,123,120,109,97,91,110,0,0.2,0
1995-11-21,117,119,120,113,99,91,110,0.4,0.2,4
1995-11-22,115,117,118,115,103,92,110,0.3,0,4
1995-11-23,113,116,117,115,106,93,110,0.3,0,0
1995-11-24,112,114,115,115,107,95,110,0.4,0,0
1995-11-25,111,113,114,114,108,96,109,0.4,0,0
1995-11-26,110,112,114,113,109,98,109,0.2,0.1,0
1995-11-27,109,112,113,113,110,99,109,0,0,0
1995-11-28,108,111,112,112,110,100,109,0.2,0,2
1995-11-29,108,110,112,112,110,101,109,0.3,0.1,0
1995-11-30,107,110,111,111,110,102,109,0.4,0.1,0
1995-12-01,106,109,111,111,110,103,108,0.5,0.1,3
1995-12-02,106,109,110,111,109,104,108,0.4,0,5
1995-12-03,105,108,110,110,109,104,108,0.4,0,6
1995-12-04,105,108,109,110,109,105,108,0.5,0,7
1995-12-05,105,107,109,109,109,105,107,0.6,0,12
1995-12-06,104,107,108,109,108,105,107,0.5,0,19
1995-12-07,104,106,108,109,108,105,107,0.4,0,23
1995-12-08,103,106,108,108,108,105,106,0.1,0,24
1995-12-09,103,106,107,108,108,105,106,0.2,0,25
1995-12-10,103,105,107,108,108,105,106,0,0.1,25
1995-12-11,103,105,107,108,107,105,106,0.2,0,24
1995-12-12,103,105,107,107,107,105,106,0.4,0.2,23
1995-12-13,103,105,106,107,107,105,106,0.4,0.1,21
1995-12-14,103,105,106,107,107,105,105,0.6,0.2,21
1995-12-15,102,104,106,107,107,105,105,0.5,0,21
1995-12-16,102,104,106,106,106,105,105,0.5,0,23
1995-12-17,102,104,105,106,106,105,105,0.3,0,24
1995-12-18,101,104,105,106,106,105,105,0.2,0,24
1995-12-19,101,103,105,106,106,105,104,0.3,0.1,23
1995-12-20,117,108,105,106,106,105,108,0.2,0,22
1995-12-21,119,116,107,106,106,105,110,0.1,0.2,21
1995-12-22,120,117,110,107,106,105,111,0.4,0.2,23
1995-12-23,123,122,115,108,106,105,113,0.5,0.5,21
1995-12-24,122,123,121,113,107,105,115,0.4,0.2,0
1995-12-25,117,120,120,117,110,105,115,0.2,0.2,0
1995-12-26,115,118,119,118,113,107,115,0.5,0.1,2
1995-12-27,114,116,117,117,114,108,114,0.1,0,8
1995-12-28,112,115,116,117,115,110,114,0,0,16
1995-12-29,111,114,115,116,115,111,114,0,0,23
1995-12-30,110,113,115,115,115,112,113,0.3,0.2,27
1995-12-31,109,112,114,115,114,113,113,0.4,0.1,31
1996-01-01,111,113,113,114,115,116,114,0.3,0.1,33
1996-01-02,110,112,113,114,115,115,113,0.3,0,35
1996-01-03,109,111,113,114,114,115,113,0.3,0,36
1996-01-04,108,111,112,113,114,115,112,0,0,39
1996-01-05,108,110,112,113,114,114,112,0.2,0.1,41
1996-01-06,107,110,111,113,114,114,111,0.3,0,44
1996-01-07,107,109,111,112,113,114,111,0.5,0.1,45
1996-01-08,106,109,111,112,113,114,111,0.3,0,44
1996-01-09,106,108,110,112,113,113,110,0.3,0.1,43
1996-01-10,105,108,110,111,112,113,110,0.2,0,43
1996-01-11,105,108,109,111,112,113,110,0.1,0,42
1996-01-12,104,107,109,111,112,113,109,0.2,0.1,41
1996-01-13,104,107,109,110,111,112,109,0,0.1,40
1996-01-14,103,106,108,110,111,112,109,0.2,0,39
1996-01-15,103,106,108,110,111,112,108,0.4,0.1,38
1996-01-16,103,106,108,109,111,112,108,0.3,0,37
1996-01-17,103,105,108,109,110,111,108,0.2,0,36
1996-01-18,102,105,107,109,110,111,107,0.2,0,35
1996-01-19,102,105,107,109,110,111,107,0.4,0.1,35
1996-01-20,102,105,107,108,110,111,107,0.6,0,34
1996-01-21,102,104,106,108,109,111,107,0.6,0,35
1996-01-22,101,104,106,108,109,110,106,0.4,0,37
1996-01-23,101,104,106,108,109,110,106,0.5,0,42
1996-01-24,101,104,106,107,109,110,106,0.6,0,45
1996-01-25,101,103,106,107,109,110,106,0.5,0,47
1996-01-26,101,103,105,107,108,109,106,0.5,0.5,50
1996-01-27,101,103,105,107,108,109,106,0.4,0.5,54
1996-01-28,101,103,105,107,108,109,105,0.4,0.1,57
1996-01-29,101,103,105,106,108,109,105,0.5,0,59
1996-01-30,100,103,105,106,108,109,105,0.3,0,60
1996-01-31,100,103,104,106,107,109,105,0.2,0,62
1996-02-01,100,102,104,106,107,108,105,0.3,0,63
1996-02-02,100,102,104,106,107,108,104,0.2,0,65
1996-02-03,104,102,104,106,107,108,105,0.4,0.3,66
1996-02-04,104,103,104,105,107,108,105,0.4,0.3,67
1996-02-05,103,103,104,105,107,108,105,0.3,0.1,68
1996-02-06,103,103,104,105,106,108,105,0.4,0.1,68
1996-02-07,102,103,104,105,106,107,105,0.6,0,70
1996-02-08,102,103,104,105,106,107,105,0.3,0,73
1996-02-09,101,103,104,105,106,107,104,0.4,0,76
1996-02-10,101,103,104,105,106,107,104,0.6,0,77
1996-02-11,101,102,104,105,106,107,104,0.6,0,78
1996-02-12,105,103,104,105,106,107,105,0.7,0.6,77
1996-02-13,124,117,106,105,106,107,111,0.4,0.3,77
1996-02-14,121,122,116,107,106,107,113,0.4,0.4,76
1996-02-15,117,119,118,111,107,107,113,0.5,0.2,76
1996-02-16,121,119,118,113,108,107,114,0.5,0.4,75
1996-02-17,124,124,121,116,110,108,117,0.8,1.1,74
1996-02-18,123,124,123,120,114,109,119,0.6,0.6,74
1996-02-19,122,123,123,122,118,111,120,0.5,0.3,73
1996-02-20,122,124,124,123,121,116,122,0.4,0.3,72
1996-02-21,118,121,122,122,122,120,121,0.5,0.4,72
1996-02-22,117,119,120,121,121,121,120,0.4,0.5,71
1996-02-23,119,119,119,120,120,120,120,0.4,0.4,70
1996-02-24,116,118,119,119,120,120,119,0.6,0.1,70
1996-02-25,114,116,118,119,119,119,117,1.2,0.2,69
1996-02-26,112,115,117,118,119,119,116,1.7,0.8,68
1996-02-27,109,113,115,117,118,118,115,0.9,0.6,68
1996-02-28,108,112,114,116,117,118,114,0.5,0,67
1996-02-29,108,111,114,115,116,117,113,0.5,0.1,66
1996-03-01,107,111,113,115,116,117,113,1.1,0,66
1996-03-02,107,110,112,114,115,116,112,0.9,0.1,65
1996-03-03,106,109,112,113,115,116,112,0.8,0,64
1996-03-04,106,109,111,113,114,115,111,0.8,0,64
1996-03-05,105,109,111,112,114,115,111,0.7,0,63
1996-03-06,105,108,110,112,113,114,111,0.5,0,62
1996-03-07,118,111,110,112,113,114,113,0.8,0.5,62
1996-03-08,115,113,111,112,113,114,113,1.3,0.1,61
1996-03-09,112,113,112,112,112,113,112,1.4,0.1,60
1996-03-10,110,112,112,112,112,113,112,1.4,0.1,60
1996-03-11,109,111,112,112,112,113,112,0.9,0.4,59
1996-03-12,108,111,112,112,112,113,111,0.9,0.2,59
1996-03-13,108,110,111,112,112,113,111,0.8,0,58
1996-03-14,107,109,111,112,112,113,111,0.9,0,57
1996-03-15,106,109,110,111,112,113,110,0.9,0,57
1996-03-16,106,108,110,111,112,112,110,0.9,0,56
1996-03-17,105,108,110,111,112,112,110,0.8,0,55
1996-03-18,105,108,109,111,111,112,109,0.7,0,55
1996-03-19,104,107,109,110,111,112,109,0.8,0.1,54
1996-03-20,103,106,109,110,111,112,108,1.4,0.6,54
1996-03-21,102,106,108,109,111,111,108,1.3,0.7,53
1996-03-22,102,105,107,109,110,111,107,0.9,0.5,52
1996-03-23,106,105,107,109,110,111,108,0.6,0.4,51
1996-03-24,110,106,107,108,110,111,108,1,0.7,50
1996-03-25,109,107,107,108,109,110,108,0.9,0.2,0
1996-03-26,107,107,107,108,109,110,108,1,0.2,0
1996-03-27,106,107,107,108,109,110,108,1.9,0.2,0
1996-03-28,104,106,107,108,109,110,107,1.5,0.3,0
1996-03-29,104,106,107,108,109,110,107,1,0.4,0
1996-03-30,104,105,107,108,109,109,107,1.1,0.6,0
1996-03-31,104,105,106,107,108,109,107,1.2,0.3,0
1996-04-01,103,105,106,107,108,109,106,1.4,0.1,0
1996-04-02,103,105,106,107,108,109,106,1.1,0.1,0
1996-04-03,102,104,106,107,108,109,106,1.4,0.1,0
1996-04-04,102,104,106,107,108,109,106,1.1,0.1,0
1996-04-05,101,104,105,107,108,109,106,1.1,0.1,0
1996-04-06,101,103,105,106,108,108,105,1,0.1,0
1996-04-07,99,103,105,106,107,108,105,1.6,1.1,0
1996-04-08,97,101,104,106,107,108,104,1.8,1,0
1996-04-09,96,101,104,105,107,108,103,1,0.3,0
1996-04-10,95,100,103,105,107,108,103,1.3,0.7,0
1996-04-11,98,99,103,105,106,107,103,0.8,0.4,0
1996-04-12,107,100,102,105,106,107,105,1.8,0.6,0
1996-04-13,106,101,102,104,106,107,104,1.3,0.1,0
1996-04-14,104,102,102,104,106,107,104,1.7,0.6,0
1996-04-15,101,101,102,104,105,107,103,2.5,1.7,0
1996-04-16,97,100,101,103,105,106,102,3,2.1,0
1996-04-17,93,97,100,103,104,106,101,4.1,2.5,0
1996-04-18,88,95,99,102,104,106,99,2.8,2,0
1996-04-19,84,93,98,101,103,105,98,3,2.4,0
1996-04-20,80,91,97,100,103,105,96,3.5,2.9,0
1996-04-21,75,88,95,99,102,104,94,4.1,3.3,0
1996-04-22,70,85,93,98,102,104,92,4,3.1,0
1996-04-23,67,82,92,98,101,103,90,3.5,2.4,0
1996-04-24,119,88,91,97,100,103,100,2.1,1.7,0
1996-04-25,117,98,91,96,100,103,101,2.4,1.7,0
1996-04-26,109,100,92,96,100,102,100,2.8,1.9,0
1996-04-27,104,99,92,96,99,102,99,2.8,1.7,0
1996-04-28,99,98,93,95,99,102,98,2.8,1.8,0
1996-04-29,96,96,93,95,99,101,97,2,0.8,0
1996-04-30,96,95,93,95,98,101,96,1.8,1.2,0
1996-05-01,94,94,93,95,98,101,96,2.7,1.7,0
1996-05-02,94,93,93,95,98,101,96,2,1.4,0
1996-05-03,98,93,93,95,98,100,96,1.8,1.3,0
1996-05-04,99,93,93,95,98,100,96,1.1,1,0
1996-05-05,98,93,93,95,97,100,96,2.4,1.2,0
1996-05-06,95,93,93,94,97,100,95,2.1,1.2,0
1996-05-07,106,93,92,94,97,100,97,1.4,0.9,0
1996-05-08,106,95,93,94,97,100,97,1.3,0.5,0
1996-05-09,114,97,93,94,97,99,99,0.9,0.9,0
1996-05-10,116,103,94,95,97,99,101,0.9,0.5,0
1996-05-11,112,106,95,95,97,99,101,1.1,0.4,0
1996-05-12,109,106,96,95,97,99,100,1.2,0.5,0
1996-05-13,109,105,97,95,97,99,100,0.9,0.5,0
1996-05-14,110,106,98,95,97,99,101,1.2,0.8,0
1996-05-15,113,107,99,96,97,99,102,1.1,0.6,0
1996-05-16,119,113,101,96,97,99,104,1.6,1.1,0
1996-05-17,113,113,103,97,97,99,103,2.9,1.9,0
1996-05-18,108,110,104,97,97,99,102,2.7,2,0
1996-05-19,106,107,104,98,97,98,102,3.2,2.3,0
1996-05-20,111,107,103,98,97,98,102,3.1,2.3,0
1996-05-21,106,105,103,99,97,98,101,2.8,1.8,0
1996-05-22,103,104,103,99,97,98,101,2.4,1.7,0
1996-05-23,105,103,102,99,97,98,101,1.7,1.2,0
1996-05-24,105,103,102,99,97,98,101,3.4,2.4,0
1996-05-25,103,102,101,99,97,98,100,2.1,1.3,0
1996-05-26,109,102,101,99,98,98,101,2.3,1.6,0
1996-05-27,112,103,101,99,98,98,102,1.9,1.8,0
1996-05-28,118,109,101,99,98,98,104,2.6,1.8,0
1996-05-29,111,109,102,99,98,98,103,3.3,2.1,0
1996-05-30,104,106,102,99,98,98,101,4.4,3.5,0
1996-05-31,97,102,101,98,97,98,99,5.1,3.5,0
1996-06-01,106,101,100,98,97,98,100,1.4,1,0
1996-06-02,118,108,100,98,97,98,103,1.2,0.9,0
1996-06-03,120,118,105,99,97,98,106,1.2,0.8,0
1996-06-04,114,115,109,100,97,98,105,3.3,2.1,0
1996-06-05,108,111,109,100,97,98,104,4.5,3,0
1996-06-06,101,107,107,101,97,97,102,5.1,3.6,0
1996-06-07,94,103,105,101,97,97,99,5.3,3.8,0
1996-06-08,88,99,103,100,97,97,97,4.8,3.3,0
1996-06-09,88,96,101,100,97,97,96,3.2,2.3,0
1996-06-10,88,94,99,99,97,97,96,4.4,3,0
1996-06-11,84,92,98,98,97,97,94,4.2,3,0
1996-06-12,79,90,96,98,97,97,93,4.1,2.6,0
1996-06-13,76,87,95,97,96,96,91,3.5,1.9,0
1996-06-14,73,86,93,96,96,96,90,3,1.7,0
1996-06-15,70,83,92,95,96,96,89,3.5,2.4,0
1996-06-16,67,81,91,94,95,96,87,3.2,2,0
1996-06-17,63,79,89,94,95,96,86,4.2,3.1,0
1996-06-18,59,76,87,92,94,95,84,3.8,2.6,0
1996-06-19,57,74,86,92,94,95,83,1.7,0.8,0
1996-06-20,57,74,85,91,94,95,83,1.5,0.7,0
1996-06-21,55,73,85,91,93,95,82,2.9,1.8,0
1996-06-22,54,71,84,90,93,95,81,2.1,1.2,0
1996-06-23,53,70,83,89,93,94,80,1.8,0.8,0
1996-06-24,52,69,82,89,92,94,80,1.5,0.7,0
1996-06-25,52,69,81,88,92,94,79,1.4,0.7,0
1996-06-26,50,67,80,88,92,94,78,3.5,2.6,0
1996-06-27,48,66,79,87,91,94,77,1.5,0.7,0
1996-06-28,47,65,78,86,91,93,77,2.5,1.5,0
1996-06-29,76,64,78,86,90,93,81,1.9,1.7,0
1996-06-30,97,67,78,86,90,93,85,1.6,1.4,0
1996-07-01,104,70,77,85,90,93,86,2,1.6,0
1996-07-02,120,79,77,85,90,93,90,2.7,2.1,0
1996-07-03,111,86,78,85,89,93,90,3.2,1.9,0
1996-07-04,106,88,79,84,89,92,90,2.7,2.4,0
1996-07-05,110,94,79,84,89,92,91,2.1,1.5,0
1996-07-06,125,120,86,84,89,92,99,1.8,1.7,0
1996-07-07,119,121,98,85,89,92,101,3.4,2.5,0
1996-07-08,113,115,103,86,88,92,100,1.9,0.9,0
1996-07-09,110,112,104,88,88,91,99,2.8,1.4,0
1996-07-10,109,109,104,90,89,91,99,3.1,2.2,0
1996-07-11,105,107,104,91,89,91,98,1.7,1.1,0
1996-07-12,103,105,103,92,89,91,97,2.6,1.7,0
1996-07-13,99,103,102,92,89,91,96,3.1,2.1,0
1996-07-14,95,101,100,93,89,91,95,4.2,2.8,0
1996-07-15,90,98,99,93,89,91,93,3.3,2.1,0
1996-07-16,88,96,97,93,90,91,92,2.3,1.3,0
1996-07-17,85,94,96,93,90,91,91,2.6,1.7,0
1996-07-18,83,92,95,92,90,91,91,1.5,0.7,0
1996-07-19,81,90,94,92,90,91,90,3.4,2.4,0
1996-07-20,77,88,93,92,90,90,88,3.6,2.6,0
1996-07-21,73,85,91,91,90,90,87,4,2.9,0
1996-07-22,68,82,89,90,89,90,85,4.3,3.3,0
1996-07-23,64,79,87,89,89,90,83,4.1,2.9,0
1996-07-24,118,82,86,88,89,90,92,2.4,2,0
1996-07-25,114,90,86,88,89,90,93,2,1.4,0
1996-07-26,107,92,86,88,89,90,92,3,2,0
1996-07-27,100,92,86,87,88,89,90,3.7,2.7,0
1996-07-28,95,90,86,87,88,89,89,1.7,0.9,0
1996-07-29,105,97,88,87,88,89,92,2.7,2.1,0
1996-07-30,122,124,113,89,88,89,104,2.7,2,0
1996-07-31,115,117,115,95,88,89,103,3,2.1,0
1996-08-01,109,113,112,98,89,89,102,3.6,2.5,0
1996-08-02,104,109,110,100,89,89,100,3.4,2.4,0
1996-08-03,100,106,108,100,90,89,99,3.1,2,0
1996-08-04,96,103,106,100,91,89,98,3.2,2.1,0
1996-08-05,92,101,104,100,91,89,96,3.7,2.6,0
1996-08-06,88,98,102,99,92,89,95,3.7,2.2,0
1996-08-07,86,96,101,99,92,89,94,1.7,1,0
1996-08-08,84,94,99,98,92,90,93,3.2,2.3,0
1996-08-09,79,92,98,97,92,90,91,3.7,2.8,0
1996-08-10,75,89,96,96,92,90,89,4.3,3,0
1996-08-11,77,87,94,95,92,90,89,2.4,1.7,0
1996-08-12,92,90,93,95,92,90,92,2.3,1.6,0
1996-08-13,124,126,105,95,92,90,105,1.3,1,0
1996-08-14,125,126,123,102,92,90,110,1.6,1.4,0
1996-08-15,120,122,122,113,95,90,110,1.5,1.1,0
1996-08-16,116,118,119,116,100,91,110,2.1,1.5,0
1996-08-17,111,115,117,115,104,92,109,2.9,2,0
1996-08-18,107,112,114,114,106,93,108,3.1,2.2,0
1996-08-19,102,109,112,112,107,95,106,4.4,3.1,0
1996-08-20,96,105,109,111,107,96,104,4.8,3.3,0
1996-08-21,91,102,107,109,106,97,102,3.6,2.7,0
1996-08-22,88,100,106,108,106,97,101,2.1,1.6,0
1996-08-23,86,98,104,107,105,98,100,3,1.9,0
1996-08-24,85,96,103,106,105,98,99,2.3,1.8,0
1996-08-25,83,94,102,105,104,99,98,3.3,2.1,0
1996-08-26,80,92,100,103,103,99,96,2.6,1.9,0
1996-08-27,79,91,99,103,103,99,96,1.4,0.8,0
1996-08-28,111,112,114,110,103,99,108,1.6,1.4,0
1996-08-29,119,122,123,123,112,100,116,2.9,1.5,0
1996-08-30,115,118,120,120,116,104,116,1.9,1.2,0
1996-08-31,118,118,118,119,117,108,116,1.2,0.7,0
1996-09-01,119,121,120,119,117,110,118,1.9,1.4,0
1996-09-02,115,118,119,119,118,112,117,1.8,1.2,0
1996-09-03,110,115,117,118,117,113,115,2.7,2,0
1996-09-04,107,112,115,116,116,114,113,2.4,1.7,0
1996-09-05,104,109,113,115,115,114,112,2.7,1.6,0
1996-09-06,103,108,111,114,114,114,111,1.5,0.9,0
1996-09-07,105,107,110,113,114,113,110,2.1,1.6,0
1996-09-08,105,107,110,112,113,112,110,1.4,1.1,0
1996-09-09,104,106,109,111,112,112,109,1.6,1.1,0
1996-09-10,102,105,108,110,111,112,108,1.2,0.7,0
1996-09-11,101,105,108,110,111,111,107,1.5,0.9,0
1996-09-12,103,104,107,109,110,111,107,1.2,1.1,0
1996-09-13,113,106,107,109,110,110,109,1,0.8,0
1996-09-14,117,109,107,108,110,110,110,1.3,1.2,0
1996-09-15,115,111,108,108,109,110,110,1.2,0.9,0
1996-09-16,111,111,109,108,109,109,110,1.4,1,0
1996-09-17,108,110,109,108,109,109,109,1.2,0.7,0
1996-09-18,106,108,109,108,109,109,108,2,0.9,0
1996-09-19,104,107,108,108,108,109,107,2.4,1.2,0
1996-09-20,101,105,107,108,108,108,106,2.2,1.1,0
1996-09-21,105,105,107,108,108,108,107,0.9,0.7,0
1996-09-22,108,106,106,107,108,108,107,0.9,0.6,0
1996-09-23,107,106,106,107,108,108,107,1,0.4,0
1996-09-24,105,106,106,107,108,108,106,0.9,0.3,0
1996-09-25,104,105,106,107,107,108,106,0.8,0.3,0
1996-09-26,102,105,106,107,107,107,106,1.2,0.7,0
1996-09-27,102,104,105,106,107,107,105,1,0.6,0
1996-09-28,102,104,105,106,107,107,105,1.3,0.9,0
1996-09-29,101,103,105,106,107,107,105,1.4,1.1,0
1996-09-30,100,103,104,106,106,107,104,1.9,1,0
1996-10-01,109,107,106,105,106,107,107,1,0.5,0
1996-10-02,123,125,126,119,109,107,118,1.1,0.9,0
1996-10-03,118,120,122,122,117,109,118,1.3,0.9,0
1996-10-04,115,118,119,120,119,113,117,0.9,0.3,0
1996-10-05,114,116,118,119,119,115,117,1.1,0.9,0
1996-10-06,112,115,117,118,118,116,116,0.8,0.4,0
1996-10-07,110,113,115,117,117,116,115,0.8,0.7,0
1996-10-08,109,112,114,116,116,116,114,0.7,0.3,0
1996-10-09,108,111,114,115,116,116,113,0.8,0.5,0
1996-10-10,107,110,113,114,115,115,112,0.6,0.2,0
1996-10-11,106,109,112,114,115,115,112,0.8,0.4,0
1996-10-12,105,109,111,113,114,114,111,0.8,0.4,0
1996-10-13,104,108,110,112,113,114,110,0.9,0.7,0
1996-10-14,102,107,110,112,113,114,109,0.8,0.7,0
1996-10-15,101,106,109,111,112,113,109,0.8,0.9,0
1996-10-16,120,119,117,113,112,113,116,0.4,0.3,0
1996-10-17,123,124,125,124,117,114,121,0.6,0.3,0
1996-10-18,119,121,122,123,122,118,121,0.8,0.8,0
1996-10-19,116,119,120,121,121,120,120,0.8,0.3,0
1996-10-20,119,120,120,120,120,120,120,0.5,0.1,0
1996-10-21,125,126,127,127,126,124,126,0.7,0.6,0
1996-10-22,120,122,123,124,125,125,123,0.7,0.6,0
1996-10-23,116,119,121,122,123,124,121,0.5,0.2,0
1996-10-24,114,117,119,120,121,122,119,0.8,0.4,0
1996-10-25,112,115,118,119,120,121,118,1.1,0.6,0
1996-10-26,111,114,116,118,119,120,116,0.7,0.5,0
1996-10-27,111,113,115,117,118,119,116,0.7,0.4,0
1996-10-28,115,114,115,116,117,118,116,1.4,0.9,0
1996-10-29,114,114,115,116,117,118,115,2,1,0
1996-10-30,115,114,115,115,116,117,115,1.1,0.8,0
1996-10-31,112,114,115,115,116,117,115,1.1,0.3,0
1996-11-01,119,115,115,115,116,116,116,0.7,0.6,0
1996-11-02,116,117,116,115,116,116,116,1,0.5,0
1996-11-03,114,115,116,115,116,116,115,1.1,0.6,0
1996-11-04,112,114,115,115,116,116,115,1.4,0.5,0
1996-11-05,111,113,114,115,115,116,114,1.7,1.2,0
1996-11-06,112,113,114,115,115,116,114,1.4,0.9,0
1996-11-07,113,112,113,114,115,115,114,1,0.6,0
1996-11-08,122,118,114,114,115,115,116,0.4,0.4,0
1996-11-09,118,119,117,115,115,115,116,0.6,0.5,0
1996-11-10,115,117,117,116,115,115,116,0.7,0.3,0
1996-11-11,113,115,116,116,116,115,115,0.9,0.4,0
1996-11-12,114,114,115,116,116,115,115,0.6,0.3,0
1996-11-13,122,118,116,116,116,116,117,0.5,0.2,0
1996-11-14,118,119,118,116,116,116,117,0.5,0.2,0
1996-11-15,115,117,118,117,116,116,117,0.5,0.1,0
1996-11-16,113,116,117,117,117,116,116,0.3,0,0
1996-11-17,112,115,116,117,117,116,115,0.4,0.1,0
1996-11-18,114,115,115,116,116,116,115,0.4,0.1,0
1996-11-19,124,126,125,122,118,117,122,0.4,0.3,0
1996-11-20,119,121,123,124,123,120,122,0.8,0.7,0
1996-11-21,119,120,121,122,122,122,121,0.7,0.6,0
1996-11-22,120,120,120,121,121,121,121,0.5,0.5,0
1996-11-23,117,119,120,120,121,121,120,0.4,0.1,0
1996-11-24,116,118,119,120,120,121,119,0.5,0.3,0
1996-11-25,114,117,118,119,120,120,118,0.7,0.3,0
1996-11-26,114,116,117,118,119,120,117,0.3,0.2,0
1996-11-27,117,116,117,118,118,119,117,0.3,0.2,0
1996-11-28,115,116,117,117,118,118,117,0.4,0.3,1
1996-11-29,115,116,116,117,118,118,117,0.5,0.3,0
1996-11-30,124,121,118,117,117,118,119,0.4,0.2,0
1996-12-01,121,123,123,121,119,118,120,0.6,0.4,0
1996-12-02,124,124,124,122,121,119,122,0.5,0.4,0
1996-12-03,122,124,125,125,124,123,124,0.6,0.7,0
1996-12-04,118,120,122,123,123,124,122,0.9,0.5,0
1996-12-05,115,118,120,121,122,123,120,0.4,0,0
1996-12-06,114,117,118,120,121,121,118,0,0.1,0
1996-12-07,112,115,117,119,120,121,117,0.2,0,0
1996-12-08,111,114,116,118,119,120,116,0.4,0.1,0
1996-12-09,110,113,115,117,118,119,116,0.4,0.1,2
1996-12-10,110,113,115,116,117,118,115,0.3,0,4
1996-12-11,109,112,114,116,117,118,114,0.3,0,6
1996-12-12,108,111,113,115,116,117,114,0.4,0,6
1996-12-13,108,111,113,114,116,117,113,0.3,0,5
1996-12-14,110,111,112,114,115,116,113,0.1,0.3,0
1996-12-15,109,111,112,113,115,116,113,0.4,0.2,5
1996-12-16,108,110,112,113,114,115,112,0.3,0,0
1996-12-17,112,110,112,113,114,115,112,0.3,0.1,0
1996-12-18,113,112,112,113,114,115,113,0.3,0.1,0
1996-12-19,122,121,116,113,113,114,116,0.4,0.4,0
1996-12-20,123,124,124,119,115,114,120,0.7,0.9,3
1996-12-21,119,121,122,122,119,116,120,0.1,0.1,9
1996-12-22,116,119,120,121,120,118,119,0,0,18
1996-12-23,114,117,119,120,120,119,118,0.3,0.1,24
1996-12-24,113,116,117,119,119,119,117,0,0,27
1996-12-25,112,115,116,118,118,119,116,0.1,0,32
1996-12-26,111,114,116,117,118,118,116,0,0,38
1996-12-27,110,113,115,116,117,118,115,0.3,0.1,43
1996-12-28,109,112,114,116,117,117,114,0.1,0,47
1996-12-29,109,111,114,115,116,117,114,0.2,0,48
1996-12-30,115,112,113,114,116,116,114,0.1,0.2,51
1996-12-31,113,113,113,114,115,116,114,0.1,0.2,53
1997-01-01,112,115,116,117,116,115,115,0,0,54
1997-01-02,111,114,115,116,116,115,114,0,0,56
1997-01-03,110,113,114,115,116,115,114,0.3,0.1,57
1997-01-04,109,112,114,115,115,115,113,0.3,0,58
1997-01-05,109,111,113,114,115,115,113,0.3,0.1,59
1997-01-06,108,111,113,114,114,114,112,0.2,0.1,60
1997-01-07,107,110,112,113,114,114,112,0.2,0,60
1997-01-08,107,110,112,113,114,114,111,0.3,0,60
1997-01-09,106,109,111,112,113,113,111,0.3,0,60
1997-01-10,106,109,111,112,113,113,111,0.3,0,60
1997-01-11,105,108,110,112,113,113,110,0.3,0,60
1997-01-12,105,108,110,111,112,113,110,0.2,0,60
1997-01-13,105,107,109,111,112,112,109,0.3,0,60
1997-01-14,104,107,109,111,112,112,109,0,0,60
1997-01-15,104,107,109,110,111,112,109,0.1,0,60
1997-01-16,104,106,108,110,111,112,108,0,0,60
1997-01-17,103,106,108,110,111,111,108,0,0,60
1997-01-18,103,106,108,109,110,111,108,0.5,0.1,61
1997-01-19,105,106,108,109,110,111,108,0.3,0,61
1997-01-20,110,107,107,109,110,111,109,0.3,0.1,61
1997-01-21,109,107,108,109,110,110,109,0.4,0.2,60
1997-01-22,107,108,108,108,109,110,108,0.5,0.2,60
1997-01-23,109,108,108,108,109,110,109,0.2,0.4,59
1997-01-24,111,108,108,108,109,110,109,0.3,0.1,58
1997-01-25,111,109,108,108,109,110,109,0.3,0.1,58
1997-01-26,111,110,109,108,109,109,109,0.4,0.4,57
1997-01-27,109,110,109,109,109,109,109,0.4,0.1,56
1997-01-28,108,109,109,109,109,109,109,0.4,0,56
1997-01-29,107,109,109,109,109,109,109,0.3,0.1,55
1997-01-30,107,108,109,109,109,109,108,0.4,0.2,54
1997-01-31,106,108,109,109,109,109,108,0.5,0.2,54
1997-02-01,105,108,108,109,109,109,108,0.2,0.1,53
1997-02-02,105,107,108,109,109,109,108,0.5,0.1,52
1997-02-03,104,107,108,109,109,109,108,0.4,0,52
1997-02-04,104,106,108,108,109,109,107,0.8,0.2,51
1997-02-05,118,111,108,108,109,109,110,0.4,0.2,50
1997-02-06,119,119,112,109,109,109,113,0.5,0.4,50
1997-02-07,115,117,114,110,109,109,112,1.1,0.4,49
1997-02-08,113,115,114,111,109,109,112,0.5,0.2,48
1997-02-09,111,114,114,112,110,109,112,0.7,0.2,48
1997-02-10,110,112,113,112,111,109,111,1.2,0.5,47
1997-02-11,108,111,112,112,111,110,111,1.5,0.8,45
1997-02-12,122,118,113,112,111,110,114,0.7,0.7,44
1997-02-13,123,123,120,115,112,110,117,1,1.5,0
1997-02-14,121,122,122,119,114,111,118,1,0.7,0
1997-02-15,117,119,120,120,117,113,118,0.5,0.1,0
1997-02-16,115,117,119,119,118,115,117,0.7,0.3,0
1997-02-17,113,116,117,118,118,116,116,0.9,0.2,0
1997-02-18,121,119,117,117,117,116,118,0.8,0.7,0
1997-02-19,124,125,125,123,119,117,122,1.3,0.8,0
1997-02-20,123,124,124,124,124,121,123,1.7,1,0
1997-02-21,119,121,122,123,123,123,122,1.2,0.8,0
1997-02-22,117,119,121,121,122,122,120,1,0.6,0
1997-02-23,115,117,119,120,121,121,119,1.2,0.5,0
1997-02-24,114,116,118,119,120,121,118,1.5,0.7,0
1997-02-25,123,122,120,119,119,120,120,1.5,2,0
1997-02-26,126,127,127,128,127,125,127,1.3,1.8,0
1997-02-27,124,125,126,127,127,127,126,0.8,0.6,0
1997-02-28,118,121,122,124,124,125,122,2.1,1,0
1997-03-01,114,118,120,121,122,123,120,1.6,0.9,0
1997-03-02,111,115,118,120,121,122,118,1.9,1.1,0
1997-03-03,109,113,116,118,119,120,116,1.3,0.8,0
1997-03-04,108,112,115,117,118,119,115,1.2,0.7,0
1997-03-05,106,111,114,116,117,118,114,0.9,0.6,0
1997-03-06,105,110,113,115,116,118,113,1,0.4,0
1997-03-07,104,109,112,114,116,117,112,0.9,0.5,0
1997-03-08,103,108,111,113,115,116,111,1.1,0.9,0
1997-03-09,102,107,110,112,114,116,110,0.9,0.4,0
1997-03-10,101,106,109,112,114,115,109,1.4,1,0
1997-03-11,99,104,108,111,113,114,108,1.2,0.9,0
1997-03-12,98,104,108,110,112,114,108,1.2,0.6,0
1997-03-13,97,103,107,110,112,113,107,1.1,0.4,0
1997-03-14,96,102,106,109,111,113,106,1,0.4,0
1997-03-15,97,102,106,109,111,112,106,0.8,0.7,0
1997-03-16,114,105,106,108,110,112,109,0.7,0.5,0
1997-03-17,122,121,111,109,110,112,114,0.9,0.6,0
1997-03-18,117,118,115,110,110,111,114,0.9,0.2,0
1997-03-19,122,121,117,112,111,111,116,0.8,0.8,0
1997-03-20,119,121,120,115,112,111,116,0.7,0.6,0
1997-03-21,118,119,119,117,114,112,116,0.9,0.7,0
1997-03-22,115,117,118,118,116,113,116,0.9,0.5,0
1997-03-23,115,116,117,117,116,114,116,0.7,0.6,0
1997-03-24,114,116,117,117,116,115,116,0.7,0.2,0
1997-03-25,115,115,116,116,116,116,116,0.8,0.6,0
1997-03-26,113,115,116,116,116,116,115,1.6,0.9,0
1997-03-27,111,113,115,115,116,116,114,2.6,1.6,0
1997-03-28,112,112,114,115,115,115,114,2,1.6,0
1997-03-29,117,114,114,114,115,115,115,1.6,1.1,0
1997-03-30,115,115,114,114,115,115,115,1.3,1,0
1997-03-31,112,114,114,114,115,115,114,1.9,1.1,0
1997-04-01,109,112,113,114,114,115,113,2.1,1.5,0
1997-04-02,105,110,112,113,114,114,111,2,1.3,0
1997-04-03,103,108,111,112,113,114,110,1.9,1.2,0
1997-04-04,110,108,110,112,113,114,111,1.4,1.5,0
1997-04-05,118,111,110,111,113,113,113,0.8,0.9,0
1997-04-06,121,120,113,112,112,113,115,2.2,1,0
1997-04-07,116,117,115,113,112,113,114,1.9,0.6,0
1997-04-08,112,115,115,114,113,113,114,2.2,1.2,0
1997-04-09,109,112,114,114,113,113,112,2.3,1.7,0
1997-04-10,105,110,112,113,113,113,111,2.3,1.5,0
1997-04-11,104,108,111,112,113,113,110,1.8,1,0
1997-04-12,104,108,110,112,112,113,110,1.7,0.4,0
1997-04-13,103,107,110,111,112,113,109,2,1,0
1997-04-14,102,106,109,111,112,112,108,1.4,0.8,0
1997-04-15,101,105,108,110,111,112,108,2.8,0.8,0
1997-04-16,99,104,107,109,111,112,107,2.4,0.9,0
1997-04-17,98,103,107,109,110,111,106,1.7,0.7,0
1997-04-18,96,102,106,108,110,111,106,2.2,1.2,0
1997-04-19,95,101,105,108,109,111,105,2.1,1.1,0
1997-04-20,101,101,105,107,109,110,106,1.5,0.7,0
1997-04-21,102,101,104,107,109,110,105,2.2,1.1,0
1997-04-22,100,101,104,106,108,110,105,1.4,0.4,0
1997-04-23,98,100,103,106,108,109,104,2.3,1.1,0
1997-04-24,95,99,102,105,107,109,103,3.5,2.1,0
1997-04-25,92,97,102,105,107,108,102,1.7,0.8,0
1997-04-26,96,97,101,104,107,108,102,1.2,0.9,0
1997-04-27,99,97,101,104,106,108,102,1.7,1.4,0
1997-04-28,99,97,101,104,106,108,102,1.9,0.9,0
1997-04-29,100,97,100,103,106,107,102,1.3,1.4,0
1997-04-30,100,98,100,103,105,107,102,1.8,1.2,0
1997-05-01,97,97,100,103,105,107,101,2.9,1.8,0
1997-05-02,92,95,99,102,104,106,100,3.5,2.6,0
1997-05-03,87,93,98,101,104,106,98,3.4,2.6,0
1997-05-04,84,91,97,100,103,105,97,2.8,1.9,0
1997-05-05,102,91,96,100,103,105,100,2.2,1.9,0
1997-05-06,122,102,96,100,103,105,104,1.5,1.5,0
1997-05-07,122,123,104,100,102,105,109,2.2,1.3,0
1997-05-08,116,118,111,102,102,104,109,2.5,1.2,0
1997-05-09,115,115,112,103,102,104,109,2,1.1,0
1997-05-10,119,116,113,105,103,104,110,2.8,2.6,0
1997-05-11,113,114,113,107,103,104,109,3.4,2.1,0
1997-05-12,108,111,112,108,104,104,108,3,2,0
1997-05-13,103,108,110,108,104,104,106,3.4,2.5,0
1997-05-14,99,105,108,107,105,104,105,3.7,2.7,0
1997-05-15,94,102,106,106,105,104,103,3.9,2.4,0
1997-05-16,90,100,105,106,105,104,101,3.7,2.5,0
1997-05-17,91,97,103,105,104,104,101,3.9,2.8,0
1997-05-18,107,101,103,104,104,104,104,2.8,2,0
1997-05-19,124,126,127,127,126,125,126,3.8,2.7,0
1997-05-20,117,120,122,123,124,125,122,2.1,1.5,0
1997-05-21,116,118,120,121,122,123,120,2,1.9,0
1997-05-22,114,117,118,120,121,122,118,1.4,0.8,0
1997-05-23,115,116,117,119,120,120,118,2,1.6,0
1997-05-24,112,114,116,118,119,120,116,2.6,1.5,0
1997-05-25,107,112,115,116,118,119,114,3.2,2.2,0
1997-05-26,103,109,113,115,117,118,112,3,2.1,0
1997-05-27,101,107,111,114,116,117,111,1.8,0.9,0
1997-05-28,103,106,110,113,115,116,111,2.6,1.9,0
1997-05-29,100,105,109,112,114,115,109,3.2,2.1,0
1997-05-30,97,103,108,111,113,115,108,3.8,2.1,0
1997-05-31,93,101,106,110,112,114,106,3.3,2.1,0
1997-06-01,90,99,105,109,111,113,104,2.8,1.6,0
1997-06-02,87,97,104,108,111,112,103,3.8,2.5,0
1997-06-03,82,95,102,107,110,112,101,3.9,2.8,0
1997-06-04,78,92,101,106,109,111,99,3.9,2.8,0
1997-06-05,74,89,99,104,108,110,97,4.7,3.3,0
1997-06-06,69,86,97,103,107,109,95,4.8,3.3,0
1997-06-07,64,83,95,102,106,109,93,5.6,3.6,0
1997-06-08,61,80,93,101,105,108,91,3.2,2.3,0
1997-06-09,60,78,92,100,104,107,90,4.3,2.9,0
1997-06-10,56,75,90,99,103,107,88,4.6,3.2,0
1997-06-11,51,72,88,97,102,106,86,5.1,3.7,0
1997-06-12,47,69,86,96,101,105,84,4.2,2.9,0
1997-06-13,44,67,84,95,101,104,82,3.6,2.2,0
1997-06-14,47,66,83,94,100,104,82,2.4,1.9,0
1997-06-15,51,65,83,93,99,103,82,2.8,1.9,0
1997-06-16,49,64,81,92,99,103,81,3.7,2.4,0
1997-06-17,46,62,80,91,98,102,80,3.8,2.7,0
1997-06-18,45,61,79,90,97,102,79,1.9,1.2,0
1997-06-19,45,60,78,90,97,101,78,3.4,2.3,0
1997-06-20,44,59,77,89,96,101,78,2.4,1.6,0
1997-06-21,47,59,77,88,96,100,78,1.8,1.6,0
1997-06-22,47,58,76,88,95,100,77,3.1,2,0
1997-06-23,75,58,76,87,95,100,82,1.9,1.8,0
1997-06-24,108,64,75,87,95,100,88,2.1,1.8,0
1997-06-25,100,69,75,87,94,99,87,3.5,2.5,0
1997-06-26,101,71,75,86,94,99,87,1.9,1.9,0
1997-06-27,101,74,75,86,93,98,88,2.6,2,0
1997-06-28,96,75,75,85,93,98,87,4.2,3,0
1997-06-29,95,74,75,85,92,98,86,4.3,3.3,0
1997-06-30,125,89,75,84,92,97,94,2.7,2.2,0
1997-07-01,120,103,77,84,92,97,95,2.4,1.8,0
1997-07-02,115,110,82,84,91,97,96,3.8,2.6,0
1997-07-03,112,107,85,84,91,96,96,3,2.2,0
1997-07-04,110,105,87,84,91,96,96,3.2,2.4,0
1997-07-05,106,103,89,85,90,96,95,3.6,2.4,0
1997-07-06,101,101,89,85,90,95,94,2.1,1.1,0
1997-07-07,98,99,89,86,90,95,93,2.6,1.6,0
1997-07-08,95,97,89,86,90,95,92,3,1.6,0
1997-07-09,91,94,89,86,90,95,91,3.3,2.1,0
1997-07-10,87,92,89,86,90,94,90,2.5,1.6,0
1997-07-11,83,90,88,86,89,94,88,4.3,3.1,0
1997-07-12,77,86,86,86,89,94,86,4.6,3.4,0
1997-07-13,71,83,85,85,89,93,84,4.5,3.4,0
1997-07-14,77,80,84,85,88,93,84,3,2,0
1997-07-15,94,80,83,85,88,93,87,2.5,1.6,0
1997-07-16,91,80,83,85,88,92,86,1.5,1,0
1997-07-17,89,80,82,84,88,92,86,2.9,2.1,0
1997-07-18,86,80,82,84,88,92,85,2,1.2,0
1997-07-19,115,84,82,84,88,92,91,2.8,2.6,0
1997-07-20,126,104,83,84,88,92,96,1.3,1.1,0
1997-07-21,125,127,108,86,88,92,104,1.4,1.1,0
1997-07-22,118,120,117,92,88,92,104,3.1,2.2,0
1997-07-23,112,115,114,98,89,92,103,3.7,2.4,0
1997-07-24,107,111,112,100,90,91,102,3.3,2.5,0
1997-07-25,116,116,112,101,91,92,104,1.5,1.2,0
1997-07-26,120,122,120,106,92,92,109,2.5,1.7,0
1997-07-27,114,117,118,111,95,92,108,3.4,2.2,0
1997-07-28,109,114,115,111,97,92,106,3.8,2.6,0
1997-07-29,105,110,113,111,99,93,105,3.6,2.6,0
1997-07-30,100,107,110,110,101,94,103,4.1,3.1,0
1997-07-31,103,105,108,108,101,94,103,2.1,2,0
1997-08-01,106,105,107,108,102,95,104,2,1.4,0
1997-08-02,106,105,107,107,102,96,104,2.1,1.4,0
1997-08-03,102,104,106,106,102,96,103,3.2,2.4,0
1997-08-04,98,102,104,105,102,97,101,3.5,2.6,0
1997-08-05,93,99,103,104,102,97,100,3.9,2.6,0
1997-08-06,88,97,101,103,101,97,98,4.1,2.9,0
1997-08-07,83,94,100,102,101,97,96,4.3,3.1,0
1997-08-08,100,93,98,101,100,97,98,3.8,3.1,0
1997-08-09,115,99,98,100,100,97,102,3.9,2.8,0
1997-08-10,106,99,97,99,99,97,100,4.9,3.6,0
1997-08-11,97,97,96,98,99,97,97,5.6,3.8,0
1997-08-12,90,93,95,97,98,97,95,5.1,3.8,0
1997-08-13,83,90,93,96,97,96,93,4.3,3.4,0
1997-08-14,77,87,92,95,97,96,91,4.2,3,0
1997-08-15,76,85,91,94,96,96,90,2.3,1.5,0
1997-08-16,91,84,90,94,96,96,92,2.4,1.7,0
1997-08-17,87,83,89,93,95,96,90,3.9,3.1,0
1997-08-18,80,81,88,92,95,95,89,4.1,3.2,0
1997-08-19,88,81,87,92,94,95,89,1.4,1.1,0
1997-08-20,89,81,86,91,94,95,89,3.5,2.1,0
1997-08-21,84,80,86,91,93,95,88,3.6,2.5,0
1997-08-22,80,79,85,90,93,94,87,2.1,1.4,0
1997-08-23,78,78,84,89,93,94,86,2.2,1.7,0
1997-08-24,74,77,83,89,92,94,85,4,2.8,0
1997-08-25,68,74,82,88,91,93,83,4.4,3.2,0
1997-08-26,84,73,81,87,91,93,85,1.5,1.3,0
1997-08-27,98,75,81,87,91,93,87,3.3,2.4,0
1997-08-28,97,76,80,86,90,93,87,1.7,1,0
1997-08-29,111,81,80,86,90,92,90,2.1,1.5,0
1997-08-30,103,83,80,86,90,92,89,3.1,2.1,0
1997-08-31,97,83,80,85,89,92,88,3.1,2.2,0
1997-09-01,91,82,80,85,89,92,86,4.2,3,0
1997-09-02,86,81,80,84,89,91,85,1.5,0.8,0
1997-09-03,85,81,80,84,88,91,85,1.4,0.8,0
1997-09-04,82,80,80,84,88,91,84,2.2,1.6,0
1997-09-05,79,79,79,83,88,91,83,2.4,1.8,0
1997-09-06,90,78,79,83,87,91,85,2.5,1.9,0
1997-09-07,87,78,79,83,87,90,84,1.7,0.9,0
1997-09-08,84,78,79,83,87,90,83,2.7,1.4,0
1997-09-09,81,77,78,82,87,90,82,2.7,1.4,0
1997-09-10,79,76,78,82,86,90,82,2,1.3,0
1997-09-11,76,76,78,82,86,89,81,2.6,1.8,0
1997-09-12,78,74,77,81,86,89,81,2.8,1.9,0
1997-09-13,94,74,77,81,86,89,83,2.2,1.6,0
1997-09-14,90,75,76,81,85,89,83,2.4,1.4,0
1997-09-15,86,75,76,81,85,89,82,2.3,1.8,0
1997-09-16,81,74,76,80,85,88,81,2.9,2.2,0
1997-09-17,77,73,75,80,84,88,79,2.5,1.9,0
1997-09-18,73,72,74,79,84,88,78,2.1,1.7,0
1997-09-19,70,71,74,79,84,88,77,1.6,1,0
1997-09-20,68,70,74,79,83,87,77,1.7,1.3,0
1997-09-21,66,69,73,78,83,87,76,1.7,1.3,0
1997-09-22,63,68,73,78,83,87,75,1.8,1.5,0
1997-09-23,61,66,72,78,83,87,74,1.8,1.4,0
1997-09-24,59,65,71,77,82,86,74,1.6,1.2,0
1997-09-25,56,64,71,77,82,86,73,1.9,1.6,0
1997-09-26,54,63,70,76,82,86,72,1.8,1.5,0
1997-09-27,52,62,70,76,81,86,71,1.3,0.8,0
1997-09-28,51,61,69,76,81,85,70,1.6,1.2,0
1997-09-29,49,60,68,75,81,85,70,1.6,1.5,0
1997-09-30,49,59,68,75,81,85,69,0.8,0.6,0
1997-10-01,51,59,68,75,80,85,70,0.8,0.8,0
1997-10-02,53,59,68,75,80,85,70,2,1.5,0
1997-10-03,52,58,67,74,80,85,70,1.4,0.7,0
1997-10-04,51,58,67,74,80,84,69,1.6,0.6,0
1997-10-05,51,58,67,74,80,84,69,1.1,0.4,0
1997-10-06,50,57,66,74,80,84,68,1.5,1.2,0
1997-10-07,50,56,66,73,79,84,68,2,1.3,0
1997-10-08,58,56,65,73,79,84,69,1.5,1,0
1997-10-09,61,57,65,73,79,84,70,1.8,2.1,0
1997-10-10,91,58,65,73,79,84,75,1.6,1.9,0
1997-10-11,102,62,65,73,79,83,77,1,1.1,0
1997-10-12,111,68,66,73,79,83,80,0.9,0.8,0
1997-10-13,105,73,66,73,79,83,80,0.9,0.6,0
1997-10-14,107,77,67,73,78,83,81,0.8,0.5,0
1997-10-15,109,81,68,73,78,83,82,0.5,0.3,0
1997-10-16,108,85,69,73,78,83,83,0.7,0.6,0
1997-10-17,104,87,70,73,78,83,82,0.8,0.4,0
1997-10-18,101,87,71,73,78,83,82,1.1,0.8,0
1997-10-19,98,87,72,73,78,83,82,0.9,0.8,0
1997-10-20,96,87,72,73,78,83,81,0.5,0.1,0
1997-10-21,95,86,73,73,78,83,81,0.6,0.4,0
1997-10-22,93,86,74,73,78,82,81,0.5,0.3,0
1997-10-23,92,86,75,74,78,82,81,0.6,0.1,0
1997-10-24,91,86,75,74,78,82,81,0.7,0.4,0
1997-10-25,91,85,76,74,78,82,81,0.7,0.3,0
1997-10-26,94,85,76,75,78,82,82,0.5,0.3,0
1997-10-27,97,86,77,75,78,82,82,0.4,0.5,0
1997-10-28,95,86,77,75,78,82,82,0.3,0.1,0
1997-10-29,94,86,78,75,78,82,82,0.4,0.2,0
1997-10-30,93,86,78,76,78,82,82,0.5,0.3,0
1997-10-31,91,86,78,76,78,82,82,0.6,0.4,0
1997-11-01,90,86,79,76,78,82,82,0.4,0,0
1997-11-02,90,86,79,76,78,82,82,0.3,0,0
1997-11-03,89,86,79,77,78,82,82,0.6,0.2,0
1997-11-04,89,85,79,77,78,82,82,1.1,0.1,0
1997-11-05,91,85,80,77,79,82,82,0.7,0.5,0
1997-11-06,96,86,80,77,79,82,83,0.6,0.3,0
1997-11-07,106,87,80,78,79,82,85,1.1,1,0
1997-11-08,103,89,80,78,79,82,85,0.9,0.4,0
1997-11-09,102,89,81,78,79,82,85,0.9,0.6,0
1997-11-10,103,90,81,78,79,82,86,1.1,0.8,0
1997-11-11,101,91,82,78,79,82,85,0.8,0.4,0
1997-11-12,103,91,82,79,79,82,86,0.4,0,0
1997-11-13,124,122,88,79,79,82,96,0.3,0.2,0
1997-11-14,118,119,99,80,79,82,96,0.3,0,0
1997-11-15,115,116,103,82,80,82,96,0.4,0.2,0
1997-11-16,117,115,105,85,80,82,97,0.5,0.3,0
1997-11-17,114,114,106,87,81,82,97,0.6,0.3,0
1997-11-18,112,113,106,89,81,82,97,0.9,0.1,0
1997-11-19,110,111,107,91,82,82,97,0.8,0,0
1997-11-20,109,110,106,93,83,82,97,0.6,0,6
1997-11-21,108,109,106,94,83,83,97,0.3,0,0
1997-11-22,107,108,106,95,84,83,97,0.2,0,0
1997-11-23,106,108,106,95,85,83,97,0.3,0,0
1997-11-24,106,107,105,96,86,83,97,0.5,0.1,0
1997-11-25,105,106,105,96,86,84,97,0.5,0,0
1997-11-26,104,106,105,97,87,84,97,0.6,0,0
1997-11-27,104,105,104,97,88,84,97,0.5,0,0
1997-11-28,104,105,104,97,88,85,97,0.4,0,0
1997-11-29,109,105,104,98,89,85,98,0.4,0.2,0
1997-11-30,108,106,103,98,89,85,98,0.3,0.3,0
1997-12-01,112,107,104,98,90,86,99,0.2,0.2,0
1997-12-02,111,108,104,98,90,86,99,0.3,0.2,0
1997-12-03,113,108,104,98,91,86,100,0.3,0.3,0
1997-12-04,117,111,105,99,91,87,102,0.2,0.1,0
1997-12-05,114,112,106,99,92,87,102,0.3,0,1
1997-12-06,113,112,107,100,92,87,102,0.5,0.3,0
1997-12-07,115,112,108,100,93,88,103,0.3,0,0
1997-12-08,113,112,109,101,93,88,103,0.5,0.3,0
1997-12-09,111,112,109,102,94,88,103,0.4,0.2,0
1997-12-10,117,113,110,103,94,89,104,0.8,0.7,0
1997-12-11,121,119,112,104,95,89,107,0.7,0.4,0
1997-12-12,123,121,116,106,96,89,108,0.4,0.2,0
1997-12-13,124,124,120,110,97,90,111,0.5,0.3,0
1997-12-14,124,124,123,116,100,91,113,0.3,0.3,0
1997-12-15,120,122,123,120,106,92,114,0.5,0.4,0
1997-12-16,117,119,120,120,111,94,114,0.5,0.2,9
1997-12-17,115,117,119,119,114,98,114,0.5,0,19
1997-12-18,113,116,117,118,114,102,113,0.6,0.2,23
1997-12-19,112,115,116,117,115,104,113,0.2,0.2,21
1997-12-20,112,114,115,116,114,106,113,0.2,0,20
1997-12-21,123,120,116,115,114,108,116,0.2,0,19
1997-12-22,119,121,119,117,114,109,116,0.2,0,18
1997-12-23,116,118,119,118,116,110,116,0.2,0,16
1997-12-24,115,117,118,118,116,111,116,0.4,0.2,15
1997-12-25,119,118,117,117,116,112,117,1.1,0.7,0
1997-12-26,117,117,117,117,116,113,116,1.1,0.9,0
1997-12-27,119,118,117,117,116,114,117,0.5,0.2,0
1997-12-28,117,118,118,117,116,114,117,0.4,0.1,0
1997-12-29,117,117,118,117,117,115,117,0.4,0.3,0
1997-12-30,116,117,117,117,117,115,117,0.4,0.3,0
1997-12-31,114,116,117,117,117,115,116,0.5,0.4,0
1998-01-01,108,109,111,112,113,114,111,0.4,0.1,0
1998-01-02,114,110,111,112,113,114,112,1,1,0
1998-01-03,117,113,111,112,113,114,113,1.1,1.1,0
1998-01-04,120,120,114,112,113,113,115,1.2,0.7,0
1998-01-05,116,118,116,114,113,113,115,1.3,0.3,0
1998-01-06,122,122,118,115,114,113,117,0.8,0.8,0
1998-01-07,121,121,121,118,115,114,118,0.8,0.7,0
1998-01-08,124,126,126,125,122,117,123,1,1,0
1998-01-09,119,122,123,124,125,124,123,0.8,0.2,0
1998-01-10,116,119,121,122,123,123,120,0.1,0.1,0
1998-01-11,114,117,119,120,121,122,119,0.1,0.1,0
1998-01-12,113,116,118,119,120,121,118,0.1,0.2,0
1998-01-13,111,114,116,118,119,120,116,0.3,0.3,0
1998-01-14,110,113,115,117,118,119,115,0.7,0.3,0
1998-01-15,109,112,115,116,117,118,115,0.8,0.2,0
1998-01-16,109,112,114,115,117,118,114,0.5,0.2,0
1998-01-17,116,113,113,115,116,117,115,0.7,0.7,0
1998-01-18,113,114,114,115,116,117,115,1,0.2,0
1998-01-19,115,114,114,114,115,116,115,0.8,0.7,0
1998-01-20,117,115,114,114,115,116,115,0.4,0.3,0
1998-01-21,117,116,115,115,115,116,116,0.5,0.4,0
1998-01-22,114,116,115,115,115,115,115,0.4,0.2,2
1998-01-23,113,115,115,115,115,115,115,0.5,0.1,0
1998-01-24,116,114,115,115,115,115,115,0.4,0.2,2
1998-01-25,116,116,115,115,115,115,115,0.3,0.3,0
1998-01-26,114,115,115,115,115,115,115,0.1,0,6
1998-01-27,112,114,115,115,115,115,115,0.1,0,9
1998-01-28,111,113,115,115,115,115,114,0.3,0.1,12
1998-01-29,110,113,114,115,115,115,114,0.1,0.3,11
1998-01-30,110,112,113,114,115,115,113,0.4,0.1,11
1998-01-31,110,112,113,114,115,115,113,0.5,0.5,10
1998-02-01,109,111,113,114,114,115,113,0.4,0.1,17
1998-02-02,108,111,112,113,114,115,112,0.4,0,24
1998-02-03,108,110,112,113,114,114,112,0.5,0.6,25
1998-02-04,108,110,111,113,113,114,112,0.3,0.1,25
1998-02-05,107,109,111,112,113,114,111,0.3,0.1,25
1998-02-06,106,109,111,112,113,114,111,0.5,0,23
1998-02-07,106,109,110,112,113,113,110,0.7,0.1,23
1998-02-08,105,108,110,111,112,113,110,0.6,0.3,22
1998-02-09,105,108,110,111,112,113,110,0.9,0.2,21
1998-02-10,104,107,109,111,112,113,109,0.6,0.5,21
1998-02-11,103,106,108,110,111,112,108,0.8,0.6,17
1998-02-12,101,105,108,110,111,112,108,1.4,0.5,0
1998-02-13,101,105,107,109,111,112,107,0.9,0.3,0
1998-02-14,100,104,107,109,110,111,107,1.1,0.6,0
1998-02-15,98,103,106,108,110,111,106,1.2,0.6,0
1998-02-16,98,102,106,108,110,111,106,1.6,0.6,0
1998-02-17,100,102,105,108,109,110,106,0.9,0.8,0
1998-02-18,99,102,105,107,109,110,105,0.8,0.5,0
1998-02-19,98,101,104,107,109,110,105,0.8,0.2,0
1998-02-20,98,101,104,106,108,110,104,0.9,0.6,0
1998-02-21,96,100,104,106,108,109,104,1.7,1,0
1998-02-22,100,100,103,106,108,109,104,0.6,0.2,0
1998-02-23,106,101,103,105,107,109,105,0.9,0.8,0
1998-02-24,105,101,103,105,107,108,105,0.6,0.3,0
1998-02-25,107,102,103,105,107,108,105,0.5,0.3,0
1998-02-26,106,103,103,105,107,108,105,0.6,0.3,0
1998-02-27,104,103,103,105,106,108,105,1.1,0.3,0
1998-02-28,109,104,103,105,106,108,106,1.2,0.8,0
1998-03-01,113,106,104,105,106,107,107,0.8,0.6,0
1998-03-02,113,107,104,105,106,107,107,0.8,0.9,0
1998-03-03,115,109,105,105,106,107,108,1.3,1.5,0
1998-03-04,117,112,106,105,106,107,109,2.5,1.7,0
1998-03-05,125,123,112,106,106,107,113,0.9,1.3,0
1998-03-06,126,126,124,113,107,107,117,0.6,0.5,0
1998-03-07,125,126,127,126,118,109,122,1.1,1.4,0
1998-03-08,124,125,125,125,125,119,124,0.8,0.8,0
1998-03-09,120,123,124,125,125,124,123,1,0.5,0
1998-03-10,117,120,121,122,123,123,121,0.7,0,0
1998-03-11,115,118,120,121,122,122,119,1.4,0.4,0
1998-03-12,113,116,118,119,120,121,118,0.9,0.4,0
1998-03-13,112,115,117,118,119,120,117,0.9,0.2,0
1998-03-14,114,114,116,117,119,119,117,0.9,0.7,0
1998-03-15,112,114,116,117,118,119,116,0.8,0.3,0
1998-03-16,116,115,115,116,117,118,116,0.7,0.4,0
1998-03-17,115,115,115,116,117,117,116,0.9,0.4,0
1998-03-18,112,114,115,116,116,117,115,1.1,0.3,0
1998-03-19,110,113,114,115,116,117,114,1.3,0.2,0
1998-03-20,110,112,114,115,116,116,114,1.5,1.1,0
1998-03-21,109,111,113,114,115,116,113,1.6,0.4,0
1998-03-22,108,111,113,114,115,116,112,0.9,0.2,0
1998-03-23,109,110,112,113,114,115,112,1.4,0.8,0
1998-03-24,108,110,112,113,114,115,112,1.8,0.5,0
1998-03-25,106,109,111,112,114,115,111,1.6,0.8,0
1998-03-26,104,108,110,112,113,114,110,2,1,0
1998-03-27,103,107,109,111,113,114,109,1,0.2,0
1998-03-28,102,106,109,111,112,113,109,1.3,0.7,0
1998-03-29,100,105,108,110,112,113,108,2.4,1.6,0
1998-03-30,96,103,107,109,111,112,106,2.7,1.9,0
1998-03-31,94,101,106,109,110,112,105,1.6,1.1,0
1998-04-01,92,100,105,108,110,111,104,1.2,0.7,0
1998-04-02,102,100,104,107,109,111,106,1.1,0.9,0
1998-04-03,105,101,104,107,109,111,106,0.9,0.8,0
1998-04-04,109,102,104,107,109,110,107,1.6,1,0
1998-04-05,106,102,104,106,108,110,106,2,1,0
1998-04-06,103,102,103,106,108,110,105,2,1.4,0
1998-04-07,119,106,103,105,107,109,108,0.9,0.7,0
1998-04-08,124,118,107,105,107,109,112,1.1,1.1,0
1998-04-09,122,122,114,107,107,109,114,1.3,1.1,0
1998-04-10,118,120,119,111,108,109,114,1.9,1.1,0
1998-04-11,115,117,118,114,109,109,113,1.7,1.2,0
1998-04-12,113,115,116,115,111,109,113,1,0.2,0
1998-04-13,111,114,115,114,112,110,113,2.3,0.9,0
1998-04-14,109,112,114,114,112,111,112,1.9,0.6,0
1998-04-15,107,111,113,113,113,111,111,1.7,0.5,0
1998-04-16,106,109,112,113,112,111,111,2.2,0.8,0
1998-04-17,103,108,111,112,112,112,110,2.4,1.4,0
1998-04-18,103,107,110,111,112,111,109,1.2,0.4,0
1998-04-19,122,115,110,111,111,111,113,1.7,1.2,0
1998-04-20,115,116,112,111,111,111,113,2.2,1.3,0
1998-04-21,121,118,114,111,111,111,114,2.1,1.7,0
1998-04-22,115,117,116,113,111,111,114,2.8,2,0
1998-04-23,110,114,114,113,112,111,112,3.3,2.3,0
1998-04-24,107,111,113,113,112,111,111,1.8,1.2,0
1998-04-25,105,109,112,112,112,111,110,1.6,1,0
1998-04-26,104,108,111,112,112,111,110,1.6,1.1,0
1998-04-27,123,122,115,112,112,111,116,2,1.5,0
1998-04-28,125,125,125,120,113,112,120,1,0.8,0
1998-04-29,124,126,126,127,126,120,125,1,0.6,0
1998-04-30,118,121,122,124,124,125,122,2.7,1.8,0
1998-05-01,113,117,119,121,122,123,119,3,2.1,0
1998-05-02,111,114,117,119,120,121,117,2.1,1.5,0
1998-05-03,110,113,116,118,119,120,116,1.2,0.5,0
1998-05-04,108,112,115,117,118,119,115,1.7,0.7,0
1998-05-05,107,111,114,116,117,118,114,1.6,1,0
1998-05-06,109,110,113,115,116,117,113,1.7,1.2,0
1998-05-07,107,110,112,114,115,117,112,1.8,1.1,0
1998-05-08,104,108,111,113,115,116,111,3.7,2.6,0
1998-05-09,99,105,109,112,114,115,109,3.8,3,0
1998-05-10,93,102,107,111,113,114,107,4.3,3.2,0
1998-05-11,88,99,106,109,112,113,104,4.3,3.1,0
1998-05-12,83,96,104,108,111,113,102,4.6,3.3,0
1998-05-13,79,93,102,107,110,112,100,4.1,2.5,0
1998-05-14,75,91,100,106,109,111,98,4.4,2.9,0
1998-05-15,71,88,99,104,108,110,97,3.9,2.6,0
1998-05-16,68,86,97,103,107,110,95,3.5,2.2,0
1998-05-17,65,83,96,102,106,109,94,3.1,2,0
1998-05-18,62,81,94,101,105,108,92,3.6,2.5,0
1998-05-19,59,79,93,100,105,108,90,3.9,2.8,0
1998-05-20,56,77,91,99,104,107,89,2.8,1.8,0
1998-05-21,55,75,90,98,103,106,88,2.1,1.1,0
1998-05-22,54,74,89,98,103,106,87,2.1,0.9,0
1998-05-23,53,73,88,97,102,105,87,2.4,1.5,0
1998-05-24,52,72,88,97,102,105,86,1.4,0.7,0
1998-05-25,56,72,87,96,101,105,86,2.1,1.6,0
1998-05-26,60,71,86,95,101,104,86,2.5,2,0
1998-05-27,78,71,86,95,100,104,89,2.7,2.2,0
1998-05-28,84,72,85,94,100,103,90,3.3,2.6,0
1998-05-29,81,72,84,94,99,103,89,2.9,1.8,0
1998-05-30,90,73,84,93,99,103,90,1.5,1.2,0
1998-05-31,105,83,83,93,99,102,94,3.4,2.5,0
1998-06-01,125,125,115,96,98,102,110,1.4,0.9,0
1998-06-02,119,121,122,110,99,102,112,1.7,1.1,0
1998-06-03,115,118,119,114,102,102,112,2.5,1.4,0
1998-06-04,110,114,116,114,105,102,110,4.1,2.9,0
1998-06-05,105,111,113,113,107,103,109,4,2.6,0
1998-06-06,100,107,111,112,108,104,107,4,2.8,0
1998-06-07,100,105,109,110,108,105,106,2.4,2.1,0
1998-06-08,109,105,108,109,108,105,107,3.5,2.3,0
1998-06-09,104,104,107,108,108,106,106,2.6,1.6,0
1998-06-10,116,115,109,108,108,106,110,2.2,1.9,0
1998-06-11,120,121,117,110,108,106,114,2.7,2.2,0
1998-06-12,119,120,118,113,108,106,114,1.3,0.9,0
1998-06-13,116,118,118,115,110,107,114,3.1,2.2,0
1998-06-14,111,115,116,115,111,108,113,3.2,1.8,0
1998-06-15,109,112,114,114,112,108,112,3,2,0
1998-06-16,121,115,113,113,112,109,114,2.4,1.9,0
1998-06-17,120,120,116,114,112,110,115,2.6,1.9,0
1998-06-18,121,119,118,115,113,110,116,1.3,1,0
1998-06-19,119,120,119,117,114,111,117,1.7,1.1,0
1998-06-20,113,117,118,117,115,112,115,4,2.8,0
1998-06-21,106,112,115,116,115,113,113,5.2,3.8,0
1998-06-22,106,109,113,114,114,113,111,3.7,2.5,0
1998-06-23,102,107,111,113,114,113,110,2.7,1.8,0
1998-06-24,102,106,110,112,113,113,109,1.9,1.2,0
1998-06-25,99,104,108,111,112,112,108,4.4,3,0
1998-06-26,94,102,107,110,111,112,106,4.3,3.4,0
1998-06-27,89,99,105,108,110,111,104,3.5,2.4,0
1998-06-28,98,97,104,107,109,110,104,3.5,2.4,0
1998-06-29,96,97,103,106,109,110,103,2.8,1.8,0
1998-06-30,95,96,102,106,108,109,103,1.7,1.2,0
1998-07-01,120,102,102,105,108,109,107,2.6,1.7,0
1998-07-02,111,105,102,105,107,109,106,3,2,0
1998-07-03,106,104,102,104,106,108,105,2.3,1.3,0
1998-07-04,104,103,102,104,106,108,104,2.1,1.5,0
1998-07-05,111,104,102,104,106,107,106,1.7,1.5,0
1998-07-06,111,105,103,104,105,107,106,2,1.7,0
1998-07-07,108,105,103,103,105,107,105,2.5,1.4,0
1998-07-08,111,105,103,103,105,106,106,1.8,1.5,0
1998-07-09,116,108,104,103,105,106,107,1.2,1,0
1998-07-10,114,110,105,104,105,106,107,2.8,1.8,0
1998-07-11,114,110,105,104,105,106,107,2.5,2.3,0
1998-07-12,117,111,106,104,104,106,108,1.4,1.3,0
1998-07-13,122,117,109,105,105,106,110,1.4,1.3,0
1998-07-14,120,121,115,107,105,105,112,2.8,2,0
1998-07-15,115,117,116,109,105,105,111,2.7,2,0
1998-07-16,113,115,115,111,107,106,111,1.9,1.4,0
1998-07-17,110,113,114,112,108,106,110,2.6,1.6,0
1998-07-18,106,110,112,111,108,106,109,3.3,2,0
1998-07-19,101,107,110,110,109,107,107,4,2.8,0
1998-07-20,95,104,108,109,108,107,105,5,3.7,0
1998-07-21,90,100,106,108,108,107,103,4.2,2.7,0
1998-07-22,85,97,104,107,107,107,101,4.3,3.1,0
1998-07-23,82,95,102,105,107,106,99,3.4,2.6,0
1998-07-24,80,93,101,105,106,106,98,3.1,2,0
1998-07-25,77,91,99,104,105,106,97,3.4,2.2,0
1998-07-26,74,89,98,103,105,105,96,3.1,2.3,0
1998-07-27,70,86,96,101,104,105,94,3.6,2.7,0
1998-07-28,74,85,95,101,103,105,94,2.1,1.6,0
1998-07-29,85,85,95,100,103,104,95,1.6,1.3,0
1998-07-30,95,85,94,100,103,104,97,3.5,2.8,0
1998-07-31,92,85,93,99,102,104,96,3.5,2,0
1998-08-01,87,84,92,98,102,103,94,3.2,2.5,0
1998-08-02,108,86,92,98,101,103,98,1.3,1,0
1998-08-03,105,89,91,97,101,103,98,3.1,2.2,0
1998-08-04,100,89,91,97,100,102,97,2.3,1.5,0
1998-08-05,97,89,91,96,100,102,96,2.3,1.3,0
1998-08-06,92,88,91,96,99,102,95,4,2.8,0
1998-08-07,85,86,90,95,99,101,93,4.4,3.3,0
1998-08-08,79,83,88,94,98,101,90,4.8,3.5,0
1998-08-09,73,81,87,93,97,100,89,3.9,2.8,0
1998-08-10,68,78,86,92,97,100,87,5.3,3.6,0
1998-08-11,62,75,84,91,96,99,84,5.3,4.2,0
1998-08-12,56,71,82,90,95,99,82,5.4,2.8,0
1998-08-13,53,69,81,89,94,98,81,4,2.4,0
1998-08-14,50,67,80,88,94,98,79,2.6,1.6,0
1998-08-15,47,65,78,87,93,97,78,3.9,3,0
1998-08-16,44,63,77,86,92,97,77,3,2.1,0
1998-08-17,41,61,76,85,92,96,75,3.8,3,0
1998-08-18,38,58,74,84,91,96,73,3.2,2.2,0
1998-08-19,35,56,73,83,90,95,72,3.4,2.5,0
1998-08-20,33,54,71,82,90,94,71,4.1,3.1,0
1998-08-21,32,52,70,81,89,94,70,1.8,1.4,0
1998-08-22,44,52,69,81,89,94,71,1.6,1.3,0
1998-08-23,50,52,69,81,88,93,72,2.5,1.7,0
1998-08-24,72,53,69,80,88,93,76,1.7,1.8,0
1998-08-25,73,54,68,80,88,93,76,2.1,1.2,0
1998-08-26,90,59,68,80,87,93,79,1,0.7,0
1998-08-27,120,81,69,79,87,93,88,1.9,1.6,0
1998-08-28,112,87,70,79,87,92,88,1.4,1,0
1998-08-29,107,90,72,79,87,92,88,1.7,1.1,0
1998-08-30,103,90,73,79,87,92,87,1.4,0.8,0
1998-08-31,99,89,74,79,86,92,86,2.7,1.8,0
1998-09-01,95,88,75,79,86,91,86,2.2,1.5,0
1998-09-02,91,87,75,79,86,91,85,1.9,0.8,0
1998-09-03,101,87,76,79,85,91,86,1.4,1,0
1998-09-04,117,93,77,79,85,91,90,1.2,0.8,0
1998-09-05,120,102,78,79,85,91,93,1,0.9,0
1998-09-06,120,114,84,80,85,90,96,1.2,0.9,0
1998-09-07,116,113,90,81,85,90,96,1.8,1.3,0
1998-09-08,114,111,94,81,85,90,96,1.7,1.2,0
1998-09-09,110,109,96,83,85,90,95,2.5,1.3,0
1998-09-10,106,107,96,84,85,90,95,2.6,1.4,0
1998-09-11,104,105,97,84,85,90,94,1.7,1,0
1998-09-12,114,106,97,85,86,90,96,1,0.8,0
1998-09-13,116,111,98,86,86,89,98,2,1.4,0
1998-09-14,117,113,100,87,86,89,99,1,0.8,0
1998-09-15,126,127,123,108,88,89,110,1,1.1,0
1998-09-16,123,125,126,126,102,90,115,1.8,1.9,0
1998-09-17,124,125,126,126,122,97,120,1.5,1.8,0
1998-09-18,122,124,125,126,126,114,123,1.1,0.7,0
1998-09-19,118,120,122,123,123,121,121,0.8,0.3,0
1998-09-20,114,118,120,121,121,121,119,1.7,1.3,0
1998-09-21,111,115,118,119,120,120,117,1.5,1.1,0
1998-09-22,109,113,116,118,119,119,115,1.7,1.1,0
1998-09-23,106,111,114,116,117,118,114,1.7,1.2,0
1998-09-24,104,109,113,115,116,117,112,1.7,0.9,0
1998-09-25,102,108,112,114,115,116,111,1.4,1.2,0
1998-09-26,101,107,110,113,115,115,110,1.2,0.9,0
1998-09-27,103,106,110,112,114,115,110,1.3,1,0
1998-09-28,105,106,109,111,113,114,110,0.9,0.6,0
1998-09-29,106,106,109,111,113,114,110,0.8,0.5,0
1998-09-30,105,106,108,110,112,113,109,1,0.8,0
1998-10-01,121,116,110,110,112,113,113,0.8,0.9,0
1998-10-02,125,126,122,114,112,112,118,0.7,0.6,0
1998-10-03,120,122,123,122,116,113,119,0.6,0.3,0
1998-10-04,119,120,121,121,120,116,120,0.6,0.4,0
1998-10-05,124,126,125,124,122,119,123,0.8,0.6,0
1998-10-06,119,121,123,124,124,123,122,0.9,0.3,0
1998-10-07,123,123,123,123,124,123,123,0.5,0.3,0
1998-10-08,123,125,126,127,127,127,126,0.8,0.7,0
1998-10-09,118,121,122,123,124,125,122,0.8,0.3,0
1998-10-10,117,119,120,121,122,123,120,1,0.8,0
1998-10-11,116,118,119,120,121,122,119,0.9,0.7,0
1998-10-12,121,122,121,120,120,121,121,0.9,0.9,0
1998-10-13,121,123,123,123,122,121,122,1.2,0.9,0
1998-10-14,121,121,122,122,122,122,122,0.8,0.7,0
1998-10-15,120,121,121,121,122,122,121,1.1,0.9,0
1998-10-16,115,118,120,121,121,121,119,1,0.8,0
1998-10-17,113,116,118,119,120,121,118,1.7,0.9,0
1998-10-18,114,115,117,118,119,120,117,1,1.1,0
1998-10-19,112,114,116,117,118,119,116,0.7,0.8,0
1998-10-20,113,114,115,116,118,118,116,0.7,0.5,0
1998-10-21,112,113,115,116,117,118,115,1.4,0.8,0
1998-10-22,110,112,114,115,116,117,114,1.2,0.3,0
1998-10-23,109,111,113,115,116,117,113,1.3,0.6,0
1998-10-24,123,121,116,115,115,116,118,1.2,1.1,0
1998-10-25,125,126,126,125,122,118,123,1.4,1.8,0
1998-10-26,121,122,123,124,125,124,123,0.9,0.8,0
1998-10-27,124,123,123,123,123,123,123,0.9,1,0
1998-10-28,126,127,127,126,126,125,126,1.3,1.8,0
1998-10-29,125,126,126,126,126,126,126,1.3,1.9,0
1998-10-30,125,126,127,127,127,127,127,0.8,0.8,0
1998-10-31,120,122,123,124,125,125,123,0.8,0.4,0
1998-11-01,127,127,127,127,127,127,127,0.6,0.6,0
1998-11-02,123,124,125,126,126,126,125,0.6,0.6,0
1998-11-03,122,123,123,124,124,125,123,1.1,0.8,0
1998-11-04,119,121,122,123,123,124,122,0.9,0.3,0
1998-11-05,123,123,122,122,122,123,122,1,0.6,0
1998-11-06,122,122,122,122,122,122,122,0.7,0.9,0
1998-11-07,120,122,122,122,122,122,122,0.3,0.3,0
1998-11-08,119,120,121,121,122,122,121,0.4,0.2,0
1998-11-09,126,127,126,125,125,124,125,0.4,0.2,0
1998-11-10,122,123,124,125,126,126,124,0.5,0.2,0
1998-11-11,119,121,122,123,124,124,122,0.4,0.3,0
1998-11-12,116,119,120,122,122,123,120,0.4,0,0
1998-11-13,114,117,119,120,121,122,119,0.4,0.2,0
1998-11-14,119,118,118,119,120,121,119,0.4,0.2,0
1998-11-15,122,122,120,119,120,120,120,0.3,0.1,0
1998-11-16,121,121,121,120,120,120,120,0.4,0.2,0
1998-11-17,120,121,121,121,120,120,120,0.5,0.4,0
1998-11-18,119,120,120,120,120,120,120,0.2,0.1,0
1998-11-19,123,124,123,122,121,121,122,0.2,0.3,0
1998-11-20,118,121,122,123,122,122,121,0.1,0.1,0
1998-11-21,116,119,120,121,122,122,120,0.1,0,2
1998-11-22,114,117,119,120,121,121,119,0.3,0.1,10
1998-11-23,113,116,118,119,120,120,118,0.3,0,17
1998-11-24,113,115,117,118,119,120,117,0.3,0.2,17
1998-11-25,111,114,116,117,118,119,116,0.4,0.1,16
1998-11-26,111,113,115,116,118,118,115,0.2,0.2,15
1998-11-27,116,114,115,116,117,118,116,0.2,0.1,13
1998-11-28,118,116,115,116,116,117,116,0.2,0,12
1998-11-29,115,116,116,116,116,117,116,0.4,0.2,10
1998-11-30,113,115,115,116,116,117,115,0.4,0.2,9
1998-12-01,111,114,115,116,116,116,115,0.6,0.2,10
1998-12-02,110,113,114,115,116,116,114,0.5,0,17
1998-12-03,110,112,114,115,115,116,114,0.3,0,21
1998-12-04,109,112,113,114,115,116,113,0.4,0,22
1998-12-05,109,111,113,114,115,115,113,0.6,0.6,22
1998-12-06,111,111,112,114,114,115,113,0.6,0.6,22
1998-12-07,110,111,112,113,114,115,112,0.1,0.1,22
1998-12-08,109,111,112,113,114,115,112,0,0.1,23
1998-12-09,108,110,112,113,114,114,112,0.4,0.1,25
1998-12-10,118,113,112,112,113,114,114,0.3,0.2,25
1998-12-11,116,116,113,113,113,114,114,0.5,0.3,24
1998-12-12,114,115,114,113,113,114,114,0.4,0.1,23
1998-12-13,122,120,116,114,113,114,116,1.1,0.9,22
1998-12-14,118,120,118,115,114,114,116,0.3,0.1,20
1998-12-15,116,118,118,117,115,114,116,0.4,0.2,0
1998-12-16,121,120,118,117,116,115,118,0.5,0.2,0
1998-12-17,117,119,119,118,117,115,118,0.2,0.4,0
1998-12-18,115,117,118,118,117,116,117,0.2,0.1,0
1998-12-19,116,116,117,118,118,117,117,0.7,0.8,0
1998-12-20,117,117,117,117,117,117,117,0.3,0,0
1998-12-21,114,116,117,117,117,117,116,0.3,0.2,0
1998-12-22,114,115,116,117,117,117,116,0.3,0,0
1998-12-23,114,115,116,116,117,117,116,0.4,0,0
1998-12-24,112,114,115,116,116,117,115,0.5,0.2,2
1998-12-25,111,113,115,116,116,116,115,0.6,0.2,0
1998-12-26,110,113,114,115,116,116,114,0.8,0.5,0
1998-12-27,109,112,114,115,115,116,113,1.3,0.3,0
1998-12-28,108,111,113,114,115,116,113,0.9,0.4,0
1998-12-29,108,110,112,114,115,115,112,0.1,0.2,0
1998-12-30,108,110,112,113,114,115,112,0.1,0,0
1998-12-31,107,110,111,113,114,115,111,0.1,0,0
1999-01-01,113,116,118,119,120,120,117,0.1,0.1,2
1999-01-02,112,115,117,118,119,119,116,0.5,0.3,0
1999-01-03,114,114,116,117,118,119,116,0.5,0.1,0
1999-01-04,125,121,117,117,117,118,119,0.7,0.7,0
1999-01-05,123,124,123,120,118,118,121,0.5,0.6,0
1999-01-06,118,120,122,122,121,119,120,0.7,0.4,0
1999-01-07,119,119,120,121,121,120,120,0.9,0.4,0
1999-01-08,123,122,121,120,120,120,121,0.5,0.5,0
1999-01-09,119,121,122,121,121,121,121,0.4,0.3,0
1999-01-10,116,119,120,121,121,121,120,0.3,0.3,0
1999-01-11,114,117,119,120,120,121,118,0.4,0.1,2
1999-01-12,113,116,118,119,120,120,117,0.7,0.2,6
1999-01-13,113,115,117,118,119,119,117,0.4,0.3,8
1999-01-14,117,115,116,117,118,119,117,0.5,0.5,5
1999-01-15,118,118,117,117,118,118,118,0.8,0.7,0
1999-01-16,115,117,117,117,117,118,117,1.7,0.3,0
1999-01-17,113,115,116,117,117,118,116,1,0.3,0
1999-01-18,112,114,116,116,117,117,115,0.2,0,0
1999-01-19,111,113,115,116,117,117,115,0.6,0.6,0
1999-01-20,109,112,114,115,116,117,114,0.6,0.2,0
1999-01-21,108,111,113,115,116,116,113,0.2,0.2,0
1999-01-22,110,111,113,114,115,116,113,0.3,0,0
1999-01-23,110,111,112,114,115,116,113,0.2,0.3,0
1999-01-24,109,111,112,113,114,115,112,0.4,0.1,0
1999-01-25,108,110,112,113,114,115,112,0.9,0.4,0
1999-01-26,117,112,112,113,114,115,114,0.8,0.7,0
1999-01-27,123,118,113,113,113,114,116,0.4,0.2,0
1999-01-28,123,123,119,114,114,114,118,0.4,0.3,0
1999-01-29,119,121,121,118,115,114,118,0.6,0.4,2
1999-01-30,116,119,120,119,117,115,118,0.4,0,8
1999-01-31,115,117,118,119,118,116,117,0.3,0.1,10
1999-02-01,119,118,118,118,118,117,118,0.2,0.1,10
1999-02-02,118,119,118,118,118,117,118,0.3,0.1,9
1999-02-03,115,117,118,118,118,117,117,0.4,0.2,0
1999-02-04,115,116,117,118,118,118,117,0.6,0.6,0
1999-02-05,120,118,117,117,118,118,118,1.3,1.6,0
1999-02-06,122,120,118,118,117,117,119,0.6,0.9,0
1999-02-07,124,125,123,120,118,118,121,0.5,0.4,0
1999-02-08,120,122,123,123,121,119,121,0.5,0.6,0
1999-02-09,119,120,121,122,122,121,121,0.3,0.1,0
1999-02-10,119,120,120,121,121,121,120,0.3,0.4,0
1999-02-11,116,118,120,120,121,121,119,0.3,0.3,0
1999-02-12,114,117,118,119,120,120,118,0.2,0.1,0
1999-02-13,113,116,117,118,119,120,117,0.3,0.1,1
1999-02-14,112,114,116,118,119,119,116,0.3,0,0
1999-02-15,111,114,115,117,118,119,115,0.5,0.1,1
1999-02-16,116,114,115,116,117,118,116,0.5,0.7,0
1999-02-17,124,126,124,121,118,118,122,0.7,0.9,0
1999-02-18,119,121,123,123,123,121,122,0.7,0.5,0
1999-02-19,118,119,121,122,122,122,121,0.4,0.1,0
1999-02-20,119,120,120,121,121,121,120,0.6,0.6,0
1999-02-21,120,119,120,120,121,121,120,0.6,0.2,0
1999-02-22,124,124,123,121,121,121,122,0.6,0.8,0
1999-02-23,124,124,124,123,122,122,123,0.6,0.8,0
1999-02-24,120,122,123,123,123,123,122,0.7,0.6,0
1999-02-25,117,119,121,122,122,123,121,0.7,0.2,0
1999-02-26,114,117,119,120,121,122,119,1.2,0.5,0
1999-02-27,112,116,118,119,120,121,118,1.3,0.5,0
1999-02-28,111,114,116,118,119,120,116,1.5,0.5,0
1999-03-01,115,115,115,117,118,119,116,1,0.8,0
1999-03-02,125,125,121,118,118,118,121,0.6,0.4,0
1999-03-03,124,126,126,126,123,120,124,1.3,1.5,0
1999-03-04,120,122,124,124,125,124,123,1.1,0.3,0
1999-03-05,116,119,121,122,123,123,121,0.8,0.2,0
1999-03-06,114,117,119,121,121,122,119,1,0.1,0
1999-03-07,113,116,118,119,120,121,118,1.1,0.1,0
1999-03-08,112,115,117,118,119,120,117,1.2,0.2,0
1999-03-09,112,114,116,117,118,119,116,0.6,0.4,0
1999-03-10,112,114,115,117,118,119,116,0.9,0.6,0
1999-03-11,111,113,115,116,117,118,115,0.9,0.2,0
1999-03-12,109,112,114,115,116,117,114,1.6,0.6,0
1999-03-13,107,111,113,115,116,117,113,1.8,1,0
1999-03-14,106,110,112,114,115,116,112,0.7,0.1,0
1999-03-15,105,109,111,113,115,116,111,1.2,0.8,0
1999-03-16,104,108,111,113,114,115,111,0.8,0.1,0
1999-03-17,103,107,110,112,114,115,110,1.3,0.2,0
1999-03-18,102,106,109,111,113,114,109,1.4,0.9,0
1999-03-19,105,106,109,111,113,114,109,1.1,0.7,0
1999-03-20,106,106,108,110,112,113,109,0.9,0.2,0
1999-03-21,105,106,108,110,112,113,109,0.7,0.3,0
1999-03-22,107,106,108,110,111,113,109,0.9,0.6,0
1999-03-23,111,107,108,109,111,112,110,0.9,0.8,0
1999-03-24,113,109,108,109,111,112,110,0.9,0.6,0
1999-03-25,110,109,108,109,110,112,110,2.2,1.5,0
1999-03-26,106,108,108,109,110,111,109,1.7,1,0
1999-03-27,105,107,108,109,110,111,108,0.9,0.2,0
1999-03-28,121,122,121,121,119,114,120,0.7,0.4,0
1999-03-29,119,121,123,124,124,123,122,1.4,0.9,0
1999-03-30,115,118,120,121,122,123,120,1.8,1.2,0
1999-03-31,111,115,118,120,121,121,118,2,1.4,0
1999-04-01,108,113,116,118,119,120,116,2.4,1.6,0
1999-04-02,105,111,114,116,118,119,114,2.6,1.8,0
1999-04-03,102,108,112,115,117,118,112,2.3,1.8,0
1999-04-04,110,108,111,114,116,117,113,0.9,0.7,0
1999-04-05,115,111,111,113,115,116,113,1.9,1.3,0
1999-04-06,114,112,111,113,114,116,113,1.5,0.9,0
1999-04-07,120,118,113,113,114,115,115,1.1,0.9,0
1999-04-08,117,118,115,114,114,115,115,0.9,0.6,0
1999-04-09,113,115,116,114,114,114,114,2.3,1.4,0
1999-04-10,109,113,114,114,114,114,113,2.4,1.5,0
1999-04-11,107,111,113,114,114,114,112,2,1.2,0
1999-04-12,105,110,112,113,114,114,111,1.4,0.7,0
1999-04-13,105,109,111,113,114,114,111,1.6,1,0
1999-04-14,111,109,111,112,113,114,111,1.2,1.4,0
1999-04-15,123,121,114,112,113,114,116,1.1,0.7,0
1999-04-16,117,119,118,114,113,113,116,1.6,0.6,0
1999-04-17,114,117,117,116,114,114,115,1.5,1.2,0
1999-04-18,112,115,116,116,115,114,115,2.1,1.1,0
1999-04-19,110,113,115,115,115,114,114,1.8,0.8,0
1999-04-20,107,111,114,115,115,114,113,2.4,1.3,0
1999-04-21,110,110,113,114,114,114,113,1.7,1.2,0
1999-04-22,109,110,112,113,114,114,112,2.5,1.3,0
1999-04-23,106,109,111,112,113,114,111,2.9,1.8,0
1999-04-24,103,107,110,112,113,113,110,2.3,1.8,0
1999-04-25,101,106,109,111,112,113,108,2.5,1.6,0
1999-04-26,98,104,108,110,112,113,107,2.6,1.9,0
1999-04-27,98,103,107,109,111,112,107,1.8,1.3,0
1999-04-28,98,102,106,109,111,112,106,1.5,0.8,0
1999-04-29,96,101,105,108,110,111,105,2.7,1.7,0
1999-04-30,93,99,104,107,109,111,104,3.3,2.3,0
1999-05-01,89,97,103,106,109,110,102,3.4,2.4,0
1999-05-02,85,95,102,105,108,110,101,3.1,1.9,0
1999-05-03,82,93,100,105,107,109,99,3.4,2.3,0
1999-05-04,78,91,99,104,107,109,98,3.8,2,0
1999-05-05,75,89,98,103,106,108,96,5.1,2.3,0
1999-05-06,73,87,97,102,105,108,95,2.3,1,0
1999-05-07,73,86,96,101,105,107,95,2.5,1.6,0
1999-05-08,77,85,95,101,104,107,95,2.1,1.7,0
1999-05-09,76,84,94,100,104,106,94,3,1.9,0
1999-05-10,75,83,93,99,103,106,93,2.5,1.8,0
1999-05-11,80,82,92,99,103,105,94,2.1,1.5,0
1999-05-12,98,83,92,98,102,105,96,2.2,1.7,0
1999-05-13,94,84,91,98,102,105,96,3,1.9,0
1999-05-14,90,84,91,97,102,104,95,2.5,1.4,0
1999-05-15,92,84,90,97,101,104,95,2.4,1.5,0
1999-05-16,91,84,90,96,101,104,94,2,1.2,0
1999-05-17,89,84,89,96,100,103,94,3.8,2.6,0
1999-05-18,84,83,88,95,100,103,92,5.1,2.6,0
1999-05-19,79,81,87,94,99,102,90,4.3,2.7,0
1999-05-20,76,79,87,94,99,102,89,3.7,2.6,0
1999-05-21,72,78,86,93,98,101,88,2.8,1.8,0
1999-05-22,70,77,85,92,98,101,87,2,1.2,0
1999-05-23,68,76,84,92,97,101,86,3.5,2.2,0
1999-05-24,64,74,83,91,97,100,85,3.6,2.3,0
1999-05-25,61,72,82,90,96,100,84,3,1.9,0
1999-05-26,57,70,81,90,95,99,82,3.9,2.8,0
1999-05-27,53,67,80,88,95,99,80,4.9,3.5,0
1999-05-28,67,65,78,87,94,98,81,3.9,2.9,0
1999-05-29,116,71,77,87,93,98,90,4.3,3.1,0
1999-05-30,111,76,76,86,93,97,90,3.8,3,0
1999-05-31,121,95,77,85,92,97,95,2.4,1.8,0
1999-06-01,110,98,79,85,92,97,93,3.9,2.7,0
1999-06-02,109,98,80,85,91,96,93,4.3,3.3,0
1999-06-03,118,106,82,84,91,96,96,4.3,3,0
1999-06-04,110,105,84,84,91,96,95,2.9,1.9,0
1999-06-05,108,103,86,85,90,95,95,2.8,1.8,0
1999-06-06,110,103,87,85,90,95,95,2.5,1.7,0
1999-06-07,105,101,88,85,90,95,94,4,2.8,0
1999-06-08,111,101,88,86,90,94,95,2.4,1.9,0
1999-06-09,110,102,89,86,90,94,95,3.2,1.9,0
1999-06-10,104,100,89,86,89,94,94,3.5,2.5,0
1999-06-11,103,99,89,86,89,94,93,2.3,1.6,0
1999-06-12,100,97,89,86,89,94,93,3.2,2,0
1999-06-13,95,95,89,86,89,93,91,3.5,2.4,0
1999-06-14,90,93,89,86,89,93,90,3.9,2.6,0
1999-06-15,85,90,88,86,89,93,88,4.2,2.9,0
1999-06-16,80,87,87,86,88,92,87,3.6,2.5,0
1999-06-17,78,84,86,85,88,92,86,4,2.9,0
1999-06-18,99,83,85,85,88,92,89,3.1,2.2,0
1999-06-19,95,83,84,85,88,92,88,3.1,1.9,0
1999-06-20,90,82,83,85,87,91,86,3.9,2.6,0
1999-06-21,120,88,83,84,87,91,92,2.4,2.4,0
1999-06-22,118,100,84,84,87,91,94,2.6,2.1,0
1999-06-23,112,102,85,84,87,91,94,2.5,1.5,0
1999-06-24,107,102,86,84,87,91,93,2.7,1.9,0
1999-06-25,101,99,87,84,87,91,92,3.7,2.6,0
1999-06-26,95,96,87,84,87,90,90,4.1,2.8,0
1999-06-27,91,94,86,84,87,90,89,3.7,2.7,0
1999-06-28,90,91,86,84,86,90,88,3.1,2.3,0
1999-06-29,87,90,86,84,86,90,87,3.1,2.1,0
1999-06-30,83,87,85,84,86,90,86,3.2,2.1,0
1999-07-01,79,85,84,84,86,89,85,3.3,2.3,0
1999-07-02,76,83,83,83,86,89,83,3.3,2.2,0
1999-07-03,73,80,82,83,85,89,82,5.2,3.7,0
1999-07-04,81,78,81,82,85,89,82,3.6,2.5,0
1999-07-05,75,76,80,82,85,88,81,5,3.4,0
1999-07-06,79,74,79,81,84,88,81,1.9,1.5,0
1999-07-07,121,84,79,81,84,88,90,2.6,1.9,0
1999-07-08,112,93,79,81,84,88,89,3.3,2.1,0
1999-07-09,104,93,79,81,84,88,88,3.7,2.4,0
1999-07-10,98,91,80,80,84,87,87,4,2.6,0
1999-07-11,91,88,79,80,83,87,85,4.2,2.9,0
1999-07-12,94,86,79,80,83,87,85,3.8,2.7,0
1999-07-13,105,86,79,80,83,87,86,3.1,2.4,0
1999-07-14,117,90,79,80,83,87,89,2.6,2.6,0
1999-07-15,113,96,80,80,83,87,90,2.5,1.4,0
1999-07-16,109,97,81,80,83,86,89,2.8,1.9,0
1999-07-17,102,96,81,79,82,86,88,4.4,3.1,0
1999-07-18,94,93,81,79,82,86,86,5,3.7,0
1999-07-19,87,89,80,79,82,86,84,4.7,3.4,0
1999-07-20,98,87,80,79,81,85,85,4.2,3,0
1999-07-21,94,85,79,78,81,85,84,4.4,2.6,0
1999-07-22,88,83,79,78,81,85,82,3.3,2.1,0
1999-07-23,97,83,79,78,81,85,84,1.8,1.2,0
1999-07-24,95,83,79,78,81,85,83,2.2,1.2,0
1999-07-25,90,82,78,78,81,84,82,4,2.8,0
1999-07-26,85,81,78,78,80,84,81,2.7,1.6,0
1999-07-27,80,79,77,77,80,84,80,4,2.3,0
1999-07-28,75,77,76,77,80,84,78,4.6,3.3,0
1999-07-29,69,74,75,76,80,84,76,4.5,3.3,0
1999-07-30,63,71,74,76,79,83,74,4.6,3.4,0
1999-07-31,57,67,72,75,79,83,72,4.6,3.4,0
1999-08-01,51,64,70,74,78,82,70,5,3.8,0
1999-08-02,46,60,69,73,77,82,68,5,3.8,0
1999-08-03,40,57,67,72,77,81,66,4.9,3.6,0
1999-08-04,36,54,65,71,76,81,64,5.2,3.7,0
1999-08-05,42,52,63,70,76,80,64,1.8,1.4,0
1999-08-06,59,51,63,70,75,80,66,3.8,2.8,0
1999-08-07,62,51,62,69,75,80,67,1.5,1,0
1999-08-08,67,52,62,69,75,80,67,2.3,1.6,0
1999-08-09,63,52,61,69,75,80,66,3.3,2.1,0
1999-08-10,60,51,60,68,74,80,65,3,1.9,0
1999-08-11,121,56,60,68,74,79,76,2.4,1.7,0
1999-08-12,111,65,60,68,74,79,76,1.9,1,0
1999-08-13,102,69,60,67,74,79,75,3,2,0
1999-08-14,98,70,61,67,73,79,75,1.7,1,0
1999-08-15,121,82,62,67,73,79,81,2.5,1.8,0
1999-08-16,112,90,63,67,73,79,81,2.4,1.8,0
1999-08-17,121,98,65,67,73,79,84,2.1,1.5,0
1999-08-18,117,106,69,67,73,78,85,2.3,1.5,0
1999-08-19,120,121,78,68,73,78,89,3.5,2.2,0
1999-08-20,114,114,86,68,73,78,89,2,1.1,0
1999-08-21,112,110,90,70,73,78,89,1.6,1.1,0
1999-08-22,109,108,92,71,73,78,88,1.5,0.8,0
1999-08-23,105,106,92,72,73,78,88,2.5,1.9,0
1999-08-24,100,102,92,73,73,78,86,3.5,2.5,0
1999-08-25,95,99,91,74,73,78,85,4.6,2.6,0
1999-08-26,113,113,93,75,73,77,91,1.8,1.2,0
1999-08-27,120,121,103,77,73,77,95,2.5,1.9,0
1999-08-28,115,117,107,80,74,77,95,1.1,0.6,0
1999-08-29,112,114,107,84,75,77,95,2.2,1.6,0
1999-08-30,108,111,106,86,75,77,94,2.2,1.6,0
1999-08-31,104,108,104,87,76,77,93,2.7,1.8,0
1999-09-01,101,105,103,88,77,78,92,2.1,1.3,0
1999-09-02,97,103,102,89,77,78,91,2.8,2.2,0
1999-09-03,93,100,100,89,78,78,89,3.1,2.1,0
1999-09-04,89,97,98,89,78,78,88,3.4,2.5,0
1999-09-05,85,94,96,88,79,78,87,3.5,2.3,0
1999-09-06,81,92,95,88,79,78,85,3,2,0
1999-09-07,93,90,93,88,79,78,87,2.1,1.6,0
1999-09-08,93,90,92,87,80,78,87,2.7,1.8,0
1999-09-09,88,89,91,87,80,78,85,2.9,2.1,0
1999-09-10,84,87,90,86,80,78,84,2.7,1.9,0
1999-09-11,80,85,88,86,80,79,83,3.6,2.6,0
1999-09-12,76,83,87,85,80,79,81,3.2,2.4,0
1999-09-13,72,80,85,84,80,79,80,3.3,2.4,0
1999-09-14,68,78,84,84,80,79,79,3,2.2,0
1999-09-15,64,76,83,83,80,79,77,3.4,2.4,0
1999-09-16,63,74,81,82,80,79,76,2.2,1.8,0
1999-09-17,61,73,80,82,79,79,76,2.1,1.8,0
1999-09-18,60,71,79,81,79,79,75,1.6,1.3,0
1999-09-19,58,70,78,81,79,79,74,2.6,2,0
1999-09-20,55,68,77,80,79,79,73,2.5,1.5,0
1999-09-21,58,67,76,79,79,79,73,2.3,1.6,0
1999-09-22,66,67,76,79,79,79,74,1.5,1.1,0
1999-09-23,76,67,75,79,79,79,76,1.8,1.2,0
1999-09-24,86,67,74,78,79,79,77,2.3,1.7,0
1999-09-25,85,68,74,78,78,79,77,1.5,0.8,0
1999-09-26,87,69,74,77,78,79,77,1,0.7,0
1999-09-27,91,70,74,77,78,79,78,1.8,1.2,0
1999-09-28,88,71,73,77,78,79,78,1.7,1,0
1999-09-29,91,72,73,77,78,79,78,1,0.7,0
1999-09-30,102,74,73,77,78,79,81,1.2,1,0
1999-10-01,105,78,74,76,78,79,82,2.1,1.6,0
1999-10-02,103,80,74,76,78,79,82,1.8,0.7,0
1999-10-03,123,102,75,76,78,79,89,1.5,1.2,0
1999-10-04,114,106,79,76,78,79,88,1,0.7,0
1999-10-05,110,105,82,76,78,79,88,1,0.5,0
1999-10-06,109,104,84,77,78,79,88,0.7,0.4,0
1999-10-07,109,103,86,77,78,79,88,1.1,0.9,0
1999-10-08,107,103,87,78,78,79,88,0.9,0.6,0
1999-10-09,106,102,88,78,78,79,88,1,0.5,0
1999-10-10,104,101,88,79,78,79,88,0.9,0.6,0
1999-10-11,103,101,89,80,78,79,88,0.9,0.5,0
1999-10-12,102,100,89,80,78,79,88,0.9,0.8,0
1999-10-13,100,99,89,80,78,79,88,0.7,0.6,0
1999-10-14,99,98,90,81,78,79,88,0.5,0.2,0
1999-10-15,100,98,90,81,79,79,88,0.8,0.9,0
1999-10-16,98,97,90,82,79,79,87,0.6,0.3,0
1999-10-17,97,96,90,82,79,79,87,0.5,0,0
1999-10-18,97,96,90,82,79,79,87,0.8,0.5,0
1999-10-19,95,95,90,83,79,79,87,1,0.4,0
1999-10-20,94,94,90,83,80,79,87,1.3,0.3,0
1999-10-21,94,94,90,83,80,80,87,1,0.2,0
1999-10-22,93,93,89,83,80,80,86,0.9,0.7,0
1999-10-23,91,92,89,84,80,80,86,0.7,0.3,0
1999-10-24,91,92,89,84,80,80,86,0.8,0.7,0
1999-10-25,93,92,89,84,80,80,86,1,0.6,0
1999-10-26,93,91,89,84,81,80,86,1,0.4,0
1999-10-27,95,91,88,84,81,80,87,0.9,0.6,0
1999-10-28,94,91,88,84,81,80,86,0.5,0.3,0
1999-10-29,93,91,88,84,81,80,86,0.6,0.5,0
1999-10-30,92,90,88,84,81,80,86,1,0.5,0
1999-10-31,101,91,88,84,81,80,87,1,0.7,0
1999-11-01,101,91,88,84,81,81,88,1.1,0.7,0
1999-11-02,115,94,88,84,82,81,90,0.6,0.3,0
1999-11-03,119,104,89,84,82,81,93,0.3,0.5,0
1999-11-04,114,107,91,85,82,81,93,0.3,0,0
1999-11-05,111,107,92,85,82,81,93,0.5,0.2,0
1999-11-06,109,106,94,85,82,81,93,1.1,0.5,0
1999-11-07,109,106,95,86,82,81,93,0.6,0.3,0
1999-11-08,119,109,96,86,82,81,96,0.4,0.1,0
1999-11-09,119,115,99,87,83,81,97,0.5,0.3,0
1999-11-10,119,116,103,88,83,82,98,0.5,0.4,0
1999-11-11,121,118,107,90,83,82,100,0.6,0.3,0
1999-11-12,117,117,110,92,84,82,100,0.3,0.2,0
1999-11-13,114,115,111,95,84,82,100,0.3,0,0
1999-11-14,115,114,111,97,85,82,101,0.4,0.1,0
1999-11-15,115,114,111,99,86,82,101,0,0.2,0
1999-11-16,113,113,111,101,87,83,101,0.1,0.1,0
1999-11-17,111,112,111,102,88,83,101,0.4,0.1,2
1999-11-18,114,112,111,103,89,83,102,0.4,0.2,0
1999-11-19,117,114,111,103,90,84,103,0.3,0.2,0
1999-11-20,119,116,112,104,91,84,104,0.4,0.2,0
1999-11-21,115,116,113,105,92,85,104,0.3,0,0
1999-11-22,114,115,113,106,93,85,105,0.3,0.2,2
1999-11-23,123,118,114,107,95,86,107,0.2,0,0
1999-11-24,119,120,117,109,96,86,108,0.3,0.1,0
1999-11-25,116,118,117,111,98,87,108,0.3,0.4,0
1999-11-26,114,116,116,112,100,88,108,0.5,0.2,0
1999-11-27,112,114,115,113,102,89,108,0.7,0.1,0
1999-11-28,111,113,114,113,104,90,107,0.8,0.1,0
1999-11-29,110,112,113,112,105,91,107,0.5,0.2,0
1999-11-30,109,111,112,112,106,93,107,0.9,0.1,0
1999-12-01,112,111,112,111,106,94,108,1,0.8,0
1999-12-02,116,113,112,111,107,95,109,1,0.9,0
1999-12-03,117,114,112,111,107,96,109,1.3,1.2,0
1999-12-04,119,117,113,111,107,97,111,1,0.2,0
1999-12-05,115,116,115,112,108,98,110,0.5,0.2,0
1999-12-06,114,115,115,112,108,99,110,0.6,0.5,0
1999-12-07,114,114,114,113,109,100,110,0.7,0.7,0
1999-12-08,119,116,114,113,110,101,112,0.6,0.6,0
1999-12-09,115,116,115,113,110,101,112,1.1,0.5,0
1999-12-10,113,115,115,113,111,102,111,1,0.5,0
1999-12-11,115,114,114,113,111,103,112,0.9,0.5,0
1999-12-12,126,124,122,117,112,104,118,0.9,1.1,0
1999-12-13,124,125,126,127,124,112,123,0.6,0.5,0
1999-12-14,121,122,123,124,124,121,122,0.6,0.7,0
1999-12-15,121,121,122,122,123,121,122,0.5,0.3,0
1999-12-16,117,120,121,121,122,121,120,0.3,0.2,2
1999-12-17,115,118,119,120,121,121,119,0.7,0.3,0
1999-12-18,116,117,118,119,120,120,118,0.4,0.5,0
1999-12-19,114,116,117,118,119,119,117,0.4,0.2,0
1999-12-20,112,115,117,118,118,118,116,0.3,0.1,2
1999-12-21,111,114,116,117,118,118,116,0.3,0,0
1999-12-22,110,113,115,116,117,117,115,0.4,0.4,4
1999-12-23,111,113,114,116,116,117,114,0.7,0.4,7
1999-12-24,111,112,114,115,116,116,114,0.7,0.7,6
1999-12-25,114,113,114,115,115,116,114,0.9,1.2,0
1999-12-26,120,117,114,114,115,116,116,0.7,0.6,0
1999-12-27,126,127,126,122,117,116,122,0.3,0.1,0
1999-12-28,120,122,124,124,124,120,122,0.2,0,0
1999-12-29,118,120,121,122,123,123,121,0.3,0.1,0
1999-12-30,116,118,120,121,122,122,120,0.4,0.2,0
1999-12-31,114,117,119,120,120,121,119,0.3,0.1,0
2000-01-01,112,115,117,118,118,116,116,0.3,0.1,0
2000-01-02,112,114,116,117,117,116,115,0.1,0.3,0
2000-01-03,111,113,115,116,117,116,115,0.7,0.3,0
2000-01-04,113,113,114,115,116,115,114,0.6,0.2,0
2000-01-05,120,117,115,115,115,115,116,0.3,0.5,0
2000-01-06,116,117,116,115,115,115,116,0.3,0,0
2000-01-07,114,116,116,116,115,115,115,0.1,0.2,0
2000-01-08,112,115,116,116,115,115,115,0.6,0.2,0
2000-01-09,111,114,115,115,115,115,114,0.3,0.1,0
2000-01-10,110,113,114,115,115,115,114,0,0.2,0
2000-01-11,109,112,114,115,115,115,113,0,0.1,0
2000-01-12,109,111,113,114,115,114,113,0.5,0.2,0
2000-01-13,108,111,113,114,114,114,112,0.6,0.1,3
2000-01-14,107,110,112,113,114,114,112,0.3,0,4
2000-01-15,107,110,112,113,113,114,111,0.4,0,0
2000-01-16,107,109,111,112,113,113,111,0.3,0.1,2
2000-01-17,107,109,111,112,113,113,111,0.6,0.6,0
2000-01-18,109,109,110,112,112,113,111,0.8,0.6,0
2000-01-19,109,109,110,111,112,113,111,0.1,0.2,0
2000-01-20,108,109,110,111,112,112,110,0.4,0.3,0
2000-01-21,119,112,110,111,112,112,112,0.9,0.7,0
2000-01-22,122,117,112,111,111,112,114,0.3,0.1,0
2000-01-23,120,121,117,113,112,112,115,0.3,0.4,0
2000-01-24,116,118,118,115,112,112,115,0.2,0.1,9
2000-01-25,114,116,117,116,114,112,115,0.1,0,14
2000-01-26,113,115,116,116,114,113,114,0.4,0,17
2000-01-27,111,114,115,115,115,113,114,0.6,0,17
2000-01-28,110,113,114,115,115,114,114,1,0,16
2000-01-29,120,118,116,115,115,114,116,0.8,0.8,15
2000-01-30,125,126,126,127,124,118,124,1.1,1.2,0
2000-01-31,121,123,124,124,125,124,124,1,1.2,0
2000-02-01,118,120,122,123,123,124,122,1,0.7,0
2000-02-02,116,118,120,121,122,122,120,0.8,0.5,0
2000-02-03,114,117,119,120,121,121,119,0.8,0.7,0
2000-02-04,113,116,117,119,120,120,117,0.6,0.1,0
2000-02-05,112,115,117,118,119,120,117,0.8,0.6,0
2000-02-06,111,114,116,117,118,119,116,1.1,0.7,0
2000-02-07,109,112,115,116,117,118,115,1.4,0.8,0
2000-02-08,110,112,114,115,117,118,114,1.5,1.3,0
2000-02-09,117,113,114,115,116,117,115,1.2,1.2,0
2000-02-10,115,115,114,115,116,117,115,1.2,0.5,0
2000-02-11,116,115,115,115,115,116,115,0.7,0.7,0
2000-02-12,114,115,115,115,115,116,115,0.7,0.5,0
2000-02-13,118,115,115,115,115,116,115,0.6,0.7,0
2000-02-14,118,117,116,115,115,115,116,0.9,0.7,0
2000-02-15,116,117,116,116,115,115,116,0.6,0.4,0
2000-02-16,116,116,116,116,116,115,116,0.8,0.9,0
2000-02-17,115,116,116,116,116,116,116,0.5,0.6,0
2000-02-18,114,115,116,116,116,116,115,0.6,0.3,0
2000-02-19,116,115,116,116,116,116,116,0.5,0.3,0
2000-02-20,123,119,117,116,116,116,118,0.5,0.4,0
2000-02-21,119,120,119,117,116,116,118,0.5,0.4,0
2000-02-22,116,118,119,118,117,116,117,0.6,0.3,0
2000-02-23,114,116,118,118,117,117,117,0.6,0.4,0
2000-02-24,116,116,117,117,117,117,117,0.7,0.5,0
2000-02-25,125,126,126,126,125,124,125,0.5,0.3,0
2000-02-26,119,122,123,124,125,126,123,0.8,0.4,0
2000-02-27,116,119,121,122,123,124,121,1.2,0.8,0
2000-02-28,115,117,119,120,121,122,119,1.9,1.1,0
2000-02-29,117,117,118,119,120,121,119,1.3,0.9,0
2000-03-01,117,117,118,118,119,120,118,0.9,1,0
2000-03-02,115,117,117,118,119,119,117,1.5,0.8,0
2000-03-03,120,117,117,118,118,119,118,1.1,1.7,0
2000-03-04,122,121,119,118,118,119,119,0.9,0.8,0
2000-03-05,118,120,120,119,119,119,119,1,0.5,0
2000-03-06,115,118,119,119,119,119,118,1.4,0.4,0
2000-03-07,113,116,118,118,119,119,117,1.3,0.3,0
2000-03-08,118,117,117,118,118,119,118,0.8,0.8,0
2000-03-09,124,125,124,124,121,119,123,1.3,1.8,0
2000-03-10,120,122,124,124,125,124,123,1.3,0.8,0
2000-03-11,124,123,123,123,123,124,123,1.1,1.7,0
2000-03-12,119,122,123,123,123,123,122,0.8,0.5,0
2000-03-13,116,119,121,122,122,123,120,1.3,1,0
2000-03-14,118,118,119,120,121,122,120,0.8,0.9,0
2000-03-15,122,123,121,120,120,121,121,1.1,1,0
2000-03-16,121,122,122,121,121,121,121,1.8,1.1,0
2000-03-17,120,120,121,121,121,121,121,0.7,0.6,0
2000-03-18,126,126,125,123,122,121,124,0.6,0.4,0
2000-03-19,121,124,125,125,126,125,124,1.4,0.8,0
2000-03-20,117,120,122,123,124,124,121,1.5,0.8,0
2000-03-21,114,117,119,121,122,123,119,1.4,0.8,0
2000-03-22,111,115,117,119,120,121,117,1.8,1.4,0
2000-03-23,108,113,116,118,119,120,115,1.8,1.3,0
2000-03-24,108,111,114,116,118,119,114,1.3,0.9,0
2000-03-25,109,111,113,115,117,118,114,1.6,1.2,0
2000-03-26,109,110,113,115,116,117,113,1,0.8,0
2000-03-27,108,110,112,114,115,117,113,1.1,0.8,0
2000-03-28,109,110,112,113,115,116,112,0.6,0.2,0
2000-03-29,114,111,112,113,114,116,113,0.8,0.5,0
2000-03-30,111,112,112,113,114,115,113,1.1,0.3,0
2000-03-31,110,111,112,113,114,115,112,0.9,0.2,0
2000-04-01,108,110,111,112,113,114,112,1.2,0.5,0
2000-04-02,106,109,111,112,113,114,111,1.6,1.2,0
2000-04-03,104,108,110,111,113,114,110,3,1.7,0
2000-04-04,101,106,109,111,112,113,109,2.8,1.7,0
2000-04-05,99,105,108,110,112,113,108,1.7,0.3,0
2000-04-06,98,104,107,110,111,112,107,2.1,0.7,0
2000-04-07,97,103,107,109,111,112,106,1.9,0.9,0
2000-04-08,95,102,106,108,110,112,106,1.6,1,0
2000-04-09,94,101,105,108,110,111,105,1.7,0.6,0
2000-04-10,93,100,104,107,109,111,104,2.1,0.9,0
2000-04-11,91,99,104,107,109,110,103,2.2,1.4,0
2000-04-12,90,97,103,106,108,110,102,1.9,1.2,0
2000-04-13,89,97,102,106,108,110,102,2.4,1.6,0
2000-04-14,88,96,102,105,107,109,101,1.3,0.5,0
2000-04-15,88,95,101,105,107,109,101,1.5,0.9,0
2000-04-16,86,94,100,104,107,109,100,3.3,1.8,0
2000-04-17,84,93,99,103,106,108,99,2.5,1.2,0
2000-04-18,82,92,99,103,106,108,98,1.5,0.7,0
2000-04-19,94,92,98,102,105,107,100,1.4,1.1,0
2000-04-20,97,92,98,102,105,107,100,3,2.2,0
2000-04-21,92,91,97,101,104,107,99,2.9,2.2,0
2000-04-22,88,90,96,101,104,106,97,3.4,2.5,0
2000-04-23,83,88,94,100,103,106,96,3,2.3,0
2000-04-24,91,87,94,99,103,105,96,0.9,0.7,0
2000-04-25,90,87,93,99,102,105,96,2.6,2.1,0
2000-04-26,86,86,93,98,102,104,95,3.5,2.3,0
2000-04-27,81,85,92,97,101,104,93,3.4,2.4,0
2000-04-28,77,83,90,97,101,104,92,3.3,2.1,0
2000-04-29,78,82,90,96,100,103,91,2.4,1.7,0
2000-04-30,95,82,89,96,100,103,94,1.3,1,0
2000-05-01,94,83,89,95,100,103,94,2.4,1.6,0
2000-05-02,91,83,89,95,99,102,93,2.5,1.6,0
2000-05-03,86,82,88,94,99,102,92,3.6,2.5,0
2000-05-04,81,81,87,93,98,101,90,3.8,2.8,0
2000-05-05,75,79,86,93,98,101,88,3.8,2.7,0
2000-05-06,71,77,85,92,97,100,87,4.2,2.8,0
2000-05-07,66,74,83,91,96,100,85,4.2,3,0
2000-05-08,62,72,82,90,96,99,83,3.4,2.4,0
2000-05-09,68,71,81,89,95,99,84,2.8,2.2,0
2000-05-10,66,70,80,89,95,99,83,3.7,2.7,0
2000-05-11,61,68,79,88,94,98,81,4.2,3.1,0
2000-05-12,56,65,77,87,93,98,79,4.2,2.9,0
2000-05-13,52,63,76,86,92,97,78,4.2,2.7,0
2000-05-14,48,61,75,85,92,96,76,4.3,3.1,0
2000-05-15,43,58,73,84,91,96,74,4.4,3.3,0
2000-05-16,39,55,71,82,90,95,72,4.6,3.6,0
2000-05-17,37,53,70,81,89,95,71,3.5,2.5,0
2000-05-18,38,52,69,81,89,94,70,2.4,1.8,0
2000-05-19,43,52,68,80,88,94,71,2.1,2.1,0
2000-05-20,104,54,68,80,88,94,81,2.3,1.7,0
2000-05-21,105,60,68,80,88,93,82,2.3,1.8,0
2000-05-22,105,65,68,79,87,93,83,1.8,1.2,0
2000-05-23,108,70,68,79,87,93,84,2.7,1.9,0
2000-05-24,101,73,69,79,87,93,83,2.3,1.1,0
2000-05-25,104,75,69,78,87,92,84,2.1,1.7,0
2000-05-26,101,77,70,78,86,92,84,3.5,2.4,0
2000-05-27,95,77,70,78,86,92,83,3,2.2,0
2000-05-28,91,77,70,78,86,91,82,3.1,2.1,0
2000-05-29,89,77,71,78,85,91,82,2.5,2,0
2000-05-30,91,77,71,77,85,91,82,2.1,1.6,0
2000-05-31,88,77,72,77,85,91,81,3.3,2.1,0
2000-06-01,83,75,71,77,84,90,80,3,1.9,0
2000-06-02,77,74,71,77,84,90,79,4.8,3.3,0
2000-06-03,85,74,70,76,83,90,80,3.7,2.7,0
2000-06-04,121,103,72,76,83,89,91,3.8,2.8,0
2000-06-05,123,121,102,78,83,89,99,2.7,2.5,0
2000-06-06,121,124,126,101,84,89,107,2.2,1.4,0
2000-06-07,122,122,121,111,88,89,109,2,1.9,0
2000-06-08,117,120,120,114,93,89,109,3.7,2.6,0
2000-06-09,110,115,117,114,97,90,107,5,3.3,0
2000-06-10,107,110,113,112,100,91,105,4.7,3.5,0
2000-06-11,111,109,111,111,101,92,106,1.9,1.3,0
2000-06-12,106,108,110,110,102,93,105,4.3,2.9,0
2000-06-13,100,105,108,108,102,93,103,5,3.6,0
2000-06-14,94,102,106,107,102,94,101,3.3,2.2,0
2000-06-15,94,100,105,106,102,95,100,2.9,2.1,0
2000-06-16,92,99,103,105,102,95,99,3.1,1.8,0
2000-06-17,89,97,102,104,102,96,98,3.5,2.3,0
2000-06-18,84,94,100,103,101,96,96,4.6,3.4,0
2000-06-19,78,90,98,101,100,96,94,5.3,3.9,0
2000-06-20,71,87,96,100,99,96,91,5.6,4.2,0
2000-06-21,65,83,94,98,98,96,89,5.6,4.2,0
2000-06-22,61,80,92,97,98,95,87,3.2,1.8,0
2000-06-23,61,78,90,96,97,95,86,3.2,2.4,0
2000-06-24,84,78,90,95,97,95,90,2.2,1.8,0
2000-06-25,94,79,89,95,96,95,91,2.4,1.6,0
2000-06-26,95,80,88,94,96,95,91,2.3,1.8,0
2000-06-27,92,81,88,94,96,95,91,2.5,1.4,0
2000-06-28,89,81,87,93,95,95,90,1.8,1.1,0
2000-06-29,86,81,87,92,95,95,89,1.7,0.8,0
2000-06-30,83,81,86,92,94,95,88,3.3,2.1,0
2000-07-01,80,80,86,91,94,94,87,2.2,1.5,0
2000-07-02,79,79,85,91,94,94,87,2.6,2,0
2000-07-03,85,79,85,90,93,94,88,2.5,1.9,0
2000-07-04,97,79,84,90,93,94,89,2.5,2.2,0
2000-07-05,120,90,84,89,93,94,95,1.9,1.7,0
2000-07-06,119,112,88,89,92,94,99,2.5,1.6,0
2000-07-07,112,110,92,89,92,93,98,1.7,0.9,0
2000-07-08,109,108,94,90,92,93,98,1.8,1.2,0
2000-07-09,107,106,96,90,92,93,97,2.4,1.5,0
2000-07-10,115,106,96,91,92,93,99,3,2.2,0
2000-07-11,111,107,97,91,91,93,98,2.6,1.4,0
2000-07-12,109,106,97,91,91,93,98,2.5,1.6,0
2000-07-13,106,105,98,92,91,93,97,2.2,1.2,0
2000-07-14,108,104,98,92,91,93,98,2,1.4,0
2000-07-15,107,104,98,92,91,92,97,2.3,1.7,0
2000-07-16,104,103,98,93,92,92,97,2.2,1.4,0
2000-07-17,101,102,98,93,92,92,96,1.7,0.9,0
2000-07-18,99,100,97,93,92,92,95,2,1,0
2000-07-19,97,99,97,93,92,92,95,1.8,0.8,0
2000-07-20,94,97,96,93,92,92,94,3.6,2,0
2000-07-21,91,96,96,93,92,92,93,3.1,1.6,0
2000-07-22,88,94,95,93,92,92,92,1.9,1.2,0
2000-07-23,87,92,94,93,92,92,92,3.5,2.5,0
2000-07-24,85,91,93,92,91,92,91,1.8,1.3,0
2000-07-25,95,90,93,92,92,92,92,1.3,1.2,0
2000-07-26,100,91,92,92,92,92,93,2.5,1.8,0
2000-07-27,98,91,92,92,91,92,92,2.4,1.7,0
2000-07-28,108,92,91,92,91,92,94,1.5,1.3,0
2000-07-29,104,93,91,91,91,92,94,2.7,1.9,0
2000-07-30,100,93,91,91,91,92,93,2.4,1.7,0
2000-07-31,98,93,91,91,91,92,92,2.6,1.8,0
2000-08-01,93,91,90,90,91,91,91,4,2.9,0
2000-08-02,99,90,89,90,91,91,92,2.9,2,0
2000-08-03,107,91,89,90,90,91,93,3.5,2.4,0
2000-08-04,100,91,88,89,90,91,92,3.1,1.9,0
2000-08-05,95,90,88,89,90,91,90,3.6,2.4,0
2000-08-06,90,88,87,88,89,91,89,3.1,2.2,0
2000-08-07,86,87,87,88,89,90,88,3,1.9,0
2000-08-08,91,86,86,88,89,90,88,2.1,1.4,0
2000-08-09,99,86,86,87,89,90,90,3.1,2.2,0
2000-08-10,94,85,85,87,89,90,88,2.9,1.9,0
2000-08-11,91,85,85,87,88,90,87,2.2,1.3,0
2000-08-12,86,84,84,86,88,90,86,3.7,2.6,0
2000-08-13,81,81,83,86,88,89,85,3.7,2.8,0
2000-08-14,75,79,82,85,87,89,83,4.3,3.4,0
2000-08-15,72,76,81,84,87,89,81,3,2.1,0
2000-08-16,75,75,80,84,86,89,81,3.6,2.5,0
2000-08-17,84,74,79,83,86,88,82,3.2,2.3,0
2000-08-18,92,74,78,83,86,88,83,2.8,2,0
2000-08-19,117,92,78,82,86,88,91,2,1.7,0
2000-08-20,121,108,82,82,85,88,94,1.7,1.1,0
2000-08-21,122,122,90,83,85,88,98,2.1,1.5,0
2000-08-22,114,116,98,83,85,88,97,2.7,1.8,0
2000-08-23,109,111,100,85,85,87,96,2.9,2,0
2000-08-24,104,108,100,85,85,87,95,3.1,2.3,0
2000-08-25,100,105,99,86,85,87,94,2.5,1.6,0
2000-08-26,96,102,98,87,85,87,92,4.5,2.7,0
2000-08-27,91,98,97,87,85,87,91,3.6,2.4,0
2000-08-28,88,96,96,87,85,87,90,2.6,1.5,0
2000-08-29,85,94,94,88,85,86,89,2.7,1.8,0
2000-08-30,82,91,93,88,85,86,88,2.5,1.8,0
2000-08-31,80,90,92,88,85,86,87,1.9,1.3,0
2000-09-01,78,88,91,87,85,86,86,2.1,1.5,0
2000-09-02,86,87,90,87,85,86,87,1.4,1.2,0
2000-09-03,96,88,90,87,86,86,89,1.3,1.2,0
2000-09-04,99,88,89,87,86,86,89,2.2,1.5,0
2000-09-05,98,89,89,87,86,86,89,1.4,1.1,0
2000-09-06,97,89,89,87,86,86,89,1.5,0.8,0
2000-09-07,110,91,88,87,86,86,91,1.8,1.3,0
2000-09-08,107,93,88,87,86,86,91,1.5,0.9,0
2000-09-09,103,93,88,87,86,86,91,2.1,1.2,0
2000-09-10,100,93,88,87,86,86,90,1.1,0.4,0
2000-09-11,97,93,88,87,86,86,90,2.3,1.5,0
2000-09-12,93,91,88,86,86,86,88,3,2.2,0
2000-09-13,89,90,87,86,86,86,87,2.3,1.5,0
2000-09-14,86,88,87,86,86,86,87,1.7,1,0
2000-09-15,84,87,87,86,86,86,86,2.2,1.6,0
2000-09-16,86,86,86,86,85,86,86,1.8,1.5,0
2000-09-17,86,86,86,86,85,86,86,1.2,0.7,0
2000-09-18,85,85,86,85,85,86,85,1.2,0.6,0
2000-09-19,83,84,85,85,85,86,85,2.2,1.1,0
2000-09-20,81,84,85,85,85,86,84,1.8,0.8,0
2000-09-21,94,83,85,85,85,86,86,0.8,0.5,0
2000-09-22,104,86,85,85,85,86,88,1.2,1,0
2000-09-23,100,87,84,85,85,86,88,2,1.2,0
2000-09-24,96,87,84,84,85,86,87,2,1.3,0
2000-09-25,102,87,84,84,85,86,88,1,0.8,0
2000-09-26,105,89,84,84,85,86,89,1.5,0.8,0
2000-09-27,102,89,84,84,85,86,88,1.2,0.8,0
2000-09-28,99,90,84,84,85,86,88,1.6,0.9,0
2000-09-29,95,89,84,84,85,86,87,2.6,1.6,0
2000-09-30,92,88,84,84,85,86,86,1.7,1.2,0
2000-10-01,89,87,84,84,84,86,86,1,0.7,0
2000-10-02,87,86,84,84,84,86,85,1.7,1.1,0
2000-10-03,85,85,84,83,84,85,84,1.3,0.8,0
2000-10-04,83,85,84,83,84,85,84,1,0.7,0
2000-10-05,82,84,83,83,84,85,84,1,0.7,0
2000-10-06,86,83,83,83,84,85,84,1.1,1,0
2000-10-07,85,83,83,83,84,85,84,0.5,0.1,0
2000-10-08,84,83,83,83,84,85,84,1,1,0
2000-10-09,90,83,83,83,84,85,85,0.8,0.5,0
2000-10-10,91,84,83,83,84,85,85,1.4,1.1,0
2000-10-11,89,84,83,83,84,85,85,1.4,1,0
2000-10-12,88,84,83,83,84,85,84,1.5,0.9,0
2000-10-13,87,83,83,83,84,85,84,0.8,0.7,0
2000-10-14,87,83,83,83,84,85,84,0.8,0.5,0
2000-10-15,85,83,83,83,84,85,84,0.7,0.3,0
2000-10-16,84,83,82,83,84,85,83,1.8,0.9,0
2000-10-17,82,82,82,83,84,85,83,0.8,0.2,0
2000-10-18,82,82,82,83,84,85,83,0.7,0.6,0
2000-10-19,86,82,82,83,84,85,83,0.5,0.3,0
2000-10-20,93,82,82,83,84,85,85,0.7,0.4,0
2000-10-21,91,83,82,83,84,85,84,1,0.8,0
2000-10-22,89,83,82,82,84,85,84,0.8,0.7,0
2000-10-23,87,82,82,82,83,85,84,0.8,0.7,0
2000-10-24,87,82,82,82,83,85,84,1.2,0.8,0
2000-10-25,86,82,82,82,83,85,83,1.4,0.4,0
2000-10-26,89,83,82,82,83,85,84,0.9,0.8,0
2000-10-27,91,83,82,82,83,85,84,0.7,0.6,0
2000-10-28,97,84,82,82,83,85,85,0.8,0.6,0
2000-10-29,98,84,82,82,83,85,86,1.3,0.9,0
2000-10-30,99,85,82,82,83,85,86,2.2,1.3,0
2000-10-31,101,86,82,82,83,85,86,1.4,0.8,0
2000-11-01,101,86,82,82,83,85,87,1.1,0.5,0
2000-11-02,113,90,82,82,83,85,89,1,0.7,0
2000-11-03,116,94,83,82,83,85,90,0.6,0.2,0
2000-11-04,116,101,84,82,83,85,92,0.7,0.6,0
2000-11-05,112,103,86,83,83,85,92,0.7,0.2,0
2000-11-06,109,104,87,83,83,85,92,0.9,0.1,0
2000-11-07,110,104,89,83,83,85,92,0.9,0.6,0
2000-11-08,108,104,90,84,83,85,92,1.4,0.3,0
2000-11-09,106,103,91,84,83,85,92,0.9,0.2,0
2000-11-10,105,103,92,85,84,85,92,0.7,0.5,0
2000-11-11,103,102,92,85,84,85,92,0.6,0.3,0
2000-11-12,102,101,93,85,84,85,92,1.3,0.5,0
2000-11-13,108,101,93,86,84,85,93,0.5,0.5,0
2000-11-14,121,108,94,86,84,85,96,0.4,0.2,0
2000-11-15,116,112,97,87,84,85,97,0.6,0.3,0
2000-11-16,113,112,99,88,85,85,97,0.5,0.2,0
2000-11-17,114,111,101,89,85,85,97,0.3,0,0
2000-11-18,115,112,102,90,85,85,98,0.7,0.5,0
2000-11-19,113,112,104,91,86,85,98,0.9,0.4,0
2000-11-20,114,112,105,92,86,85,99,0.6,0.6,0
2000-11-21,112,111,105,93,86,85,99,0.2,0.1,0
2000-11-22,112,111,106,94,87,85,99,0.7,0.3,0
2000-11-23,117,112,106,95,87,86,101,0.6,0.4,0
2000-11-24,114,113,107,96,88,86,101,0.6,0.1,0
2000-11-25,111,112,108,97,89,86,100,0.1,0.1,0
2000-11-26,112,111,108,98,89,86,101,0.4,0.3,0
2000-11-27,111,111,108,99,90,86,101,0.5,0.2,0
2000-11-28,117,112,109,100,91,87,103,0.5,0.3,0
2000-11-29,117,115,110,101,91,87,103,0.4,0.5,0
2000-11-30,114,114,111,102,92,87,103,0.4,0,0
2000-12-01,112,113,111,103,93,88,103,0.2,0.3,0
2000-12-02,110,112,111,104,94,88,103,0.3,0.4,0
2000-12-03,110,111,111,105,95,89,103,0.4,0.3,0
2000-12-04,109,110,110,106,95,89,103,0.2,0.3,0
2000-12-05,108,110,110,106,96,89,103,0.2,0.3,0
2000-12-06,107,109,109,106,97,90,103,0.6,0.1,0
2000-12-07,106,108,108,106,98,90,103,0.5,0.2,0
2000-12-08,105,107,108,106,98,91,103,1.1,0.5,0
2000-12-09,104,107,107,106,99,91,102,0.6,0.3,0
2000-12-10,108,106,107,106,99,92,103,0.8,0.5,0
2000-12-11,116,109,107,105,100,92,105,0.8,0.9,0
2000-12-12,116,111,108,105,100,93,106,0.8,0.8,0
2000-12-13,116,113,109,106,100,93,106,1.8,1.6,0
2000-12-14,113,113,110,106,100,94,106,0.7,0.3,0
2000-12-15,115,113,110,107,101,94,106,0.6,0.6,0
2000-12-16,122,118,112,107,101,95,109,0.5,0.5,0
2000-12-17,118,119,115,109,102,95,110,0.4,0.2,0
2000-12-18,115,117,116,111,103,96,110,0.3,0.1,0
2000-12-19,114,116,115,112,104,96,110,0.2,0.1,0
2000-12-20,113,115,115,113,106,97,110,0.6,0.4,0
2000-12-21,111,114,114,113,107,98,109,0.2,0,6
2000-12-22,110,113,113,113,108,99,109,0.1,0,13
2000-12-23,109,112,113,112,109,100,109,0,0,18
2000-12-24,111,111,112,112,109,101,109,0.3,0,20
2000-12-25,125,121,114,112,109,102,114,0.2,0,18
2000-12-26,123,123,120,114,110,103,115,0.3,0.1,17
2000-12-27,124,125,124,120,113,104,118,0.2,0.1,16
2000-12-28,120,122,123,123,118,107,119,0.4,0.2,12
2000-12-29,117,119,121,121,120,112,118,0.3,0.3,11
2000-12-30,115,118,119,120,120,115,118,0.3,0.1,10
2000-12-31,113,116,118,119,119,116,117,0.1,0.2,9
2001-01-01,117,119,121,122,123,123,121,0.7,0.8,7
2001-01-02,120,120,120,121,121,122,121,0.3,0.4,4
2001-01-03,117,119,120,120,121,121,120,0.4,0.3,0
2001-01-04,115,117,119,119,120,121,118,0.8,0.4,0
2001-01-05,115,116,118,119,119,120,118,0.9,0.8,0
2001-01-06,122,120,118,118,119,119,119,0.8,0.6,0
2001-01-07,118,120,120,119,119,119,119,0.3,0.4,0
2001-01-08,115,118,119,119,119,119,118,0,0,0
2001-01-09,114,116,118,118,119,119,117,0.4,0,0
2001-01-10,112,115,117,118,118,119,116,0.3,0.1,0
2001-01-11,114,115,116,117,118,118,116,0.2,0.1,0
2001-01-12,112,114,116,117,117,118,116,0.2,0,5
2001-01-13,111,114,115,116,117,118,115,0,0.2,8
2001-01-14,110,113,114,116,116,117,114,0,0.1,13
2001-01-15,109,112,114,115,116,117,114,0.2,0,16
2001-01-16,109,111,113,115,116,116,113,0,0,20
2001-01-17,108,111,113,114,115,116,113,0.3,0,24
2001-01-18,107,110,112,114,115,116,112,0.3,0,27
2001-01-19,107,110,112,113,114,115,112,0.1,0,28
2001-01-20,107,109,111,113,114,115,111,0.3,0.2,29
2001-01-21,111,110,111,112,114,114,112,0.3,0.2,29
2001-01-22,113,111,111,112,113,114,112,0.3,0.2,29
2001-01-23,118,113,111,112,113,114,113,0.5,0.5,28
2001-01-24,119,116,113,112,113,114,114,0.6,0.6,27
2001-01-25,119,119,115,113,113,113,115,0.3,0.5,26
2001-01-26,116,117,116,114,113,113,115,0.6,0.4,0
2001-01-27,117,116,116,115,114,114,115,0.5,0.3,0
2001-01-28,121,119,117,116,114,114,117,0.5,0.6,0
2001-01-29,117,119,118,117,115,114,117,0.3,0.1,0
2001-01-30,115,117,118,117,116,115,116,0.3,0.1,0
2001-01-31,113,116,117,117,116,115,116,0.3,0,0
2001-02-01,112,115,116,116,116,116,115,0.4,0.1,2
2001-02-02,115,114,115,116,116,116,115,0.3,0.2,5
2001-02-03,122,118,116,116,116,116,117,0.4,0.5,4
2001-02-04,125,125,121,117,116,116,120,0.3,0.2,3
2001-02-05,122,124,125,124,120,117,122,0.9,0.9,0
2001-02-06,119,121,122,123,123,121,121,1.2,0.9,0
2001-02-07,121,121,121,121,122,122,121,0.8,0.7,0
2001-02-08,117,120,121,121,121,121,120,1.9,1,0
2001-02-09,114,117,119,120,121,121,119,0.7,0,0
2001-02-10,113,116,118,119,120,120,118,0.4,0.2,0
2001-02-11,112,115,117,118,119,120,117,1.2,0.3,0
2001-02-12,110,113,116,117,118,119,115,1,0.4,0
2001-02-13,110,112,115,116,117,118,115,0.7,0.5,0
2001-02-14,109,112,114,116,117,118,114,0.3,0,0
2001-02-15,108,111,113,115,116,117,113,0.4,0.3,0
2001-02-16,107,110,113,114,116,117,113,0.7,0.6,0
2001-02-17,106,109,112,114,115,116,112,0.7,0,0
2001-02-18,106,109,111,113,114,116,111,0.5,0,0
2001-02-19,105,108,111,113,114,115,111,0.7,0.1,0
2001-02-20,105,108,110,112,114,115,111,0.7,0.3,0
2001-02-21,104,108,110,112,113,114,110,1,0.4,0
2001-02-22,112,108,110,111,113,114,111,0.8,0.8,0
2001-02-23,120,113,110,111,112,114,113,0.6,0.8,0
2001-02-24,116,115,112,111,112,113,113,0.6,0.2,4
2001-02-25,113,114,113,112,112,113,113,0.9,0.1,7
2001-02-26,114,114,113,112,112,113,113,0.5,0.4,6
2001-02-27,114,114,113,113,113,113,113,0.9,0.5,5
2001-02-28,112,113,113,113,113,113,113,1,0,0
2001-03-01,111,113,113,113,113,113,112,0.7,0.1,0
2001-03-02,110,112,113,113,113,113,112,0.6,0.4,0
2001-03-03,110,111,112,113,113,113,112,0.6,0.1,0
2001-03-04,110,111,112,113,113,113,112,0.5,0.3,0
2001-03-05,112,112,112,112,113,113,112,0.6,0.4,0
2001-03-06,111,111,112,112,113,113,112,1,0.3,0
2001-03-07,111,111,112,112,112,113,112,0.7,0.1,0
2001-03-08,112,112,112,112,112,113,112,0.7,0.4,0
2001-03-09,110,111,112,112,112,113,112,1.2,0.6,0
2001-03-10,109,111,111,112,112,112,111,0.9,0.6,0
2001-03-11,116,112,111,112,112,112,112,1.1,0.8,0
2001-03-12,118,114,112,112,112,112,113,0.9,0.9,0
2001-03-13,117,116,113,112,112,112,114,1.3,1,0
2001-03-14,115,115,114,113,112,112,113,1.4,0.8,0
2001-03-15,112,114,114,113,112,112,113,0.9,0.6,0
2001-03-16,111,113,113,113,113,112,112,0.8,0.3,0
2001-03-17,110,112,113,113,113,112,112,0.9,0.2,0
2001-03-18,117,113,113,113,113,113,114,0.9,0.8,0
2001-03-19,120,118,114,113,113,113,115,1.2,1.3,0
2001-03-20,116,117,116,114,113,113,115,1.6,0.2,0
2001-03-21,118,117,116,115,114,113,115,0.8,0.1,0
2001-03-22,124,123,120,116,114,113,118,0.7,0.6,0
2001-03-23,122,124,123,121,116,114,120,0.8,0.6,0
2001-03-24,121,123,124,125,124,119,123,0.9,0.7,0
2001-03-25,126,127,127,127,127,127,127,0.6,0.5,0
2001-03-26,123,125,125,126,126,126,125,0.7,0.5,0
2001-03-27,118,121,122,123,124,125,122,1,0.1,0
2001-03-28,117,119,120,122,122,123,120,1,0.4,0
2001-03-29,122,121,120,121,121,122,121,1.6,1.6,0
2001-03-30,119,119,120,121,121,121,120,1.4,0.9,0
2001-03-31,118,119,119,120,120,121,120,1.9,1.5,0
2001-04-01,113,117,118,119,120,120,118,1.8,1.1,0
2001-04-02,110,114,116,118,119,120,116,2.6,2,0
2001-04-03,107,112,115,117,118,119,114,1.5,1,0
2001-04-04,106,111,114,116,117,118,113,2,1.2,0
2001-04-05,104,109,112,115,116,117,112,2.2,1.1,0
2001-04-06,114,110,112,114,115,117,113,1.5,1.5,0
2001-04-07,117,112,112,113,115,116,114,1.9,1.5,0
2001-04-08,113,113,112,113,114,115,113,2,1.2,0
2001-04-09,110,111,112,113,114,115,112,1.8,0.8,0
2001-04-10,115,112,112,112,113,114,113,1.1,0.9,0
2001-04-11,122,121,119,118,118,117,119,0.9,0.7,0
2001-04-12,120,123,124,125,125,126,124,1.6,1,0
2001-04-13,117,119,121,122,123,124,121,1.8,0.4,0
2001-04-14,115,118,119,121,122,122,119,1.7,0.2,0
2001-04-15,117,117,118,119,120,121,119,0.8,0.7,0
2001-04-16,119,119,118,119,120,120,119,1,0.7,0
2001-04-17,117,118,118,119,119,120,119,1.3,0.7,0
2001-04-18,115,117,118,118,119,119,118,1.1,0.8,0
2001-04-19,115,116,117,118,118,119,117,1.6,1,0
2001-04-20,115,116,117,117,118,119,117,1.6,0.9,0
2001-04-21,112,114,116,117,117,118,116,2,1,0
2001-04-22,110,113,115,116,117,118,115,1.9,0.7,0
2001-04-23,107,111,114,115,116,117,113,2.4,1.5,0
2001-04-24,104,109,112,114,115,116,112,2.6,1.8,0
2001-04-25,105,108,111,113,115,116,111,1.3,0.9,0
2001-04-26,108,108,110,113,114,115,111,2,1.8,0
2001-04-27,109,108,110,112,114,115,111,1.2,1.1,0
2001-04-28,116,110,110,112,113,114,112,1.6,1.4,0
2001-04-29,112,111,110,111,113,114,112,2.5,1.8,0
2001-04-30,110,110,110,111,112,113,111,3.1,2.6,0
2001-05-01,111,109,109,110,112,113,111,3.6,2.8,0
2001-05-02,105,107,108,110,111,112,109,3.6,2.3,0
2001-05-03,101,105,107,109,110,112,107,3.8,3,0
2001-05-04,97,103,106,108,110,111,106,2.6,1.5,0
2001-05-05,97,102,105,108,110,111,105,1.3,0.5,0
2001-05-06,105,102,105,107,109,111,107,1.2,1.1,0
2001-05-07,107,103,105,107,109,110,107,1.5,0.9,0
2001-05-08,104,103,104,107,109,110,106,3.2,2.2,0
2001-05-09,99,101,104,106,108,110,105,3.3,2.2,0
2001-05-10,95,99,103,105,107,109,103,3.7,2.6,0
2001-05-11,90,97,101,104,107,109,101,4.1,2.9,0
2001-05-12,85,94,100,104,106,108,99,3.9,2.6,0
2001-05-13,81,92,99,103,105,107,98,3.7,2.7,0
2001-05-14,77,89,97,102,105,107,96,3.6,2.9,0
2001-05-15,77,87,96,101,104,106,95,3.5,2.5,0
2001-05-16,75,85,94,100,104,106,94,3.3,2.1,0
2001-05-17,75,84,94,99,103,106,93,2.7,2,0
2001-05-18,74,83,93,99,103,105,93,2.2,1.4,0
2001-05-19,73,82,92,98,102,105,92,2.2,1.6,0
2001-05-20,71,81,91,98,102,104,91,3.3,2.3,0
2001-05-21,67,79,90,97,101,104,90,2.9,1.9,0
2001-05-22,65,77,89,96,101,103,88,2.9,1.8,0
2001-05-23,61,75,87,95,100,103,87,4,2.8,0
2001-05-24,57,73,86,94,99,102,85,4.3,3.3,0
2001-05-25,53,70,84,93,98,102,83,4,2.8,0
2001-05-26,49,67,82,92,97,101,81,3.9,3.1,0
2001-05-27,46,65,81,91,97,101,80,2.9,2,0
2001-05-28,44,64,80,90,96,100,79,2.2,1.5,0
2001-05-29,43,63,79,89,96,100,78,4.5,2.8,0
2001-05-30,40,60,77,88,95,99,77,4.2,2.7,0
2001-05-31,48,59,76,87,94,99,77,2.6,2.2,0
2001-06-01,69,59,76,87,94,98,80,1.6,1,0
2001-06-02,71,60,75,87,94,98,81,1.2,1.2,0
2001-06-03,79,62,75,86,93,98,82,1.9,2,0
2001-06-04,85,63,75,86,93,98,83,1.6,1,0
2001-06-05,82,64,75,86,93,97,83,2.5,1.5,0
2001-06-06,79,65,74,85,92,97,82,2.9,2.2,0
2001-06-07,79,65,74,85,92,97,82,2.6,1.8,0
2001-06-08,91,66,74,84,92,97,84,1.7,1.5,0
2001-06-09,88,67,74,84,91,96,83,3.5,2.4,0
2001-06-10,83,67,73,83,91,96,82,2.2,1.3,0
2001-06-11,80,68,73,83,90,96,82,2.8,2.3,0
2001-06-12,78,68,73,83,90,95,81,2.1,1.4,0
2001-06-13,74,67,73,82,90,95,80,3.4,2.5,0
2001-06-14,69,66,72,81,89,94,79,3.5,2.4,0
2001-06-15,65,64,71,81,88,94,77,3.7,2.7,0
2001-06-16,70,63,70,80,88,94,77,3.7,2.6,0
2001-06-17,69,62,70,80,87,93,77,2.9,2.1,0
2001-06-18,107,65,70,79,87,93,84,1.2,1.1,0
2001-06-19,112,73,70,79,87,93,86,1.4,0.8,0
2001-06-20,103,77,70,79,87,92,85,4,2.9,0
2001-06-21,95,77,70,78,86,92,83,4,2.5,0
2001-06-22,91,76,71,78,86,92,82,2.2,1.7,0
2001-06-23,89,77,71,78,86,92,82,1.6,0.8,0
2001-06-24,84,76,71,78,85,91,81,4.2,2.9,0
2001-06-25,78,74,71,77,85,91,79,4.3,3.1,0
2001-06-26,71,71,70,77,84,90,77,4.2,3,0
2001-06-27,66,68,69,76,84,90,75,4.2,3.1,0
2001-06-28,67,67,69,76,83,89,75,3,2.1,0
2001-06-29,63,65,68,75,83,89,74,3.7,2.5,0
2001-06-30,71,63,67,75,82,89,74,3.8,2.9,0
2001-07-01,103,65,67,74,82,88,80,2.8,1.8,0
2001-07-02,96,68,67,74,82,88,79,3.7,2.4,0
2001-07-03,88,67,66,73,81,88,77,4.4,3,0
2001-07-04,80,66,66,73,81,87,75,4.8,3.2,0
2001-07-05,73,64,65,72,80,87,73,5.2,3.6,0
2001-07-06,65,62,64,71,80,86,71,5.4,4.1,0
2001-07-07,58,59,63,71,79,86,69,4.8,3.1,0
2001-07-08,71,58,62,70,79,85,71,1.5,1.2,0
2001-07-09,117,84,63,70,78,85,83,1.3,1.1,0
2001-07-10,116,103,67,70,78,85,87,3.4,2.4,0
2001-07-11,111,101,70,70,78,85,86,3.9,2.8,0
2001-07-12,104,98,72,70,78,85,85,4.3,2.6,0
2001-07-13,98,95,73,71,78,84,83,3.8,2.5,0
2001-07-14,121,100,74,71,77,84,88,2.1,1.8,0
2001-07-15,119,112,79,71,77,84,90,1.9,1.5,0
2001-07-16,124,124,95,73,77,84,96,1.5,1.2,0
2001-07-17,118,119,107,76,78,84,97,2.5,1.6,0
2001-07-18,113,115,107,81,78,84,96,3,2.1,0
2001-07-19,112,112,106,84,78,83,96,3.2,2.3,0
2001-07-20,107,110,105,86,79,83,95,2.9,1.8,0
2001-07-21,102,106,103,87,79,83,94,4.1,2.6,0
2001-07-22,97,103,102,88,80,83,92,3.6,2.5,0
2001-07-23,93,100,100,88,80,83,91,3.7,2.7,0
2001-07-24,87,96,98,88,81,83,89,4.7,3.6,0
2001-07-25,81,93,95,88,81,83,87,4.4,3.1,0
2001-07-26,76,89,93,87,81,83,85,4.6,3.4,0
2001-07-27,70,85,91,87,81,83,83,4.8,3.6,0
2001-07-28,65,82,89,86,81,82,81,4.4,3.5,0
2001-07-29,60,78,86,85,81,82,79,4.4,3.1,0
2001-07-30,55,75,84,84,81,82,77,4.6,3.4,0
2001-07-31,51,72,82,83,81,82,75,4.3,2.8,0
2001-08-01,47,69,80,82,80,82,73,4,2.7,0
2001-08-02,44,66,78,81,80,82,72,4.9,3.5,0
2001-08-03,49,63,76,80,80,81,71,3.4,2.3,0
2001-08-04,70,62,75,79,80,81,75,2.3,1.9,0
2001-08-05,81,63,74,79,79,81,76,2.7,2.5,0
2001-08-06,82,64,74,78,79,81,76,1.5,0.8,0
2001-08-07,79,65,73,78,79,81,76,3.1,1.9,0
2001-08-08,75,64,72,77,79,81,75,4.2,2.7,0
2001-08-09,72,64,71,77,79,81,74,3.2,2.2,0
2001-08-10,74,64,71,76,79,81,74,2.4,1.9,0
2001-08-11,74,64,70,76,78,81,74,3,1.8,0
2001-08-12,70,63,69,75,78,81,73,3.5,2.1,0
2001-08-13,66,62,69,75,78,81,72,2.4,1.4,0
2001-08-14,62,61,68,74,78,81,70,4.4,3.2,0
2001-08-15,56,59,67,73,77,80,68,5.1,3.5,0
2001-08-16,50,56,65,72,76,80,66,5,3.7,0
2001-08-17,44,53,63,71,76,79,65,3.6,2.8,0
2001-08-18,40,51,62,70,75,79,63,3.7,2.3,0
2001-08-19,38,50,61,69,75,79,62,3.5,2.2,0
2001-08-20,38,48,60,69,74,78,61,2,1.7,0
2001-08-21,37,47,59,68,74,78,61,2.8,1.8,0
2001-08-22,34,46,58,67,73,78,59,3.2,2.3,0
2001-08-23,31,44,57,67,73,78,58,3.7,2.6,0
2001-08-24,28,42,56,66,72,77,57,3,2.4,0
2001-08-25,27,39,54,65,71,77,55,3.8,2.9,0
2001-08-26,102,41,53,64,71,76,68,3.8,3.1,0
2001-08-27,93,44,53,63,71,76,67,2.3,1.4,0
2001-08-28,86,47,52,63,70,76,66,2.8,1.8,0
2001-08-29,79,49,52,62,70,76,64,2.9,2.2,0
2001-08-30,72,49,52,62,69,75,63,3.4,2.4,0
2001-08-31,70,49,51,61,69,75,63,2.3,1.7,0
2001-09-01,67,49,51,61,69,75,62,1.6,1,0
2001-09-02,64,49,51,61,69,75,61,2.4,1.6,0
2001-09-03,65,49,51,61,68,75,62,1.3,1,0
2001-09-04,96,52,52,61,68,74,67,1.5,1.1,0
2001-09-05,112,56,52,60,68,74,71,1.5,1.3,0
2001-09-06,117,66,53,60,68,74,73,1.3,0.9,0
2001-09-07,111,73,54,60,68,74,73,1,0.8,0
2001-09-08,122,82,55,60,68,74,77,1.7,2.3,0
2001-09-09,121,92,58,61,68,74,79,1.4,1.4,0
2001-09-10,116,98,61,61,68,74,80,1.3,1.2,0
2001-09-11,112,99,64,61,68,74,80,1.3,0.7,0
2001-09-12,119,101,67,62,68,74,82,1.3,1.1,0
2001-09-13,118,105,71,62,68,74,83,1.5,1.4,0
2001-09-14,121,111,76,63,68,74,85,1.1,0.7,0
2001-09-15,117,112,81,64,68,74,86,1.1,0.8,0
2001-09-16,123,121,88,65,68,74,90,1.1,0.8,0
2001-09-17,123,125,107,68,68,74,94,1,0.7,0
2001-09-18,117,119,113,75,69,74,94,1.2,0.8,0
2001-09-19,113,115,111,81,69,74,94,2.4,1.5,0
2001-09-20,121,118,110,85,70,74,96,1.2,1.3,0
2001-09-21,120,120,113,89,71,74,98,1.2,1.2,0
2001-09-22,117,118,114,94,73,74,98,1.4,1.1,0
2001-09-23,113,115,113,97,74,74,98,1.7,1.3,0
2001-09-24,110,113,111,99,76,74,97,1.2,0.8,0
2001-09-25,108,111,110,100,78,75,97,1.3,1.1,0
2001-09-26,105,109,109,100,79,75,96,1.1,0.6,0
2001-09-27,114,109,108,100,81,75,98,1.1,1,0
2001-09-28,113,110,108,100,82,76,98,1,0.4,0
2001-09-29,110,110,108,100,83,76,98,1.4,1.2,0
2001-09-30,120,114,108,100,84,77,101,1.1,1,0
2001-10-01,122,120,112,101,85,77,103,1.3,1.1,0
2001-10-02,121,123,120,105,86,78,105,2.2,1.4,0
2001-10-03,123,125,125,121,107,80,113,1,0.8,0
2001-10-04,119,122,123,124,124,92,117,1.5,1.1,0
2001-10-05,115,118,120,121,121,103,116,1.1,0.6,0
2001-10-06,113,116,118,119,119,108,115,1.1,0.5,0
2001-10-07,111,115,117,118,117,110,114,1,0.3,0
2001-10-08,110,113,115,117,116,110,114,1.3,1,0
2001-10-09,109,112,114,115,115,111,113,1.9,1.3,0
2001-10-10,106,110,113,114,114,111,112,1.7,1,0
2001-10-11,105,109,112,113,114,111,111,1.3,0.5,0
2001-10-12,103,108,111,113,113,111,110,1.2,0.9,0
2001-10-13,102,107,110,112,112,110,109,1.1,0.8,0
2001-10-14,100,105,109,111,111,110,108,1.3,1,0
2001-10-15,99,104,108,110,111,110,107,0.8,0.4,0
2001-10-16,98,104,107,109,110,109,106,0.8,0.6,0
2001-10-17,97,103,107,109,110,109,106,0.8,0.6,0
2001-10-18,96,102,106,108,109,109,105,0.9,0.8,0
2001-10-19,95,101,105,108,109,108,104,1,0.7,0
2001-10-20,94,100,104,107,108,108,104,0.9,0.7,0
2001-10-21,96,100,104,106,108,107,103,0.6,0.1,0
2001-10-22,99,100,104,106,107,107,104,0.8,0.7,0
2001-10-23,99,100,103,106,107,107,104,0.6,0.4,0
2001-10-24,106,101,103,105,107,106,105,0.6,0.2,0
2001-10-25,109,102,103,105,106,106,105,0.6,0.4,0
2001-10-26,107,103,103,105,106,106,105,0.6,0.5,0
2001-10-27,107,104,103,105,106,106,105,0.6,0.2,0
2001-10-28,107,104,104,104,105,105,105,0.5,0.2,0
2001-10-29,106,105,104,104,105,105,105,0.8,0.4,0
2001-10-30,105,105,104,104,105,105,105,1.3,0.8,0
2001-10-31,103,104,104,104,105,105,104,1.6,0.9,0
2001-11-01,103,104,104,104,105,105,104,0.8,0.8,0
2001-11-02,102,103,104,104,105,105,104,0.5,0.3,0
2001-11-03,101,103,104,104,104,104,103,0.5,0.2,0
2001-11-04,101,103,103,104,104,104,103,0.5,0.4,0
2001-11-05,100,102,103,104,104,104,103,0.6,0.6,0
2001-11-06,101,102,103,104,104,104,103,0.7,0.3,0
2001-11-07,123,110,104,104,104,104,108,0.5,0.2,0
2001-11-08,126,127,121,108,104,104,115,0.5,0.3,0
2001-11-09,121,123,124,120,108,104,117,0.4,0.3,0
2001-11-10,117,120,121,121,114,106,116,0.1,0.1,0
2001-11-11,115,118,119,119,117,109,116,0.3,0.1,0
2001-11-12,114,116,118,118,117,112,116,0.3,0.1,0
2001-11-13,122,120,118,118,117,113,118,0.3,0.5,0
2001-11-14,117,119,119,118,117,115,117,0.3,0.1,0
2001-11-15,115,117,118,118,117,115,117,0.1,0.2,0
2001-11-16,113,116,117,118,117,116,116,0.3,0.1,0
2001-11-17,112,115,116,117,117,116,115,0.3,0,0
2001-11-18,111,114,115,116,117,116,115,0.3,0,0
2001-11-19,110,113,115,116,116,116,114,0.3,0,0
2001-11-20,111,112,114,115,116,115,114,0.2,0.1,0
2001-11-21,110,112,113,115,115,115,113,0.9,0.4,0
2001-11-22,119,115,113,114,115,115,115,0.6,0.5,0
2001-11-23,119,119,116,115,115,115,116,0.3,0.3,0
2001-11-24,116,118,117,116,115,115,116,0.3,0.1,0
2001-11-25,119,118,117,116,115,115,117,0.2,0,0
2001-11-26,124,123,120,117,116,115,119,0.3,0,0
2001-11-27,121,122,122,120,118,116,120,0.3,0,0
2001-11-28,123,123,123,122,120,117,121,0.3,0.3,0
2001-11-29,121,122,122,122,121,119,121,0.4,0.2,0
2001-11-30,122,124,124,123,122,121,123,0.5,0.3,0
2001-12-01,122,122,122,123,123,122,122,0.3,0.2,0
2001-12-02,123,125,125,124,123,123,124,0.2,0,0
2001-12-03,118,121,122,123,123,123,122,0.3,0.1,0
2001-12-04,118,119,120,121,122,123,121,0.4,0.2,0
2001-12-05,119,119,120,121,121,122,120,0.5,0.5,0
2001-12-06,123,122,121,121,121,121,121,0.6,0.5,0
2001-12-07,118,120,121,121,121,121,120,0,0,0
2001-12-08,116,118,120,120,121,121,119,0.2,0.1,0
2001-12-09,114,117,118,119,120,121,118,0.2,0,0
2001-12-10,113,115,117,118,119,120,117,0.2,0,5
2001-12-11,112,114,116,118,119,119,116,0.2,0,4
2001-12-12,112,114,115,117,118,119,116,0.2,0,0
2001-12-13,111,113,115,116,117,118,115,0.4,0.4,0
2001-12-14,110,112,114,116,117,118,114,0,0,12
2001-12-15,109,112,114,115,116,117,114,0.2,0,17
2001-12-16,108,111,113,115,116,117,113,0.3,0.1,17
2001-12-17,109,111,113,114,115,116,113,0.2,0,16
2001-12-18,111,111,112,114,115,116,113,0.2,0,16
2001-12-19,112,111,112,113,114,115,113,0.3,0.2,13
2001-12-20,115,113,112,113,114,115,114,0.3,0.4,11
2001-12-21,115,113,113,113,114,115,114,0.3,0.1,12
2001-12-22,123,123,117,114,114,114,118,0.2,0,11
2001-12-23,119,121,120,117,115,114,118,0.1,0.2,10
2001-12-24,116,118,119,118,116,115,117,0.6,0.4,9
2001-12-25,120,119,118,118,117,116,118,0.3,0.2,9
2001-12-26,120,121,120,119,118,117,119,0.4,0.2,8
2001-12-27,118,120,120,119,119,118,119,0.5,0.5,5
2001-12-28,122,121,120,119,119,118,120,0.7,0.8,0
2001-12-29,120,122,122,121,120,119,120,0.3,0,0
2001-12-30,123,124,125,125,123,121,123,0.3,0.2,0
2001-12-31,119,121,123,124,124,124,123,0.2,0.1,0
2002-01-01,119,121,123,124,124,125,122,0.4,0.1,0
2002-01-02,116,119,121,122,123,123,120,0.3,0,0
2002-01-03,114,117,119,120,121,122,119,0.2,0.2,2
2002-01-04,113,116,118,119,120,121,118,0,0,6
2002-01-05,112,115,117,118,119,120,117,0,0,11
2002-01-06,111,114,116,117,118,119,116,0.2,0,13
2002-01-07,114,114,115,117,118,119,116,0.2,0,13
2002-01-08,113,114,115,116,117,118,115,0.2,0.1,12
2002-01-09,111,113,115,116,117,117,115,0.2,0.1,11
2002-01-10,110,113,114,115,116,117,114,0.1,0.1,11
2002-01-11,109,112,114,115,116,117,114,0.1,0.1,12
2002-01-12,109,111,113,114,115,116,113,0.3,0.1,12
2002-01-13,109,111,113,114,115,116,113,0.2,0,11
2002-01-14,109,111,112,114,115,115,112,0.3,0.1,10
2002-01-15,108,110,112,113,114,115,112,0.2,0.1,11
2002-01-16,107,110,111,113,114,115,112,0.2,0,15
2002-01-17,107,109,111,112,114,114,111,0.3,0.1,16
2002-01-18,106,109,111,112,113,114,111,0.4,0.1,16
2002-01-19,106,108,110,112,113,114,111,0.3,0.1,15
2002-01-20,114,110,110,111,113,114,112,0.5,0.4,12
2002-01-21,119,114,111,111,112,113,113,0.4,0.2,0
2002-01-22,116,115,112,112,112,113,113,0.6,0.5,0
2002-01-23,116,115,113,112,112,113,114,0.9,0.7,0
2002-01-24,117,116,114,113,112,113,114,1,1,0
2002-01-25,122,120,116,114,113,113,116,0.6,0.6,0
2002-01-26,119,119,118,115,113,113,116,1.2,1.1,0
2002-01-27,125,125,125,123,118,114,122,0.7,0.9,0
2002-01-28,124,125,126,126,127,126,126,1.7,1.3,0
2002-01-29,119,122,123,124,125,125,123,1.3,0.6,0
2002-01-30,116,119,121,122,123,123,121,0.9,0.7,0
2002-01-31,114,117,119,120,121,122,119,1.3,0.5,0
2002-02-01,112,115,117,119,120,121,117,1.1,0.4,0
2002-02-02,110,114,116,118,119,120,116,1.4,0.7,0
2002-02-03,108,112,115,117,118,119,115,1.8,1,0
2002-02-04,106,111,114,116,117,118,114,2.2,0.5,0
2002-02-05,105,110,113,115,116,117,113,1.7,0.8,0
2002-02-06,105,109,112,114,116,117,112,0.9,0.8,0
2002-02-07,105,108,111,113,115,116,111,1,0.2,0
2002-02-08,105,108,111,113,114,116,111,0.7,0.5,0
2002-02-09,113,112,111,112,114,115,113,0.8,0.7,0
2002-02-10,124,125,121,115,114,115,119,0.8,0.8,0
2002-02-11,121,122,122,120,116,115,119,1,1.1,0
2002-02-12,123,124,123,122,119,117,121,1.7,1.5,0
2002-02-13,123,123,123,123,122,119,122,0.6,0.5,0
2002-02-14,118,121,122,122,122,121,121,0.8,0.2,0
2002-02-15,116,118,120,121,121,121,120,0.8,0.2,0
2002-02-16,113,117,118,120,120,121,118,0.7,0.4,0
2002-02-17,112,115,117,118,119,120,117,0.5,0.2,0
2002-02-18,111,114,116,118,119,119,116,0.6,0.1,0
2002-02-19,116,114,115,117,118,119,116,0.7,0.6,0
2002-02-20,125,123,119,117,117,118,120,0.7,0.9,0
2002-02-21,121,123,123,121,119,118,121,1.2,1,0
2002-02-22,119,120,121,121,121,120,120,1,0.6,0
2002-02-23,125,126,124,123,122,121,123,1.1,1.1,0
2002-02-24,123,124,124,124,124,123,124,0.8,0.9,0
2002-02-25,122,122,123,123,124,124,123,0.6,0.3,0
2002-02-26,125,126,126,125,125,124,125,1.7,1.9,0
2002-02-27,124,125,126,127,127,127,126,1.8,1.1,0
2002-02-28,118,121,123,124,124,125,122,1.6,0.5,0
2002-03-01,116,119,120,122,122,123,120,0.8,0.2,0
2002-03-02,114,117,119,120,121,122,119,0.7,0.5,0
2002-03-03,113,116,118,119,120,121,118,0.9,0.1,0
2002-03-04,112,115,117,118,119,120,117,0.8,0.2,0
2002-03-05,110,113,116,117,118,119,116,0.9,0.4,0
2002-03-06,109,112,115,116,117,118,115,0.9,0.2,0
2002-03-07,117,114,114,116,117,118,116,1.7,1.5,0
2002-03-08,116,116,115,115,116,117,116,1.4,0.7,0
2002-03-09,113,115,115,115,116,117,115,1.4,0.7,0
2002-03-10,111,113,114,115,116,116,114,2.4,1.2,0
2002-03-11,108,111,113,114,115,116,113,2.1,1.3,0
2002-03-12,106,110,112,114,115,116,112,1.1,0.6,0
2002-03-13,105,109,111,113,114,115,111,0.6,0.2,0
2002-03-14,118,111,111,113,114,115,114,0.8,0.5,0
2002-03-15,119,115,112,113,114,114,114,0.7,0.5,0
2002-03-16,115,115,113,113,113,114,114,0.9,0.3,0
2002-03-17,112,114,114,113,113,114,113,1.4,0.7,0
2002-03-18,109,112,113,113,113,114,112,2,1.2,0
2002-03-19,121,117,114,113,113,114,115,1.6,1.3,0
2002-03-20,120,119,116,114,113,114,116,1.4,1.4,0
2002-03-21,123,122,119,116,114,114,118,1.5,1.1,0
2002-03-22,124,124,123,119,116,114,120,1.3,1.3,0
2002-03-23,119,122,123,123,120,116,120,1,0.2,0
2002-03-24,116,119,120,121,121,119,119,1.1,0.1,0
2002-03-25,114,117,119,120,120,120,118,1,0,0
2002-03-26,113,116,118,119,119,119,117,1.2,0.2,0
2002-03-27,111,114,116,118,119,119,116,1.3,0.2,0
2002-03-28,110,113,115,117,118,118,115,1.8,0.9,0
2002-03-29,107,111,114,116,117,118,114,2.2,1.4,0
2002-03-30,104,109,113,115,116,117,112,1.7,1.2,0
2002-03-31,102,108,111,114,115,116,111,1.8,1.3,0
2002-04-01,100,106,110,113,114,116,110,2.1,1.6,0
2002-04-02,97,104,109,112,114,115,108,2.9,1.8,0
2002-04-03,94,102,107,111,113,114,107,3.8,1.9,0
2002-04-04,91,100,106,110,112,113,105,3.1,1.6,0
2002-04-05,89,99,105,109,111,113,104,2.9,1.2,0
2002-04-06,88,98,104,108,110,112,103,1.6,0.3,0
2002-04-07,87,97,104,107,110,112,103,2.1,1.1,0
2002-04-08,86,96,103,107,109,111,102,2.2,1,0
2002-04-09,84,95,102,106,109,111,101,2.2,1.2,0
2002-04-10,83,94,101,105,108,110,100,1.9,0.5,0
2002-04-11,83,93,100,105,108,110,100,1.6,0.5,0
2002-04-12,82,92,100,104,107,109,99,2.1,1.3,0
2002-04-13,86,91,99,104,107,109,99,1,0.4,0
2002-04-14,120,98,99,103,106,109,106,0.8,0.6,0
2002-04-15,123,114,101,103,106,108,109,0.9,0.7,0
2002-04-16,123,122,109,104,106,108,112,0.9,0.6,0
2002-04-17,119,119,115,106,106,108,112,1.3,0.9,0
2002-04-18,116,118,116,109,106,108,112,2.1,1.7,0
2002-04-19,121,122,118,111,107,108,114,1.7,1.3,0
2002-04-20,117,119,120,115,109,108,115,1.8,1.1,0
2002-04-21,113,116,117,116,111,108,114,2.2,1.4,0
2002-04-22,109,113,115,115,112,109,112,2.9,2.2,0
2002-04-23,105,111,113,114,113,110,111,2,1.1,0
2002-04-24,119,114,113,113,113,111,114,1,0.7,0
2002-04-25,117,117,115,113,113,111,114,2.3,1.5,0
2002-04-26,115,115,115,114,113,112,114,1.5,0.9,0
2002-04-27,122,119,116,114,113,112,116,1.7,1.9,0
2002-04-28,121,122,120,116,114,112,118,1.5,1.6,0
2002-04-29,122,122,121,119,116,113,119,2.4,2,0
2002-04-30,120,121,121,120,118,115,119,2.7,1.8,0
2002-05-01,115,118,119,120,119,116,118,2.4,1.4,0
2002-05-02,113,116,118,118,118,117,117,1.5,1.1,0
2002-05-03,125,122,120,120,119,118,120,0.9,0.8,0
2002-05-04,126,127,127,127,127,128,127,0.9,0.7,0
2002-05-05,122,124,125,126,126,127,125,1.2,0.8,0
2002-05-06,122,124,125,125,124,125,124,1,0.6,0
2002-05-07,119,122,124,124,125,125,123,2.6,1.9,0
2002-05-08,114,118,120,122,123,123,120,2.6,1.6,0
2002-05-09,110,115,118,120,121,122,117,3.3,2.4,0
2002-05-10,107,112,115,118,119,120,115,2.9,1.8,0
2002-05-11,123,124,125,125,125,125,125,1.7,1.2,0
2002-05-12,121,122,123,124,125,125,123,2,1.4,0
2002-05-13,117,120,121,122,123,124,121,3.1,2.1,0
2002-05-14,112,116,119,120,121,122,118,2.8,1.6,0
2002-05-15,109,114,117,119,120,121,116,2.8,2,0
2002-05-16,105,111,115,117,118,120,114,4,2.9,0
2002-05-17,100,108,112,115,117,118,112,3.9,2.8,0
2002-05-18,96,105,110,114,116,117,110,3.1,2.1,0
2002-05-19,94,103,109,112,115,116,108,2.1,1.4,0
2002-05-20,92,102,108,111,114,115,107,2.5,1.3,0
2002-05-21,89,100,106,110,113,115,105,3.9,2.4,0
2002-05-22,92,97,105,109,112,114,105,4.1,2.9,0
2002-05-23,119,101,104,108,111,113,109,1.2,0.9,0
2002-05-24,122,114,105,108,110,112,112,3,2.1,0
2002-05-25,114,115,108,108,110,112,111,2,1,0
2002-05-26,110,112,109,108,109,111,110,3.1,2,0
2002-05-27,107,109,109,108,109,111,109,2.3,1.5,0
2002-05-28,124,123,116,110,109,111,115,2.2,1.8,0
2002-05-29,118,120,121,115,111,110,116,2.9,2.2,0
2002-05-30,113,117,118,117,113,111,115,3.2,2.1,0
2002-05-31,109,113,116,116,114,112,113,3.2,2,0
2002-06-01,104,110,113,115,114,113,111,3.6,2.4,0
2002-06-02,100,107,111,113,113,113,110,4,2.9,0
2002-06-03,95,104,109,112,113,113,107,4.4,3.1,0
2002-06-04,90,101,107,110,112,112,105,4.2,3.1,0
2002-06-05,85,98,105,109,111,112,103,4.5,3,0
2002-06-06,85,96,104,108,110,111,102,2.8,2.1,0
2002-06-07,111,108,111,113,112,111,111,1.4,1.1,0
2002-06-08,123,125,126,127,127,122,125,1.7,1.1,0
2002-06-09,117,120,122,123,124,124,122,3.1,2,0
2002-06-10,120,121,120,121,122,123,121,2.1,1.6,0
2002-06-11,120,120,121,121,121,122,121,2.6,1.9,0
2002-06-12,118,120,120,120,121,121,120,1.9,1.3,0
2002-06-13,123,123,122,121,121,121,122,1.8,1.5,0
2002-06-14,117,120,121,121,121,121,120,3,1.8,0
2002-06-15,120,119,119,120,121,121,120,2.8,2.1,0
2002-06-16,114,117,118,119,120,120,118,3,2.1,0
2002-06-17,109,114,116,118,119,119,116,5,3.6,0
2002-06-18,102,109,114,116,117,118,113,5.6,4,0
2002-06-19,96,106,111,114,116,117,110,3.4,2,0
2002-06-20,105,105,110,113,115,116,110,3.1,2.1,0
2002-06-21,101,104,108,112,114,116,109,3,1.9,0
2002-06-22,97,102,107,111,113,115,107,3.5,2.4,0
2002-06-23,93,100,106,109,112,114,106,3.6,2.3,0
2002-06-24,89,98,104,108,111,113,104,3.8,2.5,0
2002-06-25,85,95,103,107,110,112,102,4,2.7,0
2002-06-26,80,93,101,106,109,111,100,4.2,2.9,0
2002-06-27,76,90,100,105,108,111,98,3.4,2.2,0
2002-06-28,74,89,98,104,108,110,97,2.9,1.7,0
2002-06-29,77,87,98,103,107,109,97,2.7,1.9,0
2002-06-30,74,86,96,103,106,109,96,3.9,2.4,0
2002-07-01,75,85,95,102,106,108,95,1.7,1.2,0
2002-07-02,80,85,95,101,105,108,96,2.6,2,0
2002-07-03,80,84,94,101,105,108,95,2.2,1.6,0
2002-07-04,84,84,94,100,104,107,96,2.5,1.6,0
2002-07-05,82,84,93,100,104,107,95,3,1.9,0
2002-07-06,79,83,92,99,103,106,94,2.9,1.8,0
2002-07-07,77,82,91,98,103,106,93,2.1,1.5,0
2002-07-08,73,80,90,98,102,105,91,5,3.7,0
2002-07-09,67,77,88,96,101,104,89,5.2,3.8,0
2002-07-10,78,75,87,95,100,104,90,3.1,2.4,0
2002-07-11,96,76,86,95,100,103,93,3.8,2.5,0
2002-07-12,90,76,85,94,99,103,91,3.5,2.4,0
2002-07-13,85,76,85,93,99,103,90,2.9,1.8,0
2002-07-14,95,77,84,93,98,102,92,1.4,1.1,0
2002-07-15,108,81,84,92,98,102,94,3.2,2.2,0
2002-07-16,101,82,84,92,98,101,93,3.4,2.1,0
2002-07-17,126,112,100,95,97,101,105,1.2,1.2,0
2002-07-18,124,125,126,126,108,102,118,1.3,1,0
2002-07-19,118,121,122,123,119,107,118,1.4,0.8,0
2002-07-20,113,117,119,120,120,112,117,4,2.8,0
2002-07-21,120,119,118,119,119,115,118,2.6,2.3,0
2002-07-22,118,120,120,119,118,116,119,2.2,1.1,0
2002-07-23,114,117,119,119,118,117,117,2.5,1.4,0
2002-07-24,112,115,117,118,118,117,116,2.2,1.8,0
2002-07-25,110,113,115,117,117,117,115,2.4,1.3,0
2002-07-26,118,114,114,116,116,116,116,1.2,0.8,0
2002-07-27,114,115,115,115,116,116,115,4,2.8,0
2002-07-28,107,111,113,114,115,115,113,4.5,3.2,0
2002-07-29,101,108,111,113,114,115,110,4.8,3.5,0
2002-07-30,94,104,109,112,113,114,108,4.7,3.5,0
2002-07-31,90,101,107,110,112,113,105,3.6,2.3,0
2002-08-01,102,100,106,109,111,113,107,1.6,1.3,0
2002-08-02,109,102,105,108,111,112,108,4,2.7,0
2002-08-03,103,101,104,107,110,111,106,3.3,2.3,0
2002-08-04,100,100,103,107,109,111,105,3.4,2.5,0
2002-08-05,102,99,102,106,108,110,105,2.6,1.8,0
2002-08-06,110,100,102,105,108,110,106,3,2.2,0
2002-08-07,108,100,101,105,107,109,105,1.4,0.8,0
2002-08-08,122,110,102,104,107,109,109,1.2,0.8,0
2002-08-09,118,119,108,105,107,108,111,3.2,2.3,0
2002-08-10,121,122,118,108,107,108,114,1.4,0.8,0
2002-08-11,121,123,124,119,110,108,117,1.4,1,0
2002-08-12,121,121,121,121,115,110,118,2,1.3,0
2002-08-13,116,119,120,120,118,112,117,3,1.8,0
2002-08-14,112,116,118,119,118,115,116,1.9,1.2,0
2002-08-15,108,113,116,117,117,116,114,3.7,2.5,0
2002-08-16,103,109,113,115,116,116,112,3.7,2.7,0
2002-08-17,99,107,111,114,115,115,110,3.1,2,0
2002-08-18,95,104,109,112,114,114,108,4,2.8,0
2002-08-19,90,101,107,111,113,114,106,4.1,3.2,0
2002-08-20,88,98,105,109,112,113,104,4,3,0
2002-08-21,96,97,104,108,111,112,104,3.1,2.2,0
2002-08-22,92,95,103,107,110,111,103,2.8,1.9,0
2002-08-23,90,94,102,106,109,111,102,2,1.3,0
2002-08-24,88,94,101,106,108,110,101,2.8,2.2,0
2002-08-25,85,92,100,105,108,110,100,2.5,1.8,0
2002-08-26,81,90,99,104,107,109,98,3.6,2.6,0
2002-08-27,77,88,97,103,106,108,97,3.4,2.5,0
2002-08-28,77,86,96,102,105,108,96,3.1,2.2,0
2002-08-29,75,85,95,101,105,107,95,2.8,1.8,0
2002-08-30,72,83,94,100,104,107,93,2.8,2,0
2002-08-31,70,82,93,100,104,106,92,2.5,1.5,0
2002-09-01,68,81,92,99,103,106,91,2.3,1.4,0
2002-09-02,66,79,91,98,102,105,90,3,2.1,0
2002-09-03,63,78,90,97,102,105,89,2.5,1.6,0
2002-09-04,61,76,89,96,101,104,88,2.6,1.9,0
2002-09-05,58,74,88,96,101,104,87,2.5,1.7,0
2002-09-06,56,73,86,95,100,103,86,2.5,1.9,0
2002-09-07,54,71,85,94,99,103,84,2.4,1.7,0
2002-09-08,66,70,84,93,99,102,86,3,2.3,0
2002-09-09,65,69,83,92,98,102,85,3.5,2.5,0
2002-09-10,75,69,82,92,98,101,86,1,0.6,0
2002-09-11,119,76,82,92,97,101,95,1,0.5,0
2002-09-12,110,84,83,91,97,101,94,2.5,1.8,0
2002-09-13,103,85,83,91,97,101,93,2.2,1.6,0
2002-09-14,99,86,83,90,96,100,92,1,0.5,0
2002-09-15,96,86,84,90,96,100,92,1.9,1.5,0
2002-09-16,93,86,84,90,96,100,91,1.5,1.1,0
2002-09-17,91,85,84,90,95,99,91,1.4,0.8,0
2002-09-18,89,85,84,90,95,99,90,1,0.5,0
2002-09-19,87,85,84,89,95,99,90,1.2,0.7,0
2002-09-20,86,85,85,89,95,99,90,1.2,0.6,0
2002-09-21,84,84,85,89,94,98,89,1,0.5,0
2002-09-22,91,84,85,89,94,98,90,1.1,0.9,0
2002-09-23,101,85,85,89,94,98,92,1,0.6,0
2002-09-24,98,86,85,89,94,98,92,1.7,1.1,0
2002-09-25,99,86,85,89,94,98,92,0.8,0.4,0
2002-09-26,113,90,86,89,94,97,95,0.8,0.5,0
2002-09-27,117,96,86,89,93,97,96,1.4,1.4,0
2002-09-28,112,99,87,89,93,97,96,0.8,0.4,0
2002-09-29,108,100,88,89,93,97,96,0.8,0.4,0
2002-09-30,106,100,89,89,93,97,96,1.2,1,0
2002-10-01,102,99,90,89,93,97,95,1.4,1.2,0
2002-10-02,99,98,90,90,93,96,94,1.2,1,0
2002-10-03,102,97,91,90,93,96,95,0.7,0.5,0
2002-10-04,109,98,91,90,93,96,96,1.4,1.1,0
2002-10-05,113,100,92,90,93,96,97,0.8,0.4,0
2002-10-06,126,123,100,91,93,96,105,0.6,0.5,0
2002-10-07,124,124,120,97,93,96,109,0.5,0.2,0
2002-10-08,120,122,121,107,94,96,110,0.8,0.7,0
2002-10-09,116,119,119,112,97,96,110,1.1,0.4,0
2002-10-10,113,116,117,113,101,97,109,1.4,0.6,0
2002-10-11,111,114,115,113,103,97,109,1.6,0.5,0
2002-10-12,110,113,114,113,105,98,109,1,0.1,0
2002-10-13,109,112,113,113,107,99,109,0.6,0.1,0
2002-10-14,108,111,112,112,108,100,108,1.2,0.5,0
2002-10-15,107,110,111,111,108,102,108,0.8,0.5,0
2002-10-16,113,110,111,111,109,103,109,0.9,0.6,0
2002-10-17,121,115,111,111,109,104,112,0.9,1,0
2002-10-18,117,117,113,111,109,104,112,0.9,0.5,0
2002-10-19,122,121,116,112,109,105,114,0.8,0.7,0
2002-10-20,117,119,118,114,110,106,114,0.7,0.2,0
2002-10-21,118,118,118,116,112,107,115,0.7,0.4,0
2002-10-22,119,119,118,116,113,108,115,0.8,0.8,0
2002-10-23,123,123,120,117,114,109,118,1.2,1.3,0
2002-10-24,119,121,121,120,116,111,118,1,0.9,0
2002-10-25,119,119,120,120,118,113,118,0.8,0.3,0
2002-10-26,121,121,121,120,118,115,119,1.8,1.4,0
2002-10-27,124,125,124,123,120,117,122,1.5,2,0
2002-10-28,122,124,125,126,126,123,124,1.4,1.5,0
2002-10-29,117,120,122,123,124,124,122,0.7,0.4,0
2002-10-30,118,119,120,121,122,122,120,0.4,0.7,0
2002-10-31,115,118,119,120,121,121,119,0.4,0,0
2002-11-01,114,116,118,119,120,120,118,0.4,0.1,0
2002-11-02,125,125,123,121,120,120,122,0.4,0.3,0
2002-11-03,125,126,126,126,126,123,125,0.4,0.4,0
2002-11-04,124,125,126,126,126,127,126,0.4,0.2,0
2002-11-05,120,123,124,125,125,126,124,0.6,0.5,0
2002-11-06,117,120,121,122,123,124,121,0.5,0,0
2002-11-07,119,120,120,121,122,123,121,0.3,0,0
2002-11-08,123,124,123,122,122,122,123,0.7,0.6,0
2002-11-09,124,125,126,125,125,124,125,0.8,0.8,0
2002-11-10,119,121,123,124,124,125,122,0.5,0.2,0
2002-11-11,124,125,125,125,124,124,125,0.4,0.5,0
2002-11-12,121,123,124,125,125,125,124,0.6,0.5,0
2002-11-13,117,120,122,123,123,124,121,1,0.3,0
2002-11-14,115,118,120,121,122,123,120,0.6,0.4,0
2002-11-15,115,117,118,120,121,121,119,0.4,0,0
2002-11-16,117,116,118,119,120,120,118,0.3,0,0
2002-11-17,123,123,120,119,119,120,121,0.6,0.2,0
2002-11-18,118,120,121,121,120,120,120,0,0.2,0
2002-11-19,116,118,120,120,120,120,119,0.4,0.1,0
2002-11-20,114,117,118,119,120,120,118,0.4,0,0
2002-11-21,113,115,117,118,119,120,117,0.3,0,0
2002-11-22,112,114,116,117,118,119,116,0.2,0,0
2002-11-23,115,115,116,117,118,118,116,0.2,0.1,0
2002-11-24,113,114,115,116,117,118,116,0.3,0,0
2002-11-25,111,114,115,116,117,117,115,0.4,0.1,0
2002-11-26,110,113,114,115,116,117,114,0.5,0.2,0
2002-11-27,109,112,114,115,116,117,114,0.3,0.2,0
2002-11-28,108,111,113,114,115,116,113,0.5,0.2,0
2002-11-29,117,113,113,114,115,116,115,0.3,0,0
2002-11-30,125,126,126,124,120,117,123,0.3,0.1,0
2002-12-01,119,122,123,124,124,123,123,0.4,0.3,0
2002-12-02,123,123,123,123,123,123,123,0.4,0.3,0
2002-12-03,118,121,122,122,123,123,121,0.4,0.2,0
2002-12-04,116,119,120,121,122,122,120,0.3,0,0
2002-12-05,118,118,119,120,121,121,119,0.3,0.1,0
2002-12-06,116,118,119,119,120,121,119,0.5,0.2,0
2002-12-07,114,116,118,119,119,120,118,0.5,0.2,2
2002-12-08,113,115,117,118,119,119,117,0.5,0,10
2002-12-09,111,114,116,117,118,119,116,0.4,0,17
2002-12-10,110,113,115,117,118,118,115,0.2,0,24
2002-12-11,110,113,114,116,117,118,114,0.2,0,27
2002-12-12,109,112,114,115,116,117,114,0.2,0,30
2002-12-13,108,111,113,115,116,117,113,0.3,0,33
2002-12-14,108,111,113,114,115,116,113,0.4,0,35
2002-12-15,107,110,112,114,115,116,112,0.4,0.1,35
2002-12-16,111,110,112,113,114,115,113,0.3,0.2,35
2002-12-17,118,113,112,113,114,115,114,0.3,0.1,34
2002-12-18,114,114,113,113,114,115,114,0.1,0.2,32
2002-12-19,112,113,113,113,114,114,113,0.2,0.1,31
2002-12-20,111,113,113,113,114,114,113,0.3,0,30
2002-12-21,110,112,113,113,113,114,112,0.2,0,28
2002-12-22,117,116,113,113,113,114,114,0.3,0.2,27
2002-12-23,122,124,123,117,114,114,119,0.3,0.2,26
2002-12-24,122,122,122,121,117,115,120,0.3,0.3,25
2002-12-25,120,122,122,122,120,117,120,0.3,0.1,22
2002-12-26,118,119,120,121,121,119,120,0.4,0.2,21
2002-12-27,118,119,120,120,120,120,120,0.4,0.1,19
2002-12-28,116,118,119,120,120,120,119,0.4,0.1,0
2002-12-29,116,117,118,119,119,120,118,0.3,0.4,0
2002-12-30,127,127,126,125,125,124,125,0.2,0,0
2002-12-31,124,125,126,127,127,127,126,0.3,0.5,0
2003-01-01,109,109,109,107,95,74,101,0.5,0.2,0
2003-01-02,120,112,109,107,95,76,103,0.6,0.4,0
2003-01-03,127,126,119,109,96,76,109,0.4,0.4,0
2003-01-04,122,124,125,124,103,78,113,0.5,0.3,0
2003-01-05,118,120,122,122,112,82,113,0.3,0.2,5
2003-01-06,116,118,120,120,114,88,113,0.3,0.3,6
2003-01-07,115,117,118,118,114,93,112,0.1,0.2,13
2003-01-08,113,116,117,117,114,96,112,0.1,0.1,22
2003-01-09,112,115,116,116,113,99,112,0,0.1,27
2003-01-10,111,114,115,115,113,100,111,0.3,0,32
2003-01-11,110,113,114,115,113,102,111,0.2,0,35
2003-01-12,109,112,113,114,112,102,110,0.3,0.1,38
2003-01-13,114,112,113,113,112,103,111,0.3,0.2,39
2003-01-14,121,117,114,113,112,103,113,0.2,0,39
2003-01-15,116,117,115,113,112,103,113,0.7,0.4,38
2003-01-16,114,116,116,114,112,104,112,0.5,0.1,37
2003-01-17,112,114,115,114,112,104,112,0.3,0,36
2003-01-18,111,113,114,114,112,105,112,0.4,0,35
2003-01-19,110,112,114,114,112,105,111,0.6,0.1,34
2003-01-20,109,112,113,113,112,106,111,0.8,0.3,33
2003-01-21,108,111,112,113,112,106,110,0.8,0.2,31
2003-01-22,107,110,112,112,111,107,110,0.6,0.2,28
2003-01-23,115,111,111,112,111,107,111,0.3,0.1,0
2003-01-24,120,117,113,112,111,107,113,0.6,0.3,0
2003-01-25,115,116,114,112,111,107,113,0.3,0.2,0
2003-01-26,113,115,115,113,111,107,112,0.4,0.3,0
2003-01-27,113,114,114,113,111,108,112,0.3,0.1,0
2003-01-28,120,116,114,113,112,108,114,0.8,1,0
2003-01-29,125,125,120,115,112,109,117,0.4,0.2,0
2003-01-30,122,124,125,122,115,109,120,0.5,0.4,0
2003-01-31,118,121,122,122,120,113,119,0.4,0.4,4
2003-02-01,116,119,120,121,120,116,119,0.3,0.5,6
2003-02-02,114,117,119,119,120,117,118,0.6,0.1,8
2003-02-03,116,116,118,118,119,117,117,0.5,0.5,8
2003-02-04,116,117,117,118,118,117,117,0.5,0.5,0
2003-02-05,119,117,117,117,117,117,117,0.3,0.2,0
2003-02-06,123,124,122,119,118,116,120,0.5,0.3,0
2003-02-07,118,120,121,121,120,117,120,0.4,0.1,0
2003-02-08,117,119,120,120,120,119,119,0.3,0.1,0
2003-02-09,115,117,119,119,120,119,118,0.4,0.4,0
2003-02-10,113,116,117,118,119,119,117,0.4,0.1,0
2003-02-11,112,115,116,118,118,118,116,0.4,0,7
2003-02-12,111,114,116,117,118,118,115,0.6,0,13
2003-02-13,110,113,115,116,117,117,115,0.5,0,17
2003-02-14,109,112,114,115,116,117,114,0.4,0,21
2003-02-15,109,111,113,115,116,116,113,0.4,0,24
2003-02-16,108,111,113,114,115,116,113,0.7,0,25
2003-02-17,107,110,112,114,115,115,112,0.4,0,27
2003-02-18,107,110,112,113,114,115,112,0.4,0.1,29
2003-02-19,106,109,111,113,114,114,111,0.5,0,31
2003-02-20,106,109,111,112,113,114,111,0.5,0,32
2003-02-21,105,108,110,112,113,114,110,0.6,0,33
2003-02-22,105,108,110,112,113,113,110,0.7,0,33
2003-02-23,104,107,110,111,112,113,110,1,0.2,33
2003-02-24,104,107,109,111,112,113,109,0.7,0.4,33
2003-02-25,103,106,109,110,111,112,108,0.9,0.5,32
2003-02-26,102,105,108,110,111,112,108,0.8,0.5,31
2003-02-27,100,105,107,109,111,112,107,0.7,0.7,31
2003-02-28,100,104,107,109,110,111,107,0.8,0.3,30
2003-03-01,99,103,106,108,110,111,106,0.6,0.1,29
2003-03-02,108,104,106,108,110,111,108,0.5,0.3,0
2003-03-03,114,106,106,108,109,110,109,0.4,0.2,0
2003-03-04,112,108,107,108,109,110,109,0.6,0.3,0
2003-03-05,110,109,107,108,109,110,109,0.9,0.3,0
2003-03-06,114,110,108,108,109,110,110,0.8,0.2,0
2003-03-07,121,120,111,108,109,109,113,1.1,0.8,0
2003-03-08,116,117,114,110,109,109,113,1.7,0.4,0
2003-03-09,113,115,115,111,109,109,112,1.1,0.5,0
2003-03-10,111,113,114,112,110,109,112,1.4,0.9,0
2003-03-11,113,113,113,112,111,110,112,1,1,0
2003-03-12,123,121,116,113,111,110,116,0.9,0.7,0
2003-03-13,118,119,118,115,112,110,115,1.6,0.8,0
2003-03-14,115,117,118,116,113,111,115,1.2,0.1,0
2003-03-15,113,115,117,116,114,112,114,1,0.2,0
2003-03-16,111,114,115,116,115,113,114,1,0.5,0
2003-03-17,110,113,114,115,115,113,113,0.8,0.1,0
2003-03-18,108,112,114,114,114,113,113,1.1,0.6,0
2003-03-19,107,110,113,114,114,113,112,1.5,0.8,0
2003-03-20,106,109,112,113,114,113,111,0.9,0,0
2003-03-21,105,109,111,113,113,113,111,1.7,0.3,0
2003-03-22,104,108,110,112,113,113,110,2.1,0.7,0
2003-03-23,102,106,109,111,112,113,109,2.1,1.5,0
2003-03-24,99,105,108,110,112,112,108,2.3,1.7,0
2003-03-25,96,103,107,109,111,112,106,2.2,1.4,0
2003-03-26,94,101,106,109,110,111,105,2.1,1.4,0
2003-03-27,93,100,105,108,110,111,104,1.7,1.3,0
2003-03-28,92,99,104,107,109,110,104,1.9,1.4,0
2003-03-29,89,97,103,107,109,110,102,1.8,1.2,0
2003-03-30,88,96,102,106,108,109,102,2.3,1.8,0
2003-03-31,87,95,101,105,108,109,101,1.8,1,0
2003-04-01,85,94,101,104,107,109,100,3,1.9,0
2003-04-02,92,93,100,104,106,108,101,1.5,1.3,0
2003-04-03,95,94,99,104,106,108,101,1.2,1.1,0
2003-04-04,95,94,99,103,106,108,101,2,1.1,0
2003-04-05,93,94,99,103,105,107,100,1.8,0.4,0
2003-04-06,92,94,98,102,105,107,100,2.2,0.2,0
2003-04-07,92,94,98,102,105,107,100,1.9,0,0
2003-04-08,92,94,98,102,105,106,99,1.5,0,0
2003-04-09,92,94,98,102,104,106,99,1.7,0.2,0
2003-04-10,91,94,98,101,104,106,99,1.3,0.4,0
2003-04-11,91,94,98,101,104,106,99,1.6,0.5,0
2003-04-12,89,93,97,101,103,105,98,2.4,1.5,0
2003-04-13,86,92,96,100,103,105,97,3,2,0
2003-04-14,82,90,95,100,102,104,96,4,2.3,0
2003-04-15,78,87,94,99,102,104,94,4.6,2.8,0
2003-04-16,73,85,93,98,101,104,92,4.3,2.7,0
2003-04-17,69,82,91,97,101,103,91,4.1,2.6,0
2003-04-18,66,80,90,96,100,103,89,2.9,1.4,0
2003-04-19,85,82,90,96,100,102,92,1,0.7,0
2003-04-20,120,102,90,95,99,102,102,2.5,1.8,0
2003-04-21,111,104,92,95,99,102,100,3.1,2,0
2003-04-22,105,103,92,95,99,101,99,3,2.1,0
2003-04-23,100,100,93,95,98,101,98,3.2,2.2,0
2003-04-24,95,98,93,94,98,101,96,3.4,2.5,0
2003-04-25,91,95,92,94,97,100,95,3.3,2,0
2003-04-26,89,94,92,94,97,100,94,2.5,1.5,0
2003-04-27,88,92,92,94,97,100,94,2.6,1.6,0
2003-04-28,86,91,92,94,97,100,93,2.6,1.5,0
2003-04-29,87,90,91,93,96,99,93,2.7,2.2,0
2003-04-30,90,89,91,93,96,99,93,1.6,1.3,0
2003-05-01,90,89,91,93,96,99,93,2.9,2.4,0
2003-05-02,86,88,90,93,96,99,92,3.7,2.4,0
2003-05-03,83,86,89,92,96,98,91,3.1,1.8,0
2003-05-04,79,84,88,92,95,98,89,4.4,3.1,0
2003-05-05,73,81,87,91,95,98,87,5,3.4,0
2003-05-06,69,79,86,90,94,97,86,1.9,1,0
2003-05-07,67,78,85,90,94,97,85,3.5,2.4,0
2003-05-08,63,75,84,89,93,97,84,3.7,2.6,0
2003-05-09,69,74,83,89,93,96,84,2.1,1.7,0
2003-05-10,77,74,82,88,93,96,85,1.9,1.4,0
2003-05-11,75,74,82,88,92,96,84,2.9,2.1,0
2003-05-12,75,73,81,87,92,96,84,3,2.3,0
2003-05-13,93,73,81,87,92,95,87,2.1,1.6,0
2003-05-14,93,74,80,87,92,95,87,2.4,1.7,0
2003-05-15,92,75,80,86,91,95,87,2.3,1.7,0
2003-05-16,88,75,80,86,91,95,86,2.9,1.9,0
2003-05-17,83,75,79,86,91,94,85,2.4,1.4,0
2003-05-18,83,75,79,85,90,94,84,2.5,1.9,0
2003-05-19,99,76,79,85,90,94,87,1.7,1.4,0
2003-05-20,102,78,79,85,90,94,88,3.5,2.3,0
2003-05-21,99,79,79,84,90,94,87,2.4,1.7,0
2003-05-22,100,80,79,84,89,93,88,1.3,0.7,0
2003-05-23,96,81,79,84,89,93,87,2.7,1.9,0
2003-05-24,90,80,79,84,89,93,86,4.4,3.3,0
2003-05-25,85,79,78,83,88,93,84,2.7,1.8,0
2003-05-26,81,78,78,83,88,92,83,2.8,1.7,0
2003-05-27,78,77,78,82,88,92,82,2.7,1.8,0
2003-05-28,74,75,77,82,87,92,81,3.8,2.5,0
2003-05-29,69,73,76,81,87,91,79,4.6,3.2,0
2003-05-30,63,70,75,81,86,91,78,4.6,3.4,0
2003-05-31,91,71,74,80,86,90,82,3.4,2.3,0
2003-06-01,115,82,74,80,85,90,88,4.3,2.9,0
2003-06-02,103,84,74,79,85,90,86,4.9,3.6,0
2003-06-03,95,83,74,79,85,89,84,3,2,0
2003-06-04,88,81,74,78,84,89,82,5,3.7,0
2003-06-05,83,78,73,78,84,89,81,4.2,2.9,0
2003-06-06,103,78,73,77,83,88,84,4.4,3.2,0
2003-06-07,94,77,72,77,83,88,82,4.1,2.8,0
2003-06-08,99,80,72,76,82,88,83,4.5,3.2,0
2003-06-09,118,99,73,76,82,87,89,4.3,3.1,0
2003-06-10,111,98,74,76,82,87,88,4.4,3.4,0
2003-06-11,118,103,76,76,81,87,90,4,2.8,0
2003-06-12,108,102,78,76,81,86,88,4.6,3.2,0
2003-06-13,102,98,79,76,81,86,87,4.2,3.1,0
2003-06-14,95,95,79,76,80,86,85,3.5,2.4,0
2003-06-15,90,92,79,76,80,85,84,4.3,3.1,0
2003-06-16,84,88,79,76,80,85,82,4.1,3,0
2003-06-17,78,85,78,75,79,85,80,4.5,3.4,0
2003-06-18,91,82,77,75,79,84,82,2.5,1.8,0
2003-06-19,91,82,77,75,79,84,81,3.1,1.8,0
2003-06-20,95,81,77,75,79,84,82,3.7,2.5,0
2003-06-21,90,80,76,75,79,84,81,3.3,2.1,0
2003-06-22,85,79,76,75,79,84,79,3.2,2.3,0
2003-06-23,79,77,75,75,78,83,78,4.8,3.3,0
2003-06-24,74,75,74,75,78,83,76,4,2.6,0
2003-06-25,68,72,73,74,78,83,75,4.1,2.7,0
2003-06-26,63,70,72,74,78,82,73,4,2.7,0
2003-06-27,58,67,71,73,77,82,71,4.9,3.5,0
2003-06-28,53,64,69,72,77,82,70,3.1,2.1,0
2003-06-29,49,62,68,72,76,81,68,4.6,3.3,0
2003-06-30,46,59,67,71,76,81,67,3.3,2.3,0
2003-07-01,54,57,66,71,76,81,67,2.9,1.9,0
2003-07-02,53,57,65,70,75,81,67,3.5,2.6,0
2003-07-03,60,56,64,70,75,80,68,2.8,2.2,0
2003-07-04,63,56,64,70,75,80,68,2.7,1.4,0
2003-07-05,62,56,63,69,75,80,68,1.5,1.1,0
2003-07-06,61,56,63,69,75,80,67,1.8,0.9,0
2003-07-07,58,55,63,69,74,80,67,2.5,1.7,0
2003-07-08,54,54,62,68,74,79,65,3.5,2.5,0
2003-07-09,50,53,61,68,74,79,64,3,2,0
2003-07-10,46,51,60,67,73,79,63,3.9,2.7,0
2003-07-11,41,49,58,66,73,78,61,4.6,3.5,0
2003-07-12,37,46,57,65,72,78,59,3.6,2.2,0
2003-07-13,33,44,56,65,72,78,58,4,2.7,0
2003-07-14,29,42,54,64,71,77,56,4.9,3.6,0
2003-07-15,24,39,52,62,70,76,54,5.6,4.2,0
2003-07-16,22,35,50,61,69,75,52,5.6,4.3,0
2003-07-17,42,33,48,59,68,75,54,4.6,3.5,0
2003-07-18,40,32,47,59,67,74,53,3.9,2.9,0
2003-07-19,35,31,46,58,67,74,51,5.2,3.7,0
2003-07-20,28,29,44,56,66,73,49,6,4.3,0
2003-07-21,41,27,42,55,65,72,51,3.3,2.4,0
2003-07-22,50,28,42,55,64,72,52,3.9,2.9,0
2003-07-23,53,28,41,54,64,72,52,3.1,2.3,0
2003-07-24,56,29,41,54,64,72,53,3,2.3,0
2003-07-25,65,30,40,53,63,71,54,3.7,2.7,0
2003-07-26,63,32,40,53,63,71,54,2.5,1.7,0
2003-07-27,76,33,40,53,63,71,56,3.4,2.6,0
2003-07-28,73,35,40,52,62,71,55,2.7,1.8,0
2003-07-29,72,37,40,52,62,70,55,4.1,3.1,0
2003-07-30,63,37,39,51,62,70,54,3.8,2.8,0
2003-07-31,57,37,39,51,61,70,52,3.4,2.3,0
2003-08-01,50,36,38,50,61,69,51,4.6,3.5,0
2003-08-02,42,34,38,49,60,69,49,4.7,3.6,0
2003-08-03,35,32,37,49,59,68,47,4.7,3.5,0
2003-08-04,29,30,35,48,59,67,45,5,3.8,0
2003-08-05,23,27,34,46,58,67,43,5.2,3.8,0
2003-08-06,18,25,33,45,57,66,41,5,3.6,0
2003-08-07,14,22,31,44,56,65,39,5.1,2.7,0
2003-08-08,12,21,30,43,55,65,38,5.7,1.7,0
2003-08-09,11,20,30,43,55,64,37,5.9,1.2,0
2003-08-10,10,19,29,42,54,64,36,6.7,1.4,0
2003-08-11,8,18,28,42,53,63,35,6.6,2.4,0
2003-08-12,7,16,28,41,53,63,35,5.2,1.1,0
2003-08-13,6,15,27,40,52,62,34,6.2,1.8,0
2003-08-14,6,15,26,40,52,62,33,3.7,1.5,0
2003-08-15,6,14,26,39,51,61,33,3.8,1,0
2003-08-16,5,13,25,39,51,61,32,3.9,1.3,0
2003-08-17,4,13,25,38,50,60,32,4.8,1.4,0
2003-08-18,7,12,24,38,50,60,32,3.5,1.7,0
2003-08-19,7,12,24,37,50,60,31,3.7,1,0
2003-08-20,6,11,23,37,49,59,31,3.7,1.1,0
2003-08-21,5,11,23,36,49,59,30,3.4,1.2,0
2003-08-22,5,10,22,36,48,59,30,4.3,0.9,0
2003-08-23,5,10,22,36,48,58,30,2,0.5,0
2003-08-24,5,10,22,35,48,58,30,1.9,0.7,0
2003-08-25,5,10,22,35,48,58,30,3.4,0.7,0
2003-08-26,4,10,21,35,47,58,29,3.7,0.9,0
2003-08-27,4,9,21,35,47,57,29,2.6,0.3,0
2003-08-28,4,9,21,34,47,57,29,2.7,0.6,0
2003-08-29,20,9,21,34,47,57,31,2,1.5,0
2003-08-30,22,10,21,34,46,57,32,2.7,1.2,0
2003-08-31,21,10,21,34,46,57,31,2,1.3,0
2003-09-01,22,10,21,34,46,56,31,1.7,0.5,0
2003-09-02,21,11,20,34,46,56,31,2.1,1.2,0
2003-09-03,19,11,20,33,46,56,31,2.5,1.3,0
2003-09-04,17,11,20,33,45,56,30,1.9,0.8,0
2003-09-05,16,11,20,33,45,55,30,3,1.3,0
2003-09-06,14,10,19,32,45,55,29,3.2,1.3,0
2003-09-07,20,10,19,32,44,55,30,1.6,1,0
2003-09-08,24,11,19,32,44,55,31,0.8,0.6,0
2003-09-09,24,11,19,32,44,55,31,1.9,1.4,0
2003-09-10,32,12,19,32,44,54,32,1.8,1.2,0
2003-09-11,86,13,19,32,44,54,41,0.8,0.9,0
2003-09-12,107,17,19,32,44,54,46,1.8,1.5,0
2003-09-13,99,21,20,32,44,54,45,2.2,1.4,0
2003-09-14,90,25,20,32,44,54,44,2.1,1.4,0
2003-09-15,83,28,20,32,44,54,43,1.9,1.6,0
2003-09-16,75,30,20,32,43,54,42,2.2,1.8,0
2003-09-17,68,31,21,31,43,54,41,2.2,1.7,0
2003-09-18,61,32,21,31,43,53,40,2.7,2.3,0
2003-09-19,54,31,21,31,43,53,39,3,2.3,0
2003-09-20,48,31,21,31,42,53,38,2.8,2.4,0
2003-09-21,42,29,21,30,42,53,36,3.1,2.3,0
2003-09-22,37,28,21,30,42,52,35,3.8,2.5,0
2003-09-23,50,27,21,30,42,52,37,1.7,1.2,0
2003-09-24,56,28,22,30,42,52,38,1.4,1.2,0
2003-09-25,52,29,22,30,41,52,38,2,1.5,0
2003-09-26,47,29,22,30,41,52,37,2.4,1.8,0
2003-09-27,44,28,22,30,41,51,36,1.1,0.5,0
2003-09-28,44,29,23,30,41,51,36,0.7,0.3,0
2003-09-29,53,29,23,30,41,51,38,0.8,0.5,0
2003-09-30,54,30,23,30,41,51,38,1.2,1.1,0
2003-10-01,51,30,23,30,41,51,38,1.1,0.9,0
2003-10-02,55,31,24,30,41,51,39,0.8,0.4,0
2003-10-03,56,32,24,30,41,51,39,0.7,0.4,0
2003-10-04,77,33,25,30,41,51,43,1.2,1,0
2003-10-05,77,36,25,31,41,51,43,0.9,0.6,0
2003-10-06,75,38,25,31,41,51,43,1,1,0
2003-10-07,90,40,26,31,41,51,46,0.9,1.2,0
2003-10-08,108,44,27,31,41,51,50,0.8,0.7,0
2003-10-09,116,52,28,31,41,51,53,1.3,1.3,0
2003-10-10,109,58,29,31,41,51,53,1,0.7,0
2003-10-11,103,62,31,32,41,51,53,1.3,0.7,0
2003-10-12,97,63,32,32,41,51,53,0.9,0.7,0
2003-10-13,93,64,34,32,41,51,52,0.7,0.7,0
2003-10-14,89,64,35,32,41,51,52,0.8,0.4,0
2003-10-15,86,64,37,33,41,51,52,0.7,0.4,0
2003-10-16,84,63,38,33,41,51,52,0.6,0.5,0
2003-10-17,82,63,39,34,41,51,51,0.7,0.4,0
2003-10-18,80,62,40,34,41,51,51,0.7,0.5,0
2003-10-19,78,62,40,34,41,51,51,0.5,0.2,0
2003-10-20,77,62,41,35,41,51,51,0.5,0,0
2003-10-21,84,62,42,35,42,51,52,0.4,0.1,0
2003-10-22,106,64,43,36,42,51,57,0.6,0.4,0
2003-10-23,104,68,44,36,42,51,57,0.5,0.4,0
2003-10-24,100,71,45,37,42,51,57,0.4,0.1,0
2003-10-25,98,72,46,37,42,51,57,0.7,0.1,0
2003-10-26,98,72,47,38,42,51,58,0.5,0.4,0
2003-10-27,109,76,48,38,42,51,61,0.4,0.1,0
2003-10-28,105,78,49,39,42,51,61,0.4,0.5,0
2003-10-29,101,79,51,39,43,51,61,0.6,0.3,0
2003-10-30,99,80,52,40,43,51,61,0.5,0.2,0
2003-10-31,98,80,53,40,43,51,61,0.7,0.4,0
2003-11-01,96,79,54,41,43,51,61,0.8,0.6,0
2003-11-02,94,79,55,41,43,51,61,1,0.5,0
2003-11-03,97,78,56,42,44,51,61,1.3,0.9,0
2003-11-04,116,83,57,42,44,51,66,0.6,0.8,0
2003-11-05,110,87,58,43,44,51,65,0.4,0.4,0
2003-11-06,105,88,60,44,44,51,65,0.6,0.5,0
2003-11-07,103,88,61,44,44,51,65,0.6,0.1,0
2003-11-08,101,88,62,45,45,51,65,0.9,0.1,0
2003-11-09,99,87,63,46,45,51,65,0.4,0.4,0
2003-11-10,97,86,64,46,45,51,65,0.4,0,0
2003-11-11,96,86,64,47,45,51,65,0.3,0,0
2003-11-12,95,86,65,48,46,51,65,0.4,0.2,0
2003-11-13,94,85,65,48,46,51,65,0.3,0,0
2003-11-14,93,85,66,49,46,51,65,0.4,0.2,0
2003-11-15,92,84,66,49,47,52,65,0.6,0.4,0
2003-11-16,96,84,67,50,47,52,66,0.3,0,0
2003-11-17,122,93,67,51,47,52,72,0.7,0.5,0
2003-11-18,114,99,69,51,47,52,72,0.7,0.2,0
2003-11-19,110,99,71,52,48,52,72,0.8,0.2,0
2003-11-20,108,99,73,53,48,52,72,0.6,0.2,0
2003-11-21,105,98,74,53,48,52,72,0.4,0.3,0
2003-11-22,104,97,75,54,49,52,72,0.8,0.1,0
2003-11-23,102,96,75,55,49,52,72,0.8,0.2,0
2003-11-24,100,95,76,56,50,52,71,0.8,0.5,0
2003-11-25,99,94,76,56,50,53,71,0.5,0.2,0
2003-11-26,97,94,76,57,50,53,71,0.4,0.1,0
2003-11-27,97,93,77,58,51,53,71,0.4,0,0
2003-11-28,115,95,77,58,51,53,75,0.4,0.3,0
2003-11-29,115,101,78,59,51,53,76,0.4,0.1,0
2003-11-30,111,102,79,60,52,53,76,0.6,0.3,0
2003-12-01,109,102,81,60,52,54,76,0.6,0.1,0
2003-12-02,107,102,82,61,53,54,76,0.1,0,0
2003-12-03,106,101,82,62,53,54,76,0.2,0,0
2003-12-04,104,100,83,63,53,54,76,0.3,0,0
2003-12-05,103,100,83,64,54,54,76,0.3,0,0
2003-12-06,102,99,84,64,54,54,76,0.8,0.2,0
2003-12-07,101,99,84,65,55,55,76,0,0,0
2003-12-08,101,98,84,65,55,55,76,0,0,6
2003-12-09,100,97,84,66,56,55,76,0,0,10
2003-12-10,99,97,85,67,56,55,76,0.1,0.1,12
2003-12-11,99,96,85,67,57,56,77,0.5,0.1,11
2003-12-12,106,96,85,68,57,56,78,0.2,0.3,9
2003-12-13,119,101,85,68,57,56,81,0.6,0.6,0
2003-12-14,126,127,118,72,58,56,93,0.8,0.9,0
2003-12-15,123,124,123,85,59,56,95,0.6,0.6,0
2003-12-16,120,122,122,96,61,57,96,0.4,0.2,0
2003-12-17,117,119,118,102,65,57,96,0.3,0.1,0
2003-12-18,114,117,116,104,68,58,96,0,0,0
2003-12-19,113,115,115,105,72,58,96,0.3,0.1,2
2003-12-20,112,114,113,104,75,59,96,0.6,0.3,0
2003-12-21,112,113,112,104,78,60,97,1,1.2,0
2003-12-22,123,119,114,104,80,61,100,0.3,0.4,0
2003-12-23,118,119,116,105,82,62,100,0.2,0.1,4
2003-12-24,115,117,116,107,85,63,100,0.5,0.1,3
2003-12-25,113,115,115,108,87,64,100,0.7,0,2
2003-12-26,112,114,114,108,89,66,100,0.6,0,0
2003-12-27,111,113,113,108,90,67,100,0.8,0.3,0
2003-12-28,109,112,112,108,92,69,100,0.9,0.4,0
2003-12-29,108,111,111,107,93,70,100,0.6,0,0
2003-12-30,108,110,110,107,93,71,100,0,0,0
2003-12-31,107,109,110,107,94,72,100,0.2,0,4
2004-01-01,111,113,115,116,116,117,114,0.5,0.3,5
2004-01-02,110,112,114,115,116,116,114,0.5,0.1,10
2004-01-03,109,112,113,115,116,116,113,0.2,0,13
2004-01-04,108,111,113,114,115,116,113,0.4,0.1,17
2004-01-05,108,111,112,114,115,115,113,0.5,0.4,17
2004-01-06,113,111,112,113,114,115,113,0.4,0.3,18
2004-01-07,120,116,113,113,114,115,115,0.3,0,18
2004-01-08,116,116,114,114,114,114,115,0.4,0.4,16
2004-01-09,123,120,116,114,114,114,117,0.3,0.1,15
2004-01-10,120,120,119,116,115,114,117,0.4,0.1,0
2004-01-11,121,121,120,118,116,115,118,0.6,0.5,0
2004-01-12,124,125,125,122,118,116,122,0.5,0.5,0
2004-01-13,125,126,127,127,127,124,126,0.7,0.7,0
2004-01-14,122,123,124,125,125,126,124,1,1,0
2004-01-15,123,123,123,123,124,124,123,0.6,0.4,0
2004-01-16,119,121,122,123,123,123,122,0.8,0.9,0
2004-01-17,119,120,121,121,122,123,121,0.5,0.5,0
2004-01-18,120,120,120,121,121,122,121,0.3,0.4,0
2004-01-19,117,119,120,120,121,121,120,0.6,0.3,2
2004-01-20,122,122,120,120,120,121,121,0.4,0.4,0
2004-01-21,118,120,121,121,121,121,120,0.4,0.1,2
2004-01-22,115,118,119,120,120,121,119,0.3,0,6
2004-01-23,114,116,118,119,120,120,118,0.5,0,8
2004-01-24,112,115,117,118,119,120,117,0.7,0,9
2004-01-25,112,114,116,117,118,119,116,0.3,0.1,10
2004-01-26,111,114,115,117,118,118,115,0.3,0.2,9
2004-01-27,110,113,115,116,117,118,115,0.4,0.1,8
2004-01-28,109,112,114,115,117,117,114,0.4,0.1,10
2004-01-29,112,112,113,115,116,117,114,0.4,0.5,10
2004-01-30,114,113,113,114,116,116,114,1,0.7,10
2004-01-31,112,113,113,114,115,116,114,1.5,0.1,9
2004-02-01,113,112,113,114,115,116,114,1.5,1.2,0
2004-02-02,120,118,115,114,115,115,116,0.8,0.6,0
2004-02-03,121,123,124,120,116,115,120,1.1,0.6,0
2004-02-04,117,120,121,121,120,117,119,1.7,0.5,0
2004-02-05,114,117,119,120,120,119,118,1.2,0.3,0
2004-02-06,112,116,118,119,119,119,117,1.6,0.7,0
2004-02-07,122,119,118,118,118,119,119,1.5,1.3,0
2004-02-08,126,127,126,124,121,119,124,0.7,0.9,0
2004-02-09,122,124,125,125,126,125,124,0.7,0.8,0
2004-02-10,119,121,122,123,124,124,122,0.6,0.4,0
2004-02-11,124,125,124,123,123,123,124,0.5,0.4,0
2004-02-12,119,121,122,123,123,123,122,0.4,0,0
2004-02-13,118,120,121,122,122,123,121,0.4,0.2,0
2004-02-14,116,118,120,121,121,122,120,0.5,0.2,0
2004-02-15,114,117,118,120,120,121,118,0.6,0.3,0
2004-02-16,113,116,117,119,120,120,117,0.4,0,0
2004-02-17,112,114,116,118,119,120,116,0.5,0.1,0
2004-02-18,111,114,116,117,118,119,116,0.9,0.3,0
2004-02-19,110,113,115,116,117,118,115,0.9,0,0
2004-02-20,109,112,114,116,117,118,114,1.1,0,5
2004-02-21,108,111,113,115,116,117,113,0.9,0,0
2004-02-22,108,111,113,114,116,117,113,0.6,0,4
2004-02-23,107,110,112,114,115,116,112,0.9,0.1,0
2004-02-24,107,110,112,113,115,116,112,1,0.1,0
2004-02-25,106,109,111,113,114,115,111,0.7,0.7,0
2004-02-26,106,109,111,112,114,115,111,0.8,0.1,0
2004-02-27,108,109,110,112,113,114,111,0.7,0.5,2
2004-02-28,107,108,110,112,113,114,111,0.6,0,0
2004-02-29,109,109,110,111,113,114,111,0.7,0.5,0
2004-03-01,108,109,110,111,112,113,111,0.8,0.1,0
2004-03-02,107,109,110,111,112,113,110,0.6,0.5,0
2004-03-03,107,108,110,111,112,113,110,0.9,0.2,0
2004-03-04,106,108,109,110,112,113,110,1.1,0.1,0
2004-03-05,105,108,109,110,111,112,109,1.4,0,0
2004-03-06,109,108,109,110,111,112,110,0.7,0.4,4
2004-03-07,110,109,109,110,111,112,110,0.9,0.6,0
2004-03-08,108,109,109,110,111,112,110,1,0.6,0
2004-03-09,107,109,109,110,111,111,109,0.7,0.1,0
2004-03-10,107,108,109,110,110,111,109,0.6,0.4,0
2004-03-11,107,108,109,109,110,111,109,0.8,0.4,0
2004-03-12,106,108,109,109,110,111,109,1.3,0.2,0
2004-03-13,105,107,108,109,110,111,108,1.3,0.3,0
2004-03-14,103,106,108,109,110,111,108,1.6,0.8,0
2004-03-15,102,105,107,109,110,110,107,2,0.7,0
2004-03-16,100,104,107,108,109,110,106,1.7,1,0
2004-03-17,97,103,106,108,109,110,105,2.1,1.5,0
2004-03-18,95,101,105,107,108,110,104,1.8,1.3,0
2004-03-19,93,100,104,106,108,109,103,2,1.1,0
2004-03-20,104,100,104,106,108,109,105,1.6,1.9,0
2004-03-21,115,102,103,106,107,109,107,2.1,1.8,0
2004-03-22,124,115,105,105,107,108,111,1.1,1.2,0
2004-03-23,119,118,110,106,107,108,111,1.4,1,0
2004-03-24,115,116,112,107,107,108,111,1.3,0.3,0
2004-03-25,113,114,113,109,107,108,111,1.3,0.1,0
2004-03-26,112,113,113,110,108,108,111,0.8,0.5,0
2004-03-27,111,112,112,111,109,108,110,1.1,0.5,0
2004-03-28,109,111,112,111,109,108,110,1.3,0.6,0
2004-03-29,107,110,111,111,109,109,109,1.7,1.1,0
2004-03-30,104,108,110,110,109,109,108,2.3,1.4,0
2004-03-31,101,106,109,110,109,109,107,2.3,1.3,0
2004-04-01,99,105,108,109,109,109,106,1.8,1,0
2004-04-02,97,103,107,108,109,109,105,2.6,1.5,0
2004-04-03,95,102,106,108,108,109,104,2.1,1,0
2004-04-04,94,101,105,107,108,109,104,2.3,1.4,0
2004-04-05,93,100,104,106,108,108,103,1.8,1.3,0
2004-04-06,96,99,104,106,107,108,103,1.4,1.2,0
2004-04-07,100,99,103,106,107,108,104,1.1,1,0
2004-04-08,111,101,103,105,107,108,106,1,0.9,0
2004-04-09,112,103,103,105,107,108,106,0.8,0.5,0
2004-04-10,111,105,104,105,106,107,106,1,0.6,0
2004-04-11,109,106,104,105,106,107,106,1.3,0.4,0
2004-04-12,106,106,104,105,106,107,106,1.7,0.9,0
2004-04-13,104,105,104,105,106,107,105,1.3,0.5,0
2004-04-14,102,104,104,105,106,107,104,2.1,1.4,0
2004-04-15,99,102,103,104,105,106,103,2.4,1.7,0
2004-04-16,95,100,103,104,105,106,102,2.9,2.2,0
2004-04-17,91,98,101,103,105,106,101,2.8,2.1,0
2004-04-18,88,96,100,103,104,105,99,2.7,1.6,0
2004-04-19,87,95,100,102,104,105,99,2.5,1.9,0
2004-04-20,85,93,99,102,103,105,98,2.1,1.6,0
2004-04-21,83,92,98,101,103,105,97,2.5,1.8,0
2004-04-22,80,90,97,100,103,104,96,3.2,2.6,0
2004-04-23,114,98,96,100,102,104,102,1.3,1.3,0
2004-04-24,117,110,98,100,102,104,105,1.7,1,0
2004-04-25,111,110,100,100,102,104,104,2.3,1.5,0
2004-04-26,107,108,101,100,101,103,103,2.4,1.6,0
2004-04-27,102,105,101,100,101,103,102,3.1,2.1,0
2004-04-28,98,103,101,100,101,103,101,3,1.9,0
2004-04-29,95,100,100,99,101,102,100,3.2,2,0
2004-04-30,91,98,99,99,100,102,98,3.9,2.3,0
2004-05-01,97,98,98,99,100,102,99,2.7,1.8,0
2004-05-02,123,120,103,99,100,102,108,1.5,1.2,0
2004-05-03,116,117,109,100,100,101,107,2.7,1.7,0
2004-05-04,115,115,110,101,100,101,107,3.2,2.3,0
2004-05-05,115,113,110,103,100,101,107,1.4,1,0
2004-05-06,125,122,119,107,101,101,113,1,0.8,0
2004-05-07,127,128,128,128,123,115,125,1,0.9,0
2004-05-08,121,123,125,125,126,126,124,1.9,1.3,0
2004-05-09,116,119,121,122,123,124,121,1.6,0.9,0
2004-05-10,113,117,119,120,122,122,119,2.3,1.3,0
2004-05-11,110,114,117,119,120,121,117,2.3,1.3,0
2004-05-12,108,112,115,117,119,120,115,1.5,0.6,0
2004-05-13,106,111,114,116,118,119,114,1.9,1,0
2004-05-14,105,109,113,115,117,118,113,2.2,1.6,0
2004-05-15,104,108,112,114,116,117,112,1.8,1,0
2004-05-16,101,106,110,113,115,116,110,3.7,2.3,0
2004-05-17,97,104,109,112,114,115,108,2.5,1.6,0
2004-05-18,94,102,107,111,113,115,107,3.3,2.3,0
2004-05-19,90,100,106,110,112,114,105,4.2,2.9,0
2004-05-20,86,97,104,108,111,113,103,2.4,1.5,0
2004-05-21,95,97,104,108,110,112,104,1.6,1.5,0
2004-05-22,100,97,103,107,110,112,105,2.3,1.1,0
2004-05-23,97,97,102,106,109,111,104,2.7,1.5,0
2004-05-24,95,96,102,106,109,111,103,1.6,0.7,0
2004-05-25,93,96,101,105,108,110,102,2,1,0
2004-05-26,91,95,100,105,108,110,101,2.3,1.3,0
2004-05-27,88,94,100,104,107,109,100,2.1,1.2,0
2004-05-28,86,93,99,103,106,109,99,2.9,1.7,0
2004-05-29,82,91,98,103,106,108,98,3.9,2.8,0
2004-05-30,77,88,96,102,105,108,96,4,3,0
2004-05-31,74,86,95,101,104,107,95,2.3,1.7,0
2004-06-01,72,85,94,100,104,107,94,2.9,1.9,0
2004-06-02,70,83,93,99,103,106,93,2.2,1.3,0
2004-06-03,68,82,92,99,103,106,91,3.8,2.5,0
2004-06-04,72,80,91,98,102,105,91,1.3,0.9,0
2004-06-05,81,81,91,98,102,105,93,1.4,1.3,0
2004-06-06,82,81,90,97,102,105,93,3.6,2.4,0
2004-06-07,77,79,89,96,101,104,91,4.1,2.7,0
2004-06-08,71,77,88,95,100,103,89,4.7,3.4,0
2004-06-09,66,75,86,94,99,103,87,4.8,3.7,0
2004-06-10,61,72,85,93,99,102,85,3.2,2.2,0
2004-06-11,69,71,84,92,98,102,86,3.2,2.3,0
2004-06-12,83,71,83,92,98,101,88,2.6,2.3,0
2004-06-13,90,72,83,92,97,101,89,2.4,1.9,0
2004-06-14,87,73,82,91,97,101,88,3.4,2.3,0
2004-06-15,81,72,81,90,96,100,87,3.4,2.2,0
2004-06-16,78,72,81,90,96,100,86,2.8,1.8,0
2004-06-17,89,72,80,89,95,100,87,3.2,2.3,0
2004-06-18,105,76,80,89,95,99,91,2.4,1.4,0
2004-06-19,105,79,80,88,95,99,91,2.4,1.9,0
2004-06-20,100,81,80,88,94,99,90,3.3,2.3,0
2004-06-21,114,84,80,88,94,98,93,3.1,2.3,0
2004-06-22,116,90,81,87,94,98,94,2.5,1.8,0
2004-06-23,120,101,82,87,93,98,97,2.7,2.3,0
2004-06-24,115,108,85,87,93,98,98,3.6,2.3,0
2004-06-25,110,106,88,87,93,97,97,2.4,1.5,0
2004-06-26,105,104,89,87,92,97,96,3.7,2.4,0
2004-06-27,103,101,90,88,92,97,95,2.9,2.2,0
2004-06-28,111,101,91,88,92,96,97,3.1,2,0
2004-06-29,106,101,91,88,92,96,96,2.9,1.9,0
2004-06-30,103,100,91,88,92,96,95,2.9,2.1,0
2004-07-01,99,98,91,89,92,96,94,2.7,1.7,0
2004-07-02,102,96,91,89,91,95,94,3.1,2.1,0
2004-07-03,120,103,91,89,91,95,98,2.7,2.4,0
2004-07-04,112,106,92,89,91,95,98,3.4,2.2,0
2004-07-05,107,105,93,89,91,95,97,2.7,2.1,0
2004-07-06,102,102,93,89,91,95,96,3.9,2.5,0
2004-07-07,96,99,93,89,91,94,94,4,2.8,0
2004-07-08,115,107,93,90,91,94,98,1.8,1.5,0
2004-07-09,117,114,97,90,91,94,100,2.9,1.6,0
2004-07-10,117,113,100,91,91,94,101,2.3,1.8,0
2004-07-11,112,112,102,92,91,94,100,2.9,1.8,0
2004-07-12,115,111,103,92,91,94,101,1.4,1.2,0
2004-07-13,114,112,104,94,92,94,102,1.6,1,0
2004-07-14,110,111,105,95,92,94,101,2.4,1.6,0
2004-07-15,108,109,105,95,92,94,101,2.1,1.5,0
2004-07-16,105,107,104,96,93,94,100,2.3,1.2,0
2004-07-17,112,113,110,100,93,94,104,3.5,2.5,0
2004-07-18,123,124,125,126,122,99,120,3.5,2.7,0
2004-07-19,119,122,123,123,123,111,120,3.5,2.5,0
2004-07-20,114,117,120,121,121,116,118,2.3,1.5,0
2004-07-21,109,114,117,119,119,117,116,3.8,2.6,0
2004-07-22,119,118,116,117,118,117,117,3.6,2.5,0
2004-07-23,114,117,117,117,117,116,116,3.9,2.4,0
2004-07-24,109,113,115,116,116,116,114,3.5,2.3,0
2004-07-25,106,110,113,115,116,115,113,2.5,1.8,0
2004-07-26,116,111,112,114,115,115,114,1.9,1.7,0
2004-07-27,116,113,113,113,114,114,114,2.5,1.7,0
2004-07-28,110,112,112,113,114,114,112,3.6,2.4,0
2004-07-29,104,109,111,112,113,113,110,4.1,2.9,0
2004-07-30,98,105,109,111,112,113,108,4.2,3.3,0
2004-07-31,93,102,107,110,111,112,106,3.7,2.6,0
2004-08-01,89,100,106,109,110,111,104,4,2.7,0
2004-08-02,84,97,104,107,110,111,102,3.9,2.8,0
2004-08-03,80,94,102,106,109,110,100,4.1,3,0
2004-08-04,75,91,100,105,108,109,98,4.3,3.2,0
2004-08-05,70,88,98,104,107,109,96,4.8,3.7,0
2004-08-06,65,84,96,102,106,108,93,5.1,3.7,0
2004-08-07,60,81,94,101,105,107,91,5.4,3.9,0
2004-08-08,55,77,92,99,104,106,89,5.9,3.8,0
2004-08-09,50,73,89,98,103,105,86,5.8,3.9,0
2004-08-10,45,70,87,96,101,104,84,5.9,3.9,0
2004-08-11,42,67,85,95,100,104,82,2.9,2,0
2004-08-12,43,65,83,94,100,103,81,4,3.1,0
2004-08-13,83,65,82,93,99,102,87,2.4,2,0
2004-08-14,121,81,82,92,99,102,96,2.3,1.6,0
2004-08-15,110,87,82,92,98,102,95,3.3,2.3,0
2004-08-16,102,88,83,91,97,101,94,3.6,2.5,0
2004-08-17,106,88,83,91,97,101,94,3.6,2.7,0
2004-08-18,102,88,83,90,96,100,93,4.2,3,0
2004-08-19,113,90,83,90,96,100,95,4.2,2.8,0
2004-08-20,107,91,84,89,95,99,94,3.4,2.6,0
2004-08-21,110,92,84,89,95,99,95,2.2,1.5,0
2004-08-22,116,98,85,89,95,99,97,2.8,2.1,0
2004-08-23,108,99,86,89,94,99,96,2.8,2,0
2004-08-24,103,98,86,89,94,98,95,2.3,1.5,0
2004-08-25,103,97,87,89,94,98,95,2.3,1.9,0
2004-08-26,113,100,88,89,94,98,97,1.5,1.5,0
2004-08-27,118,110,91,89,94,98,100,1.4,1,0
2004-08-28,119,111,94,90,93,97,101,1.7,1.3,0
2004-08-29,121,116,98,90,93,97,103,2.4,1.7,0
2004-08-30,124,123,106,92,93,97,106,1.8,1.6,0
2004-08-31,123,124,120,98,94,97,109,1.8,1.9,0
2004-09-01,118,120,119,106,95,97,109,2.5,1.8,0
2004-09-02,112,116,117,110,97,97,108,2.9,2.1,0
2004-09-03,107,112,114,110,99,97,107,2.9,2.2,0
2004-09-04,103,109,112,110,101,97,105,2.7,2,0
2004-09-05,100,107,110,109,102,98,104,2.9,2.2,0
2004-09-06,96,104,108,108,102,98,103,2.9,2.2,0
2004-09-07,92,102,106,107,103,99,101,2.7,1.9,0
2004-09-08,89,99,104,106,103,99,100,2.7,2.1,0
2004-09-09,86,97,103,105,103,99,99,3,2.1,0
2004-09-10,82,95,101,104,102,100,97,3.9,2.6,0
2004-09-11,83,93,100,103,102,100,97,2.4,1.6,0
2004-09-12,82,91,99,102,102,100,96,2.9,1.7,0
2004-09-13,79,90,98,101,101,100,95,2.8,1.5,0
2004-09-14,77,88,97,100,101,100,94,3.3,2,0
2004-09-15,76,87,96,100,101,100,93,2.4,1.7,0
2004-09-16,75,86,95,99,100,100,92,1.5,0.9,0
2004-09-17,73,85,94,98,100,99,91,2.2,1.8,0
2004-09-18,70,83,93,97,99,99,90,2.6,2.1,0
2004-09-19,72,82,92,97,99,99,90,1.4,0.9,0
2004-09-20,72,81,91,96,99,99,90,1.8,1,0
2004-09-21,74,81,90,96,98,99,90,2.2,1.5,0
2004-09-22,108,82,90,95,98,99,95,1.1,1.1,0
2004-09-23,125,103,91,95,98,99,102,1,1.1,0
2004-09-24,118,117,97,95,97,99,104,1.4,1.3,0
2004-09-25,118,116,103,96,97,98,105,1.1,0.8,0
2004-09-26,118,116,106,97,97,98,105,1,0.6,0
2004-09-27,114,115,108,98,97,98,105,0.9,0.4,0
2004-09-28,112,113,109,100,98,98,105,1,0.4,0
2004-09-29,120,117,111,101,98,98,108,1,0.9,0
2004-09-30,120,122,117,105,99,98,110,1.3,1.1,0
2004-10-01,115,118,117,109,100,98,110,1.3,0.8,0
2004-10-02,116,116,116,111,102,99,110,1.1,0.9,0
2004-10-03,114,115,115,112,103,99,110,1.5,1,0
2004-10-04,110,113,114,112,105,100,109,1.7,1.1,0
2004-10-05,107,111,113,112,106,100,108,2,1.2,0
2004-10-06,120,119,113,111,107,101,112,0.9,0.5,0
2004-10-07,117,119,116,113,108,102,112,1.4,1,0
2004-10-08,114,116,116,114,109,103,112,0.7,0.1,0
2004-10-09,112,114,115,114,110,104,112,0.8,0.7,0
2004-10-10,109,113,114,114,111,105,111,1,0.7,0
2004-10-11,108,111,113,113,111,106,110,1.3,0.4,0
2004-10-12,107,110,112,112,111,107,110,1.7,0.5,0
2004-10-13,105,109,111,112,111,108,109,1.4,0.9,0
2004-10-14,103,108,110,111,111,108,108,1,0.4,0
2004-10-15,105,107,109,111,110,108,108,0.9,0.7,0
2004-10-16,104,107,109,110,110,108,108,0.8,0.3,0
2004-10-17,106,106,108,110,110,108,108,0.8,0.5,0
2004-10-18,106,107,108,109,109,108,108,0.9,0.8,0
2004-10-19,105,107,108,109,109,108,108,0.7,0.5,0
2004-10-20,111,107,108,109,109,108,108,0.9,0.5,0
2004-10-21,121,113,108,108,109,108,111,1.6,1.5,0
2004-10-22,115,115,110,108,108,108,111,1.4,0.9,0
2004-10-23,112,113,111,109,108,108,110,1.4,0.9,0
2004-10-24,109,112,111,109,108,108,110,1.4,1,0
2004-10-25,117,112,111,110,109,108,111,1.5,1.3,0
2004-10-26,114,113,111,110,109,108,111,0.6,0.2,0
2004-10-27,111,113,112,110,109,108,110,0.6,0.2,0
2004-10-28,110,112,112,110,109,108,110,0.8,0.2,0
2004-10-29,109,111,111,111,109,108,110,0.5,0.4,0
2004-10-30,109,110,111,111,110,108,110,0.5,0.1,0
2004-10-31,108,110,111,110,110,109,110,0.5,0.1,0
2004-11-01,108,109,110,110,110,109,109,0.6,0.2,0
2004-11-02,107,109,110,110,110,109,109,0.7,0.3,0
2004-11-03,106,108,110,110,110,109,109,0.6,0.2,0
2004-11-04,105,108,109,110,110,109,108,0.5,0.1,0
2004-11-05,105,107,109,109,110,109,108,0.7,0.6,0
2004-11-06,109,107,108,109,109,109,109,0.5,0.7,0
2004-11-07,109,108,108,109,109,109,109,0.6,0.3,0
2004-11-08,108,108,108,109,109,109,108,0.4,0.1,0
2004-11-09,114,111,109,109,109,109,110,0.3,0,0
2004-11-10,122,124,120,111,109,109,116,0.5,0.3,0
2004-11-11,118,120,120,116,111,109,116,0.3,0.2,0
2004-11-12,115,118,119,118,113,110,115,0.4,0.1,0
2004-11-13,118,117,117,117,115,111,116,0.4,0.3,0
2004-11-14,118,118,118,117,116,113,117,0.3,0.1,0
2004-11-15,115,117,118,117,116,114,116,0.3,0.2,0
2004-11-16,115,116,117,117,116,114,116,0.3,0.1,0
2004-11-17,118,117,117,117,116,115,117,0.7,0.6,0
2004-11-18,125,123,121,118,117,115,120,0.6,0.7,0
2004-11-19,125,126,127,127,127,127,127,0.4,0.3,0
2004-11-20,121,123,124,125,125,125,124,0.6,0.4,0
2004-11-21,118,120,122,123,123,124,122,0.3,0.4,0
2004-11-22,124,123,122,122,122,123,123,0.6,0.6,0
2004-11-23,123,125,126,126,125,124,125,0.7,0.8,0
2004-11-24,119,121,123,124,124,125,123,0,0,0
2004-11-25,116,119,121,122,123,123,121,0,0.1,0
2004-11-26,114,117,119,120,121,122,119,0.3,0,0
2004-11-27,113,116,118,119,120,121,118,0.4,0.2,0
2004-11-28,113,115,117,118,119,120,117,0.4,0.2,0
2004-11-29,112,114,116,117,118,119,116,0.3,0,0
2004-11-30,112,114,115,117,118,119,116,0.4,0.2,0
2004-12-01,110,113,115,116,117,118,115,0.4,0.1,0
2004-12-02,110,112,114,116,117,118,114,0.3,0,0
2004-12-03,109,112,114,115,116,117,114,0.2,0,2
2004-12-04,109,111,113,114,116,117,113,0.3,0.1,0
2004-12-05,108,111,113,114,115,116,113,0.3,0,0
2004-12-06,107,110,112,114,115,116,112,0.2,0.3,0
2004-12-07,107,110,112,113,114,115,112,0.4,0.1,0
2004-12-08,106,109,111,113,114,115,111,0.1,0,0
2004-12-09,106,109,111,112,114,115,111,0.1,0,0
2004-12-10,105,108,110,112,113,114,110,0,0,5
2004-12-11,105,108,110,112,113,114,110,0,0.1,7
2004-12-12,105,107,110,111,112,114,110,0.2,0,5
2004-12-13,104,107,109,111,112,113,109,0.4,0.1,4
2004-12-14,104,107,109,111,112,113,109,0.1,0,7
2004-12-15,104,106,109,110,112,113,109,0,0,10
2004-12-16,103,106,108,110,111,112,108,0.3,0.1,10
2004-12-17,106,106,108,110,111,112,109,0.5,0.5,0
2004-12-18,124,115,109,109,111,112,113,0.4,0.5,0
2004-12-19,122,124,119,112,111,112,116,0,0.2,0
2004-12-20,118,120,120,116,112,112,116,0,0.1,6
2004-12-21,115,118,118,117,114,112,116,0,0,10
2004-12-22,113,116,117,117,116,114,115,0.5,0.3,15
2004-12-23,114,115,116,117,116,114,115,0.4,0.2,13
2004-12-24,121,118,117,116,116,115,117,0.6,0.5,0
2004-12-25,121,120,118,117,116,115,118,0.7,0.4,0
2004-12-26,118,119,119,118,117,116,118,0.3,0,0
2004-12-27,115,118,118,118,118,116,117,0.5,0.2,0
2004-12-28,114,116,117,118,118,117,117,0.6,0.1,2
2004-12-29,115,115,117,117,117,117,116,0.4,0.2,0
2004-12-30,113,115,116,117,117,117,116,0.5,0.3,0
2004-12-31,112,114,115,116,117,117,115,0.5,0.2,0
2005-01-01,114,115,116,117,117,117,116,0.6,0.4,0
2005-01-02,113,114,115,116,117,117,115,1.4,1,0
2005-01-03,111,114,115,116,116,117,115,0.9,0.7,0
2005-01-04,110,113,114,115,116,116,114,1,0.4,0
2005-01-05,110,112,114,115,116,116,114,0.4,0.4,0
2005-01-06,111,112,113,114,115,116,113,0.7,0.6,0
2005-01-07,110,111,113,114,115,115,113,1.1,0.4,0
2005-01-08,109,111,112,113,114,115,112,1.5,1,0
2005-01-09,108,110,112,113,114,115,112,0.7,0.3,0
2005-01-10,107,110,111,113,114,114,111,1.1,0.3,0
2005-01-11,106,109,111,112,113,114,111,0.9,0.2,0
2005-01-12,106,108,110,112,113,114,110,0.7,0.3,0
2005-01-13,110,108,110,111,113,113,111,0.5,0.6,0
2005-01-14,116,111,110,111,112,113,112,0.2,0.3,0
2005-01-15,113,112,111,111,112,113,112,0,0.2,0
2005-01-16,111,112,111,111,112,113,112,0.3,0.1,0
2005-01-17,110,111,111,111,112,112,111,0.5,0.1,0
2005-01-18,119,113,111,111,112,112,113,0.6,0.4,0
2005-01-19,121,119,114,112,112,112,115,0.5,0.4,0
2005-01-20,124,125,123,120,116,113,120,0.8,1.2,0
2005-01-21,124,125,126,127,127,125,126,0.7,1,0
2005-01-22,124,126,126,126,126,126,125,0.4,0.6,0
2005-01-23,122,123,124,124,125,125,124,0.3,0.4,0
2005-01-24,123,124,124,124,124,124,124,0.6,0.6,0
2005-01-25,119,121,122,123,123,124,122,0.5,0.3,0
2005-01-26,116,119,120,121,122,123,120,0.4,0.5,0
2005-01-27,114,117,119,120,121,122,119,0.3,0,1
2005-01-28,113,116,118,119,120,121,118,0.3,0,1
2005-01-29,112,115,117,118,119,120,117,0.1,0.1,3
2005-01-30,112,114,116,117,118,119,116,0.4,0.2,4
2005-01-31,117,115,115,117,118,119,117,0.5,0.4,0
2005-02-01,122,122,119,117,117,118,119,0.6,0.5,0
2005-02-02,118,120,120,119,118,118,119,0.5,0.4,0
2005-02-03,115,118,119,119,119,118,118,0.6,0.3,0
2005-02-04,114,116,118,118,119,119,117,0.4,0.1,0
2005-02-05,113,115,117,118,118,119,117,0.8,0.5,0
2005-02-06,112,114,116,117,118,118,116,0.6,0,6
2005-02-07,111,114,115,116,117,118,115,0.6,0,9
2005-02-08,110,113,115,116,117,117,115,0.5,0,12
2005-02-09,109,112,114,115,116,117,114,0.5,0.1,13
2005-02-10,110,111,113,115,116,117,114,0.7,0.6,11
2005-02-11,118,113,113,114,115,116,115,0.4,0.1,0
2005-02-12,126,126,123,118,116,116,121,0.8,1.2,0
2005-02-13,123,124,124,125,122,118,123,0.7,0.9,0
2005-02-14,122,122,123,123,123,122,122,0.6,0.6,0
2005-02-15,122,122,122,123,123,122,122,0.5,0.6,2
2005-02-16,118,120,121,122,122,122,121,0.5,0.2,1
2005-02-17,116,118,120,121,121,122,120,0.6,0.1,1
2005-02-18,114,117,118,120,120,121,118,0.7,0,0
2005-02-19,115,116,117,119,120,120,118,0.4,0.3,1
2005-02-20,114,116,117,118,119,120,117,0.7,0.4,0
2005-02-21,113,115,116,117,118,119,116,0.6,0.2,0
2005-02-22,112,114,116,117,118,118,116,0.8,0.1,0
2005-02-23,113,114,115,116,117,118,115,0.6,0.6,4
2005-02-24,112,113,115,116,117,117,115,0.6,0,0
2005-02-25,111,113,114,115,116,117,114,0.4,0,6
2005-02-26,112,112,114,115,116,117,114,0.4,0.3,6
2005-02-27,114,113,114,114,115,116,115,0.6,0.6,5
2005-02-28,112,113,114,114,115,116,114,0.4,0.3,11
2005-03-01,111,113,114,114,115,116,114,1.1,0.3,13
2005-03-02,110,112,113,114,115,115,113,1.2,0,17
2005-03-03,109,111,113,114,114,115,113,0.8,0,18
2005-03-04,108,111,112,113,114,115,112,0.8,0,17
2005-03-05,107,110,112,113,114,115,112,0.8,0,17
2005-03-06,107,110,111,113,114,114,111,0.7,0.1,19
2005-03-07,106,109,111,112,113,114,111,0.6,0,23
2005-03-08,106,109,111,112,113,114,111,0.6,0.1,22
2005-03-09,106,108,110,112,113,113,110,0.6,0.3,21
2005-03-10,108,108,110,111,112,113,110,1,0.5,20
2005-03-11,111,109,110,111,112,113,111,0.8,0.3,19
2005-03-12,122,117,111,111,112,113,114,0.9,0.9,17
2005-03-13,120,120,115,112,112,112,115,0.9,0.7,0
2005-03-14,116,118,117,114,112,112,115,1.1,0.2,0
2005-03-15,113,116,116,115,113,113,114,1.8,0.9,0
2005-03-16,110,113,115,115,114,113,113,2.8,1.5,0
2005-03-17,108,111,113,114,114,113,112,2,0.8,0
2005-03-18,111,111,113,113,114,113,113,1.4,1,0
2005-03-19,109,111,112,113,113,113,112,1,0.4,0
2005-03-20,108,110,112,113,113,113,111,1.8,0.5,0
2005-03-21,106,109,111,112,113,113,111,2.1,0.9,0
2005-03-22,104,108,110,111,112,113,110,2.7,1.3,0
2005-03-23,107,107,109,111,112,113,110,1.3,1.1,0
2005-03-24,105,107,109,110,111,112,109,1.7,1.3,0
2005-03-25,115,109,108,110,111,112,111,0.8,0.4,0
2005-03-26,118,116,110,110,111,112,113,1.5,1.1,0
2005-03-27,113,115,112,110,111,111,112,1.5,0.9,0
2005-03-28,111,113,112,111,111,111,111,1,0.4,0
2005-03-29,109,111,112,111,111,111,111,1,0.5,0
2005-03-30,107,110,111,111,111,111,110,2.3,1.1,0
2005-03-31,105,108,110,111,111,111,109,2.4,1.3,0
2005-04-01,102,107,109,110,111,111,108,2.4,1.4,0
2005-04-02,99,105,108,109,110,111,107,2.7,1.7,0
2005-04-03,96,103,107,109,110,110,106,2.5,1.9,0
2005-04-04,93,101,105,108,109,110,104,2.5,1.9,0
2005-04-05,94,100,104,107,109,110,104,1.4,1.1,0
2005-04-06,95,99,104,107,108,109,104,2.2,1.5,0
2005-04-07,106,99,103,106,108,109,105,2.3,1.6,0
2005-04-08,116,102,103,106,107,109,107,1.6,1.3,0
2005-04-09,117,108,104,105,107,109,108,1.1,0.7,0
2005-04-10,113,110,105,105,107,108,108,1.1,0.3,0
2005-04-11,111,110,106,105,107,108,108,1,0.7,0
2005-04-12,108,109,107,106,107,108,107,1.2,0.7,0
2005-04-13,106,108,107,106,107,108,107,1.7,1,0
2005-04-14,103,106,106,106,106,107,106,2.4,1.6,0
2005-04-15,100,104,105,106,106,107,105,2.5,1.7,0
2005-04-16,96,102,104,105,106,107,103,3.1,2.2,0
2005-04-17,93,100,103,105,106,107,102,2.4,1.4,0
2005-04-18,95,98,102,104,105,106,102,1.9,1.2,0
2005-04-19,116,101,102,104,105,106,106,1.9,1.3,0
2005-04-20,112,105,102,103,105,106,105,3,1.5,0
2005-04-21,107,105,102,103,105,106,105,2.4,1.1,0
2005-04-22,103,103,102,103,104,106,104,2.6,1.7,0
2005-04-23,99,102,102,103,104,105,102,2.9,1.9,0
2005-04-24,96,100,101,102,104,105,101,2.7,1.4,0
2005-04-25,94,99,101,102,103,105,101,1.5,0.6,0
2005-04-26,93,98,100,102,103,105,100,1.2,0.5,0
2005-04-27,110,99,100,102,103,104,103,2.2,2.1,0
2005-04-28,110,101,100,101,103,104,103,3,2.2,0
2005-04-29,105,101,100,101,103,104,102,1.2,0.7,0
2005-04-30,102,101,99,101,102,104,101,2.3,1.4,0
2005-05-01,98,99,99,100,102,103,100,3.8,2.8,0
2005-05-02,92,96,98,100,101,103,98,4.3,3.2,0
2005-05-03,97,94,97,99,101,103,98,2.5,1.8,0
2005-05-04,120,104,97,99,101,103,104,1.5,1.3,0
2005-05-05,120,118,102,99,101,102,107,2.8,1.9,0
2005-05-06,116,116,107,100,101,102,107,1.9,1.5,0
2005-05-07,124,123,116,102,101,102,111,1,0.8,0
2005-05-08,123,124,124,117,104,102,116,2,1.5,0
2005-05-09,121,122,122,120,110,103,116,1.8,1.8,0
2005-05-10,117,120,120,120,115,106,116,2,1.2,0
2005-05-11,115,117,119,119,117,109,116,1.9,1.5,0
2005-05-12,113,116,117,118,117,111,115,2.1,1.5,0
2005-05-13,109,113,115,116,116,113,114,3,2,0
2005-05-14,116,117,117,116,115,114,116,1.2,0.8,0
2005-05-15,121,123,125,123,118,114,121,2.4,1.6,0
2005-05-16,115,119,121,122,121,118,119,3,2,0
2005-05-17,112,116,118,120,120,119,117,1.2,0.6,0
2005-05-18,110,114,117,118,119,119,116,2,1.1,0
2005-05-19,107,112,115,117,118,118,114,3.2,2.2,0
2005-05-20,103,109,113,115,117,117,112,3,1.8,0
2005-05-21,100,107,111,114,115,116,111,2.8,1.9,0
2005-05-22,103,106,110,113,114,115,110,3,2,0
2005-05-23,120,113,110,112,114,115,114,1.5,0.9,0
2005-05-24,114,113,111,112,113,114,113,3.3,2.3,0
2005-05-25,108,111,111,111,112,113,111,3.8,2.7,0
2005-05-26,102,107,110,111,112,113,109,4.3,3.2,0
2005-05-27,95,104,108,110,111,112,107,5,3.8,0
2005-05-28,89,100,105,108,110,111,104,5.2,3.7,0
2005-05-29,84,97,104,107,109,111,102,4.2,2.8,0
2005-05-30,103,96,102,106,109,110,104,1.3,0.8,0
2005-05-31,105,97,102,106,108,110,105,2.4,1.4,0
2005-06-01,103,97,101,105,108,109,104,3.1,2.2,0
2005-06-02,99,97,101,104,107,109,103,1.7,0.9,0
2005-06-03,96,96,100,104,106,108,102,4.2,3.3,0
2005-06-04,100,95,99,103,106,108,102,2.9,2.1,0
2005-06-05,111,96,99,103,105,108,104,1.9,1.8,0
2005-06-06,123,119,112,104,105,107,112,1.8,1.3,0
2005-06-07,118,120,119,110,106,107,113,2.2,1.2,0
2005-06-08,113,116,117,113,107,107,112,3.3,2.3,0
2005-06-09,108,113,115,113,109,107,111,3.6,2.6,0
2005-06-10,104,110,112,112,110,108,109,2.5,1.6,0
2005-06-11,101,108,111,112,110,108,108,2.3,1.1,0
2005-06-12,101,106,109,111,110,109,108,2.4,1.6,0
2005-06-13,101,105,108,110,110,109,107,3.1,2.6,0
2005-06-14,100,103,107,109,109,109,106,3.3,2.4,0
2005-06-15,95,101,105,108,109,109,104,4.2,3,0
2005-06-16,90,98,104,107,108,108,102,3.7,2.7,0
2005-06-17,87,96,103,106,107,108,101,1.8,1,0
2005-06-18,84,95,101,105,107,108,100,4.5,3.3,0
2005-06-19,79,92,100,104,106,107,98,4.7,3.3,0
2005-06-20,74,89,98,103,105,107,96,5,3.7,0
2005-06-21,72,85,96,101,104,106,94,4.9,3.9,0
2005-06-22,78,83,94,100,103,105,94,3.9,3.1,0
2005-06-23,72,80,92,99,103,105,92,4.9,3.5,0
2005-06-24,69,78,91,98,102,104,90,4.1,3,0
2005-06-25,70,77,89,97,101,104,90,3.4,2.8,0
2005-06-26,72,76,88,96,101,103,89,3.6,2.5,0
2005-06-27,68,74,87,95,100,103,88,4.5,3.2,0
2005-06-28,62,72,85,94,99,102,86,4.6,3.3,0
2005-06-29,59,70,84,93,98,102,84,1.9,1.1,0
2005-06-30,75,70,83,93,98,101,87,2,1.4,0
2005-07-01,87,71,83,92,98,101,89,2,1.7,0
2005-07-02,94,73,83,92,97,101,90,3.3,2.3,0
2005-07-03,89,73,82,91,97,100,89,2.7,1.7,0
2005-07-04,84,73,81,90,96,100,87,4.6,3.2,0
2005-07-05,84,72,80,90,96,99,87,2.9,1.9,0
2005-07-06,80,72,80,89,95,99,86,2.7,1.9,0
2005-07-07,91,73,80,89,95,99,88,1.9,1.7,0
2005-07-08,98,75,80,88,94,99,89,2.1,1.4,0
2005-07-09,99,76,80,88,94,98,89,2.5,1.9,0
2005-07-10,92,76,79,87,94,98,88,5,3.4,0
2005-07-11,84,75,78,86,93,97,86,5.3,3.7,0
2005-07-12,76,73,77,86,92,97,83,5,3.5,0
2005-07-13,69,70,76,85,91,96,81,4.7,3.6,0
2005-07-14,62,67,75,84,91,96,79,4.9,3.7,0
2005-07-15,72,65,73,83,90,95,80,4.5,3.5,0
2005-07-16,91,65,72,82,89,95,82,3.8,2.6,0
2005-07-17,84,65,72,81,89,94,81,4.2,2.8,0
2005-07-18,77,64,71,81,88,94,79,4.4,3.2,0
2005-07-19,77,64,70,80,88,93,79,3.4,2.2,0
2005-07-20,75,63,70,79,87,93,78,3.1,2,0
2005-07-21,77,64,70,79,87,93,78,2.1,1.5,0
2005-07-22,84,64,70,79,87,92,79,1.3,1.2,0
2005-07-23,94,66,70,79,87,92,81,1.9,1.3,0
2005-07-24,88,67,70,78,86,92,80,3.6,2.4,0
2005-07-25,84,67,69,78,86,91,79,3.7,3.1,0
2005-07-26,83,67,69,78,85,91,79,2.5,1.8,0
2005-07-27,81,67,69,77,85,91,78,3.6,2.7,0
2005-07-28,117,70,69,77,85,90,85,4.5,3.4,0
2005-07-29,122,86,69,76,84,90,88,3.3,2.5,0
2005-07-30,114,95,70,76,84,90,88,4.1,2.9,0
2005-07-31,105,95,72,76,84,90,87,3.7,2.3,0
2005-08-01,100,93,73,76,83,89,86,3.5,2.3,0
2005-08-02,94,90,74,76,83,89,84,3.1,2.1,0
2005-08-03,92,88,74,76,83,89,83,3,2,0
2005-08-04,104,87,74,76,82,88,85,2.8,1.8,0
2005-08-05,99,87,75,76,82,88,84,2.5,1.6,0
2005-08-06,103,87,75,76,82,88,85,2.3,1.7,0
2005-08-07,114,91,76,76,82,88,88,1.9,1.8,0
2005-08-08,123,107,78,76,82,88,92,2,1.7,0
2005-08-09,119,115,84,77,82,87,94,2.5,1.7,0
2005-08-10,113,112,90,78,82,87,93,1.8,0.9,0
2005-08-11,109,109,92,79,82,87,93,1.9,0.9,0
2005-08-12,110,106,93,80,82,87,93,2.7,1.9,0
2005-08-13,121,113,95,81,82,87,96,2.3,1.5,0
2005-08-14,122,118,100,82,82,87,98,1.3,0.9,0
2005-08-15,119,120,108,84,82,87,100,2.2,1.5,0
2005-08-16,113,116,109,88,83,87,99,2.3,1.4,0
2005-08-17,109,112,108,91,83,87,98,2.9,2,0
2005-08-18,104,108,106,92,84,86,97,4.3,3,0
2005-08-19,98,104,104,93,84,86,95,4.2,3,0
2005-08-20,114,116,106,93,85,86,100,1.2,0.8,0
2005-08-21,119,120,114,96,86,87,103,1.3,0.8,0
2005-08-22,114,116,114,100,87,87,103,2.9,1.8,0
2005-08-23,110,113,112,102,88,87,102,1.5,0.7,0
2005-08-24,107,111,111,103,89,87,101,2.2,1.4,0
2005-08-25,106,109,110,103,90,87,101,1.7,0.8,0
2005-08-26,107,108,108,103,91,88,101,3.1,2.1,0
2005-08-27,103,106,107,103,92,88,100,2.8,1.9,0
2005-08-28,98,103,105,103,93,88,98,2.7,2.1,0
2005-08-29,94,101,104,102,93,89,97,3.3,2.5,0
2005-08-30,90,98,102,101,93,89,95,3.5,2.6,0
2005-08-31,85,95,100,100,93,89,94,4.3,3.1,0
2005-09-01,80,92,98,99,93,89,92,4,2.7,0
2005-09-02,83,90,97,98,93,90,92,1.7,1.2,0
2005-09-03,81,89,96,97,93,90,91,3,2.1,0
2005-09-04,78,87,94,96,93,90,90,3.8,2.6,0
2005-09-05,73,85,93,95,93,90,88,3.8,2.8,0
2005-09-06,69,82,91,94,92,90,86,3.2,2.4,0
2005-09-07,65,80,89,93,92,90,85,3.2,2.6,0
2005-09-08,62,77,88,92,91,90,83,3.1,2.3,0
2005-09-09,59,75,86,91,91,90,82,3.1,2.5,0
2005-09-10,55,73,85,90,90,89,80,2.8,2.2,0
2005-09-11,68,72,84,89,90,89,82,0.9,0.7,0
2005-09-12,72,72,83,89,90,89,83,1,0.5,0
2005-09-13,70,72,83,88,90,89,82,2.1,1.5,0
2005-09-14,68,72,82,88,89,89,81,1.7,1.2,0
2005-09-15,68,71,81,87,89,89,81,1.6,1.4,0
2005-09-16,96,72,81,87,89,89,86,1.4,1.4,0
2005-09-17,98,75,80,86,89,89,86,1.8,1.2,0
2005-09-18,94,76,80,86,88,89,85,1.7,1.3,0
2005-09-19,90,76,80,85,88,89,85,1.9,1.4,0
2005-09-20,86,76,79,85,88,89,84,1.9,1.5,0
2005-09-21,82,75,79,84,87,89,83,1.9,1.5,0
2005-09-22,79,75,78,84,87,88,82,1.8,1.4,0
2005-09-23,76,74,78,83,87,88,81,2,1.5,0
2005-09-24,73,73,78,83,86,88,80,1.8,1.4,0
2005-09-25,70,72,77,82,86,88,79,1.8,1.4,0
2005-09-26,90,72,77,82,86,88,82,1.4,1,0
2005-09-27,94,74,77,82,85,88,83,1.3,0.7,0
2005-09-28,98,75,77,82,85,87,84,1.3,1.1,0
2005-09-29,101,77,77,81,85,87,85,1.2,1.3,0
2005-09-30,103,80,77,81,85,87,86,1.7,1.2,0
2005-10-01,114,84,77,81,85,87,88,0.8,0.5,0
2005-10-02,115,92,78,81,85,87,90,0.7,0.3,0
2005-10-03,110,95,79,81,85,87,89,0.9,0.7,0
2005-10-04,106,96,80,81,84,87,89,1.4,0.8,0
2005-10-05,103,95,81,81,84,87,89,1.4,1,0
2005-10-06,99,94,82,81,84,87,88,1.3,0.9,0
2005-10-07,97,93,83,81,84,87,87,1.3,0.9,0
2005-10-08,94,92,83,81,84,86,87,1.2,1,0
2005-10-09,92,91,83,82,84,86,86,1.1,0.9,0
2005-10-10,90,90,83,82,84,86,86,1.1,0.9,0
2005-10-11,88,89,83,82,84,86,85,1.6,1,0
2005-10-12,86,87,83,82,83,86,85,1.4,0.9,0
2005-10-13,84,86,83,82,83,86,84,0.9,0.8,0
2005-10-14,82,85,83,82,83,86,84,0.9,0.8,0
2005-10-15,81,84,83,82,83,86,83,0.7,0.5,0
2005-10-16,80,83,83,82,83,86,83,1.1,0.8,0
2005-10-17,79,83,82,82,83,85,82,0.9,0.7,0
2005-10-18,77,82,82,82,83,85,82,0.9,0.6,0
2005-10-19,76,81,82,82,83,85,82,1.1,0.6,0
2005-10-20,76,80,81,82,83,85,81,0.9,0.4,0
2005-10-21,75,80,81,82,83,85,81,0.9,0.6,0
2005-10-22,92,80,81,82,83,85,84,1,1,0
2005-10-23,117,85,81,82,83,85,89,0.9,0.6,0
2005-10-24,115,92,82,82,83,85,90,0.7,0.4,0
2005-10-25,119,99,83,82,83,85,92,1.5,1.4,0
2005-10-26,119,107,85,82,83,85,94,1,0.8,0
2005-10-27,113,108,88,82,83,85,93,0.7,0.6,0
2005-10-28,109,107,90,83,83,85,93,1,0.6,0
2005-10-29,107,105,92,83,83,85,92,0.8,0.5,0
2005-10-30,105,104,92,84,83,85,92,0.8,0.5,0
2005-10-31,103,103,93,84,83,85,92,0.8,0.6,0
2005-11-01,102,102,93,85,84,85,92,0.6,0.4,0
2005-11-02,102,101,94,86,84,85,92,0.6,0.4,0
2005-11-03,106,101,94,86,84,85,93,0.9,0.8,0
2005-11-04,106,101,94,86,84,85,93,0.5,0.1,0
2005-11-05,113,103,94,87,84,85,94,0.6,0.7,0
2005-11-06,110,104,95,87,85,85,94,0.5,0,0
2005-11-07,110,104,95,88,85,85,95,0.5,0.2,0
2005-11-08,110,105,96,88,85,85,95,0.5,0.6,0
2005-11-09,107,105,96,89,85,85,95,0.5,0.5,0
2005-11-10,105,104,97,89,86,86,94,0.4,0.4,0
2005-11-11,104,104,97,90,86,86,94,0.7,0.4,0
2005-11-12,103,103,97,90,86,86,94,0.5,0.3,0
2005-11-13,102,102,97,90,86,86,94,0.3,0.2,0
2005-11-14,101,102,97,91,87,86,94,0.3,0,0
2005-11-15,107,102,98,91,87,86,95,0.5,0.2,0
2005-11-16,117,105,98,91,87,86,97,0.4,0.3,0
2005-11-17,117,110,99,92,88,86,99,0.4,0.2,0
2005-11-18,115,111,101,92,88,87,99,0.2,0.1,0
2005-11-19,112,111,102,93,88,87,99,0.1,0.2,0
2005-11-20,111,111,103,94,88,87,99,0.4,0.1,0
2005-11-21,124,122,109,95,89,87,104,0.3,0.2,0
2005-11-22,118,120,115,99,89,87,105,0.1,0.1,0
2005-11-23,115,117,115,103,90,87,105,0.4,0.1,0
2005-11-24,113,115,115,105,92,88,105,0.4,0.1,0
2005-11-25,113,114,114,107,93,88,105,0.8,0.6,0
2005-11-26,112,113,113,108,95,89,105,0.9,0.1,0
2005-11-27,110,112,112,108,96,89,105,0.5,0,0
2005-11-28,112,112,112,108,98,90,105,0.2,0,0
2005-11-29,111,112,111,109,99,90,105,0.1,0.4,0
2005-11-30,109,111,111,109,100,91,105,0.3,0.1,0
2005-12-01,108,110,111,109,101,92,105,0.2,0.1,0
2005-12-02,108,110,110,109,101,93,105,0.6,0.1,6
2005-12-03,107,109,110,108,102,93,105,0.7,0,4
2005-12-04,108,109,109,108,103,94,105,0.5,0.3,0
2005-12-05,122,114,110,108,103,95,108,0.4,0.2,0
2005-12-06,116,116,112,108,103,95,109,0.3,0,0
2005-12-07,114,115,113,109,104,96,108,0.3,0.1,0
2005-12-08,113,114,113,110,105,97,108,0.1,0.2,0
2005-12-09,111,113,113,111,105,97,108,0.3,0,0
2005-12-10,111,112,112,111,106,98,108,0.2,0,0
2005-12-11,110,112,112,111,107,99,108,0.2,0,3
2005-12-12,111,111,112,111,107,100,108,0.2,0,0
2005-12-13,111,111,111,110,108,100,109,0.1,0.1,0
2005-12-14,110,111,111,110,108,101,109,0.3,0.1,0
2005-12-15,116,112,111,110,108,102,110,0.6,0.6,0
2005-12-16,125,124,121,117,109,102,116,0.5,1,0
2005-12-17,123,124,125,125,118,105,120,0.4,0.2,0
2005-12-18,118,121,122,123,122,113,120,0.4,0.3,0
2005-12-19,117,119,120,121,121,117,119,0.3,0.2,0
2005-12-20,116,118,119,120,120,118,118,0.5,0.3,0
2005-12-21,122,121,119,119,119,118,120,0.2,0.2,0
2005-12-22,119,120,121,120,119,118,119,0.2,0.2,0
2005-12-23,119,119,120,120,120,118,119,0.3,0.1,0
2005-12-24,117,119,119,120,119,119,119,0.6,0.3,0
2005-12-25,121,120,119,119,119,119,119,0,0.1,0
2005-12-26,119,120,120,119,119,119,119,0.1,0.2,0
2005-12-27,118,119,119,119,119,119,119,0.4,0.3,0
2005-12-28,115,118,119,119,119,119,118,0.4,0.2,5
2005-12-29,114,116,118,118,119,119,117,0.4,0.4,8
2005-12-30,113,115,117,118,118,118,116,0.5,0.2,8
2005-12-31,115,115,116,117,118,118,116,0.4,0.3,9
2006-01-01,112,111,109,109,107,102,108,0.3,0,8
2006-01-02,110,111,110,109,107,102,108,0.2,0,4
2006-01-03,109,110,110,109,107,103,108,0.2,0,3
2006-01-04,108,110,110,109,107,103,108,0.2,0,7
2006-01-05,107,109,109,109,107,103,107,0.4,0.2,9
2006-01-06,106,109,109,109,107,104,107,0.3,0.1,8
2006-01-07,106,108,109,109,107,104,107,0.3,0,9
2006-01-08,105,108,109,108,107,104,107,0.3,0,9
2006-01-09,105,107,108,108,107,104,107,0,0,15
2006-01-10,104,107,108,108,107,104,106,0.3,0,18
2006-01-11,104,106,108,108,107,105,106,0.2,0.1,21
2006-01-12,107,106,107,108,107,105,107,0.3,0.1,20
2006-01-13,106,107,107,107,107,105,106,0.3,0.3,19
2006-01-14,105,106,107,107,107,105,106,0,0,18
2006-01-15,105,106,107,107,107,105,106,0.1,0,20
2006-01-16,104,106,107,107,107,105,106,0.2,0.1,25
2006-01-17,105,106,107,107,106,105,106,0.4,0,26
2006-01-18,107,106,106,107,106,105,106,0.5,0.4,26
2006-01-19,106,106,106,107,106,105,106,0.2,0.4,25
2006-01-20,106,106,106,106,106,105,106,0.4,0.3,22
2006-01-21,116,108,106,106,106,105,108,0.4,0.5,21
2006-01-22,119,115,108,107,106,105,110,0.4,0.4,19
2006-01-23,115,115,110,107,106,105,110,0.3,0.1,19
2006-01-24,113,114,111,108,106,105,109,0.2,0,26
2006-01-25,112,113,112,109,107,105,109,0.4,0,28
2006-01-26,117,114,112,110,107,105,111,0.2,0.4,29
2006-01-27,114,114,112,110,108,105,110,0.1,0.1,30
2006-01-28,112,113,112,111,108,106,110,0,0,33
2006-01-29,110,112,112,111,109,106,110,0,0,37
2006-01-30,109,111,112,111,109,106,110,0.2,0,41
2006-01-31,108,111,111,111,109,107,110,0.2,0,43
2006-02-01,108,110,111,111,109,107,109,0.1,0,43
2006-02-02,107,109,111,111,110,107,109,0.1,0,44
2006-02-03,106,109,110,110,110,108,109,0.3,0,44
2006-02-04,106,108,110,110,110,108,109,0.3,0,44
2006-02-05,106,108,109,110,109,108,108,0.2,0,45
2006-02-06,108,108,109,110,109,108,109,0.3,0.1,45
2006-02-07,112,109,109,109,109,108,109,0.4,0.2,44
2006-02-08,117,111,109,109,109,108,111,0.7,0.7,44
2006-02-09,118,114,110,109,109,108,111,0.6,0.8,43
2006-02-10,122,118,112,110,109,108,113,0.4,0.4,42
2006-02-11,119,120,116,111,109,108,114,0.3,0.3,41
2006-02-12,116,118,117,113,110,108,114,0.4,0.1,41
2006-02-13,114,116,116,115,111,109,113,0.4,0.1,40
2006-02-14,112,115,116,115,112,110,113,0.4,0,39
2006-02-15,112,114,115,115,113,110,113,0.6,0.3,39
2006-02-16,115,114,114,114,113,111,114,0.5,0.5,38
2006-02-17,122,118,115,114,113,111,116,0.7,0.5,37
2006-02-18,117,118,117,115,114,112,116,0.7,0.4,36
2006-02-19,115,117,117,116,114,112,115,0.8,0.7,34
2006-02-20,120,121,119,117,115,113,117,0.4,0.1,30
2006-02-21,122,124,125,124,119,114,121,0.4,0.3,27
2006-02-22,118,120,122,122,122,118,120,0.6,0.2,26
2006-02-23,115,118,120,121,121,120,119,0.8,0.1,25
2006-02-24,114,117,118,120,120,120,118,1,0,7
2006-02-25,113,115,117,118,119,119,117,0.8,0,7
2006-02-26,112,114,116,118,118,119,116,0.5,0.2,8
2006-02-27,111,114,115,117,118,118,115,0.5,0.4,10
2006-02-28,110,113,115,116,117,118,115,0.5,0.4,10
2006-03-01,112,112,114,115,116,117,115,0.6,0.7,10
2006-03-02,112,113,114,115,116,117,114,1,0.4,9
2006-03-03,110,112,113,115,115,116,114,0.6,0,9
2006-03-04,109,112,113,114,115,116,113,0.7,0.4,8
2006-03-05,110,111,113,114,115,115,113,0.7,0.1,0
2006-03-06,117,113,113,113,114,115,114,0.6,0.5,0
2006-03-07,114,114,113,113,114,115,114,0.7,0.4,0
2006-03-08,113,114,113,113,114,114,114,0.8,0.1,6
2006-03-09,126,122,117,114,114,114,118,0.4,0.2,4
2006-03-10,123,125,125,124,118,115,122,0.9,0.8,0
2006-03-11,120,121,122,123,122,119,121,0.4,0.3,0
2006-03-12,118,120,121,121,122,121,120,0.7,0.5,0
2006-03-13,115,118,119,120,121,121,119,0.6,0,4
2006-03-14,114,117,118,119,120,120,118,0.8,0,6
2006-03-15,112,115,117,118,119,120,117,0.7,0.1,8
2006-03-16,111,114,116,117,118,119,116,0.8,0.1,7
2006-03-17,110,113,115,117,118,118,115,0.7,0,4
2006-03-18,110,113,115,116,117,118,115,0.7,0,0
2006-03-19,109,112,114,115,117,117,114,1,0.1,0
2006-03-20,108,111,113,115,116,117,113,0.9,0.1,0
2006-03-21,107,110,113,114,115,116,113,1.1,0.2,0
2006-03-22,107,110,112,114,115,116,112,1.3,0.1,0
2006-03-23,106,109,111,113,114,115,112,1.4,0.3,0
2006-03-24,106,108,111,113,114,115,111,1.8,0.5,0
2006-03-25,112,109,110,112,113,115,112,1.2,1,0
2006-03-26,121,115,111,112,113,114,114,1.5,1.4,0
2006-03-27,120,119,114,112,113,114,115,1.9,1.5,0
2006-03-28,115,117,116,114,113,113,115,2.1,1.5,0
2006-03-29,112,115,115,114,113,113,114,1.3,0.7,0
2006-03-30,112,114,115,114,114,114,114,1.5,1.4,0
2006-03-31,120,116,114,114,114,114,115,1.9,1.4,0
2006-04-01,118,117,115,114,114,114,115,1.3,0.9,0
2006-04-02,118,118,116,115,114,114,116,1.7,1.2,0
2006-04-03,115,116,116,116,115,114,115,1.2,0.9,0
2006-04-04,113,115,116,116,115,114,115,1.5,0.9,0
2006-04-05,112,114,115,115,115,115,114,1.4,0.2,0
2006-04-06,110,113,114,115,115,115,114,1.6,0.9,0
2006-04-07,107,111,113,114,115,115,112,2.2,1.3,0
2006-04-08,104,109,112,113,114,114,111,2.6,1.5,0
2006-04-09,105,108,111,113,114,114,110,2.2,1.5,0
2006-04-10,103,107,110,112,113,114,110,1.6,0.5,0
2006-04-11,102,106,109,111,113,113,109,1.4,0.4,0
2006-04-12,103,106,109,111,112,113,109,1.3,0.4,0
2006-04-13,108,106,108,110,112,113,109,1,0.7,0
2006-04-14,119,111,108,110,111,112,112,1.8,1.4,0
2006-04-15,113,112,109,110,111,112,111,2.1,1.4,0
2006-04-16,119,113,110,110,111,112,112,1,1,0
2006-04-17,118,117,112,110,111,111,113,1.5,1.3,0
2006-04-18,115,116,114,111,111,111,113,1.9,1.2,0
2006-04-19,112,114,114,112,111,111,112,2.2,1.7,0
2006-04-20,108,112,113,112,111,111,111,2.6,2,0
2006-04-21,104,109,111,111,111,111,109,2.9,2.3,0
2006-04-22,111,108,110,111,111,111,110,1.9,1.4,0
2006-04-23,121,113,110,110,111,111,113,1.4,1,0
2006-04-24,114,115,111,110,111,111,112,2.4,1.6,0
2006-04-25,109,112,111,110,110,111,111,2.9,2,0
2006-04-26,106,109,110,110,110,110,109,2.3,1.3,0
2006-04-27,103,108,110,110,110,110,109,1.8,0.7,0
2006-04-28,102,106,109,110,110,110,108,1.7,0.9,0
2006-04-29,105,106,108,109,110,110,108,1.8,1.3,0
2006-04-30,104,106,108,109,110,110,108,2,1.5,0
2006-05-01,102,105,107,108,109,110,107,2.5,1.6,0
2006-05-02,98,103,106,108,109,110,106,3.2,2,0
2006-05-03,94,100,104,107,108,109,104,4.2,3,0
2006-05-04,88,97,103,106,108,109,102,4.9,3.2,0
2006-05-05,83,94,101,105,107,108,100,4.8,3,0
2006-05-06,79,92,99,104,106,108,98,4.3,2.9,0
2006-05-07,74,89,98,103,105,107,96,4.7,3,0
2006-05-08,70,86,96,101,104,106,94,4.5,3,0
2006-05-09,66,83,94,100,104,106,92,4,2.8,0
2006-05-10,65,81,93,99,103,105,91,3.9,3,0
2006-05-11,61,78,91,98,102,105,89,4,3,0
2006-05-12,57,75,89,97,101,104,87,4.1,3.1,0
2006-05-13,55,74,88,96,101,104,86,1.9,1.1,0
2006-05-14,54,73,87,96,100,103,86,1.6,0.9,0
2006-05-15,53,72,86,95,100,103,85,3.1,2.3,0
2006-05-16,50,70,85,94,99,102,83,3.8,2.6,0
2006-05-17,53,68,84,93,99,102,83,2.5,1.9,0
2006-05-18,62,68,83,93,98,102,84,2.2,1.9,0
2006-05-19,75,68,83,92,98,101,86,2.5,1.6,0
2006-05-20,78,69,82,92,97,101,86,2.1,1.5,0
2006-05-21,90,70,82,91,97,101,88,2.7,1.8,0
2006-05-22,94,71,81,91,97,100,89,2.6,2.4,0
2006-05-23,99,74,81,90,96,100,90,2.8,1.7,0
2006-05-24,94,75,81,90,96,100,89,3.1,2.1,0
2006-05-25,104,77,81,89,95,99,91,1.4,1.2,0
2006-05-26,112,84,81,89,95,99,93,2.3,1.8,0
2006-05-27,124,107,83,89,95,99,99,1.6,1.3,0
2006-05-28,122,117,89,89,95,99,102,3,2.1,0
2006-05-29,120,116,96,90,94,98,102,1.6,1.1,0
2006-05-30,119,117,102,91,94,98,104,1.7,1,0
2006-05-31,121,119,107,92,94,98,105,1.5,1.3,0
2006-06-01,118,119,111,95,95,98,106,1.7,1.5,0
2006-06-02,115,116,112,99,95,98,106,3,2.1,0
2006-06-03,111,113,112,101,96,98,105,1.9,1.1,0
2006-06-04,108,111,111,103,96,98,104,2.5,1.3,0
2006-06-05,105,109,110,103,97,98,104,1.4,0.6,0
2006-06-06,103,107,108,104,98,98,103,2.7,1.6,0
2006-06-07,99,105,107,104,98,98,102,3.8,2.6,0
2006-06-08,94,102,105,103,99,98,100,3.8,2.7,0
2006-06-09,89,99,103,102,99,98,98,4.4,3.3,0
2006-06-10,83,95,101,101,99,98,96,4.9,3.6,0
2006-06-11,77,91,99,100,98,98,94,5.3,3.6,0
2006-06-12,71,88,96,99,98,97,92,5.4,3.8,0
2006-06-13,66,84,94,97,97,97,89,5.4,4,0
2006-06-14,60,80,92,96,97,97,87,5.3,4.2,0
2006-06-15,56,77,90,95,96,97,85,3,2.1,0
2006-06-16,102,78,89,94,96,96,93,1.4,1,0
2006-06-17,105,82,88,94,96,96,93,3.2,1.9,0
2006-06-18,97,83,87,93,95,96,92,4.6,3.5,0
2006-06-19,91,82,86,92,95,96,90,4.4,2.9,0
2006-06-20,86,81,86,91,94,96,89,3.4,2.2,0
2006-06-21,81,79,85,90,94,95,87,4.5,2.9,0
2006-06-22,76,78,84,90,93,95,86,3.4,2,0
2006-06-23,72,76,83,89,93,95,84,3.5,2.4,0
2006-06-24,67,74,82,88,92,94,83,4.4,3.3,0
2006-06-25,74,71,80,87,91,94,83,4.7,3.7,0
2006-06-26,121,111,82,86,91,94,97,3.6,2.3,0
2006-06-27,117,111,87,86,90,93,97,3.4,2.2,0
2006-06-28,118,115,92,86,90,93,99,2.6,1.8,0
2006-06-29,111,111,96,87,90,93,98,3.5,2.3,0
2006-06-30,105,107,97,88,90,93,96,4.5,3,0
2006-07-01,98,103,96,88,89,92,95,4.8,3.2,0
2006-07-02,92,99,95,88,89,92,93,5,3.5,0
2006-07-03,85,95,94,88,89,92,90,5.3,3.8,0
2006-07-04,79,91,92,88,88,91,88,5.3,3.8,0
2006-07-05,73,86,90,87,88,91,86,5.4,3.9,0
2006-07-06,79,84,88,87,88,91,86,3.3,2.3,0
2006-07-07,88,82,87,86,88,90,87,2.9,2,0
2006-07-08,112,86,86,86,88,90,91,2.8,2.3,0
2006-07-09,105,89,86,86,87,90,90,4.2,3,0
2006-07-10,97,87,85,86,87,90,89,4.5,2.9,0
2006-07-11,90,85,84,85,87,90,87,4.6,3.3,0
2006-07-12,89,84,83,85,87,89,86,3.8,2.7,0
2006-07-13,84,82,82,84,86,89,85,4.4,3.1,0
2006-07-14,78,80,81,83,86,89,83,4.3,2.7,0
2006-07-15,73,77,80,83,86,89,81,4.7,3.3,0
2006-07-16,67,74,79,82,85,88,79,4.9,3.4,0
2006-07-17,61,71,77,81,84,88,77,4.8,3.5,0
2006-07-18,55,67,75,80,84,87,75,5.2,4,0
2006-07-19,48,64,73,79,83,87,72,5.5,4.2,0
2006-07-20,46,60,71,78,82,86,71,5.4,3.5,0
2006-07-21,55,58,70,77,82,86,71,5.3,4,0
2006-07-22,49,55,68,76,81,85,69,5.1,3.9,0
2006-07-23,43,52,66,74,80,85,67,4.1,2.8,0
2006-07-24,39,50,64,73,80,84,65,4.8,3.4,0
2006-07-25,34,47,62,72,79,84,63,4.9,3.5,0
2006-07-26,29,44,60,71,78,83,61,4.8,3.6,0
2006-07-27,37,42,59,70,77,82,61,4.5,3.6,0
2006-07-28,72,43,58,69,76,82,67,2.8,2.2,0
2006-07-29,118,58,57,68,76,82,77,4.3,3.3,0
2006-07-30,109,66,57,68,76,81,76,3.7,2.9,0
2006-07-31,120,91,59,67,75,81,82,3.3,2.5,0
2006-08-01,114,95,61,67,75,81,82,3,2,0
2006-08-02,125,116,70,67,75,81,89,2.2,2.2,0
2006-08-03,121,123,93,69,75,81,93,2.4,1.7,0
2006-08-04,119,120,102,71,75,81,94,2.8,2.1,0
2006-08-05,121,122,115,77,75,80,98,2.5,2,0
2006-08-06,117,119,114,85,75,80,98,2.5,1.7,0
2006-08-07,112,115,112,90,76,80,98,3,1.9,0
2006-08-08,108,111,110,93,77,80,96,3.2,1.9,0
2006-08-09,104,109,108,94,78,80,96,2.6,1.5,0
2006-08-10,102,106,106,95,80,80,95,2.8,1.9,0
2006-08-11,99,104,105,95,81,80,94,1.9,1.1,0
2006-08-12,97,103,103,95,81,81,93,1.6,0.8,0
2006-08-13,95,101,102,95,82,81,93,2.7,1.9,0
2006-08-14,92,99,101,95,83,81,92,3,2,0
2006-08-15,107,98,99,94,84,81,94,1.9,1.4,0
2006-08-16,104,99,99,94,84,82,93,2.4,1.5,0
2006-08-17,100,98,98,93,85,82,92,2.8,1.9,0
2006-08-18,101,97,97,93,85,82,92,2.2,1.7,0
2006-08-19,100,96,96,93,85,82,92,4.1,2.8,0
2006-08-20,119,99,95,92,85,82,95,3,2.4,0
2006-08-21,117,108,96,92,86,83,97,2,1.1,0
2006-08-22,113,109,97,92,86,83,97,1.8,1.4,0
2006-08-23,109,108,99,92,86,83,96,2.3,1.6,0
2006-08-24,106,106,99,92,86,83,95,2.6,1.9,0
2006-08-25,106,105,99,92,86,84,95,1.7,0.9,0
2006-08-26,109,105,99,92,87,84,96,1.6,1.3,0
2006-08-27,108,105,99,92,87,84,96,1.5,1,0
2006-08-28,114,105,99,93,87,84,97,1.9,1.5,0
2006-08-29,121,113,101,93,87,84,100,1.9,1.7,0
2006-08-30,115,114,104,93,87,85,100,1.9,1.3,0
2006-08-31,110,112,105,94,88,85,99,2.7,1.6,0
2006-09-01,106,109,105,95,88,85,98,2.5,1.5,0
2006-09-02,102,106,104,95,88,85,97,3,2.1,0
2006-09-03,102,104,103,95,88,85,96,2.1,1.5,0
2006-09-04,105,104,102,96,89,85,97,3.1,1.9,0
2006-09-05,101,102,101,96,89,86,96,2,1.2,0
2006-09-06,98,101,100,95,89,86,95,2.9,2,0
2006-09-07,94,98,99,95,89,86,94,2.7,1.7,0
2006-09-08,91,97,98,95,89,86,93,2.3,1.3,0
2006-09-09,88,95,97,94,89,86,92,2.4,1.7,0
2006-09-10,85,93,96,94,89,86,90,3.1,2.3,0
2006-09-11,81,91,94,93,89,86,89,3.1,2.2,0
2006-09-12,78,88,93,92,89,86,88,2.9,2.2,0
2006-09-13,74,86,92,92,89,86,86,3,2.3,0
2006-09-14,70,83,90,91,89,86,85,3.3,2.5,0
2006-09-15,67,81,89,90,88,86,83,3.3,2.1,0
2006-09-16,64,79,87,89,88,86,82,3.4,2.3,0
2006-09-17,61,77,86,89,88,86,81,2.3,1.7,0
2006-09-18,60,75,85,88,87,86,80,1,0.5,0
2006-09-19,59,74,84,87,87,86,80,2.3,1.4,0
2006-09-20,57,73,83,87,87,86,79,2.1,1.6,0
2006-09-21,54,71,82,86,86,86,77,2.8,2,0
2006-09-22,52,69,80,85,86,85,76,3.5,2.2,0
2006-09-23,49,67,79,84,85,85,75,3.2,2.2,0
2006-09-24,46,65,77,83,85,85,74,2.7,2,0
2006-09-25,44,63,76,82,84,85,73,1.7,1.3,0
2006-09-26,45,62,76,82,84,85,72,1.1,0.6,0
2006-09-27,50,62,75,82,84,85,73,1.5,1.2,0
2006-09-28,49,61,74,81,84,84,72,1.6,1.2,0
2006-09-29,47,60,73,80,83,84,71,1.8,1.2,0
2006-09-30,46,59,72,80,83,84,71,2,1.4,0
2006-10-01,49,58,72,79,83,84,71,1.8,1.2,0
2006-10-02,107,61,71,79,82,84,81,1.7,0.8,0
2006-10-03,102,66,71,78,82,84,80,1,0.4,0
2006-10-04,118,73,71,78,82,84,84,0.9,0.6,0
2006-10-05,112,81,72,78,82,83,84,1.5,1.1,0
2006-10-06,110,85,73,78,81,83,85,1.4,0.9,0
2006-10-07,111,89,74,78,81,83,86,1.3,1.3,0
2006-10-08,109,92,75,77,81,83,86,1.3,1,0
2006-10-09,104,92,76,77,81,83,85,1.2,1,0
2006-10-10,100,92,77,77,81,83,85,1.1,0.9,0
2006-10-11,98,91,77,77,81,83,84,1,0.6,0
2006-10-12,95,90,78,77,80,83,84,1,0.8,0
2006-10-13,94,90,79,78,80,83,84,0.7,0.4,0
2006-10-14,93,89,79,78,80,83,84,1,0.4,0
2006-10-15,91,88,80,78,80,82,83,1.1,0.7,0
2006-10-16,89,87,80,78,80,82,83,1.2,0.7,0
2006-10-17,87,86,80,78,80,82,82,1.3,0.9,0
2006-10-18,86,85,80,78,80,82,82,0.8,0.4,0
2006-10-19,84,85,80,78,80,82,82,1.1,0.6,0
2006-10-20,83,84,80,78,80,82,81,1.2,0.7,0
2006-10-21,82,83,80,78,80,82,81,1.2,0.6,0
2006-10-22,80,82,80,79,80,82,80,1.5,0.9,0
2006-10-23,79,81,80,79,80,82,80,1.4,0.6,0
2006-10-24,82,81,80,79,80,82,80,1.5,1.3,0
2006-10-25,85,81,79,79,80,82,81,0.9,0.8,0
2006-10-26,83,80,79,79,80,82,80,1.8,1.2,0
2006-10-27,81,80,79,79,80,82,80,1.7,0.6,0
2006-10-28,86,80,79,79,80,82,81,0.6,0.4,0
2006-10-29,97,80,79,79,80,82,83,1.2,1.1,0
2006-10-30,102,82,79,79,80,81,84,0.6,0.3,0
2006-10-31,99,83,79,79,80,81,83,1.5,1.1,0
2006-11-01,106,84,79,79,80,81,85,1.1,1,0
2006-11-02,110,89,80,79,80,81,86,0.4,0.1,0
2006-11-03,110,92,80,79,80,81,87,0.3,0.5,0
2006-11-04,107,94,81,79,80,81,87,0.7,0.3,0
2006-11-05,107,95,82,79,80,81,87,0.9,0.7,0
2006-11-06,105,95,83,79,80,81,87,1.1,0.3,0
2006-11-07,103,95,83,80,80,81,87,0.5,0.4,0
2006-11-08,101,95,84,80,80,81,87,0.6,0.4,0
2006-11-09,118,99,85,80,80,81,90,0.8,0.8,0
2006-11-10,114,103,86,80,80,81,91,0.5,0.4,0
2006-11-11,114,105,88,81,80,81,91,0.9,0.6,0
2006-11-12,120,110,90,81,80,81,94,0.8,0.9,0
2006-11-13,117,111,93,82,80,82,94,0.7,0.5,0
2006-11-14,116,112,96,83,81,82,95,0.6,0.7,0
2006-11-15,114,112,99,84,81,82,95,0.9,0.7,0
2006-11-16,111,110,100,85,81,82,95,1.3,0.8,0
2006-11-17,108,109,101,86,81,82,94,1.2,0.3,0
2006-11-18,107,108,101,87,82,82,94,0.5,0.5,0
2006-11-19,109,107,101,88,82,82,95,0.5,0.3,0
2006-11-20,113,108,101,89,82,82,96,0.8,0.6,0
2006-11-21,111,109,102,89,83,82,96,0.6,0.4,0
2006-11-22,109,108,102,90,83,82,96,0.4,0.3,0
2006-11-23,115,109,103,91,84,82,97,0.8,0.5,0
2006-11-24,122,118,105,92,84,83,101,0.5,0.5,0
2006-11-25,117,117,109,94,85,83,101,1.4,0.7,0
2006-11-26,114,115,110,96,85,83,101,0.5,0,0
2006-11-27,112,113,110,98,86,83,100,0.1,0.1,0
2006-11-28,110,112,110,99,87,83,100,0.2,0,0
2006-11-29,109,111,110,101,88,84,100,0.3,0,0
2006-11-30,108,110,109,101,89,84,100,0,0.2,0
2006-12-01,107,109,109,102,90,84,100,0.4,0.3,0
2006-12-02,106,108,108,102,91,85,100,0.5,0.2,0
2006-12-03,107,108,108,102,91,85,100,0.7,0.3,0
2006-12-04,117,109,107,103,92,86,102,1,0.7,0
2006-12-05,116,112,108,103,93,86,103,1.3,0.9,0
2006-12-06,118,114,109,103,93,87,104,0.9,0.7,0
2006-12-07,115,114,110,104,94,87,104,1.1,0.7,0
2006-12-08,113,113,111,104,95,87,104,1.5,1,0
2006-12-09,112,113,111,105,95,88,104,0.6,0.1,0
2006-12-10,111,112,111,106,96,88,104,0.2,0,0
2006-12-11,110,111,111,106,97,89,104,0.7,0.4,0
2006-12-12,119,113,111,107,98,89,106,0.3,0.5,0
2006-12-13,117,115,112,107,98,90,106,0.6,0.5,0
2006-12-14,114,115,112,108,99,91,107,0.8,0.3,0
2006-12-15,112,114,113,109,100,91,106,0.3,0.3,0
2006-12-16,112,112,112,109,101,92,106,0.8,0.2,0
2006-12-17,115,113,112,110,102,92,107,0.1,0.3,0
2006-12-18,114,113,112,110,103,93,107,0.3,0.1,0
2006-12-19,112,113,112,110,103,94,107,0.2,0,0
2006-12-20,111,112,112,110,104,95,107,0.3,0.1,0
2006-12-21,114,112,112,110,105,95,108,0.2,0,0
2006-12-22,112,112,112,110,105,96,108,0.3,0.1,0
2006-12-23,110,112,112,110,106,97,108,0.4,0.2,0
2006-12-24,109,111,111,110,106,98,108,0.2,0,0
2006-12-25,109,111,111,110,107,98,108,0.3,0.1,0
2006-12-26,108,110,111,110,107,99,107,0.1,0.1,0
2006-12-27,107,109,110,110,107,100,107,0,0.1,4
2006-12-28,108,109,110,109,107,100,107,0.3,0.2,2
2006-12-29,109,109,110,109,107,101,107,0.3,0,0
2006-12-30,108,109,109,109,107,101,107,1,0.8,0
2006-12-31,113,110,109,109,107,102,108,1.2,1.3,0
2007-01-01,116,112,112,112,113,114,113,1.2,1,0
2007-01-02,114,114,112,112,113,113,113,0.5,0.3,0
2007-01-03,112,113,113,113,113,113,113,0.6,0.5,0
2007-01-04,112,113,113,113,113,113,113,0.8,0.7,0
2007-01-05,118,114,113,113,113,113,114,0.7,0.7,0
2007-01-06,118,116,114,113,113,113,114,0.5,0.5,0
2007-01-07,124,124,119,115,113,113,118,0.7,0.6,0
2007-01-08,118,120,121,118,115,114,118,0.9,0.3,0
2007-01-09,117,118,119,119,117,115,117,1.3,0.8,0
2007-01-10,116,117,118,118,118,116,117,1.6,0.7,0
2007-01-11,124,124,121,121,119,117,121,1.3,1,0
2007-01-12,121,123,125,126,126,123,124,1.3,0.8,0
2007-01-13,117,120,122,123,123,124,121,1.2,0.3,0
2007-01-14,119,119,120,121,122,122,121,1.1,0.7,0
2007-01-15,117,119,120,120,121,121,120,0.3,0.1,0
2007-01-16,114,117,118,119,120,121,118,0.5,0.1,0
2007-01-17,113,116,117,119,119,120,117,1,0.3,0
2007-01-18,126,126,126,125,125,124,125,1.1,1.6,0
2007-01-19,121,123,124,125,126,126,124,1.4,1.2,0
2007-01-20,119,120,122,123,124,124,122,1.1,0.8,0
2007-01-21,121,122,121,122,122,123,122,1,0.6,0
2007-01-22,122,124,125,124,123,123,123,0.6,0.5,0
2007-01-23,118,120,122,123,123,123,122,0.2,0.3,4
2007-01-24,115,118,120,121,122,123,120,0.4,0,8
2007-01-25,114,117,119,120,121,121,118,0.3,0,12
2007-01-26,113,115,117,119,120,121,117,0.4,0.1,17
2007-01-27,114,115,117,118,119,120,117,0.6,0.6,17
2007-01-28,115,115,116,117,118,119,117,0.7,0.8,15
2007-01-29,122,118,117,117,118,118,118,0.6,0.7,0
2007-01-30,118,120,119,118,118,118,118,0.6,0.4,0
2007-01-31,115,118,118,118,118,118,118,1,0.4,0
2007-02-01,114,116,117,118,118,118,117,0.5,0.1,0
2007-02-02,115,116,117,117,118,118,117,0.5,0.4,0
2007-02-03,113,115,116,117,117,118,116,0.6,0.3,0
2007-02-04,112,114,116,116,117,117,115,0.4,0.2,0
2007-02-05,111,113,115,116,117,117,115,0.3,0,0
2007-02-06,110,113,114,115,116,117,114,0.3,0.1,0
2007-02-07,111,112,114,115,116,116,114,0.3,0.1,2
2007-02-08,116,113,113,114,115,116,115,0.4,0.3,0
2007-02-09,119,117,115,114,115,116,116,0.5,0.4,0
2007-02-10,118,117,116,115,115,116,116,0.4,0.4,0
2007-02-11,118,117,117,116,115,115,116,0.5,0.5,0
2007-02-12,120,119,117,116,116,116,117,0.6,0.5,0
2007-02-13,124,123,120,118,116,116,119,0.7,0.8,0
2007-02-14,124,125,126,124,120,117,122,0.6,0.5,0
2007-02-15,122,124,125,126,126,123,124,0.7,0.5,0
2007-02-16,118,120,122,123,124,124,122,0.7,0.3,0
2007-02-17,115,118,120,121,122,123,120,0.9,0.3,0
2007-02-18,113,116,118,120,121,121,118,0.6,0.2,0
2007-02-19,112,115,117,119,120,120,117,0.7,0.1,0
2007-02-20,111,114,116,118,119,120,116,0.5,0,0
2007-02-21,110,113,115,117,118,119,115,0.8,0.6,0
2007-02-22,113,113,114,116,117,118,115,0.8,0.8,0
2007-02-23,111,113,114,115,116,117,114,1.1,0.5,0
2007-02-24,109,112,113,115,116,117,114,1.1,0.6,0
2007-02-25,109,111,113,114,115,116,113,1,0.9,0
2007-02-26,117,112,113,114,115,116,114,0.7,0.8,0
2007-02-27,123,118,114,114,115,116,117,0.7,0.6,0
2007-02-28,124,124,120,116,115,115,119,1.2,1.1,0
2007-03-01,122,123,122,119,117,116,120,1.3,1.6,0
2007-03-02,121,122,122,121,119,117,120,1.1,1.1,0
2007-03-03,124,124,123,122,121,119,122,0.7,0.7,0
2007-03-04,120,122,123,124,123,121,122,1.2,1,0
2007-03-05,116,119,121,122,122,122,120,1.4,0.5,0
2007-03-06,115,117,119,120,121,121,119,2,1.4,0
2007-03-07,112,115,117,119,120,121,117,1.1,0.4,0
2007-03-08,112,114,116,118,119,120,116,0.7,0.4,0
2007-03-09,111,113,115,117,118,119,116,1.1,0.8,0
2007-03-10,119,115,115,116,117,118,117,1.1,0.7,0
2007-03-11,114,115,115,116,117,118,116,1.4,1,0
2007-03-12,110,113,115,115,116,117,114,1.4,1.1,0
2007-03-13,108,111,114,115,116,117,113,1.5,1.3,0
2007-03-14,105,110,112,114,115,116,112,1.4,0.9,0
2007-03-15,103,108,111,113,115,116,111,1.2,1,0
2007-03-16,102,107,110,112,114,115,110,1.2,0.7,0
2007-03-17,102,106,110,112,113,115,110,1.1,0.8,0
2007-03-18,107,106,109,111,113,114,110,1.2,1.5,0
2007-03-19,111,108,109,111,112,114,111,1.2,0.7,0
2007-03-20,109,108,109,110,112,113,110,0.8,0.1,0
2007-03-21,110,108,109,110,112,113,110,0.6,0.6,0
2007-03-22,126,123,117,115,113,113,118,0.5,0.3,0
2007-03-23,123,125,126,126,127,123,125,1.3,1,0
2007-03-24,118,120,122,123,124,124,122,1.6,0.7,0
2007-03-25,114,118,120,121,122,123,120,2.7,1.1,0
2007-03-26,111,115,118,119,121,121,117,2.9,1.5,0
2007-03-27,108,113,116,118,119,120,115,2.5,1.4,0
2007-03-28,105,110,114,116,118,119,114,2.3,1.5,0
2007-03-29,102,109,112,115,117,118,112,2.2,1.4,0
2007-03-30,101,107,111,114,116,117,111,1.4,0.8,0
2007-03-31,99,106,110,113,115,116,110,2.4,1.4,0
2007-04-01,96,104,109,112,114,116,108,3.8,1.9,0
2007-04-02,93,102,107,111,113,115,107,2.4,1.7,0
2007-04-03,93,101,106,110,112,114,106,1,0.5,0
2007-04-04,94,100,106,109,112,113,106,2.2,1.4,0
2007-04-05,93,100,105,109,111,113,105,1.7,0.7,0
2007-04-06,91,99,104,108,110,112,104,2,1.4,0
2007-04-07,90,98,103,107,110,112,103,1.5,0.7,0
2007-04-08,89,97,103,107,109,111,103,1.5,0.9,0
2007-04-09,87,96,102,106,109,111,102,2.4,1.4,0
2007-04-10,86,95,101,105,108,110,101,1.8,0.8,0
2007-04-11,85,94,101,105,108,110,100,1.3,0.7,0
2007-04-12,83,92,100,104,107,109,99,2.6,1.8,0
2007-04-13,80,91,99,103,106,109,98,3.2,2.4,0
2007-04-14,76,88,97,102,106,108,96,3.8,2.7,0
2007-04-15,72,86,96,101,105,108,94,3.7,2.7,0
2007-04-16,68,83,94,100,104,107,93,3.6,2.8,0
2007-04-17,64,81,93,99,104,106,91,2.7,1.8,0
2007-04-18,63,80,92,99,103,106,90,1.8,0.8,0
2007-04-19,61,78,91,98,102,105,89,3.1,2.1,0
2007-04-20,60,77,90,97,102,105,88,2.3,1,0
2007-04-21,58,76,89,97,101,105,88,2.4,1.6,0
2007-04-22,56,74,88,96,101,104,86,3.5,2.5,0
2007-04-23,52,72,86,95,100,103,85,3.4,2.6,0
2007-04-24,53,70,85,94,99,103,84,2.2,1.6,0
2007-04-25,52,69,84,93,99,102,83,3.4,2.4,0
2007-04-26,48,66,82,92,98,102,81,3.9,2.8,0
2007-04-27,45,64,81,91,97,101,80,3.8,2.8,0
2007-04-28,41,62,79,90,96,101,78,4,3.1,0
2007-04-29,38,59,77,89,96,100,76,3.8,2.4,0
2007-04-30,36,57,76,88,95,99,75,3.6,2.2,0
2007-05-01,33,55,74,86,94,99,74,3.8,2.3,0
2007-05-02,31,53,73,85,93,98,72,3.4,2.4,0
2007-05-03,29,51,71,84,92,98,71,3.5,2.5,0
2007-05-04,26,49,70,83,91,97,69,3.9,2.8,0
2007-05-05,24,47,68,82,91,96,68,3.8,2.8,0
2007-05-06,21,45,66,80,90,95,66,3.8,2.9,0
2007-05-07,36,43,65,80,89,95,68,1.7,1.4,0
2007-05-08,125,54,65,79,89,95,84,1.9,2.2,0
2007-05-09,117,67,65,79,88,94,85,2.2,1.5,0
2007-05-10,110,74,66,79,88,94,85,2,1.7,0
2007-05-11,106,78,67,79,88,94,85,2.3,2.3,0
2007-05-12,112,82,68,78,88,94,87,2,1.8,0
2007-05-13,110,87,69,78,87,93,88,2.7,2,0
2007-05-14,107,89,71,78,87,93,87,2.6,1.7,0
2007-05-15,111,90,72,78,87,93,88,1.6,1.3,0
2007-05-16,112,93,73,78,86,93,89,1.7,1.2,0
2007-05-17,113,97,75,78,86,92,90,2.4,1.7,0
2007-05-18,106,96,76,78,86,92,89,3.5,2.3,0
2007-05-19,100,95,77,78,86,92,88,3,2.1,0
2007-05-20,95,92,78,78,85,91,87,4.2,3.1,0
2007-05-21,88,89,77,78,85,91,85,4.7,3.5,0
2007-05-22,81,85,77,78,84,91,83,4.2,2.8,0
2007-05-23,78,83,77,78,84,90,82,1.9,1.2,0
2007-05-24,75,81,77,78,84,90,81,4.4,2.9,0
2007-05-25,70,78,76,77,84,90,79,4,2.7,0
2007-05-26,97,76,75,77,83,89,83,4.2,3.1,0
2007-05-27,124,100,76,77,83,89,91,3.3,2.8,0
2007-05-28,120,107,79,77,83,89,92,1.4,1.2,0
2007-05-29,125,123,105,86,83,89,102,1.2,1.4,0
2007-05-30,120,123,124,118,88,89,110,3.8,2.7,0
2007-05-31,114,118,119,118,97,89,109,3,2,0
2007-06-01,109,114,116,116,102,90,108,3.6,2.4,0
2007-06-02,106,111,114,114,105,92,107,1.9,1.1,0
2007-06-03,104,109,112,112,106,93,106,2,1.1,0
2007-06-04,102,108,111,111,106,95,105,2.1,1.2,0
2007-06-05,100,106,109,110,107,96,105,2,1.2,0
2007-06-06,97,104,108,109,106,97,103,3.6,2.3,0
2007-06-07,92,101,106,108,106,98,102,5,3.5,0
2007-06-08,86,97,104,106,105,98,99,4.8,3.4,0
2007-06-09,81,94,102,105,104,99,97,4.7,3.3,0
2007-06-10,90,92,100,103,103,99,98,5,3.5,0
2007-06-11,118,102,99,102,103,99,104,3.3,2.2,0
2007-06-12,117,110,100,101,102,99,105,2.4,1.6,0
2007-06-13,118,118,106,101,101,99,107,3.6,2.6,0
2007-06-14,114,114,108,102,101,99,106,3.5,2.6,0
2007-06-15,124,125,125,111,102,99,114,3.1,2.5,0
2007-06-16,121,124,125,126,124,106,121,3.8,2.5,0
2007-06-17,114,118,120,122,122,116,119,4.7,3,0
2007-06-18,120,122,122,121,120,118,120,3.7,2.6,0
2007-06-19,114,118,120,121,120,118,118,4.8,3.3,0
2007-06-20,108,114,117,119,119,118,116,3.9,2.8,0
2007-06-21,121,121,119,118,118,118,119,1.6,1.3,0
2007-06-22,121,123,124,124,121,118,122,2.7,1.9,0
2007-06-23,122,122,122,122,122,121,122,3,2.8,0
2007-06-24,120,123,124,123,123,122,122,3.2,2.2,0
2007-06-25,119,122,123,124,124,124,123,2.6,2,0
2007-06-26,121,122,123,124,125,125,123,2.5,2,0
2007-06-27,117,120,121,122,123,124,121,3.1,1.6,0
2007-06-28,116,117,119,120,121,122,119,2.6,1.9,0
2007-06-29,118,118,118,119,120,121,119,2.1,1.3,0
2007-06-30,119,121,120,119,119,120,120,3,2,0
2007-07-01,113,117,119,119,119,120,118,3.3,2.1,0
2007-07-02,112,114,117,118,119,119,116,2.8,2.1,0
2007-07-03,115,114,115,117,118,119,116,2.1,1.8,0
2007-07-04,121,118,116,116,117,118,118,2.4,2.1,0
2007-07-05,121,122,119,117,117,118,119,2.2,1.5,0
2007-07-06,116,118,119,118,118,117,118,2.7,1.9,0
2007-07-07,114,116,117,118,118,118,117,2.9,1.9,0
2007-07-08,113,114,116,117,117,118,116,4.3,3.3,0
2007-07-09,115,114,114,116,117,117,115,1.6,1.1,0
2007-07-10,119,119,116,115,116,117,117,3.2,2.2,0
2007-07-11,114,116,116,116,116,116,116,2.4,1.9,0
2007-07-12,114,115,115,116,116,116,115,2.3,1.6,0
2007-07-13,110,113,114,115,116,116,114,2.3,1.3,0
2007-07-14,105,110,113,114,115,115,112,5.5,4.2,0
2007-07-15,101,106,110,113,114,115,110,5.6,3.9,0
2007-07-16,93,102,108,111,113,114,107,6.3,4.7,0
2007-07-17,89,99,106,109,112,113,105,4.6,3.4,0
2007-07-18,84,96,104,108,111,112,102,4.3,3.1,0
2007-07-19,80,94,102,107,110,112,101,2.6,1.8,0
2007-07-20,78,92,101,106,109,111,99,4,2.9,0
2007-07-21,76,89,100,105,108,110,98,3.2,2.2,0
2007-07-22,121,102,99,104,107,110,107,2.8,2.5,0
2007-07-23,116,109,100,104,107,109,108,2.8,2.2,0
2007-07-24,118,111,102,103,106,109,108,2.3,2,0
2007-07-25,115,113,104,104,106,108,108,3.7,2.4,0
2007-07-26,108,110,105,104,106,108,107,4.7,3.2,0
2007-07-27,104,107,105,104,105,107,105,4.2,3,0
2007-07-28,119,120,117,113,107,107,114,2,1.8,0
2007-07-29,124,125,126,126,121,112,122,1.4,1.3,0
2007-07-30,121,123,125,125,126,125,124,2.6,2.2,0
2007-07-31,116,119,121,123,123,124,121,2.8,1.6,0
2007-08-01,111,116,118,120,121,122,118,4.1,3,0
2007-08-02,114,118,120,121,121,121,119,2.2,1.4,0
2007-08-03,119,122,124,125,125,125,123,2.3,1.5,0
2007-08-04,113,118,120,122,123,123,120,4,2.9,0
2007-08-05,107,113,117,119,121,122,116,4.7,3.4,0
2007-08-06,101,109,114,117,119,120,113,5.2,3.6,0
2007-08-07,96,106,112,115,117,119,111,3,1.9,0
2007-08-08,95,105,110,114,116,117,109,1.6,0.8,0
2007-08-09,121,117,111,113,115,117,116,1.6,1.2,0
2007-08-10,118,119,115,113,114,116,116,1.8,1.3,0
2007-08-11,119,118,116,114,114,115,116,2.3,1.7,0
2007-08-12,114,116,116,115,115,115,115,3.7,2.4,0
2007-08-13,109,113,115,115,115,115,114,2.5,1.7,0
2007-08-14,105,110,113,114,114,115,112,4,3,0
2007-08-15,101,108,111,113,114,114,110,3.2,2.3,0
2007-08-16,120,120,114,113,113,114,116,3.3,2.3,0
2007-08-17,114,117,116,114,113,114,115,3.1,1.9,0
2007-08-18,110,114,115,114,113,114,113,3.1,2.1,0
2007-08-19,107,111,113,114,114,114,112,1.8,1,0
2007-08-20,107,109,112,113,113,114,111,2.7,1.8,0
2007-08-21,119,120,119,118,118,118,118,1.2,1.3,0
2007-08-22,120,123,124,125,126,126,124,2.6,2,0
2007-08-23,119,120,121,122,123,124,122,1.9,1.2,0
2007-08-24,114,118,120,121,122,122,119,3.1,2.2,0
2007-08-25,110,114,117,119,120,121,117,2.9,1.9,0
2007-08-26,106,112,115,117,119,120,115,2.8,1.7,0
2007-08-27,103,109,113,116,118,119,113,2.7,1.9,0
2007-08-28,100,107,112,114,116,118,111,2.1,1.5,0
2007-08-29,98,106,110,113,115,117,110,2.2,1.5,0
2007-08-30,96,104,109,112,114,116,108,2.1,1.5,0
2007-08-31,94,103,108,111,114,115,107,1.7,0.9,0
2007-09-01,93,101,107,110,113,114,106,2,1.4,0
2007-09-02,91,100,106,110,112,114,105,2,1,0
2007-09-03,115,109,106,109,111,113,110,1.4,1,0
2007-09-04,116,115,108,109,111,113,112,2,1.4,0
2007-09-05,112,113,110,109,111,112,111,1.7,0.9,0
2007-09-06,109,111,111,110,110,112,111,1.5,0.8,0
2007-09-07,109,110,110,110,110,112,110,1.5,1.1,0
2007-09-08,108,109,110,110,110,111,110,1.4,0.6,0
2007-09-09,108,109,110,110,110,111,110,1.5,1.1,0
2007-09-10,111,109,109,110,110,111,110,1.2,0.8,0
2007-09-11,118,112,109,110,110,111,112,1.6,1.2,0
2007-09-12,113,113,110,110,110,111,111,1.5,0.9,0
2007-09-13,110,111,111,110,110,111,110,1.5,0.9,0
2007-09-14,107,110,110,110,110,110,109,2.2,1.5,0
2007-09-15,104,108,109,110,110,110,108,2.2,1.4,0
2007-09-16,101,106,108,109,110,110,107,2.3,1.7,0
2007-09-17,101,105,107,108,109,110,107,2.2,1.3,0
2007-09-18,125,127,123,114,110,110,118,1.2,0.9,0
2007-09-19,119,122,123,122,115,111,119,1.6,0.9,0
2007-09-20,115,118,120,121,119,114,118,2.4,1.6,0
2007-09-21,111,115,117,119,119,116,116,2.2,1.5,0
2007-09-22,107,112,115,117,118,117,114,2.1,1.6,0
2007-09-23,104,110,114,116,116,116,113,1.9,1.5,0
2007-09-24,102,108,112,114,115,116,111,2.2,1.6,0
2007-09-25,116,110,111,113,115,115,113,1.5,1.2,0
2007-09-26,116,112,111,113,114,115,113,1.3,1,0
2007-09-27,121,117,114,113,113,114,115,0.8,0.5,0
2007-09-28,125,125,126,123,118,116,122,0.8,0.4,0
2007-09-29,126,127,128,128,128,128,128,1,0.9,0
2007-09-30,120,122,124,125,125,126,124,1,0.5,0
2007-10-01,116,119,121,122,123,124,121,1,0.7,0
2007-10-02,123,124,125,125,124,123,124,0.7,0.4,0
2007-10-03,118,121,122,123,124,124,122,1,0.6,0
2007-10-04,115,118,120,121,122,123,120,1.1,0.8,0
2007-10-05,112,116,118,120,121,122,118,1.1,0.7,0
2007-10-06,110,114,117,118,120,121,117,0.8,0.4,0
2007-10-07,109,113,115,117,119,120,115,0.9,0.6,0
2007-10-08,108,112,114,116,118,119,114,0.8,0.6,0
2007-10-09,106,110,113,115,117,118,113,0.9,0.5,0
2007-10-10,105,109,112,114,116,117,112,0.9,0.5,0
2007-10-11,104,108,111,114,115,116,111,0.8,0.7,0
2007-10-12,103,107,111,113,115,116,111,1,0.4,0
2007-10-13,102,107,110,112,114,115,110,0.9,0.6,0
2007-10-14,101,106,109,111,113,115,109,1,0.8,0
2007-10-15,99,104,108,111,113,114,108,1.1,0.8,0
2007-10-16,98,104,107,110,112,114,107,1.2,0.6,0
2007-10-17,98,103,107,110,112,113,107,1.3,0.7,0
2007-10-18,101,102,106,109,111,113,107,0.9,0.7,0
2007-10-19,104,103,106,109,111,112,107,0.9,0.7,0
2007-10-20,103,103,106,108,110,112,107,0.5,0.2,0
2007-10-21,107,104,105,108,110,111,107,0.6,0.3,0
2007-10-22,107,104,105,108,110,111,107,0.9,0.4,0
2007-10-23,105,105,106,107,109,111,107,0.8,0.2,0
2007-10-24,104,105,106,107,109,110,107,0.6,0.1,0
2007-10-25,104,105,106,107,109,110,107,0.6,0.1,0
2007-10-26,103,104,106,107,108,110,106,0.6,0.1,0
2007-10-27,102,104,105,107,108,110,106,0.5,0.1,0
2007-10-28,102,104,105,107,108,109,106,0.6,0.3,0
2007-10-29,101,103,105,106,108,109,105,0.8,0.4,0
2007-10-30,117,107,105,106,108,109,109,0.5,0.3,0
2007-10-31,115,111,106,106,108,109,109,0.4,0.3,0
2007-11-01,112,111,107,107,107,109,109,0.5,0.1,0
2007-11-02,111,111,108,107,107,108,109,0.5,0.1,0
2007-11-03,109,110,109,107,108,108,109,0.7,0.4,0
2007-11-04,108,110,109,108,108,108,108,0.6,0.3,0
2007-11-05,107,109,109,108,108,108,108,0.4,0.2,0
2007-11-06,111,109,109,108,108,108,109,0.8,0.9,0
2007-11-07,118,111,109,108,108,108,111,0.8,0.6,0
2007-11-08,120,118,111,109,108,108,112,0.8,0.8,0
2007-11-09,123,122,116,110,109,108,115,0.8,0.8,0
2007-11-10,125,125,123,115,110,109,118,0.5,0.3,0
2007-11-11,125,126,126,126,120,112,123,0.7,0.7,0
2007-11-12,122,123,124,124,125,123,123,0.6,0.4,0
2007-11-13,121,122,122,123,123,123,122,0.5,0.2,0
2007-11-14,120,121,122,122,122,122,121,0.4,0.3,0
2007-11-15,117,119,120,121,122,122,120,0.4,0.2,0
2007-11-16,116,118,119,120,121,121,119,0.3,0.1,0
2007-11-17,116,117,118,119,120,120,118,0.4,0,0
2007-11-18,114,116,117,118,119,120,117,0.5,0.3,0
2007-11-19,112,115,117,118,119,119,117,0.7,0.2,0
2007-11-20,111,114,116,117,118,119,116,0.4,0,0
2007-11-21,110,113,115,116,117,118,115,0.7,0.2,0
2007-11-22,109,112,114,116,117,118,114,0.5,0.1,0
2007-11-23,112,112,114,115,116,117,114,0.4,0,0
2007-11-24,113,113,113,115,116,117,114,0.2,0.3,0
2007-11-25,118,115,113,114,115,116,115,0.5,0.3,0
2007-11-26,121,121,117,115,115,116,118,0.5,0.6,0
2007-11-27,118,119,119,117,116,116,117,0.3,0.3,0
2007-11-28,115,117,118,118,117,116,117,0.2,0.2,0
2007-11-29,113,116,117,117,117,116,116,0.5,0.2,0
2007-11-30,113,115,116,117,117,117,116,0.6,0.4,0
2007-12-01,121,118,116,116,117,117,117,0.7,0.6,0
2007-12-02,118,119,118,117,117,117,118,1.3,0.9,0
2007-12-03,122,120,119,118,117,117,119,0.9,0.9,0
2007-12-04,120,121,121,119,118,117,119,0.6,0.4,0
2007-12-05,117,119,120,120,119,118,119,0.9,0.4,0
2007-12-06,118,118,119,119,119,119,118,0.9,0.6,0
2007-12-07,125,125,124,121,120,119,122,1.1,1.3,0
2007-12-08,120,122,124,124,123,121,122,0.9,0.7,0
2007-12-09,120,121,122,122,123,123,122,0.7,0.5,0
2007-12-10,117,119,120,121,122,122,120,0.4,0.3,0
2007-12-11,122,120,120,120,121,121,121,0.4,0.1,0
2007-12-12,120,121,121,121,121,121,121,0.5,0.2,0
2007-12-13,116,119,120,120,121,121,119,0.5,0.1,0
2007-12-14,114,117,119,120,120,120,118,0.6,0.1,0
2007-12-15,113,116,118,119,119,120,117,0.5,0.1,0
2007-12-16,112,115,117,118,119,119,116,0.3,0,5
2007-12-17,111,114,116,117,118,119,116,0.6,0.1,6
2007-12-18,110,113,115,116,117,118,115,0.2,0,7
2007-12-19,109,112,114,116,117,118,114,0.2,0,9
2007-12-20,109,112,114,115,116,117,114,0.1,0,13
2007-12-21,108,111,113,115,116,117,113,0,0,17
2007-12-22,107,110,112,114,115,116,113,0,0,21
2007-12-23,109,110,112,114,115,116,112,0.3,0,24
2007-12-24,118,113,112,113,114,115,114,0.2,0.1,23
2007-12-25,114,114,113,113,114,115,114,0.2,0.3,22
2007-12-26,112,114,113,113,114,115,113,0.5,0.1,23
2007-12-27,111,113,113,113,114,114,113,0.4,0,23
2007-12-28,110,112,113,113,114,114,113,0.5,0,22
2007-12-29,109,111,113,113,114,114,112,0.7,0.1,20
2007-12-30,108,111,112,113,114,114,112,0.5,0,19
2007-12-31,110,110,112,113,113,114,112,0.3,0.1,18
2008-01-01,105,108,110,111,112,112,110,0.3,0,17
2008-01-02,105,108,109,111,112,112,109,0.3,0.2,16
2008-01-03,105,107,109,110,111,112,109,0.6,0.1,9
2008-01-04,104,107,109,110,111,112,109,0.5,0,13
2008-01-05,104,107,108,110,111,111,108,0.7,0.2,14
2008-01-06,115,108,108,110,111,111,110,0.5,0,12
2008-01-07,115,111,109,109,110,111,111,0.7,0.8,9
2008-01-08,115,112,110,110,110,111,111,0.5,0.5,0
2008-01-09,112,112,111,110,110,111,111,0.4,0.1,0
2008-01-10,110,112,111,110,110,111,111,0.6,0.3,0
2008-01-11,109,111,111,110,110,110,110,1.1,0.4,0
2008-01-12,108,110,110,110,110,110,110,1,0.1,0
2008-01-13,107,109,110,110,110,110,109,0.3,0,0
2008-01-14,106,109,110,110,110,110,109,0.7,0.2,0
2008-01-15,105,108,109,110,110,110,109,1.4,0.2,0
2008-01-16,105,107,109,110,110,110,108,1,0.1,0
2008-01-17,104,107,109,110,110,110,108,0.8,0.2,0
2008-01-18,109,107,108,109,110,110,109,0.8,0.8,0
2008-01-19,121,113,109,109,110,110,112,0.5,0.5,0
2008-01-20,125,126,124,115,110,110,119,0.7,0.6,0
2008-01-21,124,125,125,124,117,111,121,0.9,0.7,0
2008-01-22,124,125,126,126,125,119,124,0.7,0.7,0
2008-01-23,119,121,123,124,124,124,122,0.6,0.2,0
2008-01-24,117,119,120,122,122,123,120,0.9,0.2,0
2008-01-25,117,118,119,120,121,122,120,0.8,0.6,0
2008-01-26,115,117,118,119,120,121,118,1.1,0.4,0
2008-01-27,124,125,124,124,122,121,123,0.7,0.6,0
2008-01-28,119,122,123,124,124,124,123,0.5,0.1,0
2008-01-29,116,119,121,122,123,123,121,0.5,0.1,0
2008-01-30,115,117,119,120,121,122,119,0.4,0,0
2008-01-31,115,117,118,119,120,121,119,0.9,0.6,0
2008-02-01,114,116,117,119,119,120,117,1,0.6,0
2008-02-02,113,115,117,118,119,119,117,0.8,0.4,0
2008-02-03,112,114,116,117,118,119,116,0.8,0.3,0
2008-02-04,110,113,115,116,117,118,115,0.9,0.1,0
2008-02-05,110,112,114,116,117,118,114,1,0.4,0
2008-02-06,122,117,115,115,116,117,117,0.9,0.9,0
2008-02-07,120,122,119,117,116,117,118,0.6,0.5,0
2008-02-08,116,119,119,118,117,117,118,0.5,0.4,0
2008-02-09,114,116,118,118,118,117,117,0.3,0.4,0
2008-02-10,112,115,117,117,118,117,116,0.3,0.3,0
2008-02-11,110,114,115,117,117,117,115,0.3,0.3,0
2008-02-12,109,113,115,116,117,117,114,0.4,0,0
2008-02-13,109,112,114,115,116,117,114,0.5,0.1,0
2008-02-14,108,111,113,115,116,116,113,0.4,0,0
2008-02-15,107,110,113,114,115,116,113,0.7,0.1,0
2008-02-16,107,110,112,114,115,116,112,0.5,0,5
2008-02-17,106,109,112,113,114,115,112,0.6,0.1,6
2008-02-18,106,109,111,113,114,115,111,0.6,0,5
2008-02-19,105,108,111,112,113,114,111,0.5,0,0
2008-02-20,105,108,110,112,113,114,110,0.4,0.1,0
2008-02-21,104,108,110,111,113,114,110,0.7,0.5,0
2008-02-22,104,107,109,111,112,113,109,1.3,0.4,0
2008-02-23,103,106,109,111,112,113,109,1.5,0.6,0
2008-02-24,102,106,108,110,112,113,108,0.8,0.4,0
2008-02-25,103,105,108,110,111,112,108,1,0.9,0
2008-02-26,103,105,107,109,111,112,108,1.4,0.7,0
2008-02-27,104,105,107,109,110,112,108,1.3,0.7,0
2008-02-28,103,104,107,108,110,111,107,1,0.4,0
2008-02-29,102,104,106,108,110,111,107,0.9,0.3,0
2008-03-01,125,122,121,121,115,111,119,1.7,1.9,0
2008-03-02,123,124,125,125,124,118,123,1.8,1.8,0
2008-03-03,119,121,123,124,124,123,122,1.4,0.2,0
2008-03-04,116,119,121,122,122,122,120,1.2,0.1,0
2008-03-05,114,117,119,120,121,121,119,1.3,0.1,0
2008-03-06,113,116,118,119,120,121,118,1,0.1,0
2008-03-07,111,114,117,118,119,120,116,0.8,0.3,0
2008-03-08,110,113,115,117,118,119,115,1,0.5,0
2008-03-09,109,112,114,116,117,118,114,1.5,0.5,0
2008-03-10,107,111,113,115,117,118,113,2,1,0
2008-03-11,106,110,112,114,116,117,112,1.7,1.1,0
2008-03-12,118,111,112,114,115,116,114,2,1.8,0
2008-03-13,121,117,113,113,115,116,116,1.8,1.4,0
2008-03-14,120,118,115,114,114,115,116,1.1,0.8,0
2008-03-15,116,118,117,115,115,115,116,1.2,0.8,0
2008-03-16,120,118,117,116,115,115,117,1.1,0.8,0
2008-03-17,121,120,118,117,116,115,118,1.3,0.9,0
2008-03-18,121,122,120,118,117,116,119,0.8,0.5,0
2008-03-19,122,123,123,121,119,117,121,1.1,1.2,0
2008-03-20,120,121,122,122,121,119,121,1,0.7,0
2008-03-21,125,126,125,124,122,120,124,0.8,0.8,0
2008-03-22,123,123,124,125,125,124,124,0.7,0.7,0
2008-03-23,121,123,123,123,124,124,123,0.9,0.6,0
2008-03-24,118,120,121,122,123,123,121,1.1,0.1,0
2008-03-25,116,118,120,121,122,122,120,1,0.7,0
2008-03-26,114,117,119,120,121,121,118,1.4,0.6,0
2008-03-27,113,115,117,119,120,120,117,1,0.2,0
2008-03-28,111,114,116,118,119,120,116,1.8,0.6,0
2008-03-29,111,113,115,117,118,119,115,2.2,1.8,0
2008-03-30,107,111,114,116,117,118,114,4,2,0
2008-03-31,104,109,112,115,116,117,112,1.6,0.9,0
2008-04-01,102,108,111,114,115,117,111,2,1.5,0
2008-04-02,116,109,110,113,115,116,113,1.2,0.9,0
2008-04-03,121,114,111,112,114,115,115,0.8,0.7,0
2008-04-04,118,118,114,113,114,115,115,1,0.6,0
2008-04-05,120,120,117,114,114,115,117,0.7,0.3,0
2008-04-06,121,123,123,119,116,115,119,1.3,0.8,0
2008-04-07,120,121,121,121,119,116,120,0.9,0.5,0
2008-04-08,117,119,120,120,120,118,119,1.7,0.8,0
2008-04-09,115,117,119,119,120,119,118,1.2,0.4,0
2008-04-10,118,118,118,119,119,119,118,0.8,0.5,0
2008-04-11,117,117,118,118,119,119,118,0.8,0.4,0
2008-04-12,118,118,118,118,118,118,118,2.2,1.5,0
2008-04-13,115,116,117,117,118,118,117,1.6,1,0
2008-04-14,124,123,120,118,118,118,120,1.2,1.1,0
2008-04-15,121,123,123,121,119,118,121,1.2,0.7,0
2008-04-16,117,119,121,121,121,119,120,1.9,0.7,0
2008-04-17,113,117,119,120,120,120,118,1.9,0.9,0
2008-04-18,111,115,117,118,119,120,117,1.8,0.8,0
2008-04-19,109,113,116,117,118,119,115,1.5,0.4,0
2008-04-20,108,112,114,116,117,118,114,1.9,0.9,0
2008-04-21,105,110,113,115,116,117,113,2.9,1.6,0
2008-04-22,103,108,112,114,116,117,111,2.3,1.2,0
2008-04-23,100,106,110,113,115,116,110,2.9,2.1,0
2008-04-24,97,104,109,112,114,115,108,2.2,1.4,0
2008-04-25,101,103,108,111,113,115,108,2,1.4,0
2008-04-26,101,103,107,110,112,114,108,2.5,2,0
2008-04-27,97,101,106,109,111,113,106,3.1,2.3,0
2008-04-28,96,99,105,108,111,112,105,3,2.1,0
2008-04-29,102,99,104,107,110,112,106,1.8,1.3,0
2008-04-30,100,99,103,107,109,111,105,2.9,2,0
2008-05-01,101,98,102,106,109,111,104,2.6,1.9,0
2008-05-02,99,98,102,106,108,110,104,1.9,1.5,0
2008-05-03,96,97,101,105,108,110,103,2.6,1.9,0
2008-05-04,92,96,100,104,107,109,101,3.2,2.3,0
2008-05-05,88,94,99,103,106,109,100,2.8,1.9,0
2008-05-06,85,92,98,103,106,108,99,2.9,1.9,0
2008-05-07,81,90,97,102,105,108,97,3.4,2.5,0
2008-05-08,77,88,96,101,105,107,95,3.9,2.9,0
2008-05-09,72,85,94,100,104,106,94,4.2,3,0
2008-05-10,68,82,93,99,103,106,92,4.2,3,0
2008-05-11,63,80,91,98,102,105,90,4.1,2.9,0
2008-05-12,59,77,89,97,101,105,88,4,3.1,0
2008-05-13,55,74,88,96,101,104,86,4,2.8,0
2008-05-14,52,72,86,95,100,103,85,4,2.8,0
2008-05-15,56,70,85,94,99,103,85,1.9,1.6,0
2008-05-16,64,70,84,93,99,103,85,2.1,1.6,0
2008-05-17,67,70,84,93,99,102,86,2.1,1.6,0
2008-05-18,65,70,83,92,98,102,85,1.8,1,0
2008-05-19,63,69,83,92,98,102,84,2.5,1.5,0
2008-05-20,61,68,82,91,97,101,83,2.5,1.5,0
2008-05-21,58,67,81,90,97,101,82,2.9,1.8,0
2008-05-22,55,66,80,90,96,100,81,2.9,2,0
2008-05-23,53,65,79,89,96,100,80,2.3,1.4,0
2008-05-24,51,63,78,88,95,99,79,3.3,2.1,0
2008-05-25,50,62,77,88,95,99,79,2.6,1.7,0
2008-05-26,50,62,77,87,94,99,78,2.3,1.4,0
2008-05-27,49,61,76,86,94,98,77,3.1,1.7,0
2008-05-28,46,59,75,86,93,98,76,4.1,2.5,0
2008-05-29,42,57,73,85,92,97,74,4.1,2.6,0
2008-05-30,38,55,72,83,91,97,73,5,3.6,0
2008-05-31,36,53,70,82,91,96,71,1.8,1.1,0
2008-06-01,34,52,69,82,90,96,70,3.9,2.7,0
2008-06-02,30,49,68,80,89,95,69,4.5,3.4,0
2008-06-03,28,47,66,80,88,94,67,3.4,2.2,0
2008-06-04,30,46,65,79,88,94,67,2.2,1.7,0
2008-06-05,30,45,64,78,87,93,66,4.6,3.2,0
2008-06-06,26,43,62,77,86,92,64,4.4,3,0
2008-06-07,24,40,61,75,85,92,63,3.7,2.7,0
2008-06-08,23,39,59,74,84,91,62,4.2,3.3,0
2008-06-09,20,36,57,73,83,90,60,5.2,3.9,0
2008-06-10,16,33,55,71,82,89,58,5.3,4,0
2008-06-11,14,31,53,70,81,88,56,2.9,1.6,0
2008-06-12,19,30,52,69,80,88,56,2.3,1.3,0
2008-06-13,98,33,52,68,80,88,70,2,1.5,0
2008-06-14,99,38,52,68,80,87,71,2.2,1.9,0
2008-06-15,105,43,52,68,79,87,72,2.7,2.1,0
2008-06-16,108,49,52,68,79,87,74,3.2,2.2,0
2008-06-17,97,53,52,67,79,86,72,3.7,2.7,0
2008-06-18,87,54,52,67,78,86,71,4.1,3,0
2008-06-19,80,54,52,66,78,86,69,3.5,2.4,0
2008-06-20,79,55,52,66,77,85,69,3.4,2.4,0
2008-06-21,78,55,52,65,77,85,69,3.6,2.6,0
2008-06-22,83,58,52,65,76,84,70,4.5,3.2,0
2008-06-23,118,101,55,64,76,84,83,5,3.6,0
2008-06-24,107,98,58,64,75,84,81,4.5,3.1,0
2008-06-25,117,113,63,64,75,83,86,2.2,1.4,0
2008-06-26,118,120,75,65,75,83,89,4.5,3.2,0
2008-06-27,112,112,82,66,75,83,88,3.1,2.1,0
2008-06-28,108,107,86,67,74,83,87,2.8,1.7,0
2008-06-29,102,103,87,68,74,82,86,4.8,3.3,0
2008-06-30,96,99,86,69,74,82,84,3.8,2.5,0
2008-07-01,89,95,85,70,74,82,82,4.9,3.6,0
2008-07-02,82,91,84,70,74,81,80,5.3,3.9,0
2008-07-03,88,87,82,70,74,81,80,3.7,2.5,0
2008-07-04,120,104,82,71,74,81,89,3.5,2.5,0
2008-07-05,110,104,84,71,74,81,87,4.4,3.2,0
2008-07-06,102,101,84,72,74,80,85,3.4,2.4,0
2008-07-07,97,98,84,72,74,80,84,4,2.5,0
2008-07-08,96,95,84,73,74,80,84,2.8,2.3,0
2008-07-09,100,94,84,73,74,80,84,3.1,2.2,0
2008-07-10,97,93,83,74,74,80,83,2.9,2.1,0
2008-07-11,102,92,83,74,74,80,84,2.6,1.9,0
2008-07-12,109,92,83,75,75,80,85,2.6,1.9,0
2008-07-13,111,96,83,75,75,80,86,2,1.3,0
2008-07-14,105,96,83,75,75,80,86,2.8,1.8,0
2008-07-15,99,94,83,75,75,80,84,4.5,3.1,0
2008-07-16,107,94,83,75,75,79,86,1.6,0.9,0
2008-07-17,118,104,84,76,75,79,89,2.1,1.4,0
2008-07-18,112,105,86,76,75,79,89,1.5,0.8,0
2008-07-19,115,109,87,77,76,80,91,2.2,1.9,0
2008-07-20,123,125,101,78,76,80,97,2.2,1.8,0
2008-07-21,120,121,112,83,76,80,99,1.5,0.9,0
2008-07-22,119,120,113,88,77,80,100,2.8,2,0
2008-07-23,112,115,112,92,78,80,98,4.1,2.8,0
2008-07-24,106,110,110,95,79,80,96,4.4,3.3,0
2008-07-25,99,106,107,96,80,80,95,4.4,3.1,0
2008-07-26,93,102,104,95,80,80,92,5,3.7,0
2008-07-27,86,98,102,95,81,80,90,5.3,3.9,0
2008-07-28,79,93,99,94,81,80,88,5.9,4.5,0
2008-07-29,76,90,96,92,82,80,86,3.4,2.4,0
2008-07-30,80,88,94,92,82,80,86,3.9,2.9,0
2008-07-31,75,85,92,90,82,80,84,5.1,3.8,0
2008-08-01,69,82,90,89,82,80,82,4.2,2.8,0
2008-08-02,65,79,88,88,82,80,81,3.7,2.3,0
2008-08-03,62,77,86,87,82,80,79,4.5,2.6,0
2008-08-04,75,75,85,86,82,80,81,3.9,2.5,0
2008-08-05,74,74,84,86,82,80,80,3.4,1.8,0
2008-08-06,70,73,82,85,82,80,79,4.2,3.2,0
2008-08-07,64,70,80,83,81,80,76,5.3,3.8,0
2008-08-08,73,69,79,83,81,80,77,2.8,2,0
2008-08-09,93,70,78,82,81,80,81,2.6,1.8,0
2008-08-10,90,71,78,81,81,80,80,2.4,1.6,0
2008-08-11,87,71,77,81,81,81,79,3.7,2.5,0
2008-08-12,100,72,76,80,81,81,82,1.8,1.5,0
2008-08-13,101,75,76,80,80,81,82,4,2.1,0
2008-08-14,94,75,75,79,80,80,81,3.6,2.4,0
2008-08-15,89,75,75,79,80,80,80,1.4,0.7,0
2008-08-16,87,75,75,78,80,80,79,3.1,2.4,0
2008-08-17,81,74,74,78,79,80,78,3.3,2.6,0
2008-08-18,76,73,74,77,79,80,76,3.7,2.1,0
2008-08-19,73,71,73,77,79,80,75,3.1,2,0
2008-08-20,71,70,73,76,78,80,75,3,1.6,0
2008-08-21,70,69,72,76,78,80,74,3.6,2.5,0
2008-08-22,72,68,71,75,78,80,74,2,1.3,0
2008-08-23,90,68,71,75,78,80,77,2,1.7,0
2008-08-24,115,74,71,75,78,80,82,2.3,1.7,0
2008-08-25,107,79,71,75,77,80,82,1.8,1.3,0
2008-08-26,102,81,72,74,77,79,81,1.5,0.8,0
2008-08-27,97,81,72,74,77,79,80,3.3,2.1,0
2008-08-28,93,81,72,74,77,79,79,1.6,0.8,0
2008-08-29,90,80,73,74,77,79,79,1.6,0.8,0
2008-08-30,86,79,73,74,77,79,78,3.4,2.4,0
2008-08-31,80,77,72,73,76,79,76,4.3,2.8,0
2008-09-01,77,76,72,73,76,79,75,1.6,0.9,0
2008-09-02,74,74,72,73,76,79,74,3.2,2,0
2008-09-03,78,73,71,73,76,78,75,1.4,0.9,0
2008-09-04,88,73,71,73,75,78,76,2.3,1.6,0
2008-09-05,86,73,71,72,75,78,76,2.2,1.4,0
2008-09-06,117,78,71,72,75,78,82,1.8,1,0
2008-09-07,109,83,71,72,75,78,82,2.7,1.8,0
2008-09-08,103,85,72,72,75,78,81,2.2,1.2,0
2008-09-09,97,84,72,72,75,78,80,2.8,2.2,0
2008-09-10,93,83,72,72,75,78,79,1.9,1.2,0
2008-09-11,89,82,72,72,75,78,78,2.8,1.8,0
2008-09-12,85,81,72,72,74,77,77,3.1,1.6,0
2008-09-13,81,79,72,72,74,77,76,3.3,2.2,0
2008-09-14,78,78,72,72,74,77,75,1.7,1,0
2008-09-15,77,77,72,72,74,77,75,1,0.6,0
2008-09-16,75,76,72,72,74,77,74,1.7,1.1,0
2008-09-17,73,75,72,72,74,77,74,1.5,1,0
2008-09-18,71,74,72,71,74,77,73,1.8,1.3,0
2008-09-19,69,72,71,71,74,77,72,1.5,1.1,0
2008-09-20,67,71,71,71,74,77,72,1.4,0.9,0
2008-09-21,66,70,71,71,73,77,71,1.5,1,0
2008-09-22,74,70,70,71,73,76,72,1.1,0.9,0
2008-09-23,108,74,70,71,73,76,79,0.6,0.2,0
2008-09-24,121,90,71,71,73,76,84,0.8,0.5,0
2008-09-25,113,96,73,71,73,76,84,1.2,0.8,0
2008-09-26,108,97,74,71,73,76,83,1,0.5,0
2008-09-27,105,96,75,72,73,76,83,1,0.6,0
2008-09-28,102,95,76,72,73,76,83,1.2,1,0
2008-09-29,101,94,77,72,73,76,82,1,0.5,0
2008-09-30,104,94,78,72,73,76,83,1.1,1.1,0
2008-10-01,121,103,79,73,74,76,88,1.4,1.6,0
2008-10-02,119,115,85,73,74,76,90,1.7,1.2,0
2008-10-03,113,112,90,74,74,76,90,1.4,0.8,0
2008-10-04,110,109,93,75,74,76,90,1.2,0.7,0
2008-10-05,108,107,94,76,74,76,89,1.4,0.7,0
2008-10-06,117,109,95,77,74,76,92,0.7,0.6,0
2008-10-07,114,110,97,78,75,76,92,1,0.8,0
2008-10-08,110,109,98,80,75,76,91,1.2,0.7,0
2008-10-09,108,108,99,81,75,76,91,0.8,0.3,0
2008-10-10,106,107,99,82,76,77,91,0.9,0.7,0
2008-10-11,104,105,98,82,76,77,90,1,0.7,0
2008-10-12,102,104,98,83,76,77,90,0.9,0.6,0
2008-10-13,100,102,98,84,77,77,90,1.2,0.9,0
2008-10-14,108,102,97,84,77,77,91,0.8,0.5,0
2008-10-15,107,102,97,85,78,77,91,0.9,0.5,0
2008-10-16,110,103,97,85,78,77,92,0.9,0.6,0
2008-10-17,113,105,97,86,79,77,93,0.9,0.7,0
2008-10-18,110,106,97,86,79,78,93,0.7,0.6,0
2008-10-19,107,105,97,87,79,78,92,0.8,0.4,0
2008-10-20,105,104,98,87,80,78,92,1.2,0.8,0
2008-10-21,106,104,97,87,80,78,92,1,0.4,0
2008-10-22,112,105,98,88,80,78,93,0.5,0.3,0
2008-10-23,109,105,98,88,81,78,93,0.4,0.2,0
2008-10-24,107,105,98,89,81,79,93,0.6,0.6,0
2008-10-25,106,105,98,89,82,79,93,0.6,0.3,0
2008-10-26,104,104,98,89,82,79,93,1.3,0.7,0
2008-10-27,122,111,99,90,82,79,97,0.5,0.1,0
2008-10-28,118,117,104,90,83,80,99,0.4,0.4,0
2008-10-29,115,115,107,92,83,80,99,0.3,0.1,0
2008-10-30,123,121,112,94,84,80,102,0.4,0,0
2008-10-31,121,123,121,101,85,80,105,0.4,0.3,0
2008-11-01,117,119,119,107,87,81,105,0.4,0.3,0
2008-11-02,114,117,117,110,90,81,105,0.3,0.2,0
2008-11-03,113,115,116,110,93,82,105,0.5,0.1,0
2008-11-04,111,114,114,110,95,83,105,0.4,0.1,0
2008-11-05,110,113,113,110,97,84,104,0.6,0.1,0
2008-11-06,109,112,112,110,99,85,104,0.5,0.1,0
2008-11-07,108,111,111,110,100,86,104,0.5,0.1,0
2008-11-08,107,110,111,109,101,87,104,0.3,0,0
2008-11-09,107,109,110,109,101,88,104,0.8,0.5,0
2008-11-10,106,108,109,109,102,89,104,1.9,0.7,0
2008-11-11,109,108,109,108,102,89,104,1.6,0.8,0
2008-11-12,110,108,108,108,102,90,104,0.6,0.3,0
2008-11-13,108,108,108,107,102,91,104,0.3,0.1,0
2008-11-14,107,108,108,107,102,92,104,0.7,0.2,0
2008-11-15,106,108,108,107,103,92,104,0.7,0.1,0
2008-11-16,105,107,108,107,103,93,104,0.8,0.4,0
2008-11-17,104,107,107,106,103,94,103,0.1,0.2,0
2008-11-18,104,106,107,106,103,94,103,0.5,0.1,0
2008-11-19,108,106,107,106,103,95,104,0.8,0.5,0
2008-11-20,113,108,107,106,103,95,105,0.8,0.7,0
2008-11-21,125,124,116,107,103,95,112,0.4,0.4,0
2008-11-22,121,123,123,115,104,96,114,0.3,0.4,0
2008-11-23,118,120,121,118,108,97,114,0.5,0.3,0
2008-11-24,121,120,119,118,112,99,115,0.2,0,0
2008-11-25,119,120,120,119,114,101,115,0.2,0,0
2008-11-26,116,118,119,119,115,104,115,0.2,0.2,0
2008-11-27,114,117,118,118,116,107,115,0.5,0.3,0
2008-11-28,113,115,117,117,116,109,114,0.3,0.1,0
2008-11-29,120,117,116,116,116,110,116,0.2,0,0
2008-11-30,118,119,118,117,115,111,116,0.1,0.1,0
2008-12-01,115,117,118,117,116,112,116,0.2,0,0
2008-12-02,114,116,117,117,116,112,115,0.5,0.5,0
2008-12-03,118,116,116,116,116,113,116,0.4,0.1,0
2008-12-04,118,118,117,116,116,114,116,0.5,0.4,0
2008-12-05,116,117,117,116,116,114,116,0.5,0.3,0
2008-12-06,124,124,123,119,116,114,120,0.4,0,0
2008-12-07,120,122,123,123,120,116,121,0.2,0.2,0
2008-12-08,117,119,121,122,121,119,120,0.3,0.2,0
2008-12-09,115,118,119,120,121,120,119,0.4,0,0
2008-12-10,113,116,118,119,120,119,118,0.3,0,0
2008-12-11,113,115,117,118,119,119,117,0.2,0,0
2008-12-12,114,115,116,117,118,118,116,0.3,0,0
2008-12-13,112,114,116,117,117,118,116,0.4,0.2,1
2008-12-14,111,113,115,116,117,117,115,0.1,0,0
2008-12-15,110,113,114,116,116,117,114,0.3,0,0
2008-12-16,109,112,114,115,116,116,114,0.4,0,0
2008-12-17,109,111,113,114,115,116,113,0.3,0,0
2008-12-18,109,111,113,114,115,115,113,0,0.1,0
2008-12-19,110,111,112,114,114,115,113,0.3,0.2,0
2008-12-20,113,111,112,113,114,115,113,0.8,0.4,0
2008-12-21,112,112,112,113,114,114,113,0.5,0.1,0
2008-12-22,114,112,112,113,113,114,113,0.7,0.6,0
2008-12-23,112,113,112,113,113,114,113,0.4,0.1,0
2008-12-24,111,112,113,113,113,113,112,0.5,0.1,0
2008-12-25,110,112,112,113,113,113,112,0.4,0.5,0
2008-12-26,109,111,112,113,113,113,112,0.5,0.1,4
2008-12-27,108,111,112,112,113,113,111,0.5,0,6
2008-12-28,108,110,111,112,113,113,111,0.3,0,9
2008-12-29,107,109,111,112,112,113,111,0.2,0,15
2008-12-30,106,109,111,112,112,113,110,0.1,0,20
2008-12-31,106,108,110,111,112,112,110,0,0,24
2009-01-01,121,123,124,125,126,126,124,0.2,0,26
2009-01-02,119,121,122,123,124,124,122,0.2,0,27
2009-01-03,117,119,120,121,122,123,120,0,0.2,28
2009-01-04,116,117,119,120,121,122,119,0.3,0.1,29
2009-01-05,118,118,118,119,120,121,119,0.2,0.2,28
2009-01-06,115,117,118,119,119,120,118,0,0.1,28
2009-01-07,113,116,117,118,119,120,117,0.1,0.1,29
2009-01-08,112,115,116,118,118,119,116,0,0.1,30
2009-01-09,111,114,116,117,118,119,116,0,0.1,30
2009-01-10,110,113,115,116,117,118,115,0,0,32
2009-01-11,109,112,114,116,117,118,114,0.1,0.1,33
2009-01-12,109,112,114,115,116,117,114,0.4,0.1,35
2009-01-13,108,111,113,114,116,117,113,0.7,0,35
2009-01-14,108,110,112,114,115,116,113,0.3,0,35
2009-01-15,107,110,112,114,115,116,112,0.1,0.1,35
2009-01-16,107,110,112,113,114,115,112,0.2,0.3,35
2009-01-17,106,109,111,113,114,115,111,0.4,0.1,35
2009-01-18,107,109,111,112,113,115,111,0.7,0.3,34
2009-01-19,111,109,110,112,113,114,112,0.8,0.5,34
2009-01-20,110,110,110,112,113,114,111,0.5,0.3,33
2009-01-21,109,110,110,111,113,114,111,0.1,0,32
2009-01-22,108,109,110,111,112,113,111,0.5,0.2,31
2009-01-23,112,110,110,111,112,113,111,0.8,0.3,30
2009-01-24,121,116,111,111,112,113,114,0.5,0.4,29
2009-01-25,116,116,113,112,112,113,114,0.2,0.1,28
2009-01-26,113,115,114,113,112,112,113,0.2,0,27
2009-01-27,112,114,114,113,112,113,113,0.4,0,26
2009-01-28,111,113,114,113,113,113,113,0.2,0.1,26
2009-01-29,110,112,113,113,113,113,112,0.6,0.1,9
2009-01-30,109,111,113,113,113,113,112,0.6,0,10
2009-01-31,108,111,112,113,113,113,112,0.6,0,11
2009-02-01,107,110,112,112,113,113,111,0.6,0.2,13
2009-02-02,107,110,111,112,113,113,111,0.8,0,16
2009-02-03,106,109,111,112,112,113,110,0.2,0,16
2009-02-04,106,109,110,111,112,113,110,0.3,0,15
2009-02-05,105,108,110,111,112,112,110,0.5,0,12
2009-02-06,105,108,110,111,112,112,109,0.4,0.2,12
2009-02-07,111,108,109,111,111,112,110,0.3,0.1,9
2009-02-08,120,117,111,110,111,112,114,0.6,0.4,0
2009-02-09,116,117,113,111,111,112,113,0.6,0.3,0
2009-02-10,125,124,120,114,112,112,118,0.6,0.5,0
2009-02-11,121,123,123,122,115,112,119,0.6,0.5,0
2009-02-12,123,123,123,122,119,115,121,0.4,0.5,0
2009-02-13,120,121,122,122,121,118,121,0.3,0.3,0
2009-02-14,118,120,121,121,121,120,120,0.4,0.3,1
2009-02-15,115,118,119,120,120,120,119,0.4,0.2,4
2009-02-16,114,116,118,119,120,120,118,0.4,0.1,3
2009-02-17,123,121,119,119,119,119,120,0.5,0.5,0
2009-02-18,118,120,121,120,119,119,120,0.4,0.1,0
2009-02-19,116,118,119,120,120,120,119,0.5,0,5
2009-02-20,119,118,119,119,120,120,119,0.4,0.1,0
2009-02-21,116,118,118,119,119,119,118,0.5,0.3,0
2009-02-22,123,121,119,119,119,119,120,0.5,0.3,0
2009-02-23,120,121,121,120,119,119,120,0.7,0.6,0
2009-02-24,117,119,120,120,120,119,119,0.7,0.6,0
2009-02-25,115,117,119,119,120,120,118,0.8,0.2,0
2009-02-26,114,116,118,119,119,119,117,1,0.7,0
2009-02-27,118,116,117,118,119,119,118,0.5,0.3,0
2009-02-28,122,120,118,118,118,119,119,0.5,0.1,0
2009-03-01,120,121,120,119,118,118,119,0.6,0.4,0
2009-03-02,117,119,120,120,119,119,119,0.5,0.1,0
2009-03-03,115,117,119,119,119,119,118,1.1,0.8,0
2009-03-04,113,116,117,118,119,119,117,1.3,0.4,0
2009-03-05,111,114,116,118,118,119,116,0.4,0,0
2009-03-06,124,122,118,117,118,118,119,0.5,0.4,0
2009-03-07,122,124,124,122,119,118,122,0.7,0.5,0
2009-03-08,118,120,122,122,122,120,121,0.8,0.2,0
2009-03-09,116,118,120,121,121,121,119,0.8,0.5,0
2009-03-10,123,121,120,120,120,121,121,0.7,0.6,0
2009-03-11,123,125,125,123,122,121,123,0.9,0.7,0
2009-03-12,123,123,123,123,123,123,123,0.6,0.1,0
2009-03-13,120,123,124,124,124,123,123,1.2,0.9,0
2009-03-14,116,119,121,122,123,123,121,1.1,0.7,0
2009-03-15,115,117,119,120,121,122,119,0.7,0.5,0
2009-03-16,113,116,118,119,120,121,118,0.8,0.4,0
2009-03-17,112,115,117,118,119,120,117,1.5,0.7,0
2009-03-18,110,113,116,117,118,119,116,1.1,0.4,0
2009-03-19,109,112,115,116,118,119,115,1.3,0.5,0
2009-03-20,107,111,114,115,117,118,114,1.3,0.3,0
2009-03-21,106,110,113,115,116,117,113,1.4,0.6,0
2009-03-22,105,109,112,114,115,117,112,1.3,0.3,0
2009-03-23,110,109,111,113,115,116,112,1.2,0.7,0
2009-03-24,119,115,112,113,114,115,115,1.2,1,0
2009-03-25,119,116,113,113,114,115,115,0.6,0.3,0
2009-03-26,119,118,115,114,114,115,116,1,0.8,0
2009-03-27,122,120,117,115,114,115,117,1.2,1,0
2009-03-28,119,120,119,117,115,115,117,1.1,0.8,0
2009-03-29,117,119,119,118,116,115,117,1,0.5,0
2009-03-30,114,117,118,118,117,116,117,1.3,0.7,0
2009-03-31,111,115,116,117,117,116,115,1.7,1.1,0
2009-04-01,108,112,115,116,116,116,114,2,1.4,0
2009-04-02,105,110,113,115,116,116,113,2.8,1.7,0
2009-04-03,102,108,112,114,115,116,111,2.6,1.8,0
2009-04-04,99,106,110,113,114,115,110,1.9,1.2,0
2009-04-05,98,105,109,112,113,115,109,1.4,0.8,0
2009-04-06,96,104,108,111,113,114,108,2.2,1.4,0
2009-04-07,94,102,107,110,112,113,106,2.7,1.9,0
2009-04-08,91,100,106,109,111,113,105,2.3,1.2,0
2009-04-09,90,99,105,108,111,112,104,2,1,0
2009-04-10,88,97,104,107,110,112,103,2.9,2.1,0
2009-04-11,84,95,102,107,109,111,101,3.1,2.1,0
2009-04-12,81,93,101,106,108,110,100,2.9,1.9,0
2009-04-13,78,91,100,105,108,110,99,2.8,2.2,0
2009-04-14,75,89,99,104,107,109,97,2.7,2.1,0
2009-04-15,72,87,97,103,106,109,96,2.8,1.9,0
2009-04-16,70,85,96,102,106,108,94,2.8,2,0
2009-04-17,106,89,95,101,105,108,101,0.8,0.3,0
2009-04-18,120,104,96,101,105,107,106,1.1,0.7,0
2009-04-19,114,108,98,101,104,107,105,1.6,0.8,0
2009-04-20,109,107,99,101,104,107,104,2.6,1.9,0
2009-04-21,104,105,99,100,104,106,103,2.8,2.1,0
2009-04-22,100,103,99,100,103,106,102,2.3,1.4,0
2009-04-23,104,102,100,100,103,105,102,1.3,0.8,0
2009-04-24,101,101,100,100,103,105,102,3,2,0
2009-04-25,97,99,99,100,102,105,100,3.4,2.1,0
2009-04-26,93,97,98,100,102,104,99,2.8,2,0
2009-04-27,89,95,97,99,102,104,98,2.4,1.6,0
2009-04-28,88,94,97,99,101,104,97,1.1,0.5,0
2009-04-29,108,95,97,99,101,104,100,0.7,0.4,0
2009-04-30,116,100,97,99,101,103,103,1.7,1.2,0
2009-05-01,114,104,98,99,101,103,103,2.5,1.7,0
2009-05-02,108,104,98,99,101,103,102,2.6,1.7,0
2009-05-03,105,103,98,98,100,103,101,2.3,1.7,0
2009-05-04,103,102,99,98,100,102,101,1.9,1,0
2009-05-05,101,101,99,98,100,102,100,1.1,0.6,0
2009-05-06,108,102,99,99,100,102,102,1.2,1,0
2009-05-07,106,102,99,99,100,102,101,2.9,1.9,0
2009-05-08,103,101,99,99,100,102,100,2.3,1.8,0
2009-05-09,102,100,99,98,100,102,100,2.4,1.7,0
2009-05-10,120,117,101,98,100,101,106,3.5,2.6,0
2009-05-11,118,115,105,99,100,101,106,1.1,0.7,0
2009-05-12,117,116,108,100,100,101,107,3.2,2.1,0
2009-05-13,111,113,109,101,100,101,106,3.5,1.9,0
2009-05-14,107,110,109,102,100,101,105,3.7,1.9,0
2009-05-15,110,110,108,103,100,101,105,1.6,1.2,0
2009-05-16,122,124,125,121,105,101,116,2.8,2,0
2009-05-17,115,119,120,121,113,103,115,3.3,2.2,0
2009-05-18,113,116,118,118,115,106,114,3.5,2.6,0
2009-05-19,108,113,115,116,115,108,113,3.7,2.7,0
2009-05-20,104,110,113,115,114,110,111,3.5,2.5,0
2009-05-21,114,111,112,113,114,111,112,1.9,1.2,0
2009-05-22,116,115,113,113,113,111,113,2.9,2,0
2009-05-23,110,113,113,113,112,111,112,3.5,2.5,0
2009-05-24,104,109,111,112,112,111,110,4.3,2.9,0
2009-05-25,99,106,109,111,111,110,108,4.1,2.8,0
2009-05-26,94,103,108,110,110,110,106,4.1,2.7,0
2009-05-27,91,101,106,109,110,110,104,3.5,2,0
2009-05-28,90,99,105,108,109,109,103,2.4,2,0
2009-05-29,88,98,104,107,109,109,102,3.6,2.3,0
2009-05-30,86,95,102,106,108,108,101,2.7,1.8,0
2009-05-31,104,95,101,105,107,108,103,2.9,2,0
2009-06-01,99,95,100,104,107,108,102,3.4,2.3,0
2009-06-02,94,94,99,103,106,107,100,4.6,3.2,0
2009-06-03,89,92,98,102,105,107,99,3,1.5,0
2009-06-04,86,91,97,102,105,106,98,2.3,1.2,0
2009-06-05,85,90,97,101,104,106,97,2,1.2,0
2009-06-06,86,90,96,101,104,105,97,1,0.5,0
2009-06-07,108,91,96,101,103,105,101,1.9,1.2,0
2009-06-08,103,93,96,100,103,105,100,3.1,2.2,0
2009-06-09,99,92,95,99,102,104,99,3,1.8,0
2009-06-10,95,92,95,99,102,104,98,2.8,1.7,0
2009-06-11,109,93,94,99,102,104,100,1.5,1.1,0
2009-06-12,117,99,95,98,101,103,102,2.5,1.6,0
2009-06-13,109,101,95,98,101,103,101,4,2.8,0
2009-06-14,102,100,95,97,101,103,100,3,2.1,0
2009-06-15,107,101,95,97,100,102,100,1.7,1,0
2009-06-16,125,122,101,97,100,102,108,1.8,1.3,0
2009-06-17,118,121,112,99,100,102,109,3.6,2.7,0
2009-06-18,112,115,113,102,100,102,107,2.8,1.7,0
2009-06-19,108,112,112,104,100,101,106,2.9,1.7,0
2009-06-20,115,111,110,105,101,101,107,2.5,1.9,0
2009-06-21,118,115,111,106,102,101,109,2.5,2,0
2009-06-22,114,114,112,107,102,102,108,2.3,1.5,0
2009-06-23,109,112,111,107,103,102,107,4,2.6,0
2009-06-24,103,108,109,107,103,102,106,4.7,3,0
2009-06-25,99,105,108,107,104,102,104,2.8,1.7,0
2009-06-26,96,103,106,106,104,102,103,3.1,2,0
2009-06-27,93,101,105,106,104,102,102,2,1.2,0
2009-06-28,91,100,104,105,104,102,101,2.2,1.4,0
2009-06-29,88,97,102,104,104,102,100,3.6,2.4,0
2009-06-30,83,95,101,103,103,102,98,4.2,3,0
2009-07-01,79,92,99,102,103,102,96,4.4,3.2,0
2009-07-02,83,89,97,101,102,102,96,3.3,2.3,0
2009-07-03,86,88,96,100,101,102,95,4.6,3.3,0
2009-07-04,80,86,94,99,101,101,94,3.9,2.6,0
2009-07-05,75,83,93,98,100,101,92,4.9,3.6,0
2009-07-06,75,81,91,97,100,101,91,2.6,2.1,0
2009-07-07,80,81,91,96,99,100,91,2.7,1.8,0
2009-07-08,87,81,90,96,99,100,92,1.9,1.9,0
2009-07-09,97,82,90,96,99,100,94,2.6,1.7,0
2009-07-10,103,83,89,95,98,100,95,1.6,1.4,0
2009-07-11,118,90,89,95,98,100,98,1.6,1.2,0
2009-07-12,118,100,90,95,98,100,100,2.1,1.5,0
2009-07-13,111,103,91,94,97,99,99,3.2,2.2,0
2009-07-14,105,101,92,94,97,99,98,3.4,2.2,0
2009-07-15,99,99,92,93,97,99,96,4.4,2.9,0
2009-07-16,92,96,91,93,96,98,94,4.5,3.3,0
2009-07-17,88,93,91,93,96,98,93,2.7,1.8,0
2009-07-18,100,92,91,92,95,98,95,2,1.4,0
2009-07-19,104,92,91,92,95,98,95,2.2,1.7,0
2009-07-20,120,98,91,92,95,97,99,2.4,1.9,0
2009-07-21,118,110,93,92,95,97,101,3.6,2.8,0
2009-07-22,117,111,95,92,95,97,101,2.9,2.2,0
2009-07-23,113,110,98,93,94,97,101,3.3,2.5,0
2009-07-24,121,115,100,93,94,97,103,2.9,2.5,0
2009-07-25,121,119,106,94,94,96,105,2.4,2.1,0
2009-07-26,116,117,110,96,94,96,105,3.5,2.6,0
2009-07-27,109,112,109,98,95,96,103,5.1,3.6,0
2009-07-28,102,108,108,99,95,96,101,3.6,2.4,0
2009-07-29,98,105,106,99,95,96,100,4,3,0
2009-07-30,92,101,104,99,95,96,98,4.6,3,0
2009-07-31,88,98,102,99,95,95,96,3,2.1,0
2009-08-01,84,96,100,98,95,95,95,3.4,2.4,0
2009-08-02,86,94,99,98,95,95,94,2.1,1.5,0
2009-08-03,107,94,98,97,95,95,98,2.5,1.9,0
2009-08-04,102,94,97,97,95,95,97,3.3,2.3,0
2009-08-05,96,93,96,96,95,95,95,3.9,3,0
2009-08-06,89,91,94,95,95,95,93,4.6,3.2,0
2009-08-07,83,88,93,95,94,95,91,4.3,3,0
2009-08-08,93,87,91,94,94,95,92,2.7,2.1,0
2009-08-09,116,93,91,93,94,95,97,2.3,1.7,0
2009-08-10,116,98,91,93,94,94,98,1.6,1,0
2009-08-11,118,109,93,93,94,94,100,1.5,1,0
2009-08-12,115,110,95,93,94,94,100,1.6,0.9,0
2009-08-13,116,111,98,93,94,94,101,2.4,1.7,0
2009-08-14,110,109,99,93,93,94,100,3,1.9,0
2009-08-15,104,106,99,94,93,94,98,3.8,2.7,0
2009-08-16,98,103,99,94,93,94,97,4.1,2.9,0
2009-08-17,93,100,98,94,93,94,95,3.7,2.5,0
2009-08-18,89,97,97,93,93,94,94,3.4,2.2,0
2009-08-19,84,94,95,93,92,93,92,4.4,3.1,0
2009-08-20,79,90,94,92,92,93,90,5.3,3.3,0
2009-08-21,106,90,92,92,92,93,94,1.3,0.9,0
2009-08-22,115,97,92,92,92,93,97,2.8,2,0
2009-08-23,107,98,92,92,92,93,96,3.6,2.6,0
2009-08-24,100,97,92,91,92,93,94,4.3,2.9,0
2009-08-25,98,95,91,91,91,92,93,1.4,0.9,0
2009-08-26,98,94,91,91,91,92,93,3.4,2.7,0
2009-08-27,93,92,91,90,91,92,92,3.5,2.5,0
2009-08-28,89,90,90,90,91,92,90,3.1,1.8,0
2009-08-29,88,89,89,90,91,92,90,2.7,2.2,0
2009-08-30,88,88,89,90,91,92,90,1.8,1.1,0
2009-08-31,85,87,88,89,90,92,89,3.2,2.5,0
2009-09-01,83,85,87,89,90,91,87,4,3,0
2009-09-02,89,83,86,88,90,91,88,2.2,1.7,0
2009-09-03,91,83,86,88,90,91,88,2.8,2,0
2009-09-04,91,83,85,88,89,91,88,2.6,1.4,0
2009-09-05,106,85,85,87,89,91,91,1.6,1.3,0
2009-09-06,105,87,85,87,89,91,91,1.1,0.6,0
2009-09-07,101,88,85,87,89,91,90,2.4,1.8,0
2009-09-08,95,87,85,87,89,91,89,2.9,2.2,0
2009-09-09,91,86,85,86,89,90,88,2.1,1.4,0
2009-09-10,88,85,84,86,88,90,87,1.6,0.8,0
2009-09-11,86,85,84,86,88,90,86,2.4,1.7,0
2009-09-12,82,83,84,86,88,90,85,2.2,1.5,0
2009-09-13,84,82,83,85,88,90,85,1,0.6,0
2009-09-14,103,84,83,85,88,90,89,1,1,0
2009-09-15,126,122,110,89,88,90,104,0.8,0.5,0
2009-09-16,119,122,123,104,89,90,108,1.3,0.7,0
2009-09-17,115,118,119,110,92,90,107,1.9,1.3,0
2009-09-18,111,115,116,111,95,90,106,1.8,1.2,0
2009-09-19,108,112,114,111,98,91,106,2,1.4,0
2009-09-20,105,110,112,110,99,91,105,1.8,1.2,0
2009-09-21,103,108,110,110,101,92,104,1.5,1,0
2009-09-22,101,107,109,109,101,93,103,1.8,1.3,0
2009-09-23,100,105,108,108,102,94,103,1.3,0.7,0
2009-09-24,99,104,107,107,102,94,102,1.1,0.6,0
2009-09-25,98,103,106,107,102,95,102,1.2,0.9,0
2009-09-26,96,102,105,106,102,96,101,1.5,1,0
2009-09-27,94,101,104,105,102,96,100,1.5,1.2,0
2009-09-28,93,100,103,104,102,97,100,1.1,0.7,0
2009-09-29,92,99,103,104,102,97,99,1.3,0.4,0
2009-09-30,92,98,102,103,102,97,99,1.1,1,0
2009-10-01,96,98,102,103,102,98,99,1,0.7,0
2009-10-02,97,98,101,103,101,98,100,0.9,0.5,0
2009-10-03,96,98,101,102,101,98,99,1.5,0.7,0
2009-10-04,97,97,100,102,101,98,99,1.8,1.2,0
2009-10-05,97,97,100,101,101,98,99,0.9,0.7,0
2009-10-06,119,102,100,101,101,98,103,0.8,0.6,0
2009-10-07,122,119,104,101,100,98,107,1.5,1.3,0
2009-10-08,121,119,110,102,100,98,108,1,0.9,0
2009-10-09,116,117,113,104,100,98,108,0.9,0.6,0
2009-10-10,121,121,118,108,101,98,111,0.7,0.4,0
2009-10-11,123,124,125,124,109,99,117,0.9,0.7,0
2009-10-12,122,123,123,123,118,103,119,0.9,1,0
2009-10-13,118,120,122,122,120,109,118,0.8,0.4,0
2009-10-14,115,118,120,120,120,113,118,0.8,0.2,0
2009-10-15,113,116,118,119,119,115,117,0.9,0.3,0
2009-10-16,117,116,117,118,118,116,117,0.8,0.7,0
2009-10-17,124,124,122,120,118,116,121,0.6,0.5,0
2009-10-18,120,122,123,123,121,118,121,0.5,0.5,0
2009-10-19,117,119,121,122,122,120,120,0.5,0.4,0
2009-10-20,114,117,119,120,121,120,119,0.8,0.4,0
2009-10-21,112,116,118,119,120,120,117,0.7,0.3,0
2009-10-22,112,114,116,118,119,119,116,0.5,0.1,0
2009-10-23,113,114,116,117,118,118,116,0.5,0.2,0
2009-10-24,112,114,115,116,117,118,115,0.6,0.3,0
2009-10-25,111,113,115,116,117,117,115,0.8,0.8,0
2009-10-26,109,112,114,115,116,117,114,0.8,0.5,0
2009-10-27,108,111,113,115,116,116,113,0.6,0.3,0
2009-10-28,108,111,113,114,115,116,113,0.5,0.4,0
2009-10-29,107,110,112,113,115,115,112,0.4,0.1,0
2009-10-30,106,109,111,113,114,115,111,0.5,0.1,0
2009-10-31,106,109,111,113,114,114,111,0.5,0.4,0
2009-11-01,106,108,110,112,113,114,111,0.6,0.3,0
2009-11-02,124,121,114,112,113,114,116,0.4,0.1,0
2009-11-03,121,121,119,115,113,113,117,0.6,0.4,0
2009-11-04,123,123,121,118,115,114,119,0.6,0.5,0
2009-11-05,119,121,122,121,118,115,119,0.8,0.7,0
2009-11-06,116,118,120,120,119,117,118,0.6,0.2,0
2009-11-07,114,117,118,119,119,118,117,0.7,0.2,0
2009-11-08,112,115,117,118,119,118,117,0.4,0.2,0
2009-11-09,119,119,118,118,118,118,118,0.4,0,0
2009-11-10,121,123,124,122,120,118,121,0.4,0.2,0
2009-11-11,120,121,122,122,122,120,121,0.5,0.2,0
2009-11-12,117,119,120,121,121,121,120,0.4,0.1,0
2009-11-13,117,118,119,120,121,121,119,0.7,0.4,0
2009-11-14,115,117,118,119,120,120,118,0.9,0.4,0
2009-11-15,113,116,117,118,119,120,117,0.6,0.4,0
2009-11-16,116,115,116,118,118,119,117,0.5,0.1,0
2009-11-17,123,123,120,118,118,119,120,0.5,0.1,0
2009-11-18,120,122,123,122,120,119,121,1.1,0.7,0
2009-11-19,116,119,121,121,121,120,120,0.8,0.3,0
2009-11-20,114,117,119,120,121,121,118,0.7,0.4,0
2009-11-21,112,116,117,119,120,120,117,0.6,0.1,0
2009-11-22,111,114,116,118,119,119,116,1.4,0.5,0
2009-11-23,117,119,119,118,118,119,118,1.4,0.7,0
2009-11-24,123,125,126,126,125,122,125,0.8,0.8,0
2009-11-25,119,121,123,124,124,125,123,1.4,0.9,0
2009-11-26,116,119,120,122,122,123,120,1.1,0.3,0
2009-11-27,119,118,119,120,121,122,120,1.1,1,0
2009-11-28,118,119,119,120,120,121,120,1.2,0.4,0
2009-11-29,115,117,119,119,120,120,118,1.2,0.4,0
2009-11-30,116,116,118,119,119,120,118,0.3,0,0
2009-12-01,119,118,118,118,119,119,118,0.3,0.1,0
2009-12-02,116,117,118,118,118,119,118,0.3,0.1,0
2009-12-03,114,116,117,118,118,119,117,0.7,0.4,0
2009-12-04,117,116,117,117,118,118,117,0.4,0.2,0
2009-12-05,116,117,117,117,118,118,117,0.6,0.4,0
2009-12-06,124,121,118,117,117,118,119,0.5,0.3,0
2009-12-07,121,123,123,120,118,118,121,0,0.1,0
2009-12-08,118,120,121,121,120,119,120,0.5,0.2,0
2009-12-09,116,118,120,120,120,120,119,0.3,0.2,0
2009-12-10,123,122,120,120,120,120,121,0.6,0.3,0
2009-12-11,124,125,126,126,125,123,125,0.4,0.3,0
2009-12-12,121,122,123,124,124,125,123,0.3,0.2,0
2009-12-13,120,121,122,122,123,123,122,0.3,0.3,0
2009-12-14,117,119,120,121,122,122,120,0.2,0.1,2
2009-12-15,115,117,119,120,121,122,119,0.3,0.1,4
2009-12-16,113,116,118,119,120,121,118,0,0,5
2009-12-17,112,115,117,118,119,120,117,0.1,0,8
2009-12-18,111,114,116,117,118,119,116,0.3,0.2,14
2009-12-19,110,113,115,117,118,119,115,0.1,0.1,23
2009-12-20,111,112,114,116,117,118,115,0.3,0.2,29
2009-12-21,113,113,114,115,116,117,115,0.4,0.5,32
2009-12-22,113,113,114,115,116,117,115,0.5,0.2,32
2009-12-23,112,113,114,115,116,116,114,0,0.2,30
2009-12-24,111,113,114,114,115,116,114,0.3,0.1,29
2009-12-25,121,117,114,114,115,116,116,0.7,0.7,28
2009-12-26,118,118,116,115,115,115,116,0.5,0.3,26
2009-12-27,115,117,117,116,115,115,116,0.6,0.2,22
2009-12-28,114,116,116,116,116,116,115,0.3,0.2,21
2009-12-29,114,115,116,116,116,116,115,0.1,0.2,19
2009-12-30,126,126,121,118,116,116,120,0.1,0,18
2009-12-31,126,127,127,127,126,121,126,0.3,0,17
2010-01-01,115,114,116,117,118,119,117,0.2,0.1,15
2010-01-02,123,119,117,117,118,118,118,0.2,0.2,4
2010-01-03,121,121,119,118,118,118,119,0.2,0.2,3
2010-01-04,118,120,120,119,118,118,119,0.2,0.2,1
2010-01-05,116,118,119,119,119,119,118,0,0.2,1
2010-01-06,114,116,118,119,119,119,117,0,0.1,1
2010-01-07,114,115,117,118,118,119,117,0.1,0.1,1
2010-01-08,113,115,116,117,118,118,116,0.1,0.2,1
2010-01-09,114,114,116,117,117,118,116,0.5,0.4,1
2010-01-10,115,115,115,116,117,118,116,0.2,0.2,1
2010-01-11,118,116,116,116,117,117,117,0.2,0.3,1
2010-01-12,115,116,116,116,116,117,116,0.3,0.2,1
2010-01-13,113,115,116,116,116,117,115,0.3,0.2,1
2010-01-14,112,114,115,116,116,117,115,0.4,0.1,1
2010-01-15,111,113,115,115,116,116,114,0.4,0,0
2010-01-16,110,112,114,115,116,116,114,0.5,0,0
2010-01-17,113,112,114,115,115,116,114,0.4,0.3,0
2010-01-18,115,113,113,114,115,116,114,0.3,0.2,0
2010-01-19,119,116,114,114,115,115,116,0.3,0,0
2010-01-20,118,117,115,115,115,115,116,0.2,0.2,0
2010-01-21,115,116,116,115,115,115,115,0.4,0.2,2
2010-01-22,113,115,116,115,115,115,115,0.3,0.1,11
2010-01-23,112,114,115,115,115,115,114,0.4,0,17
2010-01-24,111,113,114,115,115,115,114,0.4,0,22
2010-01-25,110,112,114,115,115,115,113,0.3,0.4,25
2010-01-26,109,112,113,114,115,115,113,0.1,0.1,27
2010-01-27,108,111,113,114,114,115,112,0.4,0.1,32
2010-01-28,111,111,112,113,114,115,113,0.5,0.6,35
2010-01-29,115,112,112,113,114,114,113,0.4,0.4,35
2010-01-30,118,115,113,113,114,114,114,0.4,0.5,34
2010-01-31,115,115,114,113,113,114,114,0.4,0.6,34
2010-02-01,113,115,114,114,114,114,114,0.5,0.3,33
2010-02-02,112,114,114,114,114,114,114,0.6,0.2,33
2010-02-03,122,119,115,114,114,114,116,0.4,0.3,33
2010-02-04,118,119,117,115,114,114,116,0.3,0.4,32
2010-02-05,115,117,117,116,115,114,116,0.4,0.2,31
2010-02-06,113,116,117,116,116,115,115,0.4,0,31
2010-02-07,112,115,116,116,116,115,115,0.3,0,30
2010-02-08,111,114,115,116,116,115,114,0.5,0,30
2010-02-09,110,113,114,115,116,115,114,0.5,0,33
2010-02-10,110,112,114,115,115,115,113,0.3,0.4,36
2010-02-11,110,112,113,114,115,115,113,0.5,0.5,38
2010-02-12,110,111,113,114,115,115,113,0.4,0.6,38
2010-02-13,115,112,113,113,114,115,114,0.3,0.5,38
2010-02-14,116,114,113,113,114,114,114,0.2,0.4,38
2010-02-15,113,114,113,113,114,114,114,0.4,0.1,38
2010-02-16,111,113,113,114,114,114,113,0.6,0,38
2010-02-17,110,112,113,113,114,114,113,0.6,0.1,38
2010-02-18,110,112,113,113,114,114,112,0.7,0.4,38
2010-02-19,109,111,112,113,113,114,112,0.6,0.4,37
2010-02-20,108,110,112,113,113,114,112,0.7,0,37
2010-02-21,114,111,112,112,113,114,113,0.5,0.5,36
2010-02-22,114,113,112,112,113,113,113,0.8,0.1,36
2010-02-23,119,117,113,112,113,113,115,0.6,0.2,35
2010-02-24,123,125,124,117,114,113,119,0.6,0.7,34
2010-02-25,119,121,122,121,118,114,119,1.1,0.9,34
2010-02-26,117,119,120,120,120,117,119,1,1.1,31
2010-02-27,117,118,119,120,119,118,119,1.4,0.7,0
2010-02-28,114,117,118,119,119,119,118,2.1,0.8,0
2010-03-01,112,115,117,118,118,118,117,1.1,0.5,0
2010-03-02,111,114,116,117,118,118,116,0.9,0.2,0
2010-03-03,110,113,115,116,117,118,115,0.9,0.3,0
2010-03-04,109,112,114,116,117,117,114,0.8,0,0
2010-03-05,109,112,114,115,116,117,114,1,0.1,0
2010-03-06,115,112,113,115,116,116,114,0.8,0.6,0
2010-03-07,112,113,113,114,115,116,114,0.7,0.2,0
2010-03-08,111,112,113,114,115,116,113,0.7,0.1,2
2010-03-09,110,112,113,114,115,115,113,1,0,0
2010-03-10,109,111,112,113,114,115,112,1.1,0.1,0
2010-03-11,108,110,112,113,114,115,112,0.7,0.1,4
2010-03-12,110,110,112,113,114,114,112,0.8,0.6,0
2010-03-13,109,110,111,112,113,114,112,0.8,0.1,0
2010-03-14,108,110,111,112,113,114,111,1,0.5,0
2010-03-15,110,110,111,112,113,114,111,0.9,0.8,0
2010-03-16,115,111,111,112,113,113,112,1,0.6,0
2010-03-17,112,112,111,112,112,113,112,1.5,0.8,0
2010-03-18,108,111,111,111,112,113,111,2,1.5,0
2010-03-19,105,109,110,111,112,112,110,2.3,1.1,0
2010-03-20,106,108,109,111,111,112,110,1.5,1.1,0
2010-03-21,114,109,109,110,111,112,111,0.8,0.6,0
2010-03-22,114,111,110,110,111,112,111,1,0.8,0
2010-03-23,111,111,110,110,111,112,111,1.3,0.7,0
2010-03-24,108,110,110,110,111,111,110,2,1.5,0
2010-03-25,104,108,109,110,110,111,109,2.3,1.8,0
2010-03-26,109,108,108,109,110,111,109,2.1,1.3,0
2010-03-27,120,118,110,109,110,111,113,1.6,1.1,0
2010-03-28,115,116,113,110,110,110,112,1.5,1.3,0
2010-03-29,124,124,121,114,110,110,117,1.1,0.8,0
2010-03-30,121,123,124,122,115,111,119,2.1,1.4,0
2010-03-31,121,124,125,125,123,116,122,2.1,1.4,0
2010-04-01,117,120,121,122,123,121,121,2,0.8,0
2010-04-02,115,118,119,121,121,121,119,2.3,1.5,0
2010-04-03,112,115,118,119,120,120,117,1.9,1,0
2010-04-04,118,116,117,118,119,119,118,1.8,1.4,0
2010-04-05,116,116,116,117,118,119,117,1.9,1.3,0
2010-04-06,111,114,116,117,117,118,116,2.7,1.7,0
2010-04-07,107,112,114,116,117,117,114,3.4,2.1,0
2010-04-08,104,109,113,115,116,117,112,1.7,1.1,0
2010-04-09,103,108,111,114,115,116,111,1.6,1.2,0
2010-04-10,103,107,111,113,114,116,110,1.4,0.6,0
2010-04-11,107,107,110,112,114,115,111,1.7,1.1,0
2010-04-12,107,107,109,112,113,114,110,1.1,0.3,0
2010-04-13,108,107,109,111,113,114,110,2.2,1.5,0
2010-04-14,106,107,108,110,112,113,109,1.8,0.9,0
2010-04-15,106,106,108,110,112,113,109,1.9,1.2,0
2010-04-16,104,106,108,110,111,113,108,1.7,0.6,0
2010-04-17,101,105,107,109,111,112,107,2.7,1.7,0
2010-04-18,97,103,106,108,110,112,106,3,2.4,0
2010-04-19,94,101,105,108,110,111,105,2.3,1.3,0
2010-04-20,92,99,104,107,109,111,103,2.8,1.8,0
2010-04-21,90,98,103,106,108,110,103,1.8,0.9,0
2010-04-22,89,97,102,106,108,110,102,2.3,1.2,0
2010-04-23,87,96,101,105,108,109,101,2.7,1.9,0
2010-04-24,83,93,100,104,107,109,99,3.2,2.4,0
2010-04-25,79,91,99,103,106,108,98,4.2,2.9,0
2010-04-26,81,89,98,102,106,108,97,2.3,1.5,0
2010-04-27,83,89,97,102,105,107,97,2.4,1.7,0
2010-04-28,80,87,96,101,105,107,96,3.3,2.5,0
2010-04-29,75,85,94,100,104,106,94,3.8,2.9,0
2010-04-30,72,83,93,99,103,106,93,3.6,1.8,0
2010-05-01,69,81,92,99,103,105,91,2.6,1.6,0
2010-05-02,68,80,91,98,102,105,91,1.6,1,0
2010-05-03,75,80,91,97,102,105,92,2.2,1.6,0
2010-05-04,92,80,90,97,101,104,94,1.5,0.9,0
2010-05-05,89,81,90,97,101,104,93,2.9,1.5,0
2010-05-06,121,93,89,96,101,104,101,0.8,0.4,0
2010-05-07,123,124,99,96,100,103,108,1.1,0.7,0
2010-05-08,117,118,109,98,100,103,107,2.1,1.3,0
2010-05-09,115,115,110,100,100,103,107,2.3,1.4,0
2010-05-10,118,116,111,102,100,103,108,2,1.4,0
2010-05-11,113,114,112,103,101,102,108,1.7,0.8,0
2010-05-12,111,113,112,105,101,102,107,1.2,0.7,0
2010-05-13,109,111,111,106,102,102,107,1.1,0.3,0
2010-05-14,107,110,110,107,103,103,107,1.6,0.7,0
2010-05-15,109,109,110,107,104,103,107,1.1,0.9,0
2010-05-16,108,109,109,107,104,103,107,2.5,1.6,0
2010-05-17,105,107,108,107,105,103,106,2.1,1.3,0
2010-05-18,103,106,107,107,105,104,105,2.5,1.2,0
2010-05-19,118,111,108,107,105,104,109,0.8,0.5,0
2010-05-20,125,126,125,114,106,104,117,1.2,0.8,0
2010-05-21,118,121,122,121,112,105,117,3.9,2.9,0
2010-05-22,112,117,119,120,116,108,115,3.3,2.2,0
2010-05-23,107,113,116,117,116,110,113,4.1,2.7,0
2010-05-24,106,110,114,115,115,112,112,4.1,3.1,0
2010-05-25,107,109,112,114,114,112,111,3.6,2.2,0
2010-05-26,107,107,110,113,113,112,110,2.4,1.5,0
2010-05-27,116,110,110,112,113,112,112,2.1,1.5,0
2010-05-28,120,114,111,111,112,112,113,2.4,1.8,0
2010-05-29,113,114,111,111,111,111,112,3.5,2.6,0
2010-05-30,118,116,112,111,111,111,113,2.4,2.3,0
2010-05-31,124,125,122,115,112,111,118,1.2,0.9,0
2010-06-01,119,121,122,120,115,112,118,2.6,1.7,0
2010-06-02,114,118,119,120,117,113,117,2.7,1.3,0
2010-06-03,109,114,117,118,118,115,115,4.9,3.3,0
2010-06-04,103,110,114,116,116,115,112,4.5,3.2,0
2010-06-05,97,106,111,114,115,115,110,4.9,3.7,0
2010-06-06,92,103,109,112,114,114,107,4.6,3.7,0
2010-06-07,91,100,107,111,113,113,106,3.3,2.3,0
2010-06-08,87,98,105,109,112,113,104,4,3.1,0
2010-06-09,86,95,104,108,110,112,102,4.6,3.6,0
2010-06-10,121,121,111,108,110,111,114,4,3,0
2010-06-11,121,124,124,115,110,111,117,4.2,2.9,0
2010-06-12,117,119,121,120,114,111,117,1.3,0.6,0
2010-06-13,115,117,119,119,116,113,116,3.6,2.5,0
2010-06-14,109,114,116,117,117,114,114,4.2,2.9,0
2010-06-15,104,110,114,115,116,115,112,3.9,2.5,0
2010-06-16,99,107,112,114,115,114,110,4.5,3.1,0
2010-06-17,94,104,109,112,114,114,108,4.8,3.4,0
2010-06-18,89,101,107,111,112,113,106,3.4,2.1,0
2010-06-19,87,99,106,110,112,113,104,2.8,1.4,0
2010-06-20,85,97,105,109,111,112,103,2.3,1.3,0
2010-06-21,95,97,104,108,110,111,104,2.6,1.9,0
2010-06-22,92,95,103,107,109,111,103,3.4,2.3,0
2010-06-23,87,94,101,106,108,110,101,3.9,2.9,0
2010-06-24,82,91,99,104,108,109,99,4.7,3.4,0
2010-06-25,77,88,98,103,107,109,97,3.9,2.7,0
2010-06-26,72,86,96,102,106,108,95,4.8,3.5,0
2010-06-27,67,83,94,101,105,107,93,4.9,3.6,0
2010-06-28,61,79,92,100,104,106,90,5.3,4,0
2010-06-29,56,76,90,98,103,106,88,4.4,3.2,0
2010-06-30,53,73,88,97,102,105,86,4.8,3.7,0
2010-07-01,48,70,86,95,101,104,84,4.4,3.5,0
2010-07-02,43,67,84,94,100,103,82,5.3,4.1,0
2010-07-03,39,63,81,92,99,102,79,5.5,4.1,0
2010-07-04,35,60,79,91,98,102,77,3.9,2.5,0
2010-07-05,33,58,78,90,97,101,76,4,2.6,0
2010-07-06,42,56,76,89,96,100,76,3.2,2.2,0
2010-07-07,39,54,75,88,95,100,75,4.8,3.6,0
2010-07-08,35,51,73,86,94,99,73,5.5,4.2,0
2010-07-09,30,48,70,84,93,98,70,5.7,4.5,0
2010-07-10,25,45,68,82,91,97,68,5.8,4.3,0
2010-07-11,21,42,65,80,90,96,66,4.3,3.2,0
2010-07-12,26,39,63,79,89,95,65,5.8,4.4,0
2010-07-13,52,38,61,77,88,94,68,4.2,3.1,0
2010-07-14,51,37,60,76,87,93,67,5.8,4.3,0
2010-07-15,84,38,58,75,86,93,72,4.7,3.5,0
2010-07-16,74,40,57,74,85,92,70,5.2,3.7,0
2010-07-17,73,41,57,73,84,92,70,2.4,1.9,0
2010-07-18,83,43,56,73,84,91,72,4.6,3.5,0
2010-07-19,73,44,55,72,83,91,70,4.9,3.7,0
2010-07-20,64,43,55,71,82,90,67,5.2,3.9,0
2010-07-21,55,42,53,70,81,89,65,5.6,4.1,0
2010-07-22,50,41,52,69,81,89,64,3,2.3,0
2010-07-23,59,41,52,68,80,88,65,2.1,1.7,0
2010-07-24,59,41,52,68,80,88,65,3.5,2.2,0
2010-07-25,53,41,51,67,79,87,63,4.2,2.9,0
2010-07-26,82,60,52,67,79,87,71,1.8,1.3,0
2010-07-27,122,124,72,67,78,87,92,3.1,2.2,0
2010-07-28,122,122,85,68,78,86,94,1.8,1.4,0
2010-07-29,119,121,99,70,78,86,96,2.4,1.5,0
2010-07-30,114,116,103,74,78,86,95,2.8,2,0
2010-07-31,108,111,103,77,78,86,94,3.9,2.8,0
2010-08-01,105,107,101,79,78,85,93,3.7,2.9,0
2010-08-02,102,104,100,80,79,85,92,3.3,2.7,0
2010-08-03,102,103,99,81,79,85,91,2.1,1.6,0
2010-08-04,104,101,98,82,80,85,92,2.2,1.7,0
2010-08-05,119,107,97,83,80,85,95,1.5,1.2,0
2010-08-06,123,119,102,84,80,85,99,1.8,1.5,0
2010-08-07,114,116,106,86,81,85,98,4.2,3.2,0
2010-08-08,108,112,106,88,81,85,97,2.9,2.1,0
2010-08-09,104,108,105,90,82,85,96,2.6,1.7,0
2010-08-10,100,105,104,91,82,85,94,3.8,2.7,0
2010-08-11,99,103,102,91,83,85,94,2.6,1.9,0
2010-08-12,118,117,104,92,84,85,100,1.6,1.2,0
2010-08-13,115,117,109,93,84,85,101,2.9,2.1,0
2010-08-14,110,113,109,95,85,85,100,3.3,2.2,0
2010-08-15,112,110,108,97,86,85,100,1.1,0.6,0
2010-08-16,116,112,108,98,87,86,101,1.7,1.1,0
2010-08-17,123,118,110,99,87,86,104,1.8,1.4,0
2010-08-18,119,120,114,101,88,86,105,2.4,1.6,0
2010-08-19,113,116,114,103,89,86,104,3.2,2.2,0
2010-08-20,107,112,112,104,90,87,102,3.8,2.8,0
2010-08-21,101,108,110,104,91,87,100,4.3,3.2,0
2010-08-22,98,105,107,104,92,87,99,3,2.3,0
2010-08-23,104,104,106,103,93,88,100,1.9,1.8,0
2010-08-24,112,105,105,103,94,88,101,3.7,2.4,0
2010-08-25,106,105,104,102,94,89,100,2.7,1.4,0
2010-08-26,118,118,112,103,95,89,106,1.5,1.2,0
2010-08-27,124,125,125,121,102,90,114,1.8,2,0
2010-08-28,119,122,123,124,118,95,117,2.1,1.9,0
2010-08-29,119,120,121,121,119,103,117,1.6,1.4,0
2010-08-30,124,125,124,122,119,108,121,1.3,1.1,0
2010-08-31,120,123,124,125,123,115,121,2.6,1.9,0
2010-09-01,116,119,121,122,122,119,120,1.5,1.1,0
2010-09-02,113,117,119,120,120,119,118,1.4,0.8,0
2010-09-03,110,114,117,118,119,119,116,1.8,1.3,0
2010-09-04,111,113,115,117,118,118,115,1.6,1.2,0
2010-09-05,109,112,114,116,117,117,114,1.9,1.3,0
2010-09-06,106,110,113,115,116,116,113,2.7,1.8,0
2010-09-07,103,108,112,114,115,115,111,2.5,1.4,0
2010-09-08,102,107,110,113,114,115,110,1.6,0.9,0
2010-09-09,106,107,110,112,113,114,110,1.2,0.9,0
2010-09-10,111,107,109,111,113,113,111,1.5,1,0
2010-09-11,115,110,109,111,112,113,112,2.1,1.8,0
2010-09-12,109,109,109,110,112,112,110,2.2,1.7,0
2010-09-13,106,108,109,110,111,112,109,1.8,1.4,0
2010-09-14,116,110,109,110,111,111,111,1.4,0.8,0
2010-09-15,118,113,110,110,110,111,112,2.8,1.8,0
2010-09-16,115,113,111,110,110,111,112,2.3,1.7,0
2010-09-17,116,114,111,110,110,111,112,1.7,1.2,0
2010-09-18,113,113,112,110,110,110,111,1.4,0.8,0
2010-09-19,110,112,111,111,110,110,111,1.8,1.1,0
2010-09-20,107,110,111,110,110,110,110,2.4,1.3,0
2010-09-21,104,108,110,110,110,110,109,1.7,1.1,0
2010-09-22,101,106,109,110,110,110,108,1.9,1.5,0
2010-09-23,98,104,107,109,109,110,106,2.2,1.7,0
2010-09-24,96,103,106,108,109,109,105,1.4,0.9,0
2010-09-25,100,102,106,108,109,109,106,0.9,0.8,0
2010-09-26,100,102,105,107,109,109,105,1.2,0.9,0
2010-09-27,118,116,113,111,109,109,113,0.7,0.3,0
2010-09-28,123,125,126,127,125,117,124,0.7,0.4,0
2010-09-29,118,121,122,123,124,124,122,0.9,0.5,0
2010-09-30,115,118,120,121,122,122,120,1.3,0.6,0
2010-10-01,113,116,118,120,121,121,118,1.2,0.6,0
2010-10-02,113,115,117,118,120,120,117,1,0.8,0
2010-10-03,111,114,116,117,119,119,116,2.2,1.5,0
2010-10-04,108,112,115,116,118,118,114,1.9,1.2,0
2010-10-05,106,110,113,115,117,118,113,1.4,0.7,0
2010-10-06,104,109,112,114,116,117,112,1.6,1.2,0
2010-10-07,102,108,111,113,115,116,111,1.1,0.8,0
2010-10-08,100,106,110,112,114,115,110,1.8,1.2,0
2010-10-09,98,105,109,112,113,115,109,1.8,1.3,0
2010-10-10,96,103,108,111,113,114,107,1.3,1,0
2010-10-11,95,102,107,110,112,114,107,1,0.9,0
2010-10-12,94,101,106,109,111,113,106,0.6,0.3,0
2010-10-13,94,101,106,109,111,113,105,0.8,0.4,0
2010-10-14,93,100,105,108,110,112,105,0.5,0.2,0
2010-10-15,95,100,105,108,110,112,105,0.7,0.5,0
2010-10-16,121,105,105,107,110,111,110,0.5,0.4,0
2010-10-17,119,116,107,107,109,111,112,0.5,0.5,0
2010-10-18,115,116,110,108,109,111,111,0.5,0.2,0
2010-10-19,113,114,111,109,109,110,111,0.8,0.4,0
2010-10-20,113,113,112,110,109,110,111,0.8,0.8,0
2010-10-21,113,113,112,110,110,110,111,1.1,0.7,0
2010-10-22,111,112,112,111,110,110,111,0.9,0.2,0
2010-10-23,109,111,112,111,110,110,111,1.1,0.4,0
2010-10-24,108,110,111,111,110,110,110,0.9,0.6,0
2010-10-25,108,110,111,111,111,111,110,0.6,0.4,0
2010-10-26,107,109,110,111,111,111,110,0.6,0.7,0
2010-10-27,106,109,110,110,111,111,109,1.4,0.4,0
2010-10-28,105,108,109,110,110,111,109,1.2,0.6,0
2010-10-29,104,107,109,110,110,111,108,0.9,0.6,0
2010-10-30,102,106,108,109,110,110,108,1.4,0.5,0
2010-10-31,101,105,108,109,110,110,107,0.5,0.3,0
2010-11-01,101,105,107,109,110,110,107,0.4,0.2,0
2010-11-02,100,104,107,108,109,110,106,0.7,0.2,0
2010-11-03,104,105,106,108,109,110,107,1.2,0.4,0
2010-11-04,122,119,109,108,109,110,113,1.4,1.3,0
2010-11-05,117,118,113,109,109,109,112,1.6,0.5,0
2010-11-06,121,120,115,111,109,109,114,0.7,0.3,0
2010-11-07,124,125,122,115,110,110,117,0.6,0.3,0
2010-11-08,119,121,122,121,114,110,118,0.5,0.3,0
2010-11-09,116,119,120,120,117,113,118,0.6,0.2,0
2010-11-10,115,117,119,119,118,115,117,0.6,0.6,0
2010-11-11,117,117,118,118,118,116,117,1,0.9,0
2010-11-12,122,120,118,118,118,117,119,1.2,1.2,0
2010-11-13,127,128,127,125,124,123,126,0.9,0.9,0
2010-11-14,121,123,125,125,126,126,124,1.6,1.5,0
2010-11-15,117,120,122,123,123,124,121,1,0.6,0
2010-11-16,117,118,120,121,122,123,120,0.5,0.3,0
2010-11-17,115,117,119,120,121,122,119,0.4,0.1,0
2010-11-18,114,116,118,119,120,121,118,0.4,0.1,0
2010-11-19,115,116,117,118,119,120,117,0.4,0.3,0
2010-11-20,113,115,117,118,118,119,117,0.3,0.2,0
2010-11-21,112,114,116,117,118,119,116,0.1,0,0
2010-11-22,118,118,117,117,117,118,118,0.4,0.1,0
2010-11-23,123,124,124,121,119,118,121,0.5,0.5,0
2010-11-24,123,125,125,124,123,120,123,0.4,0.2,0
2010-11-25,120,122,123,123,124,123,122,0.2,0,0
2010-11-26,118,120,121,122,122,123,121,0.3,0.3,0
2010-11-27,115,118,120,121,121,122,119,0.1,0.2,4
2010-11-28,114,116,118,119,120,121,118,0.2,0,8
2010-11-29,113,115,117,118,119,120,117,0.3,0.2,10
2010-11-30,113,115,116,118,119,119,117,0.5,0.4,10
2010-12-01,112,114,116,117,118,119,116,0.4,0.1,18
2010-12-02,115,115,115,116,117,118,116,0.1,0.3,22
2010-12-03,113,115,115,116,117,118,116,0,0.1,23
2010-12-04,112,114,115,116,117,117,115,0.4,0.1,24
2010-12-05,111,113,114,115,116,117,114,0.7,0.2,24
2010-12-06,111,113,114,115,116,117,114,0.1,0.1,23
2010-12-07,110,112,113,115,115,116,113,0.1,0.1,23
2010-12-08,114,112,113,114,115,116,114,0.3,0.1,23
2010-12-09,119,116,114,114,115,116,115,0.4,0.5,22
2010-12-10,115,116,115,114,115,115,115,0.2,0.3,21
2010-12-11,121,118,116,115,115,115,116,0.6,0.4,20
2010-12-12,123,123,119,116,115,115,119,0.5,0.4,19
2010-12-13,119,121,121,119,117,116,119,0.3,0.3,18
2010-12-14,116,119,120,120,118,117,118,0.3,0.3,18
2010-12-15,114,117,118,119,119,118,117,0.3,0.2,22
2010-12-16,115,116,117,118,118,118,117,0.3,0.3,25
2010-12-17,123,120,118,118,118,118,119,0.2,0.2,26
2010-12-18,118,120,120,119,118,118,119,0.2,0.2,26
2010-12-19,115,118,119,119,119,118,118,0.3,0.3,25
2010-12-20,119,118,118,118,119,118,118,0.2,0.2,23
2010-12-21,121,120,119,118,118,118,119,0.1,0,24
2010-12-22,121,122,121,120,119,119,120,0.1,0.1,23
2010-12-23,124,125,124,122,120,119,122,0.2,0.1,23
2010-12-24,122,123,123,124,123,121,123,0.3,0.2,22
2010-12-25,123,125,125,124,124,123,124,0.2,0.4,22
2010-12-26,119,121,122,123,124,124,122,0.2,0.1,22
2010-12-27,119,120,121,122,122,123,121,0.2,0.2,21
2010-12-28,116,119,120,121,121,122,120,0.2,0.2,21
2010-12-29,114,117,119,120,121,121,119,0.2,0.1,21
2010-12-30,113,116,118,119,120,120,117,0.1,0,20
2010-12-31,112,115,117,118,119,120,116,0.3,0.1,20
2011-01-01,116,116,103,77,62,59,89,0.4,0.4,19
2011-01-02,114,114,104,79,62,59,89,0.3,0.3,19
2011-01-03,112,113,105,82,63,60,89,0.2,0.3,18
2011-01-04,110,111,104,84,64,60,89,0.1,0.2,17
2011-01-05,109,110,104,85,65,60,89,0.4,0.1,17
2011-01-06,114,110,104,86,66,60,90,0.6,0.5,16
2011-01-07,121,118,106,87,67,61,93,0.4,0.1,16
2011-01-08,116,117,109,89,68,61,93,0.7,0.6,0
2011-01-09,123,122,113,92,69,61,97,0.5,0.3,0
2011-01-10,119,121,117,97,71,62,98,0.2,0.1,0
2011-01-11,116,118,116,101,73,62,98,0.6,0.3,0
2011-01-12,115,116,115,103,76,63,98,0.5,0.4,0
2011-01-13,125,122,116,105,78,64,101,0.5,0.1,0
2011-01-14,124,125,123,111,82,64,105,0.9,0.6,0
2011-01-15,121,122,122,116,88,65,106,1,0.7,0
2011-01-16,117,119,120,117,94,67,106,0.6,0.2,0
2011-01-17,115,117,118,116,98,69,106,0.2,0,0
2011-01-18,116,116,117,115,101,72,106,0.6,0.2,0
2011-01-19,123,122,119,115,103,74,109,0.3,0.2,0
2011-01-20,119,121,120,117,105,77,110,0.5,0.1,0
2011-01-21,116,119,119,117,107,80,110,0.4,0.3,1
2011-01-22,114,117,118,117,108,84,110,0.2,0.1,0
2011-01-23,113,115,117,116,109,87,109,0.3,0,0
2011-01-24,112,114,115,115,109,89,109,0.4,0.1,0
2011-01-25,115,114,115,114,109,92,110,0.5,0.4,0
2011-01-26,115,115,115,114,109,93,110,0.4,0.3,0
2011-01-27,113,115,115,114,109,95,110,0.7,0.2,0
2011-01-28,112,114,114,113,109,96,110,0.5,0,6
2011-01-29,110,113,114,113,109,97,109,0.1,0,11
2011-01-30,109,112,113,113,109,98,109,0.2,0,14
2011-01-31,109,111,112,112,109,99,109,0.3,0,17
2011-02-01,108,110,112,112,109,99,108,0.3,0,20
2011-02-02,108,110,111,111,109,100,108,0.4,0.3,22
2011-02-03,107,110,111,111,109,100,108,0.5,0.2,21
2011-02-04,107,109,110,110,109,101,108,1,0.3,21
2011-02-05,106,108,110,110,109,101,107,1.9,0.3,18
2011-02-06,105,108,109,110,108,101,107,1.3,0.6,0
2011-02-07,104,107,109,109,108,101,106,1.3,0.3,0
2011-02-08,103,106,108,109,108,101,106,0.8,0.2,0
2011-02-09,102,106,108,108,107,102,105,0.3,0.2,0
2011-02-10,102,105,107,108,107,102,105,0.6,0.2,0
2011-02-11,109,105,107,108,107,102,106,0.7,0.5,0
2011-02-12,115,107,107,107,107,102,107,0.7,0.6,0
2011-02-13,118,111,107,107,106,102,109,0.4,0.1,0
2011-02-14,116,114,109,107,106,101,109,0.6,0.4,0
2011-02-15,118,114,110,108,106,101,110,0.5,0.3,0
2011-02-16,117,116,112,109,106,101,110,0.6,0.6,0
2011-02-17,114,115,113,110,106,101,110,0.6,0.1,0
2011-02-18,112,114,113,110,107,102,110,0.5,0,0
2011-02-19,111,113,113,111,107,102,109,0.7,0,0
2011-02-20,110,112,112,111,108,102,109,0.8,0,7
2011-02-21,109,111,112,111,108,103,109,0.7,0,14
2011-02-22,108,110,111,111,109,103,109,0.6,0,20
2011-02-23,107,110,111,111,109,103,108,0.9,0.1,24
2011-02-24,107,109,110,110,109,104,108,1.3,0.1,25
2011-02-25,106,108,110,110,109,104,108,1.7,0.3,23
2011-02-26,105,108,109,110,108,104,107,1.7,0.4,22
2011-02-27,111,108,109,109,108,104,108,0.7,0.5,21
2011-02-28,111,109,109,109,108,105,108,0.8,0.4,18
2011-03-01,109,109,109,109,108,105,108,0.6,0.1,0
2011-03-02,108,109,109,109,108,105,108,0.9,0.2,0
2011-03-03,106,108,109,108,108,105,107,1.2,0.2,0
2011-03-04,105,108,108,108,107,105,107,0.8,0.2,0
2011-03-05,105,107,108,108,107,105,107,0.6,0,0
2011-03-06,104,106,108,108,107,105,106,1.1,0.2,0
2011-03-07,103,106,107,108,107,105,106,1.6,0.2,0
2011-03-08,102,105,107,107,107,105,106,2,0.5,0
2011-03-09,101,104,106,107,107,105,105,1.6,0.9,0
2011-03-10,102,104,106,107,106,104,105,1.5,0.9,0
2011-03-11,104,104,105,106,106,104,105,1,0.6,0
2011-03-12,103,104,105,106,106,104,105,1.5,1.1,0
2011-03-13,101,103,104,106,106,104,104,1.3,0.8,0
2011-03-14,104,102,104,105,105,104,104,0.9,0.7,0
2011-03-15,102,102,104,105,105,104,104,1.5,0.8,0
2011-03-16,101,102,103,105,105,104,103,0.9,0.1,0
2011-03-17,101,102,103,104,105,103,103,0.5,0.1,0
2011-03-18,103,102,103,104,104,103,103,0.7,0.5,0
2011-03-19,102,102,103,104,104,103,103,1.5,0.7,0
2011-03-20,100,102,103,104,104,103,102,1.3,0.7,0
2011-03-21,98,101,102,103,104,103,102,1.5,1.2,0
2011-03-22,96,99,102,103,103,102,101,1.7,1.4,0
2011-03-23,93,98,101,102,103,102,100,1.7,1.4,0
2011-03-24,91,97,100,102,103,102,99,1.7,1.3,0
2011-03-25,88,95,99,101,102,102,98,1.8,1.2,0
2011-03-26,87,94,99,101,102,101,97,0.9,0.3,0
2011-03-27,87,94,98,101,102,101,97,1.7,1.3,0
2011-03-28,85,92,98,100,101,101,96,2,1.4,0
2011-03-29,82,91,97,100,101,101,95,2,1.5,0
2011-03-30,80,89,96,99,100,100,94,2.2,1.6,0
2011-03-31,78,88,95,99,100,100,93,1.5,0.9,0
2011-04-01,79,87,94,98,100,100,93,2,1.6,0
2011-04-02,76,86,93,97,99,99,92,2.9,2.1,0
2011-04-03,77,85,92,97,99,99,91,1.7,1.2,0
2011-04-04,114,88,92,96,99,99,98,1.7,1.4,0
2011-04-05,112,94,92,96,98,98,98,2,1.4,0
2011-04-06,107,96,92,96,98,98,98,2.2,1.2,0
2011-04-07,102,95,92,95,97,98,97,2.7,1.6,0
2011-04-08,98,95,92,95,97,98,96,2.8,1.6,0
2011-04-09,94,93,92,94,97,97,95,2.6,1.5,0
2011-04-10,90,92,92,94,96,97,93,2.6,2,0
2011-04-11,86,90,91,94,96,97,92,2.9,2.2,0
2011-04-12,84,88,90,93,95,96,91,2.5,1.4,0
2011-04-13,82,87,90,93,95,96,91,2.7,1.3,0
2011-04-14,80,86,90,93,95,96,90,2.4,1.5,0
2011-04-15,77,85,89,92,94,95,89,1.9,1.2,0
2011-04-16,76,83,88,92,94,95,88,1.6,1,0
2011-04-17,73,82,87,91,94,95,87,2.9,2.2,0
2011-04-18,69,80,86,91,93,94,86,3,2.2,0
2011-04-19,66,77,85,90,93,94,84,3.4,2.5,0
2011-04-20,62,75,84,89,92,94,82,3.3,2.6,0
2011-04-21,58,73,82,88,92,93,81,3.4,2.6,0
2011-04-22,54,70,81,87,91,93,79,3.7,2.8,0
2011-04-23,50,67,79,86,90,92,77,4.1,3,0
2011-04-24,46,64,78,85,89,92,76,4,2.9,0
2011-04-25,43,62,76,84,89,91,74,3,2.2,0
2011-04-26,47,60,75,83,88,91,74,2.4,2,0
2011-04-27,64,60,74,83,88,90,76,2.2,1.8,0
2011-04-28,79,61,74,82,87,90,79,2.3,1.8,0
2011-04-29,87,62,73,82,87,90,80,3.7,2.7,0
2011-04-30,81,62,72,81,86,89,79,3.8,2.4,0
2011-05-01,75,62,71,80,86,89,77,3.7,2.5,0
2011-05-02,70,61,71,80,85,89,76,2,0.9,0
2011-05-03,68,62,70,79,85,88,75,2.6,1.2,0
2011-05-04,68,62,70,79,85,88,75,1.6,0.9,0
2011-05-05,70,62,70,78,84,88,75,3,2.5,0
2011-05-06,64,60,69,78,84,87,74,3.6,2.9,0
2011-05-07,58,58,67,77,83,87,72,4.8,3.4,0
2011-05-08,52,56,66,76,82,86,70,5.6,3.5,0
2011-05-09,46,53,64,75,81,86,68,5.7,3.7,0
2011-05-10,41,51,63,73,81,85,65,4.1,3.4,0
2011-05-11,37,49,62,72,80,84,64,3,2.2,0
2011-05-12,35,47,61,72,79,84,63,2.9,2,0
2011-05-13,33,46,60,71,79,83,62,2.7,2,0
2011-05-14,31,44,59,70,78,83,61,2.9,2,0
2011-05-15,32,43,58,70,78,83,60,2.7,1.8,0
2011-05-16,43,43,57,69,77,82,62,1.7,1.2,0
2011-05-17,53,43,57,69,77,82,64,1.6,1.3,0
2011-05-18,50,43,57,68,76,82,63,3.8,2.9,0
2011-05-19,46,42,55,67,76,81,61,3.4,2.5,0
2011-05-20,46,41,55,67,75,81,61,4,3,0
2011-05-21,41,40,53,66,75,80,59,3.8,2.5,0
2011-05-22,37,38,52,65,74,80,58,4.3,3,0
2011-05-23,32,37,51,64,73,79,56,4.4,3.1,0
2011-05-24,28,35,50,63,72,78,54,3.7,2.4,0
2011-05-25,24,33,48,62,71,78,53,4.5,3.4,0
2011-05-26,20,30,47,60,70,77,51,5.5,3.3,0
2011-05-27,17,29,45,59,69,76,49,3.2,1.8,0
2011-05-28,16,28,44,59,69,76,48,3.2,2,0
2011-05-29,14,26,43,57,68,75,47,4.8,2.9,0
2011-05-30,11,23,41,56,67,74,45,5.9,4.2,0
2011-05-31,14,21,39,54,65,73,44,3.1,1.9,0
2011-06-01,23,21,38,54,65,73,45,3.7,2.4,0
2011-06-02,19,19,37,52,64,72,44,5,3.7,0
2011-06-03,14,18,35,51,63,71,42,4.6,3.1,0
2011-06-04,11,16,34,50,62,70,40,5.7,3.5,0
2011-06-05,10,15,32,48,60,69,39,5.5,2.7,0
2011-06-06,38,14,31,47,59,68,43,3.5,2.2,0
2011-06-07,78,16,30,47,59,68,50,3.8,2.8,0
2011-06-08,84,19,30,46,59,68,51,1,0.7,0
2011-06-09,81,22,30,46,58,67,51,4.6,3.3,0
2011-06-10,72,24,30,46,58,67,49,2.9,1.8,0
2011-06-11,65,26,30,45,58,67,48,2.9,1.9,0
2011-06-12,58,27,30,45,57,66,47,3.7,2.5,0
2011-06-13,51,28,30,44,57,66,46,3.5,2.4,0
2011-06-14,48,28,30,44,56,65,45,3.2,2.3,0
2011-06-15,43,27,29,44,56,65,44,3.5,2.8,0
2011-06-16,44,27,29,43,55,65,44,3.8,2.9,0
2011-06-17,57,27,29,43,55,64,46,4.4,3.2,0
2011-06-18,51,27,29,42,55,64,45,3.3,2.6,0
2011-06-19,51,28,29,42,54,64,45,2.6,2.3,0
2011-06-20,51,28,29,42,54,63,45,3.6,2.5,0
2011-06-21,47,28,29,42,54,63,44,3.1,2.3,0
2011-06-22,55,28,29,41,53,63,45,3,2,0
2011-06-23,80,30,29,41,53,62,49,3.3,2.7,0
2011-06-24,79,32,29,41,53,62,49,2.7,2,0
2011-06-25,81,35,29,41,53,62,50,1.9,1.2,0
2011-06-26,75,37,30,41,53,62,49,3.4,2.4,0
2011-06-27,66,37,30,40,52,62,48,5.5,4,0
2011-06-28,54,35,29,40,52,61,45,6.2,4.6,0
2011-06-29,47,33,29,39,51,60,43,4.4,3.2,0
2011-06-30,120,36,29,39,51,60,56,3.3,2.4,0
2011-07-01,113,44,29,39,50,60,56,2.8,2.2,0
2011-07-02,109,50,30,39,50,60,56,1.7,1.2,0
2011-07-03,107,55,31,39,50,60,57,1,0.9,0
2011-07-04,102,59,33,39,50,60,57,1.5,1,0
2011-07-05,94,60,34,39,50,59,56,4.8,3.1,0
2011-07-06,84,59,35,39,50,59,54,4.6,3.2,0
2011-07-07,76,57,36,39,50,59,53,3.4,2.4,0
2011-07-08,69,55,36,39,49,59,51,4.5,2.9,0
2011-07-09,62,53,36,39,49,58,49,4.6,3.4,0
2011-07-10,56,50,36,39,49,58,48,3.4,2.4,0
2011-07-11,54,48,36,38,48,58,47,4.5,3.4,0
2011-07-12,47,45,35,38,48,57,45,5.2,4,0
2011-07-13,49,43,35,38,48,57,45,1.9,1.5,0
2011-07-14,63,43,35,38,47,57,47,3.7,2.2,0
2011-07-15,60,42,35,38,47,57,46,1.5,0.6,0
2011-07-16,55,41,35,38,47,56,45,4.7,3.4,0
2011-07-17,50,40,35,38,47,56,44,2.1,1.2,0
2011-07-18,49,39,35,38,47,56,44,3.7,2.9,0
2011-07-19,44,38,34,38,46,56,42,4.4,3.2,0
2011-07-20,58,37,34,37,46,55,44,3.4,2.5,0
2011-07-21,55,36,33,37,46,55,44,3.2,2,0
2011-07-22,51,36,33,37,46,55,43,2.9,1.5,0
2011-07-23,46,35,33,37,46,55,42,3.6,2,0
2011-07-24,43,34,33,37,45,54,41,2.1,1,0
2011-07-25,54,34,33,37,45,54,43,2.4,1.8,0
2011-07-26,51,34,32,37,45,54,42,2.9,2,0
2011-07-27,46,33,32,36,45,54,41,3.1,2.1,0
2011-07-28,40,31,31,36,45,53,39,4.6,3.6,0
2011-07-29,34,30,31,36,44,53,38,3.4,1.8,0
2011-07-30,38,29,30,36,44,53,38,1.3,0.8,0
2011-07-31,39,29,30,36,44,53,38,2.7,1.6,0
2011-08-01,36,28,30,35,44,53,38,3.2,2,0
2011-08-02,31,27,29,35,43,52,36,4.5,3.1,0
2011-08-03,25,25,28,34,43,52,34,3.8,2.8,0
2011-08-04,28,24,28,34,43,51,35,4.1,3.1,0
2011-08-05,29,23,27,33,42,51,34,2.8,2.1,0
2011-08-06,26,22,26,33,42,51,33,3.4,2.6,0
2011-08-07,30,21,26,33,42,50,34,3.1,2.2,0
2011-08-08,30,21,25,33,41,50,33,2.8,2,0
2011-08-09,31,20,25,32,41,50,33,3,2.2,0
2011-08-10,28,20,25,32,41,50,33,3.7,2,0
2011-08-11,23,19,24,32,41,49,31,5.6,3,0
2011-08-12,23,18,23,31,40,49,31,2.1,1.2,0
2011-08-13,30,18,23,31,40,49,32,2,1.5,0
2011-08-14,36,18,23,31,40,49,33,2.2,2.1,0
2011-08-15,40,19,23,31,40,49,34,3,2.2,0
2011-08-16,36,19,23,31,40,49,33,1.8,1.3,0
2011-08-17,31,19,22,30,39,48,32,3.6,2.9,0
2011-08-18,27,17,22,30,39,48,30,4.2,3,0
2011-08-19,100,19,21,29,39,48,42,2,1.4,0
2011-08-20,99,23,21,29,38,47,43,3.7,2.8,0
2011-08-21,89,26,21,29,38,47,42,2.3,1.6,0
2011-08-22,84,29,21,29,38,47,41,2,1.3,0
2011-08-23,78,31,22,29,38,47,41,3.5,2.5,0
2011-08-24,74,32,22,29,38,47,40,3.4,2.6,0
2011-08-25,82,34,22,29,38,47,42,2.5,1.9,0
2011-08-26,81,36,22,29,38,47,42,4.7,3.6,0
2011-08-27,102,38,23,29,38,47,46,1.7,1.3,0
2011-08-28,97,42,24,29,38,46,46,2.7,1.6,0
2011-08-29,89,44,24,29,37,46,45,2.4,1.3,0
2011-08-30,83,46,25,29,37,46,44,2.1,1.3,0
2011-08-31,76,46,26,29,37,46,43,2.5,1.8,0
2011-09-01,70,46,26,29,37,46,42,2.4,1.6,0
2011-09-02,64,45,27,29,37,46,41,2.9,2.3,0
2011-09-03,58,43,27,29,37,46,40,3.4,2.7,0
2011-09-04,57,42,27,29,37,46,39,2.1,1.9,0
2011-09-05,60,41,28,29,37,45,40,2.3,1.8,0
2011-09-06,56,41,28,29,37,45,39,3.5,1.9,0
2011-09-07,69,40,28,29,37,45,41,2.4,1.7,0
2011-09-08,82,42,28,29,37,45,44,0.9,0.7,0
2011-09-09,116,47,29,29,37,45,50,1.5,1.2,0
2011-09-10,105,53,30,29,37,45,50,2.6,1.7,0
2011-09-11,108,60,30,29,37,45,51,2,1.4,0
2011-09-12,118,82,33,30,37,45,57,2.9,1.9,0
2011-09-13,108,84,36,30,36,45,56,3,1.6,0
2011-09-14,101,82,38,30,36,45,55,2.7,1.6,0
2011-09-15,96,80,40,31,36,45,55,2,1.2,0
2011-09-16,91,77,42,31,36,45,54,2.2,1.7,0
2011-09-17,87,75,44,31,37,45,53,2.3,1.4,0
2011-09-18,84,73,45,32,37,45,52,1.2,0.6,0
2011-09-19,83,72,46,32,37,45,52,1.6,1.1,0
2011-09-20,80,70,47,33,37,45,52,1.9,1.5,0
2011-09-21,77,69,47,33,37,44,51,1.7,1.2,0
2011-09-22,73,67,47,34,37,44,50,1.9,1.1,0
2011-09-23,70,66,47,34,37,44,50,1.7,1.2,0
2011-09-24,67,64,47,35,37,44,49,1.8,1.5,0
2011-09-25,64,62,47,35,37,44,48,1.9,1.5,0
2011-09-26,60,60,47,35,37,44,47,2,1.7,0
2011-09-27,57,59,46,35,37,44,46,1.6,1.2,0
2011-09-28,55,57,46,36,37,44,46,1.7,1.2,0
2011-09-29,52,55,46,36,37,44,45,1.8,1.6,0
2011-09-30,49,53,45,36,37,44,44,2,1.7,0
2011-10-01,46,51,45,36,37,44,43,1.9,1.6,0
2011-10-02,43,49,44,36,37,44,42,1.8,1.6,0
2011-10-03,40,48,43,36,37,44,41,1.8,1.6,0
2011-10-04,38,46,43,36,37,44,41,2.4,1.5,0
2011-10-05,36,44,42,36,37,44,40,1.8,0.7,0
2011-10-06,40,43,42,36,38,44,40,1.8,1,0
2011-10-07,52,43,41,37,38,44,42,1,0.8,0
2011-10-08,71,44,41,37,38,44,46,0.9,0.8,0
2011-10-09,79,46,41,37,38,44,47,1,0.9,0
2011-10-10,92,48,41,37,38,44,50,1,0.7,0
2011-10-11,96,51,41,37,38,44,51,1.1,0.6,0
2011-10-12,124,65,42,37,38,44,58,0.7,0.5,0
2011-10-13,119,80,44,38,39,44,60,0.7,0.7,0
2011-10-14,110,84,46,38,39,44,60,0.6,0.3,0
2011-10-15,105,85,48,38,39,44,60,0.8,0.6,0
2011-10-16,101,84,50,38,39,44,60,1,0.9,0
2011-10-17,98,83,52,39,39,44,59,0.8,0.4,0
2011-10-18,96,82,53,39,39,44,59,1,0.5,0
2011-10-19,97,81,55,40,39,44,59,1,0.8,0
2011-10-20,98,81,56,40,40,44,60,0.7,0.5,0
2011-10-21,96,81,57,41,40,44,60,0.5,0.3,0
2011-10-22,94,80,57,41,40,44,59,0.7,0.5,0
2011-10-23,92,80,58,42,40,44,59,0.9,0.5,0
2011-10-24,89,79,58,42,40,44,59,1.3,0.8,0
2011-10-25,87,78,59,43,40,44,59,1.1,0.4,0
2011-10-26,85,77,59,43,41,45,58,0.8,0.5,0
2011-10-27,84,77,59,44,41,45,58,0.5,0.5,0
2011-10-28,82,76,59,44,41,45,58,0.6,0.5,0
2011-10-29,80,75,59,44,41,45,57,0.5,0.3,0
2011-10-30,80,75,59,45,42,45,58,0.5,0.2,0
2011-10-31,80,74,59,45,42,45,58,0.6,0.4,0
2011-11-01,79,74,60,46,42,45,57,0.5,0.5,0
2011-11-02,78,73,60,46,42,45,57,0.5,0.3,0
2011-11-03,77,72,60,46,42,45,57,0.9,0.6,0
2011-11-04,75,72,60,47,43,45,57,0.8,0.6,0
2011-11-05,74,71,59,47,43,45,56,0.5,0.4,0
2011-11-06,73,70,59,47,43,45,56,0.3,0.4,0
2011-11-07,72,70,59,47,43,45,56,0.3,0.1,0
2011-11-08,71,69,59,48,44,46,56,0.2,0,0
2011-11-09,71,69,59,48,44,46,56,0.2,0.1,0
2011-11-10,71,68,59,48,44,46,56,0.4,0.1,0
2011-11-11,70,68,59,49,44,46,56,0.6,0.1,0
2011-11-12,70,68,59,49,44,46,56,0.3,0,0
2011-11-13,70,68,59,49,45,46,56,0.1,0,0
2011-11-14,70,67,59,49,45,46,56,0.1,0.1,0
2011-11-15,69,67,59,50,45,46,56,0.1,0.1,0
2011-11-16,69,67,59,50,45,47,56,0.4,0.1,0
2011-11-17,69,67,59,50,46,47,56,0.3,0,0
2011-11-18,69,66,59,50,46,47,56,0.4,0,0
2011-11-19,68,66,59,50,46,47,56,0.4,0.1,0
2011-11-20,68,66,59,51,46,47,56,0.3,0,0
2011-11-21,68,66,59,51,46,47,56,0.1,0.2,0
2011-11-22,67,65,59,51,47,47,56,0,0.1,0
2011-11-23,67,65,59,51,47,47,56,0,0.2,0
2011-11-24,66,65,59,51,47,48,56,0.2,0.1,0
2011-11-25,66,64,59,51,47,48,56,0.2,0.2,0
2011-11-26,66,64,59,52,47,48,56,0.7,0.2,0
2011-11-27,65,64,59,52,48,48,56,1.1,0.3,0
2011-11-28,65,64,59,52,48,48,56,0.1,0,0
2011-11-29,65,63,59,52,48,48,56,0.5,0.1,0
2011-11-30,64,63,58,52,48,48,56,0.3,0.2,0
2011-12-01,65,63,58,52,48,48,56,0.7,0.4,0
2011-12-02,69,63,58,52,48,49,56,1,0.7,0
2011-12-03,75,63,58,52,49,49,58,0.8,0.6,0
2011-12-04,84,64,58,52,49,49,59,0.9,0.7,0
2011-12-05,89,65,58,53,49,49,60,0.6,0.6,0
2011-12-06,89,66,58,53,49,49,61,0.5,0.3,0
2011-12-07,93,68,59,53,49,49,62,0.9,1,0
2011-12-08,96,69,59,53,49,49,62,1.2,1.1,0
2011-12-09,105,72,59,53,49,49,65,1.2,1,0
2011-12-10,103,75,60,53,50,50,65,0.5,0.3,0
2011-12-11,100,77,60,53,50,50,65,0.3,0.1,0
2011-12-12,100,78,61,53,50,50,65,0.7,0.1,0
2011-12-13,102,80,61,54,50,50,66,1.2,0.8,0
2011-12-14,106,82,62,54,50,50,67,1.2,1,0
2011-12-15,103,84,63,54,50,50,67,1,0.4,0
2011-12-16,114,86,64,54,50,50,70,0.8,0.5,0
2011-12-17,119,95,65,55,51,50,72,0.6,0.4,0
2011-12-18,113,99,68,55,51,50,73,0.5,0.3,0
2011-12-19,110,99,70,55,51,51,73,0.6,0.2,0
2011-12-20,108,99,72,56,51,51,73,0.5,0.2,0
2011-12-21,112,99,73,56,51,51,74,0.5,0.2,0
2011-12-22,120,103,75,57,52,51,76,0.4,0,0
2011-12-23,118,109,79,58,52,51,78,0.6,0.2,0
2011-12-24,115,109,83,59,52,51,78,0.7,0.4,0
2011-12-25,113,108,85,60,52,51,78,0.6,0.4,0
2011-12-26,111,107,87,62,53,51,78,0.6,0.2,0
2011-12-27,109,106,88,63,53,52,78,0.7,0.1,0
2011-12-28,107,105,89,64,53,52,78,0.7,0.1,0
2011-12-29,106,104,89,65,54,52,78,0.9,0.2,0
2011-12-30,123,111,90,67,54,52,83,0.4,0.4,0
2011-12-31,118,115,95,68,55,52,84,0.4,0.2,0
2012-01-01,113,116,117,119,120,121,118,0.8,0.5,0
2012-01-02,122,121,119,118,119,120,120,0.7,0.3,0
2012-01-03,120,122,122,121,120,120,121,1.4,0.9,0
2012-01-04,121,122,121,121,121,120,121,1.1,0.9,0
2012-01-05,124,125,125,125,125,125,125,0.9,1.2,0
2012-01-06,123,124,124,125,125,126,124,0.6,0.7,0
2012-01-07,122,123,124,124,124,124,123,0.7,0.4,0
2012-01-08,124,126,126,126,126,125,126,0.5,0.3,0
2012-01-09,121,123,124,124,125,125,124,0.5,0.1,0
2012-01-10,120,122,122,123,123,124,122,0.4,0.4,0
2012-01-11,117,119,121,122,122,123,121,0.8,0.2,0
2012-01-12,117,118,119,120,121,122,119,0.8,0.5,0
2012-01-13,123,123,121,120,120,121,121,0.7,0.8,0
2012-01-14,119,121,122,122,121,121,121,0.3,0.4,0
2012-01-15,116,119,120,121,121,121,120,0,0,0
2012-01-16,114,117,119,120,121,121,119,0,0.1,0
2012-01-17,113,116,118,119,120,120,118,0.2,0.1,0
2012-01-18,112,115,117,118,119,120,117,0.4,0.2,5
2012-01-19,121,119,117,117,118,119,118,0.6,0.2,0
2012-01-20,124,125,123,120,119,119,121,0.6,0.4,0
2012-01-21,124,124,124,123,122,120,123,0.7,0.4,0
2012-01-22,124,125,125,125,124,123,124,0.9,0.9,0
2012-01-23,123,124,125,125,125,125,125,0.5,0.4,0
2012-01-24,121,122,123,124,124,124,123,0.4,0.2,0
2012-01-25,117,120,121,122,123,123,121,0.3,0.2,0
2012-01-26,115,118,120,121,122,122,119,0.6,0.3,0
2012-01-27,114,116,118,120,121,121,118,0.4,0.1,0
2012-01-28,112,115,117,119,120,120,117,0.4,0,0
2012-01-29,111,114,116,118,119,120,116,0.5,0.1,3
2012-01-30,110,113,115,117,118,119,115,0.6,0.1,9
2012-01-31,110,113,115,116,117,118,115,0.7,0,17
2012-02-01,109,112,114,115,117,118,114,0.6,0,24
2012-02-02,108,111,113,115,116,117,113,0.4,0,28
2012-02-03,108,111,113,114,116,117,113,0.2,0.1,33
2012-02-04,107,110,112,114,115,116,112,0.2,0.2,38
2012-02-05,107,110,112,113,115,116,112,0.3,0.2,43
2012-02-06,106,109,111,113,114,115,111,0.3,0,47
2012-02-07,106,109,111,112,114,115,111,0.3,0,49
2012-02-08,105,108,110,112,113,114,111,0.4,0,52
2012-02-09,106,108,110,112,113,114,110,0.3,0.2,54
2012-02-10,106,108,110,111,113,114,110,0.4,0.4,56
2012-02-11,106,108,109,111,112,113,110,0.3,0.1,57
2012-02-12,105,107,109,111,112,113,110,0.3,0.1,59
2012-02-13,105,107,109,110,112,113,109,0.3,0.2,61
2012-02-14,115,109,109,110,111,112,111,0.4,0.3,62
2012-02-15,117,111,109,110,111,112,112,0.9,0.8,62
2012-02-16,114,113,110,110,111,112,112,0.5,0.1,62
2012-02-17,112,112,111,110,111,112,111,0.6,0.4,61
2012-02-18,110,112,111,111,111,112,111,0.7,0.3,60
2012-02-19,109,111,111,111,111,112,111,0.8,0.6,59
2012-02-20,109,110,111,111,111,112,111,0.7,0.5,59
2012-02-21,108,110,111,111,111,111,110,0.9,0.1,58
2012-02-22,107,109,110,111,111,111,110,1.2,0.4,57
2012-02-23,106,108,110,111,111,111,109,0.7,0.1,56
2012-02-24,106,108,110,110,111,111,109,0.6,0.3,55
2012-02-25,106,108,109,110,111,111,109,1,0.6,54
2012-02-26,105,107,109,110,111,111,109,0.8,0.1,53
2012-02-27,104,107,108,110,110,111,108,0.6,0.1,52
2012-02-28,104,106,108,109,110,111,108,0.6,0.1,52
2012-02-29,103,106,108,109,110,111,108,0.6,0.2,51
2012-03-01,103,106,107,109,110,110,107,0.7,0.3,0
2012-03-02,102,105,107,109,110,110,107,0.7,0.2,0
2012-03-03,101,104,107,108,109,110,107,0.7,0.3,0
2012-03-04,100,104,106,108,109,110,106,0.9,0.4,0
2012-03-05,100,103,106,108,109,110,106,1,0.2,0
2012-03-06,99,103,106,107,109,110,106,1.1,0.5,0
2012-03-07,99,102,105,107,108,109,105,1.2,0.5,0
2012-03-08,107,103,105,107,108,109,106,1.1,1,0
2012-03-09,106,103,105,106,108,109,106,1.3,0.7,0
2012-03-10,104,103,104,106,108,109,106,1.1,0.3,0
2012-03-11,103,103,104,106,107,108,105,1,0.3,0
2012-03-12,102,103,104,106,107,108,105,0.9,0.1,0
2012-03-13,101,103,104,106,107,108,105,1,0.2,0
2012-03-14,100,103,104,105,107,108,104,0.9,0.2,0
2012-03-15,99,102,104,105,106,108,104,1.6,0.8,0
2012-03-16,97,101,103,105,106,107,103,2.2,1.6,0
2012-03-17,94,99,102,104,106,107,102,2.4,1.7,0
2012-03-18,94,98,102,104,105,107,102,1.2,0.7,0
2012-03-19,96,98,101,104,105,107,102,1.9,1.1,0
2012-03-20,94,97,101,103,105,106,101,1.8,1.2,0
2012-03-21,92,96,100,103,105,106,100,1.7,1.2,0
2012-03-22,90,95,99,102,104,106,99,1.3,0.8,0
2012-03-23,88,94,99,102,104,106,99,1.6,1.1,0
2012-03-24,86,93,98,101,104,105,98,1.9,1.5,0
2012-03-25,83,91,97,101,103,105,97,2.3,1.8,0
2012-03-26,81,90,96,100,103,105,96,2.2,1.6,0
2012-03-27,78,88,95,99,102,104,95,2,1.4,0
2012-03-28,76,87,94,99,102,104,93,2.6,1.8,0
2012-03-29,74,85,93,98,101,104,93,1.8,0.5,0
2012-03-30,74,85,93,98,101,103,92,1.1,0.4,0
2012-03-31,74,85,93,98,101,103,92,1.8,0.6,0
2012-04-01,74,84,92,97,101,103,92,1.9,0.5,0
2012-04-02,74,84,92,97,100,103,92,1.2,0.3,0
2012-04-03,73,83,91,97,100,102,91,1.7,1.3,0
2012-04-04,82,83,91,96,100,102,92,0.9,0.5,0
2012-04-05,84,83,91,96,100,102,92,1.1,0.3,0
2012-04-06,83,84,90,96,99,102,92,1,0.1,0
2012-04-07,83,84,90,96,99,102,92,1.8,0.8,0
2012-04-08,82,84,90,95,99,102,92,2,0.4,0
2012-04-09,82,84,90,95,99,101,92,1.2,0.3,0
2012-04-10,83,84,90,95,99,101,92,2.7,1.7,0
2012-04-11,82,83,89,94,98,101,91,1.8,1.4,0
2012-04-12,85,83,89,94,98,101,91,1.7,1.1,0
2012-04-13,102,84,89,94,98,100,94,1.6,1.1,0
2012-04-14,99,85,88,93,97,100,94,1.7,1.1,0
2012-04-15,96,86,88,93,97,100,93,1.7,1,0
2012-04-16,93,86,88,93,97,100,93,2,0.7,0
2012-04-17,91,86,88,93,97,100,92,2.6,1.3,0
2012-04-18,88,86,88,92,96,99,92,2.7,1.1,0
2012-04-19,85,85,87,92,96,99,91,2.8,1.6,0
2012-04-20,82,84,87,92,96,99,90,2.9,2,0
2012-04-21,83,83,86,91,95,98,89,1.9,1.3,0
2012-04-22,95,83,86,91,95,98,91,2.2,1.4,0
2012-04-23,96,83,86,91,95,98,91,2.5,1.6,0
2012-04-24,94,84,86,90,95,98,91,2.1,1.4,0
2012-04-25,94,84,86,90,94,98,91,2.9,1.9,0
2012-04-26,90,84,85,90,94,97,90,2.7,1.1,0
2012-04-27,87,83,85,90,94,97,89,2.9,1.8,0
2012-04-28,82,81,84,89,93,97,88,4.6,3.4,0
2012-04-29,77,79,83,88,93,96,86,2.7,1.9,0
2012-04-30,73,78,82,88,92,96,85,3.9,2.8,0
2012-05-01,70,76,82,87,92,96,84,3.5,2.5,0
2012-05-02,75,76,81,86,91,95,84,3.6,2.6,0
2012-05-03,122,123,87,86,91,95,101,2.7,2.1,0
2012-05-04,114,116,96,87,91,95,100,2.8,1.8,0
2012-05-05,117,115,100,88,91,95,101,0.8,0.4,0
2012-05-06,121,122,109,90,91,94,105,1.2,1,0
2012-05-07,117,118,113,94,91,94,105,1.4,0.9,0
2012-05-08,112,115,112,98,92,94,104,3.2,2.2,0
2012-05-09,109,112,111,100,92,94,103,2.2,1.2,0
2012-05-10,106,109,110,101,93,94,102,3.2,2.2,0
2012-05-11,106,107,108,102,94,94,102,2.7,2,0
2012-05-12,111,107,107,102,95,94,103,2.3,1.6,0
2012-05-13,107,107,106,102,95,94,102,2.3,1.3,0
2012-05-14,103,105,105,102,96,95,101,3.2,2.2,0
2012-05-15,102,104,104,102,96,95,100,2.1,1.5,0
2012-05-16,107,103,104,101,97,95,101,1.8,1.7,0
2012-05-17,107,104,103,101,97,95,101,3.3,2.1,0
2012-05-18,102,102,102,101,97,95,100,3.2,1.8,0
2012-05-19,107,101,101,100,97,95,100,3.3,2.4,0
2012-05-20,101,100,100,100,97,95,99,5,3.7,0
2012-05-21,94,97,99,99,97,95,97,4.3,3.2,0
2012-05-22,88,94,97,98,96,95,95,5,3.3,0
2012-05-23,82,91,96,97,96,95,93,4.7,3.3,0
2012-05-24,76,88,94,96,96,95,91,5.2,3.4,0
2012-05-25,70,84,92,95,95,95,88,4.9,3.5,0
2012-05-26,65,81,90,94,94,94,86,4.8,3.5,0
2012-05-27,60,78,88,93,94,94,84,4.2,3,0
2012-05-28,56,75,86,91,93,94,82,4.2,3,0
2012-05-29,53,72,85,90,93,93,81,3.4,2.1,0
2012-05-30,50,70,83,89,92,93,79,3.9,2.6,0
2012-05-31,70,74,82,89,91,93,83,2,1.4,0
2012-06-01,122,105,83,88,91,93,97,1.6,1.3,0
2012-06-02,113,107,86,88,91,93,96,3.2,1.9,0
2012-06-03,117,108,89,88,91,93,97,0.8,0.4,0
2012-06-04,122,116,95,88,91,92,101,1.9,1.3,0
2012-06-05,122,124,121,95,91,92,107,2.4,1.6,0
2012-06-06,118,119,119,103,92,92,107,1.6,1.1,0
2012-06-07,117,118,117,108,93,92,107,2.5,2,0
2012-06-08,112,115,115,109,96,93,106,4.5,2.9,0
2012-06-09,108,111,113,109,97,93,105,3.9,2.6,0
2012-06-10,103,108,111,109,99,93,104,2.9,1.9,0
2012-06-11,101,106,109,108,99,94,103,2.1,1.4,0
2012-06-12,105,105,107,107,100,94,103,3.3,2.4,0
2012-06-13,102,104,106,106,101,95,102,1.8,1,0
2012-06-14,100,103,105,106,101,95,102,1.7,1.1,0
2012-06-15,98,102,105,105,101,96,101,2.2,1.7,0
2012-06-16,103,102,104,104,101,96,102,1.3,1.1,0
2012-06-17,102,101,103,104,101,96,101,4.2,2.9,0
2012-06-18,96,99,102,103,101,97,99,4.8,3.3,0
2012-06-19,94,97,101,102,100,97,98,2.7,1.8,0
2012-06-20,118,113,109,102,100,97,107,0.9,0.7,0
2012-06-21,120,122,121,110,101,97,112,1.7,1.2,0
2012-06-22,121,122,121,115,103,97,113,4.1,2.8,0
2012-06-23,114,117,119,117,107,98,112,3.1,2.2,0
2012-06-24,112,114,116,116,110,99,111,2.4,1.6,0
2012-06-25,115,114,115,115,111,101,112,2.9,2.6,0
2012-06-26,112,114,114,114,111,103,111,2.1,1.1,0
2012-06-27,109,112,113,113,112,104,111,2,1.3,0
2012-06-28,106,110,112,112,111,105,109,4.5,3.4,0
2012-06-29,102,107,110,111,111,106,108,3.5,2.4,0
2012-06-30,99,104,108,110,110,106,106,4.5,3.3,0
2012-07-01,114,105,107,109,109,106,108,2.3,1.6,0
2012-07-02,111,106,107,108,109,106,108,1.7,1.2,0
2012-07-03,108,106,106,108,108,106,107,3.2,2.2,0
2012-07-04,103,105,106,107,107,106,105,3.9,2.7,0
2012-07-05,109,103,105,106,107,106,106,2.2,1.6,0
2012-07-06,118,110,105,106,106,106,108,3.6,2.7,0
2012-07-07,116,111,106,105,106,105,108,2.9,2,0
2012-07-08,120,117,108,106,106,105,110,3,2.6,0
2012-07-09,113,115,110,106,105,105,109,4,2.5,0
2012-07-10,108,111,110,107,105,105,108,3.8,2.6,0
2012-07-11,114,110,109,107,105,104,108,2.2,1.8,0
2012-07-12,115,112,109,107,106,104,109,2.7,2.5,0
2012-07-13,120,115,110,108,106,104,111,2.1,1.8,0
2012-07-14,126,127,125,119,109,105,119,2,1.9,0
2012-07-15,123,125,125,125,121,109,121,2.2,1.7,0
2012-07-16,119,121,123,124,124,117,121,2.3,1.7,0
2012-07-17,124,125,126,126,126,126,126,2.4,1.9,0
2012-07-18,118,121,123,124,124,125,122,3.4,2.6,0
2012-07-19,115,117,120,121,122,123,120,3.1,2.5,0
2012-07-20,115,116,118,119,120,121,118,3,2.1,0
2012-07-21,110,114,116,118,119,120,116,2.2,1.4,0
2012-07-22,107,112,115,117,118,119,114,3.1,2,0
2012-07-23,102,109,113,115,117,118,112,4.5,3.4,0
2012-07-24,96,105,110,113,115,117,109,4.8,3.6,0
2012-07-25,90,101,108,112,114,116,107,4.8,3.5,0
2012-07-26,84,98,106,110,113,115,104,4.9,3.5,0
2012-07-27,83,95,104,109,112,114,102,4.8,3.6,0
2012-07-28,111,95,102,107,111,113,106,2.9,2.5,0
2012-07-29,107,97,102,107,110,112,106,2.4,1.8,0
2012-07-30,106,98,101,106,109,111,105,2.8,2.3,0
2012-07-31,106,98,101,105,108,111,105,3.2,2.3,0
2012-08-01,99,97,100,104,108,110,103,5,3.6,0
2012-08-02,92,95,99,103,107,109,101,4.1,2.7,0
2012-08-03,87,93,98,103,106,109,99,3.5,2.5,0
2012-08-04,83,90,97,102,105,108,97,3.7,2.6,0
2012-08-05,80,89,96,101,105,107,96,2.4,1.9,0
2012-08-06,100,88,95,100,104,107,99,2.9,2.1,0
2012-08-07,98,89,94,100,104,106,98,3.6,2.3,0
2012-08-08,93,88,93,99,103,106,97,3.2,2,0
2012-08-09,89,87,93,99,103,106,96,2.1,1.3,0
2012-08-10,86,87,92,98,102,105,95,2.8,1.7,0
2012-08-11,82,85,92,97,102,105,94,2.8,1.9,0
2012-08-12,78,84,91,97,101,104,92,3.8,2.5,0
2012-08-13,73,81,89,96,100,104,91,4.9,3.2,0
2012-08-14,68,79,88,95,100,103,89,4.6,3.3,0
2012-08-15,63,76,86,94,99,102,87,5.3,3.5,0
2012-08-16,75,74,85,93,98,102,88,2.8,2.1,0
2012-08-17,76,73,84,92,98,101,87,3.7,3,0
2012-08-18,70,71,83,91,97,101,85,4.4,3.4,0
2012-08-19,64,69,81,90,96,100,83,5.3,3.3,0
2012-08-20,59,67,80,89,95,100,82,3.8,2.7,0
2012-08-21,64,65,79,88,95,99,82,2.8,2.2,0
2012-08-22,102,67,78,88,94,99,88,3.3,2.5,0
2012-08-23,95,69,77,87,94,98,87,3.5,2.4,0
2012-08-24,98,70,77,86,93,98,87,1.5,1.1,0
2012-08-25,125,120,93,87,93,98,103,2.6,2.3,0
2012-08-26,121,122,112,90,93,98,106,2,1.2,0
2012-08-27,120,122,118,96,93,97,108,2.8,2.1,0
2012-08-28,114,117,116,102,94,97,107,2.4,1.6,0
2012-08-29,110,113,114,105,95,97,106,2.7,1.8,0
2012-08-30,112,113,112,106,96,97,106,1.6,1.1,0
2012-08-31,119,119,114,107,98,97,109,2.4,1.9,0
2012-09-01,113,116,115,108,99,97,108,2.2,1.4,0
2012-09-02,109,113,113,109,100,98,107,2.3,1.8,0
2012-09-03,106,110,112,109,102,98,106,2.4,1.6,0
2012-09-04,102,108,110,109,102,99,105,2.5,1.8,0
2012-09-05,100,106,108,108,103,99,104,1.4,0.7,0
2012-09-06,98,104,107,108,104,100,103,1.9,1.2,0
2012-09-07,96,103,106,107,104,100,102,2.5,1.6,0
2012-09-08,93,101,105,106,104,100,101,2.5,1.6,0
2012-09-09,90,99,103,105,104,101,100,3.1,2.5,0
2012-09-10,85,96,102,104,103,101,98,3.4,2.6,0
2012-09-11,99,95,101,103,103,101,100,1.4,1.1,0
2012-09-12,120,104,101,103,103,101,105,1.2,0.8,0
2012-09-13,113,107,102,102,102,101,105,1.7,1.2,0
2012-09-14,108,107,102,102,102,101,104,2.1,1.2,0
2012-09-15,105,106,103,102,102,101,103,1.6,1,0
2012-09-16,102,104,103,102,102,101,102,2.3,1.6,0
2012-09-17,99,103,102,102,101,101,101,1.9,1.2,0
2012-09-18,97,101,102,101,101,101,100,1.9,1.4,0
2012-09-19,95,100,101,101,101,101,100,1.7,1.2,0
2012-09-20,94,99,101,101,101,101,99,1.4,0.9,0
2012-09-21,92,98,100,101,101,101,99,1.6,1.2,0
2012-09-22,92,97,99,100,101,101,98,1.3,0.9,0
2012-09-23,91,96,99,100,101,101,98,1.5,0.9,0
2012-09-24,92,95,98,100,100,101,98,1.9,1.4,0
2012-09-25,95,95,98,100,100,100,98,1.8,1.1,0
2012-09-26,93,94,98,99,100,100,97,1.4,0.8,0
2012-09-27,102,95,97,99,100,100,99,1.1,0.9,0
2012-09-28,106,96,97,99,100,100,100,1.7,1.3,0
2012-09-29,103,97,97,99,100,100,99,1.4,0.7,0
2012-09-30,100,97,97,98,99,100,99,1.4,1.1,0
2012-10-01,98,96,96,98,99,100,98,1.5,1.1,0
2012-10-02,95,95,96,98,99,100,97,1.7,1.1,0
2012-10-03,93,94,96,97,99,100,96,2,0.9,0
2012-10-04,108,96,96,97,99,100,99,1.1,1,0
2012-10-05,119,104,96,97,99,99,102,1.2,0.9,0
2012-10-06,122,112,98,97,98,99,104,0.9,0.8,0
2012-10-07,118,116,102,98,98,99,105,1,0.8,0
2012-10-08,113,114,105,98,98,99,105,0.9,0.8,0
2012-10-09,111,112,107,99,98,99,104,0.8,0.4,0
2012-10-10,109,110,107,100,99,99,104,0.6,0.2,0
2012-10-11,107,109,107,101,99,99,104,0.9,0.6,0
2012-10-12,112,109,107,102,99,99,105,0.8,0.2,0
2012-10-13,116,112,108,103,100,99,106,1.3,1.1,0
2012-10-14,116,112,108,103,100,99,106,1.1,0.9,0
2012-10-15,122,118,111,104,100,99,109,0.7,0.3,0
2012-10-16,117,118,114,106,101,100,109,1.1,0.7,0
2012-10-17,114,116,115,108,102,100,109,1.2,0.6,0
2012-10-18,111,114,114,109,103,100,109,1.5,0.9,0
2012-10-19,109,112,113,110,104,100,108,1.4,0.9,0
2012-10-20,106,110,111,110,105,101,107,0.9,0.8,0
2012-10-21,105,109,110,110,106,101,107,0.9,0.6,0
2012-10-22,104,108,109,109,106,102,106,0.6,0.4,0
2012-10-23,103,107,109,109,106,103,106,0.6,0.2,0
2012-10-24,103,106,108,108,107,103,106,0.5,0,0
2012-10-25,102,106,108,108,107,104,106,0.6,0.3,0
2012-10-26,102,105,107,108,107,104,105,1,0.3,0
2012-10-27,102,105,107,107,107,104,105,0.8,0.2,0
2012-10-28,101,104,106,107,106,105,105,0.3,0,0
2012-10-29,101,104,106,107,106,105,105,0.5,0.2,0
2012-10-30,101,104,106,107,106,105,105,0.5,0.3,0
2012-10-31,102,104,105,106,106,105,105,0.8,0.7,0
2012-11-01,101,103,105,106,106,105,104,1,0.4,0
2012-11-02,101,103,105,106,106,105,104,1.2,0.9,0
2012-11-03,108,103,104,105,106,105,105,0.8,0.4,0
2012-11-04,113,105,104,105,105,105,106,0.6,0.4,0
2012-11-05,114,108,105,105,105,105,107,0.9,0.5,0
2012-11-06,112,109,106,105,105,105,107,0.6,0.5,0
2012-11-07,115,110,106,105,105,105,108,0.7,0.4,0
2012-11-08,113,111,107,106,105,105,108,1,0.5,0
2012-11-09,111,111,108,106,105,105,108,0.7,0.3,0
2012-11-10,116,111,109,106,105,105,109,0.6,0.1,0
2012-11-11,119,116,110,107,106,105,110,0.5,0.4,0
2012-11-12,115,116,112,108,106,105,110,0.3,0.1,0
2012-11-13,113,114,113,109,106,105,110,0.1,0.1,0
2012-11-14,111,113,113,110,107,105,110,0,0,0
2012-11-15,110,112,112,110,108,106,110,0.3,0,0
2012-11-16,109,111,112,111,108,106,109,0.5,0.2,0
2012-11-17,108,110,111,111,109,107,109,0.3,0.2,0
2012-11-18,108,110,111,110,109,107,109,0.4,0,0
2012-11-19,109,110,110,110,109,107,109,0.4,0,0
2012-11-20,108,109,110,110,109,108,109,0.2,0,0
2012-11-21,107,109,110,110,109,108,109,0.4,0.3,0
2012-11-22,107,109,110,110,109,108,109,0.3,0.1,0
2012-11-23,107,108,109,110,109,108,109,0.5,0.1,0
2012-11-24,120,112,109,109,109,108,111,0.4,0.1,0
2012-11-25,115,114,111,110,109,108,111,1.4,0.8,0
2012-11-26,113,113,112,110,109,108,111,0.6,0,0
2012-11-27,115,114,112,110,109,108,112,0.4,0.2,0
2012-11-28,116,114,113,111,110,109,112,0.4,0,0
2012-11-29,117,115,113,111,110,109,113,0.5,0.3,0
2012-11-30,115,115,114,112,110,109,112,0.3,0.2,0
2012-12-01,113,114,114,113,111,109,112,0.5,0.1,0
2012-12-02,112,113,114,113,111,110,112,0.3,0.1,0
2012-12-03,113,113,113,113,112,110,112,0.3,0.3,0
2012-12-04,112,113,113,113,112,110,112,0.5,0.3,0
2012-12-05,112,113,113,113,112,111,112,0.2,0.1,0
2012-12-06,111,112,113,113,112,111,112,0.5,0.3,3
2012-12-07,110,112,112,113,112,111,112,0.3,0.1,8
2012-12-08,109,111,112,112,112,111,111,0,0,13
2012-12-09,111,111,112,112,112,111,112,0.4,0.1,15
2012-12-10,121,115,112,112,112,111,114,0.4,0.2,13
2012-12-11,118,117,114,112,112,111,114,0.4,0.3,12
2012-12-12,116,116,115,113,112,111,114,0.3,0.1,16
2012-12-13,115,116,115,114,113,112,114,0.3,0.4,16
2012-12-14,114,115,115,114,113,112,114,0.4,0.2,16
2012-12-15,123,121,117,115,114,112,117,0.4,0.2,15
2012-12-16,120,121,119,117,114,113,117,0.4,0.3,0
2012-12-17,118,119,119,118,116,114,117,0.3,0.1,0
2012-12-18,122,122,120,119,117,115,119,0.3,0,0
2012-12-19,122,122,122,120,118,116,120,0.1,0,0
2012-12-20,117,120,121,121,120,118,119,0.4,0.3,0
2012-12-21,117,118,119,120,120,119,119,0.3,0.2,0
2012-12-22,120,119,119,119,119,119,119,0.3,0.1,0
2012-12-23,126,127,126,125,124,123,125,0.5,0.1,0
2012-12-24,123,125,125,126,126,127,125,0.7,0.3,0
2012-12-25,120,122,123,123,124,125,123,1.4,0.7,0
2012-12-26,123,122,122,122,123,123,122,0.8,0.5,0
2012-12-27,123,124,124,123,123,123,123,0.7,0.7,0
2012-12-28,122,124,125,126,126,126,125,0.3,0.4,0
2012-12-29,118,120,122,123,124,124,122,0.8,0.3,0
2012-12-30,115,118,120,121,122,123,120,1.1,0.3,0
2012-12-31,115,117,119,120,121,122,119,1.3,0.7,0
2013-01-01,115,117,118,119,118,116,117,0.8,0.3,0
2013-01-02,115,116,117,118,118,117,117,0.6,0.4,0
2013-01-03,116,116,117,117,117,117,117,0.6,0.3,0
2013-01-04,116,116,116,117,117,117,116,0.7,0.3,0
2013-01-05,122,121,120,118,117,117,119,0.5,0.1,0
2013-01-06,121,123,124,124,121,118,122,0.6,0.2,0
2013-01-07,117,120,121,122,122,121,121,0.5,0.1,0
2013-01-08,118,118,120,121,121,121,120,0.5,0,0
2013-01-09,120,120,120,120,120,121,120,0.5,0,0
2013-01-10,120,120,120,120,120,120,120,0.5,0.4,0
2013-01-11,120,121,120,120,120,120,120,0.5,0.2,0
2013-01-12,116,119,120,120,120,120,119,0,0.1,2
2013-01-13,115,117,119,119,120,120,118,0.2,0.1,7
2013-01-14,114,116,118,119,119,120,118,0.2,0.2,8
2013-01-15,113,115,117,118,119,119,117,0.2,0.3,15
2013-01-16,114,115,116,117,118,119,116,0.2,0.1,15
2013-01-17,115,115,116,117,118,118,116,0.2,0.2,15
2013-01-18,113,115,115,116,117,118,116,0.4,0.2,14
2013-01-19,111,114,115,116,117,117,115,0.4,0.2,15
2013-01-20,110,113,114,115,116,117,114,0.4,0.1,16
2013-01-21,116,113,114,115,116,117,115,0.2,0.3,17
2013-01-22,117,116,115,115,116,116,116,0.3,0.3,16
2013-01-23,114,115,115,115,115,116,115,0.3,0.1,16
2013-01-24,112,114,115,115,115,116,115,0.3,0.1,16
2013-01-25,111,113,114,115,115,116,114,0.3,0,15
2013-01-26,110,113,114,115,115,116,114,0.4,0.1,15
2013-01-27,109,112,113,114,115,115,113,0.5,0.1,13
2013-01-28,109,111,113,114,115,115,113,0.5,0.5,13
2013-01-29,112,111,112,114,114,115,113,0.7,0.5,11
2013-01-30,115,112,112,113,114,115,114,1.2,1.1,0
2013-01-31,119,116,113,113,114,114,115,1.5,1.2,0
2013-02-01,118,117,115,114,114,114,115,0.7,0.2,0
2013-02-02,124,123,118,115,114,114,118,0.5,0.5,0
2013-02-03,120,121,121,118,115,114,118,0.8,0.2,0
2013-02-04,125,126,125,123,119,116,122,0.8,0.5,0
2013-02-05,122,123,124,124,124,120,123,0.7,0.7,0
2013-02-06,119,121,122,123,123,123,122,0.4,0.3,0
2013-02-07,116,119,120,121,122,122,120,0.5,0.2,0
2013-02-08,114,117,119,120,121,121,119,0.5,0.1,0
2013-02-09,113,116,118,119,120,121,118,0.3,0.2,2
2013-02-10,112,115,117,118,119,120,117,0.5,0.4,4
2013-02-11,111,114,116,117,118,119,116,0.8,0,9
2013-02-12,110,113,115,116,118,118,115,1,0,10
2013-02-13,109,112,114,116,117,118,114,0.5,0,11
2013-02-14,109,112,114,115,116,117,114,0.6,0,13
2013-02-15,108,111,113,115,116,117,113,0.4,0.2,13
2013-02-16,111,111,113,114,115,116,113,0.4,0.1,12
2013-02-17,111,111,112,114,115,116,113,0.4,0.2,11
2013-02-18,110,111,112,113,114,115,113,0.6,0.1,9
2013-02-19,114,112,112,113,114,115,113,0.4,0.2,8
2013-02-20,114,113,112,113,114,115,113,0.5,0.7,0
2013-02-21,112,113,113,113,114,114,113,0.5,0.5,2
2013-02-22,111,112,113,113,114,114,113,0.6,0.4,2
2013-02-23,112,112,113,113,113,114,113,0.4,0.4,5
2013-02-24,115,113,113,113,113,114,113,0.4,0.4,5
2013-02-25,115,114,113,113,113,114,114,0.4,0.3,4
2013-02-26,114,114,113,113,113,114,113,0.4,0.2,0
2013-02-27,112,113,114,113,113,114,113,0.5,0.1,0
2013-02-28,111,113,113,113,113,114,113,0.5,0.1,0
2013-03-01,109,112,113,113,113,114,112,0.6,0,0
2013-03-02,109,111,112,113,113,114,112,0.8,0.2,0
2013-03-03,108,110,112,113,113,113,111,0.6,0,0
2013-03-04,107,110,111,112,113,113,111,0.9,0.3,0
2013-03-05,105,109,111,112,113,113,110,1.5,0.8,0
2013-03-06,103,107,110,111,112,113,109,1.2,1,0
2013-03-07,102,106,109,111,112,113,109,0.8,0.3,0
2013-03-08,102,106,109,110,112,112,108,0.6,0.1,0
2013-03-09,108,106,108,110,111,112,109,0.5,0.3,0
2013-03-10,116,108,108,110,111,112,111,0.4,0.1,0
2013-03-11,117,113,109,110,111,112,112,0.6,0.5,2
2013-03-12,116,114,111,110,110,111,112,0.5,0.6,6
2013-03-13,114,114,112,110,110,111,112,0.8,0.6,6
2013-03-14,112,113,112,111,111,111,112,0.8,0.1,5
2013-03-15,111,112,112,111,111,111,111,0.8,0.1,0
2013-03-16,109,112,112,112,111,111,111,1.7,0.1,0
2013-03-17,108,111,112,112,111,111,111,1.5,0.1,0
2013-03-18,108,110,111,111,111,111,110,0.9,0.2,0
2013-03-19,107,109,111,111,111,111,110,0.7,0,0
2013-03-20,112,110,110,111,111,111,111,0.6,0,0
2013-03-21,118,114,111,111,111,111,113,0.6,0.5,0
2013-03-22,115,115,112,111,111,111,112,0.9,0.4,0
2013-03-23,112,114,113,112,111,111,112,1.3,0,6
2013-03-24,111,113,113,112,112,111,112,1.8,0,14
2013-03-25,110,112,113,112,112,111,112,1.7,0,16
2013-03-26,109,111,112,112,112,112,111,1.7,0,17
2013-03-27,108,110,112,112,112,112,111,1.8,0,16
2013-03-28,107,110,111,112,112,112,111,0.9,0,15
2013-03-29,115,111,111,112,112,112,112,0.8,0.5,11
2013-03-30,112,112,111,111,112,112,112,0.9,0.1,11
2013-03-31,111,112,111,111,112,112,111,0.7,0,0
2013-04-01,109,111,111,111,112,112,111,1.4,0.2,0
2013-04-02,108,110,111,111,111,112,111,1.4,0.1,0
2013-04-03,107,110,111,111,111,112,110,1.3,0,0
2013-04-04,107,109,110,111,111,112,110,1.4,0.1,0
2013-04-05,106,109,110,111,111,111,110,0.7,0,0
2013-04-06,106,108,110,111,111,111,109,0.8,0.2,0
2013-04-07,105,108,109,110,111,111,109,1.5,0.6,0
2013-04-08,103,107,109,110,111,111,108,1.8,0.6,0
2013-04-09,103,106,108,109,110,111,108,1.5,1,0
2013-04-10,104,105,108,109,110,111,108,1,0.8,0
2013-04-11,112,106,107,109,110,111,109,1.6,1.1,0
2013-04-12,120,113,108,108,110,110,111,1.8,1.3,0
2013-04-13,120,117,111,109,109,110,113,1.7,1.1,0
2013-04-14,117,118,113,110,109,110,113,2.5,1.5,0
2013-04-15,111,114,113,111,109,110,111,3.6,2.5,0
2013-04-16,113,112,112,111,110,110,111,2.5,2,0
2013-04-17,109,111,111,111,110,110,110,2.5,1.5,0
2013-04-18,105,109,110,110,110,110,109,3.7,2.2,0
2013-04-19,101,106,109,110,110,110,107,2.8,1.6,0
2013-04-20,99,105,108,109,109,109,106,2.5,1.1,0
2013-04-21,96,103,107,108,109,109,105,2.1,1.3,0
2013-04-22,95,102,106,108,109,109,105,1.7,0.9,0
2013-04-23,93,100,105,107,108,109,104,2.2,1.3,0
2013-04-24,90,98,104,106,108,109,102,3.1,2.1,0
2013-04-25,86,96,102,105,107,108,101,3,2.2,0
2013-04-26,90,94,101,105,107,108,101,2.4,1.6,0
2013-04-27,125,104,101,104,106,107,108,0.9,0.7,0
2013-04-28,119,116,104,104,106,107,109,2,1.3,0
2013-04-29,113,114,107,104,106,107,108,2.7,1.6,0
2013-04-30,109,111,108,105,105,107,107,2.1,1.4,0
2013-05-01,106,109,108,105,105,106,106,1.9,1,0
2013-05-02,104,107,107,106,105,106,106,1.2,0.6,0
2013-05-03,101,106,106,106,105,106,105,2.3,1.6,0
2013-05-04,98,103,105,105,105,106,104,3.1,2.2,0
2013-05-05,94,101,104,105,105,106,102,3.2,2.2,0
2013-05-06,90,98,103,104,105,105,101,3.4,2.4,0
2013-05-07,88,97,102,104,104,105,100,1.1,0.6,0
2013-05-08,86,95,101,103,104,105,99,3.5,2.3,0
2013-05-09,83,93,99,102,104,105,98,2.7,1.6,0
2013-05-10,80,92,98,102,103,105,97,2.7,1.7,0
2013-05-11,81,90,97,101,103,104,96,1.8,1.2,0
2013-05-12,90,90,97,101,103,104,97,1.8,1.9,0
2013-05-13,91,91,97,100,103,104,98,1.4,1.1,0
2013-05-14,93,91,96,100,102,104,98,2,1.3,0
2013-05-15,90,90,95,99,102,104,97,3.6,2.4,0
2013-05-16,86,89,94,99,101,103,95,2.7,1.8,0
2013-05-17,87,88,94,98,101,103,95,2.1,1.3,0
2013-05-18,125,111,95,98,101,103,105,1.2,0.9,0
2013-05-19,117,117,102,98,101,102,106,2.8,1.9,0
2013-05-20,123,124,116,101,100,102,111,1.7,1.2,0
2013-05-21,117,120,119,108,101,102,111,2,1.1,0
2013-05-22,124,125,126,124,113,103,119,1.1,0.7,0
2013-05-23,122,124,124,124,123,112,121,1.3,0.7,0
2013-05-24,122,124,125,125,125,120,123,1.8,1.2,0
2013-05-25,118,120,121,123,123,123,121,2.3,1.5,0
2013-05-26,127,128,128,127,127,127,127,0.8,0.7,0
2013-05-27,126,127,127,128,128,128,127,0.9,0.5,0
2013-05-28,119,122,123,124,125,126,123,3.6,2.7,0
2013-05-29,123,122,121,122,123,123,122,1.8,1.4,0
2013-05-30,121,123,123,123,123,123,122,1.9,1.4,0
2013-05-31,126,126,127,126,126,125,126,1.2,1,0
2013-06-01,122,124,125,126,126,126,125,0.9,0.6,0
2013-06-02,117,120,122,123,124,124,122,2.9,1.7,0
2013-06-03,112,116,119,121,122,123,119,3.8,2.1,0
2013-06-04,108,113,117,119,120,121,116,3.1,1.8,0
2013-06-05,104,110,114,117,118,120,114,4.1,2.8,0
2013-06-06,99,107,112,115,117,118,111,4.2,3,0
2013-06-07,94,104,110,113,116,117,109,3.9,2.8,0
2013-06-08,89,101,108,112,114,116,107,4.4,3,0
2013-06-09,86,99,106,111,113,115,105,2.7,1.7,0
2013-06-10,84,97,105,109,112,114,104,3.8,2.8,0
2013-06-11,81,95,104,108,111,113,102,3.3,2.2,0
2013-06-12,78,93,102,107,110,113,100,3.4,2.3,0
2013-06-13,76,90,100,106,109,112,99,4.1,2.8,0
2013-06-14,92,89,99,105,109,111,101,2.9,2.2,0
2013-06-15,88,88,98,104,108,110,99,3.2,2.2,0
2013-06-16,84,87,97,103,107,110,98,3.4,2.2,0
2013-06-17,79,85,96,102,106,109,96,4.1,3,0
2013-06-18,74,83,94,101,105,108,94,5.3,3.6,0
2013-06-19,68,80,92,100,104,107,92,5.4,3.8,0
2013-06-20,66,77,90,98,103,107,90,3.8,2.6,0
2013-06-21,69,76,89,98,103,106,90,3.5,2.5,0
2013-06-22,65,75,88,97,102,106,89,4,2.4,0
2013-06-23,62,73,87,96,101,105,87,3,1.8,0
2013-06-24,65,73,86,95,101,105,87,2.4,1.9,0
2013-06-25,71,73,86,95,101,104,88,1.5,0.9,0
2013-06-26,70,73,85,94,100,104,88,2.3,1.5,0
2013-06-27,71,73,85,94,100,103,88,1.7,1.2,0
2013-06-28,69,72,84,93,99,103,87,1.9,1.2,0
2013-06-29,68,72,84,93,99,103,86,2,1.5,0
2013-06-30,66,72,83,92,99,102,86,2.1,1.3,0
2013-07-01,65,70,82,92,98,102,85,4.4,3,0
2013-07-02,73,69,81,91,97,101,85,3.9,3,0
2013-07-03,72,69,80,90,97,101,85,2.1,1.8,0
2013-07-04,72,69,80,90,96,101,84,2.7,1.8,0
2013-07-05,68,68,79,89,96,100,83,2.9,2,0
2013-07-06,64,67,78,88,95,100,82,3.9,2.6,0
2013-07-07,59,65,77,87,94,99,80,4.6,3.3,0
2013-07-08,54,62,75,86,94,98,78,4.4,3.2,0
2013-07-09,49,60,74,85,93,98,76,4.4,3.1,0
2013-07-10,45,58,73,84,92,97,75,3.1,1.9,0
2013-07-11,43,57,72,83,91,97,74,2.2,1.3,0
2013-07-12,41,56,71,83,91,96,73,3.2,2,0
2013-07-13,38,54,70,82,90,96,72,3.8,2.6,0
2013-07-14,36,52,69,81,90,95,70,2.4,1.6,0
2013-07-15,33,50,67,80,89,95,69,4,2.7,0
2013-07-16,30,48,66,79,88,94,67,4.2,3.4,0
2013-07-17,26,45,64,78,87,93,66,4.1,3,0
2013-07-18,23,43,62,76,86,93,64,4.4,3.2,0
2013-07-19,20,40,60,75,85,92,62,4.6,3.3,0
2013-07-20,18,38,59,74,84,91,60,3.6,2.4,0
2013-07-21,15,35,57,72,83,90,59,5.3,4.1,0
2013-07-22,12,32,54,70,81,89,56,5.2,4.1,0
2013-07-23,10,29,52,68,80,88,54,4.5,3.2,0
2013-07-24,42,28,50,67,79,87,59,2.9,2.2,0
2013-07-25,97,31,49,66,78,86,68,3.5,2.7,0
2013-07-26,87,34,49,65,78,86,66,3.4,2.4,0
2013-07-27,80,37,48,65,77,86,65,4.9,3.8,0
2013-07-28,74,38,48,64,76,85,64,3.4,2.7,0
2013-07-29,90,47,48,64,76,85,68,2.1,1.6,0
2013-07-30,118,82,49,64,76,84,79,3.4,2.5,0
2013-07-31,108,85,52,63,76,84,78,2.3,1.4,0
2013-08-01,100,84,54,63,75,84,77,4.9,3.6,0
2013-08-02,90,80,55,63,75,83,74,5.4,4,0
2013-08-03,83,77,56,63,74,83,72,3.6,2.5,0
2013-08-04,77,74,56,62,74,83,71,3.3,2.2,0
2013-08-05,72,71,57,62,73,82,69,4.7,3.3,0
2013-08-06,69,68,57,62,73,82,68,4.1,3.2,0
2013-08-07,76,66,57,62,72,81,69,2.7,2,0
2013-08-08,73,66,57,62,72,81,68,1.8,1.3,0
2013-08-09,70,65,57,62,72,81,68,3,2.1,0
2013-08-10,65,63,57,62,72,81,66,3.8,2.4,0
2013-08-11,61,61,57,61,71,80,65,3.2,2,0
2013-08-12,76,60,56,61,71,80,67,2.1,1.6,0
2013-08-13,99,62,57,61,71,80,72,2.5,1.7,0
2013-08-14,93,64,57,61,71,80,71,2.9,1.8,0
2013-08-15,86,64,57,61,71,79,70,3.1,2.4,0
2013-08-16,79,63,56,61,70,79,68,4.3,3.2,0
2013-08-17,73,61,56,61,70,79,67,2.9,1.8,0
2013-08-18,69,60,56,61,70,78,66,2.3,1.4,0
2013-08-19,102,62,56,61,70,78,71,2.5,1.8,0
2013-08-20,112,69,56,61,70,78,74,2.4,1.8,0
2013-08-21,103,73,57,61,69,78,73,2.3,1.9,0
2013-08-22,96,73,57,61,69,78,72,3.3,2.3,0
2013-08-23,89,72,58,61,69,77,71,3.3,2.1,0
2013-08-24,83,71,58,61,69,77,70,3.9,2.4,0
2013-08-25,77,69,58,60,68,77,68,3.9,2.4,0
2013-08-26,72,67,58,60,68,76,67,3.1,1.9,0
2013-08-27,68,65,58,60,68,76,66,2.7,1.8,0
2013-08-28,65,64,57,60,68,76,65,2,1.2,0
2013-08-29,62,63,57,60,68,76,64,2.7,2.4,0
2013-08-30,59,61,57,60,67,76,63,2.8,2,0
2013-08-31,65,59,57,60,67,75,64,1.8,1.1,0
2013-09-01,90,60,57,60,67,75,68,2.3,1.6,0
2013-09-02,86,61,57,60,67,75,68,1.7,0.6,0
2013-09-03,83,62,57,60,67,75,67,1.9,1,0
2013-09-04,79,62,57,60,67,75,66,2.9,2,0
2013-09-05,73,61,56,60,67,75,65,3.9,2.5,0
2013-09-06,67,59,56,59,66,74,64,5,3,0
2013-09-07,62,57,55,59,66,74,62,2.4,1.6,0
2013-09-08,62,57,55,59,66,74,62,1.5,1.1,0
2013-09-09,85,57,55,59,66,74,66,1.7,1.3,0
2013-09-10,104,60,56,59,66,74,70,1.3,1.2,0
2013-09-11,126,105,61,59,66,74,82,0.7,0.5,0
2013-09-12,123,125,80,60,66,74,88,1.2,1,0
2013-09-13,120,120,91,62,66,74,89,1.3,0.9,0
2013-09-14,118,116,97,65,66,73,89,1.1,0.9,0
2013-09-15,119,117,100,68,67,73,91,1.7,1.2,0
2013-09-16,119,116,103,71,67,73,92,1.1,1.1,0
2013-09-17,117,117,105,74,68,73,92,1.7,1.2,0
2013-09-18,115,115,105,78,68,73,92,0.9,0.7,0
2013-09-19,115,114,105,81,69,74,93,1.5,1.1,0
2013-09-20,112,113,105,83,70,74,93,1.2,0.8,0
2013-09-21,109,111,105,85,71,74,92,1.3,0.8,0
2013-09-22,107,109,104,87,72,74,92,1.1,0.5,0
2013-09-23,105,107,103,88,73,74,92,1.4,0.7,0
2013-09-24,103,106,103,88,74,74,91,1,0.5,0
2013-09-25,102,104,102,89,75,75,91,1.2,0.8,0
2013-09-26,100,103,101,89,75,75,91,1.3,0.7,0
2013-09-27,99,102,100,89,76,75,90,1.3,0.9,0
2013-09-28,97,100,99,89,77,75,90,1.4,1,0
2013-09-29,94,99,98,89,78,76,89,2,1.2,0
2013-09-30,92,97,97,89,78,76,88,1.7,0.9,0
2013-10-01,91,96,96,89,79,76,88,1.4,0.9,0
2013-10-02,89,95,95,89,79,76,87,1.9,1.1,0
2013-10-03,87,93,94,89,79,77,87,2.5,1.1,0
2013-10-04,85,92,93,88,80,77,86,1.9,0.8,0
2013-10-05,111,105,97,88,80,77,93,0.6,0.1,0
2013-10-06,121,123,117,92,81,78,102,0.7,0.4,0
2013-10-07,117,119,117,99,82,78,102,0.8,0.6,0
2013-10-08,114,116,115,103,83,78,102,0.8,0.4,0
2013-10-09,115,115,114,105,85,79,102,1,0.6,0
2013-10-10,124,125,124,112,88,79,109,0.8,0.7,0
2013-10-11,123,124,125,123,98,80,112,0.4,0,0
2013-10-12,123,124,125,125,120,87,117,0.4,0,0
2013-10-13,119,121,123,123,122,97,117,0.9,0.6,0
2013-10-14,116,119,120,121,120,106,117,0.7,0.4,0
2013-10-15,118,118,119,119,119,110,117,0.8,0.8,0
2013-10-16,119,119,119,119,118,111,117,0.6,0.1,0
2013-10-17,116,118,118,118,118,112,117,1.2,0.7,0
2013-10-18,114,116,117,118,117,113,116,0.8,0.2,0
2013-10-19,112,115,116,117,117,113,115,1.1,0.8,0
2013-10-20,110,113,115,116,116,114,114,1.1,0.5,0
2013-10-21,108,112,114,115,115,114,113,1.1,0.6,0
2013-10-22,106,110,113,114,115,114,112,1.6,1,0
2013-10-23,105,109,112,113,114,113,111,1.6,0.8,0
2013-10-24,105,108,111,113,113,113,110,0.8,0.7,0
2013-10-25,104,108,110,112,113,112,110,0.7,0.5,0
2013-10-26,121,113,110,111,112,112,113,1,1,0
2013-10-27,122,122,115,112,112,111,116,1.7,1.4,0
2013-10-28,119,121,119,115,112,111,116,2,1.5,0
2013-10-29,116,118,119,117,114,112,116,1.4,0.9,0
2013-10-30,114,116,117,117,115,112,115,0.8,0.5,0
2013-10-31,112,115,116,116,115,113,114,0.5,0.5,0
2013-11-01,112,113,115,116,115,114,114,0.8,0.5,0
2013-11-02,124,121,116,115,115,114,117,0.7,0.4,0
2013-11-03,123,124,123,119,116,114,120,1.2,0.9,0
2013-11-04,120,121,122,122,119,116,120,1.1,0.7,0
2013-11-05,122,122,121,121,120,118,121,0.7,0.7,0
2013-11-06,122,123,122,122,121,119,121,0.8,0.6,0
2013-11-07,123,124,123,122,122,120,122,0.7,0.6,0
2013-11-08,124,126,126,127,127,127,126,0.4,0.5,0
2013-11-09,120,122,123,124,125,125,123,1.3,1,0
2013-11-10,117,119,121,122,123,123,121,0.6,0.4,0
2013-11-11,115,117,119,121,121,122,119,0.3,0.3,0
2013-11-12,113,116,118,119,120,121,118,0.5,0.3,0
2013-11-13,113,115,117,118,119,120,117,0.1,0.4,0
2013-11-14,111,114,116,117,119,119,116,0.1,0,0
2013-11-15,110,113,115,117,118,119,115,0.2,0,0
2013-11-16,110,113,115,116,117,118,115,0.2,0,0
2013-11-17,109,112,114,115,117,117,114,0.1,0.2,0
2013-11-18,108,111,113,115,116,117,113,0.5,0.1,0
2013-11-19,110,111,113,114,115,116,113,0.4,0.1,0
2013-11-20,124,122,117,115,115,116,118,0.3,0.1,0
2013-11-21,122,122,121,118,116,116,119,0.3,0,0
2013-11-22,120,122,122,120,118,117,120,0.3,0.1,0
2013-11-23,117,119,120,121,120,118,119,0.4,0.1,0
2013-11-24,116,118,119,120,120,119,118,0.5,0.2,0
2013-11-25,114,117,118,119,119,119,118,0.1,0,0
2013-11-26,113,115,117,118,119,119,117,0.1,0,4
2013-11-27,112,114,116,117,118,118,116,0.2,0,6
2013-11-28,111,114,115,117,117,118,115,0.4,0.1,4
2013-11-29,113,113,115,116,117,118,115,0.6,0.4,0
2013-11-30,118,115,115,116,116,117,116,0.4,0.3,0
2013-12-01,115,116,115,116,116,117,116,0.4,0.1,0
2013-12-02,113,115,115,116,116,116,115,0.1,0.1,0
2013-12-03,111,114,115,115,116,116,115,0,0,0
2013-12-04,110,113,114,115,116,116,114,0.3,0,0
2013-12-05,112,112,114,115,115,116,114,0.6,0.6,0
2013-12-06,120,116,114,114,115,116,116,0.9,0.8,0
2013-12-07,116,116,115,115,115,115,115,0.5,0.4,0
2013-12-08,116,116,116,115,115,115,116,0.5,0.4,0
2013-12-09,115,116,116,115,115,115,115,0.6,0.2,0
2013-12-10,114,115,116,115,115,115,115,0.2,0,0
2013-12-11,112,114,115,115,115,115,115,0.3,0,0
2013-12-12,111,113,115,115,115,115,114,0.1,0.1,0
2013-12-13,110,113,114,115,115,115,114,0.2,0.1,0
2013-12-14,109,112,113,114,115,115,113,0.4,0,0
2013-12-15,108,111,113,114,115,115,113,0.7,0.3,0
2013-12-16,108,110,112,113,114,115,112,0.7,0.5,0
2013-12-17,107,110,112,113,114,115,112,0.4,0.2,0
2013-12-18,106,109,111,113,114,114,111,0.6,0.1,0
2013-12-19,106,109,111,112,113,114,111,0.7,0.2,0
2013-12-20,105,108,110,112,113,114,110,0.3,0,0
2013-12-21,105,108,110,111,113,113,110,0.9,0.4,0
2013-12-22,104,107,109,111,112,113,109,1.3,0.5,0
2013-12-23,110,108,109,111,112,113,110,0.8,0.6,0
2013-12-24,108,108,109,110,112,112,110,2.8,0.7,0
2013-12-25,110,108,109,110,111,112,110,0.8,0.2,0
2013-12-26,117,110,109,110,111,112,111,0.3,0,0
2013-12-27,119,116,111,110,111,112,113,0.9,0.6,0
2013-12-28,116,116,113,111,111,112,113,0.8,0.2,0
2013-12-29,123,125,122,115,111,111,118,0.4,0.3,0
2013-12-30,118,121,122,120,115,112,118,0.3,0.3,0
2013-12-31,116,118,120,120,117,114,117,0.3,0.2,0
2014-01-01,119,119,118,117,117,116,118,0.5,0.4,0
2014-01-02,116,118,118,118,117,117,117,0.8,0.2,0
2014-01-03,114,116,117,118,117,117,117,0.8,0.2,0
2014-01-04,117,117,117,117,117,117,117,0.6,0.3,0
2014-01-05,116,117,117,117,117,117,117,0.4,0.2,0
2014-01-06,116,116,117,117,117,117,116,1,0.4,0
2014-01-07,122,122,119,117,117,117,119,0.6,0.7,0
2014-01-08,122,121,120,119,118,117,119,0.5,0.7,0
2014-01-09,119,120,121,120,119,118,119,1,1,0
2014-01-10,118,119,120,120,119,119,119,0.8,0.5,0
2014-01-11,116,118,119,119,119,119,118,0.4,0.3,0
2014-01-12,116,117,118,119,119,119,118,0.3,0.3,0
2014-01-13,114,116,117,118,119,119,117,0.4,0,0
2014-01-14,112,115,116,117,118,118,116,0.2,0,0
2014-01-15,111,114,116,117,118,118,115,0.4,0.3,0
2014-01-16,112,113,115,116,117,118,115,0.6,0.3,0
2014-01-17,111,113,114,116,116,117,115,0.6,0.3,0
2014-01-18,110,112,114,115,116,117,114,0.2,0.1,0
2014-01-19,109,112,113,115,116,116,113,0.4,0.1,0
2014-01-20,108,111,113,114,115,116,113,0.4,0,0
2014-01-21,108,111,112,114,115,116,112,0.3,0,0
2014-01-22,108,110,112,113,114,115,112,0.3,0.1,0
2014-01-23,107,110,112,113,114,115,112,0.4,0.1,2
2014-01-24,110,110,111,113,114,115,112,0.3,0.2,3
2014-01-25,110,110,111,112,113,114,112,0.3,0.3,7
2014-01-26,115,111,111,112,113,114,113,0.3,0.3,12
2014-01-27,116,113,112,112,113,114,113,0.3,0.4,11
2014-01-28,114,114,113,112,113,113,113,0.4,0.1,10
2014-01-29,112,113,113,112,113,113,113,0.4,0,9
2014-01-30,110,112,113,113,113,113,112,0.3,0,9
2014-01-31,109,112,112,113,113,113,112,0.3,0,10
2014-02-01,108,111,112,112,113,113,112,0.7,0.2,10
2014-02-02,108,110,112,112,113,113,111,0.3,0.3,8
2014-02-03,107,110,111,112,112,113,111,0.3,0.1,0
2014-02-04,107,109,111,112,112,113,111,0.5,0,0
2014-02-05,107,109,110,111,112,113,110,0.6,0.4,0
2014-02-06,106,108,110,111,112,112,110,1,0.5,0
2014-02-07,105,108,109,111,112,112,109,2,1,0
2014-02-08,104,107,109,110,111,112,109,1.2,0.3,0
2014-02-09,103,106,108,110,111,112,108,1.3,0.4,0
2014-02-10,102,106,108,110,111,112,108,0.7,0.1,0
2014-02-11,102,105,108,109,110,111,108,1,0.7,0
2014-02-12,102,105,107,109,110,111,107,1.1,0.3,0
2014-02-13,107,105,107,109,110,111,108,0.8,0.3,0
2014-02-14,117,109,107,108,110,111,110,1.1,0.8,0
2014-02-15,112,110,108,108,109,110,110,1.9,0.6,0
2014-02-16,116,111,109,108,109,110,111,1.2,1.1,0
2014-02-17,113,112,110,109,109,110,110,0.6,0.2,0
2014-02-18,111,111,110,109,109,110,110,0.5,0.2,0
2014-02-19,110,111,110,109,109,110,110,0.6,0.3,0
2014-02-20,113,111,110,110,109,110,110,1.1,0.8,0
2014-02-21,112,111,110,110,109,110,110,0.8,0.9,0
2014-02-22,112,111,110,110,110,110,110,0.8,0.5,0
2014-02-23,110,111,111,110,110,110,110,0.9,0.4,0
2014-02-24,108,110,110,110,110,110,109,1.5,0.9,0
2014-02-25,105,108,110,110,110,110,109,1.4,0.8,0
2014-02-26,104,107,109,109,110,110,108,1,0.4,0
2014-02-27,110,107,108,109,110,110,109,0.8,0.6,0
2014-02-28,110,108,108,109,109,110,109,0.8,0.6,0
2014-03-01,108,108,108,109,109,110,109,0.7,0.4,0
2014-03-02,107,108,108,109,109,110,108,0.7,0.3,0
2014-03-03,105,107,108,109,109,109,108,0.8,0.3,0
2014-03-04,104,107,108,108,109,109,107,0.8,0.5,0
2014-03-05,103,106,107,108,109,109,107,0.7,0.4,0
2014-03-06,102,105,107,108,109,109,107,0.7,0.4,0
2014-03-07,101,105,106,108,108,109,106,1,0.9,0
2014-03-08,100,103,106,107,108,109,105,1.3,0.9,0
2014-03-09,97,102,105,107,108,109,105,1.7,1.4,0
2014-03-10,95,101,104,106,107,108,104,1.4,1.2,0
2014-03-11,93,100,103,106,107,108,103,1.1,0.7,0
2014-03-12,92,99,103,105,107,108,102,1.3,1,0
2014-03-13,90,97,102,105,106,108,101,1.5,1.3,0
2014-03-14,88,96,101,104,106,107,100,1.5,1.2,0
2014-03-15,93,95,101,104,106,107,101,1.7,1,0
2014-03-16,95,96,100,103,105,107,101,1,0.5,0
2014-03-17,94,96,100,103,105,107,101,1.3,0.4,0
2014-03-18,93,96,100,103,105,106,100,1.4,0.5,0
2014-03-19,94,95,99,102,105,106,100,1.9,1.2,0
2014-03-20,92,95,99,102,104,106,99,2.9,1.8,0
2014-03-21,89,93,98,101,104,105,98,2.6,1.5,0
2014-03-22,88,92,97,101,103,105,98,1.2,0.9,0
2014-03-23,89,92,97,101,103,105,98,1.2,0.9,0
2014-03-24,89,92,97,100,103,105,98,1,0.7,0
2014-03-25,89,92,97,100,103,105,98,1,0.4,0
2014-03-26,90,92,96,100,102,104,97,1.5,1,0
2014-03-27,88,91,96,100,102,104,97,2.9,1.2,0
2014-03-28,86,91,95,99,102,104,96,1.4,0.7,0
2014-03-29,84,90,95,99,102,104,95,2.2,1.5,0
2014-03-30,82,88,94,98,101,103,94,1.9,1.4,0
2014-03-31,80,87,93,98,101,103,94,1.7,1.2,0
2014-04-01,78,86,93,97,100,103,93,2.2,1.5,0
2014-04-02,75,84,92,97,100,102,92,2.6,1.8,0
2014-04-03,72,83,91,96,100,102,91,2.3,1.8,0
2014-04-04,71,82,90,96,99,102,90,1.6,1,0
2014-04-05,70,81,89,95,99,101,89,1.6,1.1,0
2014-04-06,68,80,89,95,98,101,88,2.3,1.7,0
2014-04-07,66,78,88,94,98,101,87,2.6,1.6,0
2014-04-08,64,77,87,93,98,100,87,2.3,1,0
2014-04-09,64,76,87,93,97,100,86,1.5,0.8,0
2014-04-10,64,76,86,93,97,100,86,0.9,0.6,0
2014-04-11,68,76,86,92,97,100,86,1.4,1,0
2014-04-12,80,76,85,92,97,100,88,1.8,1.4,0
2014-04-13,77,76,85,92,96,99,87,2.2,1,0
2014-04-14,80,76,84,91,96,99,88,2,1.7,0
2014-04-15,80,76,84,91,96,99,88,1.3,0.6,0
2014-04-16,80,76,84,91,95,99,87,2.3,1.7,0
2014-04-17,77,76,83,90,95,98,86,3,1.9,0
2014-04-18,80,75,83,90,95,98,87,1.6,1.5,0
2014-04-19,80,76,82,89,94,98,87,2.2,1.6,0
2014-04-20,77,75,82,89,94,98,86,3,1.8,0
2014-04-21,74,74,81,88,94,97,85,2.2,1.6,0
2014-04-22,74,74,81,88,93,97,84,1.8,1.1,0
2014-04-23,77,73,80,88,93,97,85,2.7,2.1,0
2014-04-24,73,72,80,87,92,96,83,3.2,2.2,0
2014-04-25,69,71,79,86,92,96,82,3.3,2.3,0
2014-04-26,68,70,78,86,91,96,81,2.1,1.4,0
2014-04-27,74,70,78,85,91,95,82,1.4,1,0
2014-04-28,76,70,78,85,91,95,82,1.4,0.9,0
2014-04-29,74,70,77,85,91,95,82,2.6,1.8,0
2014-04-30,71,69,77,84,90,95,81,2.6,1.8,0
2014-05-01,73,69,76,84,90,94,81,1.9,1.5,0
2014-05-02,78,69,76,84,90,94,82,1,0.6,0
2014-05-03,76,70,76,83,89,94,81,2.8,1.6,0
2014-05-04,73,69,75,83,89,94,80,2.5,1.6,0
2014-05-05,69,68,75,82,89,93,79,2.9,1.9,0
2014-05-06,66,67,74,82,88,93,78,2.7,1.8,0
2014-05-07,75,67,74,82,88,93,80,2.6,1.9,0
2014-05-08,78,67,73,81,88,92,80,2,1.5,0
2014-05-09,92,67,73,81,87,92,82,2.9,2.3,0
2014-05-10,102,69,73,81,87,92,84,1.7,1.6,0
2014-05-11,115,76,73,80,87,92,87,2.6,2.4,0
2014-05-12,109,82,74,80,87,92,87,2.2,1.4,0
2014-05-13,106,85,74,80,87,91,87,1.8,1.7,0
2014-05-14,114,88,75,80,86,91,89,1.8,1.9,0
2014-05-15,118,97,77,80,86,91,92,2,1.4,0
2014-05-16,110,99,78,80,86,91,91,3.4,1.9,0
2014-05-17,104,98,79,80,86,91,90,2.7,1.7,0
2014-05-18,101,96,80,80,86,90,89,2.2,1.4,0
2014-05-19,101,95,81,80,85,90,89,3.5,2.6,0
2014-05-20,94,92,81,80,85,90,87,4.5,3.4,0
2014-05-21,87,89,80,80,85,89,85,4.5,3.4,0
2014-05-22,81,85,80,80,84,89,83,4.9,3.7,0
2014-05-23,114,86,79,79,84,89,88,2.6,2.1,0
2014-05-24,112,90,79,79,84,89,89,2.8,1.8,0
2014-05-25,110,93,80,79,84,88,89,4.2,3.2,0
2014-05-26,101,92,80,79,83,88,87,4.6,3.1,0
2014-05-27,117,97,80,79,83,88,91,1.2,0.8,0
2014-05-28,127,125,111,87,83,88,104,0.9,0.6,0
2014-05-29,124,125,126,115,87,88,111,1.2,0.8,0
2014-05-30,117,120,121,119,96,88,110,3.9,2.6,0
2014-05-31,110,115,118,117,102,89,109,4.1,2.9,0
2014-06-01,105,112,115,115,105,91,107,3.4,2.2,0
2014-06-02,101,109,112,113,106,93,106,3.5,2.2,0
2014-06-03,97,106,110,111,106,94,104,4.2,3,0
2014-06-04,92,103,108,109,106,95,102,3.4,2.4,0
2014-06-05,93,101,106,108,106,96,102,3.3,2.3,0
2014-06-06,89,98,104,107,105,97,100,4.6,3.4,0
2014-06-07,83,95,102,105,104,97,98,5,4,0
2014-06-08,77,91,100,103,103,97,95,5,3.7,0
2014-06-09,71,88,98,102,102,97,93,5.2,3.5,0
2014-06-10,76,85,96,101,101,97,93,3.7,2.9,0
2014-06-11,118,110,111,111,102,97,108,2.3,1.9,0
2014-06-12,118,121,123,123,113,99,116,4.2,3.1,0
2014-06-13,112,116,119,120,116,103,114,3.3,2,0
2014-06-14,108,113,116,117,116,107,113,2.6,1.7,0
2014-06-15,105,111,114,116,115,109,112,2.9,1.9,0
2014-06-16,102,109,112,114,114,110,110,2.2,1.3,0
2014-06-17,100,107,111,113,113,110,109,3.4,2.3,0
2014-06-18,96,104,109,111,112,110,107,3.9,2.6,0
2014-06-19,93,102,108,110,111,110,106,1.5,0.8,0
2014-06-20,92,101,107,109,110,110,105,2.3,1.4,0
2014-06-21,90,100,105,108,110,109,104,2.3,1.3,0
2014-06-22,88,98,104,108,109,109,103,2.7,1.8,0
2014-06-23,86,96,103,107,108,108,101,2.9,1.8,0
2014-06-24,83,95,102,106,107,108,100,2.6,1.8,0
2014-06-25,101,94,101,105,107,107,102,2.4,2.2,0
2014-06-26,101,95,100,104,106,107,102,2.5,1.5,0
2014-06-27,97,94,99,103,106,106,101,3.6,2.8,0
2014-06-28,97,93,98,103,105,106,100,2.8,2.2,0
2014-06-29,124,108,99,102,104,105,107,1.5,1,0
2014-06-30,118,114,103,102,104,105,108,2.2,1.6,0
2014-07-01,112,113,105,102,104,105,107,3.2,2,0
2014-07-02,106,109,105,102,103,104,105,4,2.8,0
2014-07-03,100,105,105,102,103,104,103,5.1,3.8,0
2014-07-04,93,101,103,102,102,103,101,5,4,0
2014-07-05,87,97,101,101,102,103,99,4,2.9,0
2014-07-06,83,95,100,101,102,102,97,5,3.1,0
2014-07-07,80,92,98,100,101,102,95,3.2,2.3,0
2014-07-08,117,102,98,100,101,102,103,1.4,1.2,0
2014-07-09,125,126,123,117,106,102,116,1.1,0.7,0
2014-07-10,118,121,122,123,119,106,118,3.3,2.3,0
2014-07-11,113,117,119,120,119,112,117,5,3.8,0
2014-07-12,107,113,116,118,118,114,114,3.9,2.5,0
2014-07-13,111,114,117,117,117,115,115,2,1.5,0
2014-07-14,121,124,125,125,122,117,122,2.7,2.1,0
2014-07-15,114,119,121,122,123,121,120,4.2,3,0
2014-07-16,109,114,118,119,120,121,117,3.5,2.4,0
2014-07-17,103,110,115,117,119,119,114,5,3.8,0
2014-07-18,96,106,112,115,117,118,111,5.4,4,0
2014-07-19,89,102,109,113,115,116,108,5.8,4.4,0
2014-07-20,84,99,107,111,114,115,105,3,2.3,0
2014-07-21,114,100,106,110,113,114,109,2.1,1.8,0
2014-07-22,114,105,105,109,112,113,110,5,3.3,0
2014-07-23,106,104,105,108,111,112,108,4.6,3.3,0
2014-07-24,100,102,104,107,110,112,106,3.5,2.2,0
2014-07-25,101,101,103,107,109,111,105,1.7,1.3,0
2014-07-26,104,100,103,106,109,110,105,3.4,2.5,0
2014-07-27,104,99,102,105,108,110,105,4.4,3.5,0
2014-07-28,97,97,101,104,107,109,102,4.5,3.2,0
2014-07-29,97,96,100,104,106,108,102,2.4,1.9,0
2014-07-30,125,121,105,103,106,108,111,1.3,1.1,0
2014-07-31,116,119,113,105,106,108,111,4.2,2.9,0
2014-08-01,109,113,113,107,106,107,109,4,3,0
2014-08-02,103,109,111,107,106,107,107,3.6,2.7,0
2014-08-03,100,107,109,108,106,107,106,2,1.4,0
2014-08-04,99,105,108,107,106,107,105,2.8,1.9,0
2014-08-05,116,116,109,107,106,107,110,2.1,1.5,0
2014-08-06,115,117,113,108,107,107,111,3.5,2.5,0
2014-08-07,111,114,113,109,107,107,110,2.5,1.7,0
2014-08-08,107,111,112,110,107,107,109,3.8,2.7,0
2014-08-09,103,108,110,109,107,107,107,3.6,2.6,0
2014-08-10,103,106,109,109,108,107,107,2.7,2.4,0
2014-08-11,104,105,107,108,108,107,107,3.6,2.5,0
2014-08-12,103,104,106,107,107,107,106,3.4,2.4,0
2014-08-13,108,103,105,107,107,107,106,2.7,2.2,0
2014-08-14,122,117,106,106,107,107,111,2.7,1.8,0
2014-08-15,120,121,114,107,107,107,112,2.1,1.6,0
2014-08-16,117,118,116,109,107,106,112,2.8,2.4,0
2014-08-17,112,115,115,111,108,107,111,3.4,1.8,0
2014-08-18,112,113,114,112,108,107,111,3.7,2.6,0
2014-08-19,111,111,112,111,109,107,110,2.5,1.5,0
2014-08-20,113,111,111,111,109,107,110,2.7,1.9,0
2014-08-21,108,110,111,110,109,108,109,2.3,1.5,0
2014-08-22,104,108,110,110,109,108,108,2.9,1.9,0
2014-08-23,102,106,109,109,109,108,107,1.8,1.6,0
2014-08-24,102,105,108,109,109,108,107,2.2,1.6,0
2014-08-25,103,105,107,108,109,108,107,1.7,1.3,0
2014-08-26,125,126,122,115,109,108,117,1.1,0.9,0
2014-08-27,118,121,122,122,115,109,118,2.7,2,0
2014-08-28,112,117,119,120,118,112,116,2.9,2.3,0
2014-08-29,111,114,116,118,118,114,115,2,1.4,0
2014-08-30,112,113,115,116,117,115,115,1.8,1.3,0
2014-08-31,125,121,120,120,120,118,120,1.7,1.5,0
2014-09-01,121,123,124,125,126,126,124,1.4,1.1,0
2014-09-02,122,122,122,123,123,124,123,1.2,0.9,0
2014-09-03,117,120,121,122,122,123,121,2,1.3,0
2014-09-04,113,117,119,120,121,122,119,2.5,1.5,0
2014-09-05,109,114,117,118,120,121,116,2.4,1.7,0
2014-09-06,106,112,115,117,118,119,115,1.9,1.4,0
2014-09-07,105,110,113,116,117,119,113,1.3,0.7,0
2014-09-08,103,109,112,115,116,118,112,1.8,1.2,0
2014-09-09,101,107,111,114,115,117,111,1.6,1.1,0
2014-09-10,101,106,110,113,115,116,110,1.3,0.8,0
2014-09-11,120,110,110,112,114,115,113,1.4,1.2,0
2014-09-12,116,113,111,112,113,115,113,1.2,0.6,0
2014-09-13,112,113,112,112,113,114,113,0.7,0.2,0
2014-09-14,109,112,112,112,113,114,112,2.1,1.5,0
2014-09-15,107,110,111,112,112,113,111,1.5,0.8,0
2014-09-16,104,108,110,111,112,113,110,2.1,1.3,0
2014-09-17,101,106,109,111,112,113,109,2.2,1.6,0
2014-09-18,99,104,108,110,111,112,107,1.9,1.5,0
2014-09-19,120,112,108,109,111,112,112,1.6,1.3,0
2014-09-20,121,119,111,110,111,112,114,1.4,1,0
2014-09-21,120,120,115,111,111,111,115,1,0.6,0
2014-09-22,122,124,122,115,111,111,117,1.5,1.3,0
2014-09-23,119,121,122,121,115,112,118,1.5,0.9,0
2014-09-24,115,118,120,120,118,114,117,1.3,1,0
2014-09-25,112,116,118,119,118,116,116,1.5,0.8,0
2014-09-26,111,114,116,117,118,117,115,0.9,0.5,0
2014-09-27,111,113,115,116,117,117,115,1.3,1,0
2014-09-28,108,112,114,115,116,116,114,1.4,1.1,0
2014-09-29,106,110,113,114,115,116,112,1.5,1.3,0
2014-09-30,112,111,112,114,115,115,113,1.1,0.8,0
2014-10-01,119,117,113,113,114,115,115,1.2,1,0
2014-10-02,114,115,114,114,114,115,114,1.3,0.9,0
2014-10-03,110,113,114,114,114,114,113,1.3,1,0
2014-10-04,108,111,113,113,114,114,112,1.5,1.1,0
2014-10-05,106,110,112,113,113,114,111,1.2,0.8,0
2014-10-06,104,108,111,112,113,114,110,1.4,1.1,0
2014-10-07,112,108,110,112,113,113,111,1.2,1,0
2014-10-08,121,117,111,111,112,113,114,1,0.8,0
2014-10-09,123,121,115,112,112,113,116,1.1,0.8,0
2014-10-10,120,121,119,115,113,113,117,1.1,1.1,0
2014-10-11,119,119,119,117,114,113,117,0.7,0.5,0
2014-10-12,117,118,119,118,116,114,117,1.1,1.1,0
2014-10-13,119,118,118,118,116,115,117,0.9,0.7,0
2014-10-14,115,117,118,118,117,116,117,0.9,0.5,0
2014-10-15,113,115,117,117,117,116,116,1,0.7,0
2014-10-16,119,116,116,117,117,116,117,0.8,0.6,0
2014-10-17,118,118,117,117,116,116,117,0.7,0.4,0
2014-10-18,115,117,117,117,117,116,116,0.9,0.6,0
2014-10-19,114,115,116,117,117,116,116,1.3,1,0
2014-10-20,121,119,117,116,116,116,117,1.2,1,0
2014-10-21,118,118,118,117,116,116,117,1,0.5,0
2014-10-22,125,125,123,121,118,117,121,0.8,0.7,0
2014-10-23,120,122,124,124,123,120,122,0.7,0.8,0
2014-10-24,116,119,121,122,123,122,120,0.9,0.8,0
2014-10-25,113,117,119,120,121,121,119,0.8,0.5,0
2014-10-26,113,115,117,119,120,121,117,0.7,0.7,0
2014-10-27,111,114,116,118,119,120,116,0.6,0.5,0
2014-10-28,110,113,115,117,118,119,115,0.6,0.2,0
2014-10-29,109,112,114,116,117,118,115,0.5,0.5,0
2014-10-30,113,112,114,115,117,118,115,0.5,0.2,0
2014-10-31,111,112,113,115,116,117,114,0.7,0.7,0
2014-11-01,109,111,113,114,115,116,113,0.6,0.4,0
2014-11-02,107,110,112,114,115,116,112,0.8,0.5,0
2014-11-03,106,109,112,113,114,115,112,1.6,0.6,0
2014-11-04,105,108,111,113,114,115,111,1.1,0.6,0
2014-11-05,107,108,110,112,113,115,111,0.4,0.2,0
2014-11-06,107,108,110,112,113,114,111,0.5,0.5,0
2014-11-07,106,108,110,111,113,114,110,0.6,0.2,0
2014-11-08,105,107,109,111,112,113,110,0.7,0.4,0
2014-11-09,104,107,109,111,112,113,109,0.3,0.2,0
2014-11-10,103,106,109,110,112,113,109,0.4,0.2,0
2014-11-11,103,106,108,110,111,112,108,0.4,0.2,0
2014-11-12,102,105,108,110,111,112,108,0.4,0.1,0
2014-11-13,102,105,107,109,111,112,108,0.4,0.1,0
2014-11-14,101,105,107,109,110,112,107,0.8,0.2,0
2014-11-15,101,104,107,109,110,111,107,0.5,0.3,0
2014-11-16,112,106,106,108,110,111,109,0.5,0.1,0
2014-11-17,117,111,107,108,110,111,110,0.3,0.5,0
2014-11-18,113,112,108,108,109,110,110,0.6,0.2,0
2014-11-19,111,111,109,109,109,110,110,0.4,0,0
2014-11-20,110,111,110,109,109,110,110,0.5,0.1,0
2014-11-21,108,110,110,109,109,110,109,0.6,0.1,0
2014-11-22,108,109,110,109,109,110,109,0.2,0.1,0
2014-11-23,106,109,109,109,109,110,109,0.4,0.4,0
2014-11-24,109,108,109,109,110,110,109,0.2,0.3,0
2014-11-25,109,109,109,109,110,110,109,0.1,0,0
2014-11-26,108,109,109,109,109,110,109,0.4,0.3,0
2014-11-27,107,108,109,109,109,110,109,0.4,0.1,0
2014-11-28,106,108,109,109,109,110,108,0.6,0.1,0
2014-11-29,105,107,108,109,109,110,108,0.5,0,0
2014-11-30,105,107,108,109,109,110,108,0.4,0,0
2014-12-01,104,107,108,109,109,110,108,0.6,0,0
2014-12-02,104,106,108,109,109,110,108,0.5,0,2
2014-12-03,104,106,108,108,109,109,107,0.3,0.1,3
2014-12-04,104,106,107,108,109,109,107,0.3,0,4
2014-12-05,104,106,107,108,109,109,107,0.3,0,2
2014-12-06,103,105,107,108,109,109,107,0.3,0,0
2014-12-07,104,105,107,108,109,109,107,0.3,0.5,0
2014-12-08,106,105,106,108,108,109,107,0.3,0.3,0
2014-12-09,106,106,106,107,108,109,107,0.4,0.1,0
2014-12-10,106,106,106,107,108,109,107,0.8,0.4,0
2014-12-11,111,106,106,107,108,109,108,0.7,0.6,0
2014-12-12,117,110,107,107,108,109,109,1.1,0.9,0
2014-12-13,120,115,109,107,108,108,111,0.4,0.3,0
2014-12-14,115,115,111,108,108,108,111,0.3,0.1,0
2014-12-15,113,114,112,109,108,108,111,0.6,0.2,0
2014-12-16,111,113,112,110,108,108,110,0.3,0.2,0
2014-12-17,114,113,112,110,109,109,111,0.4,0.1,0
2014-12-18,115,114,112,111,109,109,112,0.5,0.5,0
2014-12-19,120,117,113,111,110,109,113,1,0.9,0
2014-12-20,122,121,117,112,110,109,115,1,0.6,0
2014-12-21,120,122,120,115,112,110,116,0.7,0.5,0
2014-12-22,117,119,119,118,114,111,116,0.8,0.4,0
2014-12-23,121,120,119,118,115,112,118,1.1,0.8,0
2014-12-24,118,119,119,119,117,113,117,0.9,0.4,0
2014-12-25,118,119,119,118,117,115,118,0.7,0.6,0
2014-12-26,116,118,118,118,118,116,117,0,0.2,0
2014-12-27,114,117,118,118,118,116,117,0.8,0.4,2
2014-12-28,113,115,117,117,117,117,116,0.2,0,8
2014-12-29,114,115,116,117,117,117,116,0.4,0.2,9
2014-12-30,119,116,116,116,117,117,117,0.3,0,7
2014-12-31,120,118,117,116,116,116,117,0.3,0,5
2015-01-01,116,113,111,111,112,112,112,0.1,0.2,0
2015-01-02,113,113,112,111,112,112,112,1,0.6,0
2015-01-03,111,112,112,112,112,112,112,0.6,0.1,0
2015-01-04,110,112,112,112,112,112,112,0.5,0.3,0
2015-01-05,109,111,112,112,112,112,111,0.5,0.1,0
2015-01-06,108,110,111,112,112,112,111,0.3,0.1,0
2015-01-07,107,110,111,112,112,112,111,0.4,0,0
2015-01-08,112,111,111,111,112,112,111,0.7,0.4,0
2015-01-09,121,120,113,112,112,112,115,1.2,0.9,0
2015-01-10,124,124,120,114,112,112,117,1.5,1.4,0
2015-01-11,121,122,121,118,114,112,118,1,0.7,0
2015-01-12,121,122,121,120,117,114,119,0.9,0.8,0
2015-01-13,117,119,120,120,119,116,118,1.3,0.6,0
2015-01-14,118,118,119,119,119,117,118,0.8,0.8,0
2015-01-15,115,117,118,119,119,118,118,1.4,0.6,0
2015-01-16,114,116,117,118,118,118,117,0.5,0.3,0
2015-01-17,119,117,117,117,118,118,118,0.3,0.2,0
2015-01-18,115,117,117,117,118,118,117,0.4,0.3,0
2015-01-19,113,116,117,117,117,117,116,0.3,0,2
2015-01-20,112,115,116,117,117,117,116,0.2,0,0
2015-01-21,111,114,115,116,117,117,115,0.3,0.2,4
2015-01-22,110,113,115,116,116,117,114,0.5,0.1,4
2015-01-23,109,112,114,115,116,116,114,0.5,0.1,4
2015-01-24,110,112,113,115,116,116,114,0.3,0,5
2015-01-25,116,113,113,114,115,116,114,0.3,0,4
2015-01-26,118,115,114,114,115,115,115,0.4,0.2,0
2015-01-27,119,117,115,114,115,115,116,0.4,0.4,0
2015-01-28,116,117,116,115,115,115,116,0.7,0.6,0
2015-01-29,117,117,116,116,115,115,116,0.7,0.7,0
2015-01-30,119,117,116,116,115,115,116,0.3,0.1,0
2015-01-31,122,120,118,116,116,115,118,0.3,0.3,0
2015-02-01,118,119,119,118,116,116,118,0.2,0.2,0
2015-02-02,116,118,118,118,117,116,117,0.5,0.1,0
2015-02-03,116,117,118,118,118,117,117,0.5,0.5,0
2015-02-04,115,116,117,117,117,117,117,0.4,0.3,0
2015-02-05,113,115,116,117,117,117,116,0.6,0.2,4
2015-02-06,112,114,116,117,117,117,115,0.5,0,6
2015-02-07,111,113,115,116,117,117,115,0.3,0,11
2015-02-08,110,113,114,115,116,117,114,1.1,0.8,9
2015-02-09,110,112,114,115,116,116,114,0.4,0.2,0
2015-02-10,109,111,113,114,115,116,113,0.5,0.1,0
2015-02-11,108,111,113,114,115,116,113,0.5,0,0
2015-02-12,107,110,112,113,115,115,112,0.4,0,0
2015-02-13,107,110,112,113,114,115,112,0.6,0.1,0
2015-02-14,106,109,111,113,114,115,111,0.5,0.1,0
2015-02-15,105,108,111,112,113,114,111,0.4,0.1,0
2015-02-16,105,108,110,112,113,114,110,0.4,0,0
2015-02-17,104,108,110,111,113,114,110,0.4,0,0
2015-02-18,104,107,109,111,112,113,109,0.5,0.3,0
2015-02-19,104,107,109,111,112,113,109,0.8,0.1,0
2015-02-20,103,106,109,110,112,113,109,1.2,0.2,0
2015-02-21,103,106,108,110,111,112,108,1,0.5,0
2015-02-22,103,106,108,110,111,112,108,0.9,0.3,0
2015-02-23,116,109,108,109,111,112,111,0.6,0.3,0
2015-02-24,118,116,110,109,110,111,113,0.9,0.5,0
2015-02-25,114,115,112,110,110,111,112,0.8,0.4,0
2015-02-26,112,114,113,111,111,111,112,1.1,0.4,0
2015-02-27,118,115,113,111,111,111,113,0.6,0.2,0
2015-02-28,120,121,116,113,111,111,115,1,0.6,0
2015-03-01,119,119,118,115,112,111,116,1.3,0.8,0
2015-03-02,120,119,118,116,113,112,116,1.5,1,0
2015-03-03,121,121,119,117,115,113,118,1.2,0.8,0
2015-03-04,122,122,121,119,116,114,119,0.7,0.5,0
2015-03-05,119,120,121,120,118,115,119,1,0.7,0
2015-03-06,116,118,119,120,119,117,118,0.6,0,0
2015-03-07,113,116,118,119,119,118,117,1.4,0.6,0
2015-03-08,111,114,116,118,118,118,116,1.8,1.2,0
2015-03-09,108,112,115,117,117,117,114,1,0.4,0
2015-03-10,109,112,114,116,117,117,114,0.5,0,0
2015-03-11,110,111,113,115,116,117,114,0.9,0.7,0
2015-03-12,109,111,113,114,115,116,113,0.8,0.2,0
2015-03-13,108,110,112,114,115,116,112,1.1,0.2,0
2015-03-14,107,110,112,113,114,115,112,0.6,0.2,0
2015-03-15,108,109,111,113,114,115,112,0.8,0.5,0
2015-03-16,107,109,111,112,114,114,111,1.3,0.6,0
2015-03-17,105,108,110,112,113,114,110,1.4,0.9,0
2015-03-18,102,107,109,111,113,114,109,1.6,1.4,0
2015-03-19,100,105,108,110,112,113,108,1.5,1,0
2015-03-20,98,104,108,110,111,113,107,1.3,0.9,0
2015-03-21,101,103,107,109,111,112,107,0.5,0.2,0
2015-03-22,103,104,107,109,111,112,107,0.9,0.5,0
2015-03-23,102,103,106,108,110,112,107,1.3,0.8,0
2015-03-24,100,103,106,108,110,111,106,1.2,0.6,0
2015-03-25,98,102,105,107,109,111,105,2.1,1.4,0
2015-03-26,97,101,104,107,109,110,105,1.1,0.3,0
2015-03-27,98,101,104,107,109,110,105,1,0.7,0
2015-03-28,97,100,104,106,108,110,104,1.8,1.1,0
2015-03-29,103,100,103,106,108,109,105,1.3,1.5,0
2015-03-30,121,107,104,106,108,109,109,1.8,1.6,0
2015-03-31,125,125,121,119,115,110,119,1.6,2.4,0
2015-04-01,125,126,126,125,124,118,124,0.9,1.1,0
2015-04-02,125,126,127,127,127,127,127,1.1,1.4,0
2015-04-03,119,122,123,124,125,125,123,1.4,0.7,0
2015-04-04,116,119,121,122,123,123,120,1.5,0.5,0
2015-04-05,113,117,119,120,121,122,119,1.7,0.6,0
2015-04-06,111,115,117,119,120,121,117,1.7,0.7,0
2015-04-07,109,113,116,117,119,120,116,1.8,1.1,0
2015-04-08,106,111,114,116,118,119,114,2,1.2,0
2015-04-09,103,109,113,115,117,118,112,2.7,1.8,0
2015-04-10,100,107,111,114,116,117,111,2.7,2,0
2015-04-11,97,105,110,113,115,116,109,3.2,1.7,0
2015-04-12,94,103,108,111,114,115,108,2.8,2,0
2015-04-13,92,101,107,110,113,115,106,2.5,1.7,0
2015-04-14,90,100,106,110,112,114,105,2.7,1.8,0
2015-04-15,86,97,104,108,111,113,103,4.1,2.9,0
2015-04-16,83,95,103,107,110,112,102,2.3,1.3,0
2015-04-17,82,94,102,107,110,112,101,1.9,0.7,0
2015-04-18,80,93,101,106,109,111,100,2.4,1.3,0
2015-04-19,78,91,100,105,108,111,99,2.7,2,0
2015-04-20,75,89,99,104,108,110,97,3,2.2,0
2015-04-21,72,87,97,103,107,109,96,3.7,2.8,0
2015-04-22,69,85,96,102,106,109,95,1.5,0.6,0
2015-04-23,68,84,95,102,105,108,94,2.9,2.1,0
2015-04-24,65,82,94,101,105,107,92,3.5,2.5,0
2015-04-25,63,80,93,100,104,107,91,1.9,1.1,0
2015-04-26,68,79,92,99,104,107,91,1.9,1.9,0
2015-04-27,109,82,92,99,103,106,98,0.7,0.5,0
2015-04-28,118,92,92,98,103,106,101,2.6,1.9,0
2015-04-29,109,96,92,98,102,105,100,2.6,1.9,0
2015-04-30,111,97,92,97,102,105,101,2.2,1.4,0
2015-05-01,119,107,94,97,102,105,104,2.4,1.7,0
2015-05-02,111,107,95,97,101,104,103,2.9,2.1,0
2015-05-03,110,106,96,97,101,104,102,1.5,0.8,0
2015-05-04,119,111,98,97,101,104,105,3.5,2.5,0
2015-05-05,111,111,100,97,100,103,104,3.4,2.3,0
2015-05-06,106,108,101,98,100,103,102,3.6,2.4,0
2015-05-07,101,105,101,98,100,102,101,2.9,1.9,0
2015-05-08,98,102,100,98,100,102,100,2.8,2.1,0
2015-05-09,95,100,100,98,99,102,99,2.7,2,0
2015-05-10,92,98,99,98,99,102,98,4,2.5,0
2015-05-11,87,95,98,98,99,101,96,3.6,2.6,0
2015-05-12,91,93,96,97,99,101,96,3.8,2.7,0
2015-05-13,101,92,95,97,98,101,97,3.5,2.4,0
2015-05-14,96,92,95,96,98,101,96,3.3,2.1,0
2015-05-15,91,90,93,96,98,100,95,3.7,2.6,0
2015-05-16,87,89,93,95,98,100,93,2.1,1.4,0
2015-05-17,84,88,92,95,97,100,93,2.6,1.8,0
2015-05-18,81,86,91,94,97,100,91,3.6,2.6,0
2015-05-19,76,84,90,94,97,99,90,3.9,2.5,0
2015-05-20,73,82,89,93,96,99,89,2.7,1.7,0
2015-05-21,71,81,88,93,96,99,88,2.5,1.5,0
2015-05-22,67,79,87,92,95,98,86,3.9,3,0
2015-05-23,64,76,86,91,95,98,85,2.4,1.6,0
2015-05-24,61,75,85,91,95,98,84,2.9,1.9,0
2015-05-25,60,73,84,90,94,97,83,2.3,1.6,0
2015-05-26,60,72,83,89,94,97,82,2,1.3,0
2015-05-27,59,72,82,89,94,97,82,1.9,1.2,0
2015-05-28,59,71,82,89,93,97,82,2.6,1.8,0
2015-05-29,63,70,81,88,93,96,82,2.7,2.1,0
2015-05-30,72,69,80,88,93,96,83,2.4,2.4,0
2015-05-31,75,69,80,87,92,96,83,3.3,2.3,0
2015-06-01,77,69,79,87,92,96,83,2.4,1.6,0
2015-06-02,75,69,78,86,91,95,82,4.2,2.5,0
2015-06-03,70,68,77,85,91,95,81,3.6,2.2,0
2015-06-04,65,66,76,84,90,95,79,4.5,3.3,0
2015-06-05,58,64,74,83,90,94,77,5.8,4.2,0
2015-06-06,53,61,73,82,89,93,75,3.5,2.2,0
2015-06-07,49,59,72,81,88,93,74,4.8,3.5,0
2015-06-08,45,57,70,80,88,92,72,3.8,2.2,0
2015-06-09,42,55,69,80,87,92,71,3.3,1.9,0
2015-06-10,40,54,68,79,86,92,70,3.3,2.3,0
2015-06-11,37,52,67,78,86,91,68,3.5,2.3,0
2015-06-12,33,50,65,77,85,90,67,4.8,3.5,0
2015-06-13,30,47,64,76,84,90,65,2.8,1.8,0
2015-06-14,28,46,63,75,83,89,64,4.1,2.8,0
2015-06-15,25,44,61,74,83,89,62,3.6,2.3,0
2015-06-16,23,42,60,73,82,88,61,2.9,1.9,0
2015-06-17,21,40,58,72,81,88,60,3.9,3,0
2015-06-18,21,38,57,71,80,87,59,2.5,1.9,0
2015-06-19,21,38,57,70,80,87,59,2,1,0
2015-06-20,21,37,56,70,80,86,58,2.1,1.4,0
2015-06-21,23,36,55,69,79,86,58,1.9,1.1,0
2015-06-22,30,36,55,69,79,86,59,1.6,1.4,0
2015-06-23,53,37,55,69,79,86,63,2.3,2.4,0
2015-06-24,70,39,55,69,78,85,66,2,1.4,0
2015-06-25,65,40,54,68,78,85,65,3.7,2.7,0
2015-06-26,59,40,53,67,77,85,63,3.3,2.4,0
2015-06-27,57,40,53,67,77,84,63,2.2,1.7,0
2015-06-28,55,40,52,66,77,84,62,3.9,2.9,0
2015-06-29,48,39,51,65,76,83,61,4.6,3.5,0
2015-06-30,42,38,50,64,75,83,59,5.2,3.7,0
2015-07-01,35,35,49,63,74,82,56,6,4.5,0
2015-07-02,28,33,47,62,73,81,54,6.8,4.9,0
2015-07-03,57,31,45,60,72,80,58,4.5,3.3,0
2015-07-04,65,32,44,60,71,80,59,5.6,3.1,0
2015-07-05,68,33,44,59,71,79,59,4.3,3.2,0
2015-07-06,103,36,43,58,70,79,65,4.7,3.3,0
2015-07-07,96,39,43,58,70,78,64,4.9,3.7,0
2015-07-08,107,44,43,57,69,78,66,3,2.2,0
2015-07-09,110,49,43,57,69,78,68,3.2,2.5,0
2015-07-10,101,54,44,57,69,78,67,3.5,2.3,0
2015-07-11,91,55,44,57,68,77,65,4.2,3,0
2015-07-12,87,56,44,56,68,77,65,2.3,1.6,0
2015-07-13,95,58,45,56,68,77,66,1.4,1.2,0
2015-07-14,107,62,46,56,68,77,69,2.7,1.9,0
2015-07-15,98,65,47,56,67,76,68,3.8,2.5,0
2015-07-16,89,64,47,56,67,76,67,4.4,2.9,0
2015-07-17,81,63,47,55,67,76,65,4.5,3.3,0
2015-07-18,75,61,48,55,66,75,63,3.4,2.3,0
2015-07-19,107,68,48,55,66,75,70,2.2,1.7,0
2015-07-20,112,78,50,55,66,75,73,3.1,2.2,0
2015-07-21,104,80,51,55,66,75,72,4,2.9,0
2015-07-22,96,78,52,55,65,74,70,3.8,2.8,0
2015-07-23,90,76,53,55,65,74,69,3.1,1.9,0
2015-07-24,83,74,54,55,65,74,67,4.1,2.9,0
2015-07-25,97,73,54,55,65,74,70,3.9,3.5,0
2015-07-26,93,72,55,55,64,73,69,3.9,2.7,0
2015-07-27,96,72,55,55,64,73,69,2.3,2.3,0
2015-07-28,100,73,56,56,64,73,70,3,1.8,0
2015-07-29,96,74,56,56,64,73,70,3.5,2.2,0
2015-07-30,93,73,56,56,64,73,69,2.9,1.5,0
2015-07-31,88,73,57,56,64,72,68,3,2,0
2015-08-01,82,71,57,56,64,72,67,4,3,0
2015-08-02,74,68,56,56,63,72,65,4.4,3.4,0
2015-08-03,66,65,56,56,63,71,63,5.1,4,0
2015-08-04,59,62,55,55,63,71,61,4.5,3.3,0
2015-08-05,54,59,54,55,62,71,59,4.5,3.4,0
2015-08-06,47,55,53,55,62,70,57,5,4,0
2015-08-07,41,51,52,54,61,70,55,5.4,3.7,0
2015-08-08,55,49,51,54,61,69,56,3.6,2.6,0
2015-08-09,56,48,50,53,61,69,56,4,2.9,0
2015-08-10,54,46,49,53,60,69,55,4.6,3.4,0
2015-08-11,93,47,48,52,60,68,61,3.7,2.6,0
2015-08-12,85,49,48,52,60,68,60,3.1,2,0
2015-08-13,77,49,47,52,60,68,59,4.9,3.2,0
2015-08-14,69,48,47,52,59,68,57,4.1,2.7,0
2015-08-15,63,48,46,51,59,67,56,3.4,2.6,0
2015-08-16,77,48,46,51,59,67,58,1.1,0.8,0
2015-08-17,128,120,102,64,59,67,90,0.9,0.6,0
2015-08-18,122,124,126,94,61,67,99,1.1,0.8,0
2015-08-19,116,119,120,104,65,67,99,2.5,1.7,0
2015-08-20,112,116,116,106,70,68,98,1.5,0.9,0
2015-08-21,109,113,114,105,74,68,97,3.2,2.1,0
2015-08-22,104,109,111,104,77,69,95,3.8,2.9,0
2015-08-23,98,106,108,102,79,69,94,4.4,3,0
2015-08-24,101,103,106,101,80,70,94,3.2,2.5,0
2015-08-25,101,102,105,100,81,71,93,3,1.6,0
2015-08-26,97,100,103,99,82,71,92,4.7,2.7,0
2015-08-27,95,98,101,98,83,72,91,2,1.2,0
2015-08-28,122,118,104,98,83,73,100,1.9,1.4,0
2015-08-29,114,116,108,98,84,73,99,2.7,1.8,0
2015-08-30,109,112,109,98,84,74,98,3.7,2.6,0
2015-08-31,103,108,107,99,84,74,96,4.4,3.3,0
2015-09-01,111,109,106,98,85,75,97,1.2,0.7,0
2015-09-02,118,118,109,99,85,76,101,2.4,1.7,0
2015-09-03,119,117,111,100,86,76,101,2,1.5,0
2015-09-04,114,115,112,101,86,77,101,2.3,1.5,0
2015-09-05,113,113,112,102,87,77,101,1.6,1.4,0
2015-09-06,114,113,111,103,88,78,101,1.7,1.2,0
2015-09-07,111,112,111,104,89,78,101,1.5,1.1,0
2015-09-08,109,111,110,104,90,79,100,1.6,1,0
2015-09-09,106,109,109,104,91,80,100,2.3,1.5,0
2015-09-10,103,107,108,104,91,80,99,2,1.2,0
2015-09-11,100,105,107,104,92,81,98,1.8,1.1,0
2015-09-12,98,103,105,103,92,81,97,2.3,1.8,0
2015-09-13,105,102,104,102,93,82,98,1.6,1.3,0
2015-09-14,118,106,104,102,93,82,101,1.4,1.2,0
2015-09-15,119,115,106,102,93,83,103,1.9,1.1,0
2015-09-16,117,115,108,102,93,83,103,1.4,1.2,0
2015-09-17,116,115,110,103,94,84,103,1.5,1.4,0
2015-09-18,113,114,111,103,94,84,103,1.8,1.1,0
2015-09-19,110,112,111,104,95,85,103,1.3,0.7,0
2015-09-20,109,110,110,105,95,85,102,1.4,1.2,0
2015-09-21,108,109,109,105,96,86,102,1.5,1.2,0
2015-09-22,113,110,109,105,96,86,103,1.1,0.5,0
2015-09-23,119,117,110,105,97,87,106,1.3,0.9,0
2015-09-24,114,115,112,106,97,87,105,1.7,1.2,0
2015-09-25,110,113,112,107,98,88,105,1.2,0.7,0
2015-09-26,108,111,111,107,98,88,104,1.1,0.6,0
2015-09-27,106,109,110,107,99,89,103,1.4,1,0
2015-09-28,104,108,109,107,99,89,103,1.2,0.9,0
2015-09-29,102,106,108,107,100,90,102,1.5,1.1,0
2015-09-30,100,105,107,106,100,90,101,1.6,1.2,0
2015-10-01,97,103,106,106,100,91,100,1.4,1.2,0
2015-10-02,95,102,105,105,100,91,99,1.5,1.2,0
2015-10-03,93,100,104,104,100,91,99,1.2,0.9,0
2015-10-04,92,99,103,103,100,92,98,1.1,0.8,0
2015-10-05,91,98,102,103,99,92,97,1.2,0.8,0
2015-10-06,93,97,101,102,99,92,98,1,0.7,0
2015-10-07,107,98,101,102,99,92,100,0.9,0.7,0
2015-10-08,106,99,101,101,99,93,100,0.6,0.1,0
2015-10-09,124,114,102,101,99,93,105,0.7,0.7,0
2015-10-10,117,116,107,101,99,93,105,1.3,1.1,0
2015-10-11,113,114,109,102,98,93,105,1.2,0.5,0
2015-10-12,111,112,110,103,99,93,105,0.9,0.4,0
2015-10-13,109,111,110,104,99,93,104,0.7,0,0
2015-10-14,120,115,110,105,99,94,107,0.4,0.1,0
2015-10-15,123,124,120,109,100,94,112,0.4,0.1,0
2015-10-16,120,122,123,118,104,94,114,0.5,0.2,0
2015-10-17,120,120,121,119,109,96,114,0.5,0.3,0
2015-10-18,117,119,120,119,113,98,114,0.5,0.3,0
2015-10-19,116,117,118,118,114,102,114,0.4,0,0
2015-10-20,116,117,118,117,115,104,115,0.5,0.1,0
2015-10-21,114,116,117,117,115,107,114,0.6,0.5,0
2015-10-22,112,115,116,116,115,108,114,0.7,0.2,0
2015-10-23,110,113,115,116,115,109,113,0.6,0.6,0
2015-10-24,109,112,114,115,114,110,112,0.5,0.5,0
2015-10-25,108,111,113,114,114,110,112,0.5,0,0
2015-10-26,107,110,112,113,113,111,111,0.5,0.3,0
2015-10-27,106,109,112,113,113,111,111,0.6,0.3,0
2015-10-28,105,109,111,112,112,111,110,0.6,0.4,0
2015-10-29,105,108,110,112,112,111,109,0.4,0.1,0
2015-10-30,104,107,110,111,111,110,109,0.6,0.3,0
2015-10-31,103,107,109,111,111,110,108,0.5,0.3,0
2015-11-01,102,106,108,110,111,110,108,0.4,0.5,0
2015-11-02,101,105,108,109,110,109,107,0.3,0.4,0
2015-11-03,100,105,107,109,110,109,107,0.3,0.4,0
2015-11-04,100,104,107,109,109,109,106,0.5,0.6,0
2015-11-05,99,103,106,108,109,109,106,0.5,0.5,0
2015-11-06,98,103,106,108,108,108,105,0.9,0.3,0
2015-11-07,107,103,105,107,108,108,106,0.8,0.8,0
2015-11-08,105,103,105,107,108,108,106,0.9,0.6,0
2015-11-09,108,104,105,106,107,107,106,1.4,0.8,0
2015-11-10,108,105,105,106,107,107,106,1,0.2,0
2015-11-11,106,105,105,106,107,107,106,0.8,0.6,0
2015-11-12,105,105,105,106,107,107,106,0.8,0.3,0
2015-11-13,104,105,105,106,106,107,105,1,0.5,0
2015-11-14,118,107,105,106,106,106,108,0.8,0.7,0
2015-11-15,127,126,118,108,106,106,115,0.8,0.8,0
2015-11-16,122,124,125,120,110,106,118,1,0.7,0
2015-11-17,122,123,123,122,116,108,119,1,0.8,0
2015-11-18,119,121,122,122,120,112,119,2.1,1.5,0
2015-11-19,123,124,123,122,120,116,121,1.1,1,0
2015-11-20,125,126,127,127,126,122,125,0.6,0.3,0
2015-11-21,120,122,124,124,125,125,123,0.4,0.4,0
2015-11-22,117,120,121,122,123,123,121,0.5,0.4,0
2015-11-23,116,118,120,121,122,122,120,0.4,0.3,0
2015-11-24,115,117,119,120,121,121,119,0.5,0.4,0
2015-11-25,115,116,118,119,120,120,118,0.4,0.1,0
2015-11-26,117,116,117,118,119,120,118,0.2,0.2,0
2015-11-27,114,116,117,118,118,119,117,0,0.1,0
2015-11-28,115,115,116,117,118,118,117,0.6,0.5,0
2015-11-29,122,118,117,117,117,118,118,0.8,0.9,0
2015-11-30,125,126,127,127,127,126,126,1,0.9,0
2015-12-01,123,124,125,126,126,127,125,0.4,0.6,0
2015-12-02,120,122,123,123,124,125,123,0.9,0.5,0
2015-12-03,116,119,121,122,123,123,121,0.5,0.2,0
2015-12-04,114,117,119,120,121,122,119,0.8,0.1,0
2015-12-05,113,116,118,119,120,121,118,0.8,0.5,0
2015-12-06,112,115,117,118,119,120,117,1.2,0.2,0
2015-12-07,111,114,116,117,118,119,116,0.4,0.1,0
2015-12-08,109,113,115,116,118,119,115,0,0,0
2015-12-09,111,112,114,116,117,118,115,0.3,0.3,0
2015-12-10,110,112,114,115,116,117,114,0.2,0.1,0
2015-12-11,109,112,113,115,116,117,114,0.7,0.3,0
2015-12-12,110,111,113,114,115,116,113,0.5,0.6,0
2015-12-13,110,111,113,114,115,116,113,0.7,0.5,0
2015-12-14,110,111,112,113,115,115,113,0.4,0,0
2015-12-15,109,111,112,113,114,115,112,0.2,0.1,0
2015-12-16,109,110,112,113,114,115,112,0.5,0.3,0
2015-12-17,110,110,111,113,114,114,112,0.6,0.4,0
2015-12-18,112,111,111,112,113,114,112,0.5,0.5,0
2015-12-19,111,111,111,112,113,114,112,0.3,0.2,0
2015-12-20,109,111,111,112,113,114,112,0.8,0.3,0
2015-12-21,114,111,111,112,113,113,112,0.8,1.1,0
2015-12-22,116,114,112,112,112,113,113,1.3,0.6,0
2015-12-23,113,114,112,112,112,113,113,1,0.2,0
2015-12-24,111,113,113,112,112,113,112,0.8,0.3,0
2015-12-25,113,112,112,112,112,113,112,0.8,0.5,0
2015-12-26,112,112,112,112,112,113,112,0.9,0.7,0
2015-12-27,110,111,112,112,112,113,112,0.7,0.3,0
2015-12-28,108,111,112,112,112,113,111,0.3,0,0
2015-12-29,107,110,111,112,112,113,111,0.3,0.1,0
2015-12-30,107,109,111,112,112,112,110,0.6,0.2,0
2015-12-31,114,110,110,111,112,112,112,0.6,0.2,0
2016-01-01,107,109,109,109,109,107,108,0.4,0,0
2016-01-02,106,108,109,109,109,107,108,0.6,0.3,0
2016-01-03,110,109,109,109,109,107,109,0.5,0.6,1
2016-01-04,109,109,109,109,109,107,109,0.4,0.5,4
2016-01-05,112,109,109,109,109,108,109,0.3,0.3,2
2016-01-06,111,110,109,109,108,108,109,0.4,0.2,2
2016-01-07,109,110,109,109,108,108,109,0.5,0.3,6
2016-01-08,111,110,109,109,108,108,109,0.6,0.6,0
2016-01-09,109,110,109,109,109,108,109,0.1,0,0
2016-01-10,109,109,109,109,109,108,109,0.5,0.5,0
2016-01-11,118,112,110,109,109,108,111,0.5,0.3,0
2016-01-12,121,117,111,109,109,108,113,0.7,0.6,0
2016-01-13,120,118,114,110,109,108,113,0.6,0.7,0
2016-01-14,120,120,117,112,109,108,114,0.5,0.5,0
2016-01-15,119,119,118,114,111,108,115,0.4,0.3,0
2016-01-16,118,118,118,116,112,109,115,0.5,0.3,0
2016-01-17,119,119,118,116,113,110,116,0.3,0.3,0
2016-01-18,115,117,118,117,114,111,115,0,0.2,8
2016-01-19,114,116,117,117,115,112,115,0.1,0.1,15
2016-01-20,113,115,116,116,115,113,115,0.3,0.2,17
2016-01-21,112,114,115,116,115,114,114,0.1,0.2,17
2016-01-22,111,113,115,115,115,114,114,0.2,0.3,19
2016-01-23,115,114,114,115,115,114,114,0.3,0.2,19
2016-01-24,115,114,114,114,115,114,114,0.4,0.3,18
2016-01-25,119,117,115,114,114,114,116,0.4,0.2,17
2016-01-26,115,117,116,115,114,114,115,1.2,0.4,0
2016-01-27,113,115,116,115,115,114,115,1.8,0.5,0
2016-01-28,111,114,115,115,115,114,114,0.9,0.3,0
2016-01-29,110,113,114,115,115,114,113,1,0.2,0
2016-01-30,112,112,113,114,114,114,113,1.1,0.5,0
2016-01-31,117,114,114,114,114,114,114,0.7,0.7,0
2016-02-01,123,121,116,114,114,114,117,1,0.6,0
2016-02-02,122,122,120,117,115,114,118,1.1,1.1,0
2016-02-03,121,123,123,121,117,115,120,1,0.6,0
2016-02-04,118,120,121,121,120,117,119,0.6,0.2,0
2016-02-05,118,119,120,120,120,119,119,0.6,0.3,0
2016-02-06,116,118,119,119,120,119,118,1.2,0.8,0
2016-02-07,113,116,118,119,119,119,117,1.4,0.7,0
2016-02-08,112,115,117,118,118,119,116,1.8,0.6,0
2016-02-09,115,114,116,117,118,118,116,1.4,0.7,0
2016-02-10,119,117,116,116,117,118,117,0.7,0.7,0
2016-02-11,121,120,117,117,117,117,118,0.6,0.7,0
2016-02-12,118,119,119,118,117,117,118,0.5,0.1,0
2016-02-13,115,117,118,118,118,117,117,0.5,0.2,0
2016-02-14,120,118,118,118,118,118,118,0.4,0.2,0
2016-02-15,118,118,118,118,118,118,118,0.6,0.2,0
2016-02-16,116,117,118,118,118,118,117,0.8,0.5,0
2016-02-17,114,116,117,118,118,118,117,0.6,0,0
2016-02-18,112,115,116,117,118,118,116,0.6,0.2,0
2016-02-19,111,114,116,117,117,118,115,0.5,0.1,0
2016-02-20,111,113,115,116,117,117,115,0.8,0.5,0
2016-02-21,119,115,115,115,116,117,116,0.9,1,0
2016-02-22,123,122,118,116,116,116,118,0.8,0.6,0
2016-02-23,123,125,125,123,119,117,122,0.7,0.7,0
2016-02-24,121,124,125,125,124,121,123,0.7,0.7,0
2016-02-25,118,120,122,123,123,123,121,0.6,0,0
2016-02-26,115,118,120,121,122,122,120,0.7,0.2,0
2016-02-27,114,117,118,120,121,121,118,0.9,0.2,0
2016-02-28,112,115,117,119,120,120,117,0.8,0.1,0
2016-02-29,111,114,116,118,119,120,116,1.2,0.1,0
2016-03-01,110,113,115,117,118,119,115,0.9,0.1,0
2016-03-02,109,112,115,116,117,118,115,1,0.8,0
2016-03-03,109,112,114,115,117,118,114,1.1,0.5,0
2016-03-04,108,111,113,115,116,117,113,1,0.2,0
2016-03-05,109,110,112,114,115,116,113,0.7,0.5,0
2016-03-06,108,110,112,114,115,116,112,0.7,0.4,0
2016-03-07,108,110,112,113,114,116,112,0.6,0.4,0
2016-03-08,107,109,111,113,114,115,112,0.7,0.2,0
2016-03-09,106,109,111,112,114,115,111,1.3,0.3,0
2016-03-10,105,108,110,112,113,114,111,0.6,0,0
2016-03-11,105,108,110,112,113,114,110,0.9,0.1,0
2016-03-12,104,107,110,111,113,114,110,0.9,0.1,0
2016-03-13,104,107,109,111,112,113,109,1.1,0.1,0
2016-03-14,103,106,109,110,112,113,109,1.6,0.4,0
2016-03-15,102,106,108,110,111,113,108,1.2,0.4,0
2016-03-16,101,105,108,110,111,112,108,1.7,0.3,0
2016-03-17,100,104,107,109,111,112,107,1.4,0.9,0
2016-03-18,99,103,107,109,110,112,107,1,0.3,0
2016-03-19,99,103,106,108,110,111,106,1,0.4,0
2016-03-20,98,103,106,108,110,111,106,1,0.2,0
2016-03-21,98,102,105,108,109,111,106,1.1,0.6,0
2016-03-22,101,102,105,107,109,110,106,0.8,0.5,0
2016-03-23,108,103,105,107,109,110,107,1,0.7,0
2016-03-24,106,104,105,107,108,110,106,1.3,0.6,0
2016-03-25,107,104,105,106,108,110,107,0.8,0.3,0
2016-03-26,111,105,105,106,108,109,107,1.8,1.4,0
2016-03-27,108,106,105,106,108,109,107,1.6,0.8,0
2016-03-28,108,106,105,106,107,109,107,1.6,0.7,0
2016-03-29,116,108,105,106,107,109,108,1.7,1.2,0
2016-03-30,115,110,106,106,107,108,109,1.4,1.3,0
2016-03-31,118,114,108,106,107,108,110,0.8,0.5,0
2016-04-01,122,124,120,110,107,108,115,1.7,1.3,0
2016-04-02,116,119,120,115,109,108,114,2.2,1.3,0
2016-04-03,112,116,117,116,111,109,113,1.9,1.3,0
2016-04-04,109,113,115,115,113,110,112,2,1.4,0
2016-04-05,113,112,114,114,113,111,113,1.5,1.3,0
2016-04-06,110,112,113,114,113,111,112,2.6,1.7,0
2016-04-07,107,110,112,113,113,112,111,2.1,1.2,0
2016-04-08,105,109,111,112,112,112,110,1.9,1.2,0
2016-04-09,102,107,110,111,112,112,109,2.1,1.4,0
2016-04-10,100,105,109,111,111,111,108,2.6,1.6,0
2016-04-11,97,104,108,110,111,111,107,1.9,1.1,0
2016-04-12,95,102,107,109,110,111,106,2.2,1.3,0
2016-04-13,94,101,106,108,110,110,105,1.3,0.8,0
2016-04-14,93,100,105,108,109,110,104,2.2,1.7,0
2016-04-15,95,99,104,107,109,110,104,2.2,1.9,0
2016-04-16,97,99,103,106,108,109,104,1.6,1.5,0
2016-04-17,105,99,103,106,108,109,105,1.9,1.4,0
2016-04-18,102,99,102,105,107,109,104,2.4,1.4,0
2016-04-19,99,99,102,105,107,108,103,2,1,0
2016-04-20,96,98,101,104,106,108,102,2.5,1.6,0
2016-04-21,92,96,100,104,106,108,101,2.9,2.2,0
2016-04-22,89,95,99,103,105,107,100,2.8,1.8,0
2016-04-23,87,93,99,102,105,107,99,1.9,0.5,0
2016-04-24,86,93,98,102,105,106,98,1.8,0.8,0
2016-04-25,87,93,98,102,104,106,98,1.7,1.2,0
2016-04-26,98,93,98,101,104,106,100,1.9,1.3,0
2016-04-27,107,94,98,101,104,106,102,1.2,1.5,0
2016-04-28,113,98,98,101,104,105,103,1.8,1.4,0
2016-04-29,114,102,98,101,103,105,104,2.4,1.7,0
2016-04-30,109,103,98,100,103,105,103,2.6,1.6,0
2016-05-01,104,102,99,100,103,105,102,3.2,1.7,0
2016-05-02,99,100,98,100,102,104,101,3.5,2.6,0
2016-05-03,98,99,98,99,102,104,100,1.2,0.8,0
2016-05-04,98,98,98,99,102,104,100,2.8,2.1,0
2016-05-05,94,96,97,99,101,103,98,3.3,2.2,0
2016-05-06,89,94,96,98,101,103,97,4.4,2.8,0
2016-05-07,84,91,95,98,100,102,95,4.9,3.3,0
2016-05-08,78,88,93,97,100,102,93,5,3,0
2016-05-09,74,85,92,96,99,102,91,4.7,2.9,0
2016-05-10,69,83,91,95,99,101,89,4.6,2.8,0
2016-05-11,65,80,89,94,98,101,88,4.4,2.9,0
2016-05-12,61,77,87,93,97,100,86,4.8,2.9,0
2016-05-13,57,74,86,92,97,100,84,4.4,2.8,0
2016-05-14,54,72,85,92,96,99,83,2.5,1,0
2016-05-15,54,72,84,91,96,99,83,2.3,1.3,0
2016-05-16,53,71,83,91,96,99,82,2.3,1.4,0
2016-05-17,52,70,83,90,95,99,81,2.3,1.2,0
2016-05-18,51,69,82,90,95,98,81,2.4,1.5,0
2016-05-19,49,67,81,89,94,98,80,2.2,1.4,0
2016-05-20,47,66,80,88,94,97,79,3,2,0
2016-05-21,45,64,78,87,93,97,77,3.8,2.5,0
2016-05-22,41,61,77,86,92,96,76,4.9,3.3,0
2016-05-23,49,59,75,85,92,96,76,2.3,1.8,0
2016-05-24,92,61,75,85,91,96,83,1,0.7,0
2016-05-25,100,65,75,85,91,96,85,1.6,1,0
2016-05-26,94,68,75,84,91,95,84,2.9,2.1,0
2016-05-27,88,68,74,84,90,95,83,2.9,2.1,0
2016-05-28,98,69,74,83,90,95,85,3.5,2.8,0
2016-05-29,106,72,73,83,90,94,86,2.4,1.7,0
2016-05-30,105,76,74,82,89,94,87,2.7,2,0
2016-05-31,102,78,74,82,89,94,86,3.9,2.8,0
2016-06-01,120,104,95,83,89,93,97,1.4,1.1,0
2016-06-02,123,125,127,98,89,93,109,2.2,1.7,0
2016-06-03,117,120,122,112,92,93,109,3.6,2.6,0
2016-06-04,110,115,117,113,96,93,107,4.3,3.1,0
2016-06-05,109,112,114,112,99,94,107,3.1,2.4,0
2016-06-06,111,111,112,111,101,95,107,4.4,3.7,0
2016-06-07,105,108,110,110,102,95,105,4.6,3.8,0
2016-06-08,99,105,108,108,102,96,103,4,3.2,0
2016-06-09,95,102,106,107,103,96,102,2.5,1.4,0
2016-06-10,91,100,105,106,103,97,100,4.4,3.4,0
2016-06-11,86,97,103,105,102,97,98,2.9,2.1,0
2016-06-12,83,95,101,104,102,98,97,2.5,1.8,0
2016-06-13,92,94,100,103,102,98,98,2.4,1.9,0
2016-06-14,104,94,99,102,101,98,100,3.3,2.6,0
2016-06-15,102,95,99,101,101,98,99,2.5,2.4,0
2016-06-16,100,95,98,101,101,98,99,2.4,1.7,0
2016-06-17,106,96,98,100,100,98,100,2.4,2.7,0
2016-06-18,112,98,98,100,100,98,101,3.3,2.6,0
2016-06-19,110,100,98,99,100,98,101,2.3,1.8,0
2016-06-20,104,100,97,99,99,98,100,3.9,2.9,0
2016-06-21,103,98,97,98,99,98,99,3.3,2.5,0
2016-06-22,98,97,96,98,98,98,97,4.3,3.1,0
2016-06-23,90,93,95,97,98,98,95,6,4.4,0
2016-06-24,100,101,100,96,97,97,98,4.7,3.3,0
2016-06-25,123,125,126,115,99,97,114,2.5,2.4,0
2016-06-26,119,122,124,124,111,98,116,4.1,2.8,0
2016-06-27,113,117,119,120,116,102,115,3.8,2.6,0
2016-06-28,107,113,116,118,116,106,113,4.4,3.4,0
2016-06-29,102,110,114,116,115,109,111,4.1,3,0
2016-06-30,98,107,111,114,114,110,109,3.1,2.1,0
2016-07-01,94,104,109,112,113,110,107,4.2,2.7,0
2016-07-02,92,102,108,111,112,110,106,2.2,1.6,0
2016-07-03,89,100,107,110,111,110,104,3.6,2.7,0
2016-07-04,86,98,105,108,110,109,103,3.7,2.8,0
2016-07-05,82,95,103,107,109,109,101,3.3,2.5,0
2016-07-06,80,94,102,106,108,108,100,2.9,1.8,0
2016-07-07,77,91,100,105,107,107,98,4.3,3.4,0
2016-07-08,72,88,99,104,106,107,96,3.3,2.5,0
2016-07-09,69,86,97,103,105,106,94,3.7,2.5,0
2016-07-10,65,83,95,101,104,105,92,4.6,3.6,0
2016-07-11,61,80,93,100,103,105,90,3.6,2.6,0
2016-07-12,57,78,92,99,103,104,89,4.2,3.1,0
2016-07-13,61,76,90,98,102,103,88,2.9,2.4,0
2016-07-14,63,75,89,97,101,103,88,3.1,2,0
2016-07-15,61,73,88,96,101,103,87,2.8,1.7,0
2016-07-16,58,72,87,95,100,102,86,2.7,1.9,0
2016-07-17,57,71,86,94,99,102,85,3.4,3,0
2016-07-18,54,69,84,93,98,101,83,4.3,3.2,0
2016-07-19,49,66,82,92,97,100,81,5.3,4.2,0
2016-07-20,43,62,80,90,96,99,78,6,4.6,0
2016-07-21,39,59,78,89,95,99,76,2.9,2.1,0
2016-07-22,38,57,76,88,94,98,75,3.6,2.9,0
2016-07-23,50,56,75,87,94,98,77,2,1.6,0
2016-07-24,47,55,74,86,93,97,75,3.6,2.9,0
2016-07-25,43,53,73,85,92,96,74,3.5,2.8,0
2016-07-26,39,51,71,84,91,96,72,3.8,3,0
2016-07-27,41,50,69,83,91,95,71,3.7,2.9,0
2016-07-28,41,49,68,82,90,95,71,2.5,2,0
2016-07-29,67,49,68,81,89,94,75,2.4,2,0
2016-07-30,119,55,67,80,89,94,84,3.2,2.6,0
2016-07-31,108,63,67,80,88,93,83,2.4,1.7,0
2016-08-01,101,66,67,79,88,93,82,2.7,2.3,0
2016-08-02,100,69,67,79,88,93,83,1.5,1.1,0
2016-08-03,99,72,68,79,87,93,83,1.6,1.6,0
2016-08-04,102,74,69,79,87,92,84,2,1.5,0
2016-08-05,107,77,69,78,87,92,85,3.1,2.4,0
2016-08-06,100,78,70,78,86,92,84,2.4,1.7,0
2016-08-07,93,78,70,78,86,91,82,4.4,3.4,0
2016-08-08,85,76,70,77,85,91,81,4.2,2.7,0
2016-08-09,80,74,70,77,85,90,79,2.8,1.8,0
2016-08-10,77,73,70,77,84,90,78,2.3,1.9,0
2016-08-11,74,72,70,76,84,90,78,2.4,1.6,0
2016-08-12,80,72,70,76,84,89,78,1.2,0.8,0
2016-08-13,76,71,70,76,83,89,78,4.5,3.3,0
2016-08-14,71,69,69,75,83,89,76,2.7,1.9,0
2016-08-15,66,67,69,75,83,88,75,3.2,2.5,0
2016-08-16,62,65,68,75,82,88,73,3.3,2.7,0
2016-08-17,57,63,67,74,82,87,72,3.5,2.7,0
2016-08-18,52,60,66,73,81,87,70,3.6,2.9,0
2016-08-19,48,58,65,73,80,86,68,3.5,2.8,0
2016-08-20,55,57,64,72,80,86,69,2,1.6,0
2016-08-21,53,56,64,72,80,86,68,2.9,2.1,0
2016-08-22,51,55,63,71,79,86,67,2.1,1.4,0
2016-08-23,47,53,62,71,79,85,66,3.8,3,0
2016-08-24,42,51,61,70,78,85,64,4.6,3.5,0
2016-08-25,37,48,59,69,77,84,62,5.3,3.7,0
2016-08-26,32,45,57,68,76,83,60,4.6,3.4,0
2016-08-27,28,42,56,67,76,83,59,4.2,3,0
2016-08-28,52,40,54,66,75,82,61,3.8,3,0
2016-08-29,98,43,54,65,74,82,69,1.9,1.3,0
2016-08-30,90,46,53,65,74,81,68,3,2.4,0
2016-08-31,81,48,53,64,74,81,67,3.3,2.7,0
2016-09-01,73,48,52,64,73,81,65,3,2.4,0
2016-09-02,67,48,52,63,73,80,64,3,2.6,0
2016-09-03,61,47,51,63,72,80,62,3.1,2.5,0
2016-09-04,68,47,51,62,72,80,63,1.6,1.5,0
2016-09-05,104,51,52,62,72,79,70,1.4,1.1,0
2016-09-06,97,55,52,62,72,79,69,2.4,1.8,0
2016-09-07,89,57,52,62,71,79,68,2.8,2.4,0
2016-09-08,82,57,52,61,71,79,67,3,2.5,0
2016-09-09,76,57,52,61,71,78,66,2.3,1.6,0
2016-09-10,71,56,52,61,70,78,65,2.7,2,0
2016-09-11,66,55,52,60,70,78,63,2.9,2.3,0
2016-09-12,61,53,51,60,70,77,62,2.9,2,0
2016-09-13,56,52,51,60,69,77,61,3.6,2.7,0
2016-09-14,51,50,51,59,69,77,59,3.9,2.5,0
2016-09-15,46,48,50,59,68,76,58,4,2.7,0
2016-09-16,43,47,50,58,68,76,57,1.7,1.5,0
2016-09-17,71,47,50,58,68,76,61,0.7,0.3,0
2016-09-18,97,50,50,58,68,75,66,1.9,1.6,0
2016-09-19,91,53,50,58,67,75,66,1.1,0.5,0
2016-09-20,86,55,50,58,67,75,65,1.8,1.5,0
2016-09-21,81,56,50,58,67,75,64,1.6,1.4,0
2016-09-22,76,56,50,58,67,75,64,1.7,1.7,0
2016-09-23,72,55,50,57,67,74,63,1.8,1.5,0
2016-09-24,68,55,50,57,66,74,62,1.8,1.7,0
2016-09-25,63,54,50,57,66,74,61,2.1,1.9,0
2016-09-26,60,53,50,57,66,74,60,1.6,1.3,0
2016-09-27,57,52,50,57,66,74,59,1.6,1.2,0
2016-09-28,55,51,50,57,65,73,59,2,1.1,0
2016-09-29,52,50,50,56,65,73,58,2.9,1.7,0
2016-09-30,49,49,50,56,65,73,57,1.6,1.1,0
2016-10-01,58,49,50,56,65,73,58,0.6,0.2,0
2016-10-02,69,50,50,56,65,73,60,1.5,1.3,0
2016-10-03,89,51,50,56,65,73,64,0.8,0.7,0
2016-10-04,101,55,50,56,65,72,67,1.5,1.3,0
2016-10-05,96,58,51,56,65,72,66,1,0.6,0
2016-10-06,92,61,51,56,65,72,66,0.7,0.2,0
2016-10-07,89,62,52,57,65,72,66,1,0.6,0
2016-10-08,90,63,52,57,64,72,66,0.7,0.5,0
2016-10-09,89,65,53,57,64,72,67,0.6,0.5,0
2016-10-10,87,66,54,57,64,72,67,0.7,0.5,0
2016-10-11,85,66,54,57,64,72,66,0.5,0.2,0
2016-10-12,86,67,55,57,64,72,67,0.7,0.4,0
2016-10-13,85,67,55,57,64,72,67,0.8,0.3,0
2016-10-14,83,67,56,58,64,72,67,1.1,0.5,0
2016-10-15,81,67,56,58,64,72,66,0.7,0.3,0
2016-10-16,79,67,57,58,64,72,66,0.8,0.5,0
2016-10-17,77,67,57,58,64,71,66,0.7,0.7,0
2016-10-18,77,67,57,58,64,71,66,0.9,0.9,0
2016-10-19,103,68,58,58,64,71,70,0.6,0.6,0
2016-10-20,123,79,59,59,64,71,76,0.5,0.3,0
2016-10-21,126,102,62,59,65,71,81,0.5,0.1,0
2016-10-22,125,127,92,60,65,71,90,0.4,0.3,0
2016-10-23,119,120,103,64,65,71,90,0.4,0.5,0
2016-10-24,120,119,106,69,65,71,92,0.4,0,0
2016-10-25,124,125,117,75,66,71,96,0.4,0,0
2016-10-26,118,120,119,85,67,71,97,0.5,0.4,0
2016-10-27,115,117,116,92,68,71,97,0.6,0.3,0
2016-10-28,113,115,113,96,70,72,97,0.7,0.2,0
2016-10-29,111,113,112,98,73,72,96,0.5,0.4,0
2016-10-30,109,112,111,99,75,72,96,0.4,0.3,0
2016-10-31,108,110,110,100,77,73,96,0.5,0.2,0
2016-11-01,107,109,109,100,78,73,96,0.4,0.4,0
2016-11-02,107,108,108,100,80,74,96,0.6,0.6,0
2016-11-03,114,109,108,100,81,74,98,0.4,0.2,0
2016-11-04,112,110,108,100,82,75,98,0.6,0.5,0
2016-11-05,110,110,108,100,83,75,98,0.6,0.2,0
2016-11-06,109,110,108,100,84,76,98,0.5,0.4,0
2016-11-07,108,109,108,100,85,77,98,0.4,0,0
2016-11-08,107,108,107,101,86,77,98,0.4,0.2,0
2016-11-09,106,108,107,101,87,78,98,0.4,0.1,0
2016-11-10,119,110,107,101,87,78,100,0.3,0,0
2016-11-11,119,115,108,101,88,79,102,0.4,0.1,0
2016-11-12,115,115,110,102,89,80,102,0.3,0.3,0
2016-11-13,113,114,111,103,89,80,102,0.5,0,0
2016-11-14,111,113,111,104,90,81,102,0.3,0.2,0
2016-11-15,111,112,111,104,91,81,102,0.5,0.1,0
2016-11-16,117,113,111,105,92,82,103,0.5,0.2,0
2016-11-17,120,117,112,106,93,83,105,0.8,0.8,0
2016-11-18,123,124,122,112,95,83,110,0.9,0.7,0
2016-11-19,120,122,124,123,103,84,113,0.6,0.4,0
2016-11-20,117,119,121,120,110,88,112,1.5,0.5,0
2016-11-21,114,117,119,119,112,92,112,1.3,0.4,0
2016-11-22,112,115,117,117,113,96,112,0.6,0.2,0
2016-11-23,111,114,116,116,113,99,111,0.1,0.2,0
2016-11-24,110,113,115,115,113,101,111,0.2,0.3,0
2016-11-25,109,112,114,114,112,103,111,0,0.2,0
2016-11-26,108,111,113,113,112,104,110,0.2,0,0
2016-11-27,108,110,112,113,112,105,110,0.2,0.1,0
2016-11-28,107,110,112,112,111,105,110,0,0.1,0
2016-11-29,107,109,111,112,111,106,109,0,0,5
2016-11-30,106,109,111,111,111,106,109,0.4,0.3,6
2016-12-01,106,108,110,111,110,106,109,0.5,0.2,0
2016-12-02,107,108,110,110,110,106,109,0.3,0.5,0
2016-12-03,107,108,109,110,110,106,108,0,0,3
2016-12-04,106,108,109,110,109,107,108,0,0,4
2016-12-05,105,108,109,109,109,107,108,0,0,8
2016-12-06,105,107,109,109,109,107,107,0.2,0,11
2016-12-07,104,107,108,109,109,106,107,0.2,0.1,14
2016-12-08,104,106,108,109,108,106,107,0.3,0.2,12
2016-12-09,104,106,108,108,108,106,107,0.3,0,0
2016-12-10,103,106,107,108,108,106,106,0.3,0.2,0
2016-12-11,105,105,107,108,108,106,106,0.5,0.6,0
2016-12-12,113,107,107,108,108,106,108,0.3,0.1,0
2016-12-13,118,111,107,107,107,106,109,0.3,0.2,0
2016-12-14,114,113,109,108,107,106,109,0.3,0,0
2016-12-15,112,112,110,108,107,106,109,0.4,0.1,0
2016-12-16,110,111,110,108,107,106,109,0.4,0.3,0
2016-12-17,109,111,110,109,107,106,109,0.2,0,0
2016-12-18,108,110,110,109,108,106,108,0.3,0,0
2016-12-19,112,110,110,109,108,106,109,0.3,0.2,0
2016-12-20,110,110,110,109,108,106,109,0.3,0,0
2016-12-21,109,110,110,109,108,106,109,0.3,0.1,2
2016-12-22,109,110,110,109,108,106,109,0.3,0,0
2016-12-23,110,110,110,109,108,106,109,0.2,0.3,0
2016-12-24,109,110,110,109,108,107,109,0.6,0.5,0
2016-12-25,109,109,109,109,108,107,109,0.5,0.2,0
2016-12-26,113,110,109,109,108,107,109,0.8,0.8,0
2016-12-27,112,111,110,109,108,107,110,0.9,0.3,0
2016-12-28,110,111,110,109,108,107,109,0.5,0,0
2016-12-29,109,110,110,109,108,107,109,0,0,0
2016-12-30,108,110,110,109,109,107,109,0,0,0
2016-12-31,107,109,110,109,109,107,109,0,0,6
2017-01-01,118,120,118,115,114,115,117,0.1,0,9
2017-01-02,117,118,118,117,115,115,117,0.3,0,11
2017-01-03,118,118,118,117,116,115,117,0.4,0.2,10
2017-01-04,125,124,121,118,117,116,120,0.7,0.8,8
2017-01-05,120,122,123,122,119,117,121,0.4,0.3,3
2017-01-06,117,120,121,121,121,119,120,0,0.1,11
2017-01-07,115,118,119,120,121,120,119,0.4,0.2,15
2017-01-08,117,117,118,119,120,120,118,0.2,0,16
2017-01-09,115,117,118,118,119,119,118,0.3,0.2,16
2017-01-10,113,116,117,118,119,119,117,0.6,0.3,13
2017-01-11,114,115,116,117,118,119,116,0.6,0.2,13
2017-01-12,120,117,116,117,118,118,118,0.7,0.5,11
2017-01-13,125,123,120,118,117,118,120,0.4,0.4,10
2017-01-14,124,125,125,123,120,118,123,0.4,0.4,0
2017-01-15,119,122,123,124,124,122,122,0.3,0.2,0
2017-01-16,116,119,121,122,122,123,121,0.1,0.2,4
2017-01-17,115,117,119,120,121,122,119,0.2,0,5
2017-01-18,113,116,118,119,120,121,118,0.2,0,9
2017-01-19,112,115,117,118,119,120,117,0,0,14
2017-01-20,111,114,116,117,118,119,116,0.2,0,17
2017-01-21,110,113,115,117,118,119,115,0,0,20
2017-01-22,109,112,114,116,117,118,114,0,0,23
2017-01-23,109,112,114,115,116,117,114,0.2,0,25
2017-01-24,108,111,113,115,116,117,113,0.2,0,27
2017-01-25,108,111,113,114,115,116,113,0.3,0.1,27
2017-01-26,107,110,112,114,115,116,112,0.4,0.2,27
2017-01-27,107,109,112,113,114,115,112,0.4,0,28
2017-01-28,106,109,111,113,114,115,111,0.3,0,28
2017-01-29,106,109,111,112,114,115,111,0.5,0.1,28
2017-01-30,107,108,110,112,113,114,111,0.5,0.1,28
2017-01-31,111,109,110,112,113,114,111,0.3,0,27
2017-02-01,110,110,110,111,113,114,111,0.5,0.4,26
2017-02-02,108,109,110,111,112,113,111,0.3,0.1,25
2017-02-03,110,109,110,111,112,113,111,0.3,0,21
2017-02-04,111,110,110,111,112,113,111,0.6,0.7,19
2017-02-05,112,110,110,111,112,113,111,0.4,0.3,0
2017-02-06,111,111,110,111,111,112,111,0.3,0,0
2017-02-07,109,110,111,111,111,112,111,0.5,0.2,0
2017-02-08,108,110,110,111,111,112,110,0.6,0.1,3
2017-02-09,107,109,110,111,111,112,110,0.6,0,9
2017-02-10,107,109,110,111,111,112,110,0.6,0,12
2017-02-11,106,109,110,110,111,112,110,0.5,0,13
2017-02-12,106,108,109,110,111,112,109,0.6,0,12
2017-02-13,105,108,109,110,111,111,109,0.7,0,12
2017-02-14,104,107,109,110,111,111,109,0.7,0.3,11
2017-02-15,103,106,108,110,110,111,108,0.5,0.3,9
2017-02-16,103,106,108,109,110,111,108,0.4,0.2,8
2017-02-17,104,106,108,109,110,111,108,0.4,0.1,0
2017-02-18,104,106,107,109,110,111,108,0.4,0.3,0
2017-02-19,104,106,107,108,110,110,107,0.5,0.2,0
2017-02-20,103,105,107,108,109,110,107,0.5,0.3,0
2017-02-21,114,107,107,108,109,110,109,0.9,0.7,0
2017-02-22,117,110,107,108,109,110,110,0.7,0.5,0
2017-02-23,126,125,116,109,109,110,116,1,1.2,0
2017-02-24,123,125,124,117,111,110,118,0.8,0.8,0
2017-02-25,118,121,122,121,116,111,118,0.9,0.2,0
2017-02-26,115,118,120,120,118,114,117,1.7,0.5,0
2017-02-27,113,116,118,119,118,116,117,1.8,0.8,0
2017-02-28,115,115,116,118,118,117,116,1.3,0.9,0
2017-03-01,123,120,117,117,117,117,118,0.9,0.9,0
2017-03-02,123,122,121,119,117,117,120,1.2,1,0
2017-03-03,119,121,121,120,119,117,120,1.2,1,0
2017-03-04,115,118,120,120,120,118,118,1.4,0.9,0
2017-03-05,113,116,118,119,119,119,117,1.2,0.5,0
2017-03-06,117,116,117,118,119,119,117,0.7,0.6,0
2017-03-07,122,120,118,118,118,118,119,0.6,0.3,0
2017-03-08,122,122,121,119,118,118,120,0.6,0.5,0
2017-03-09,124,125,125,124,122,120,123,0.8,1,0
2017-03-10,121,123,124,124,124,123,123,1.1,1,0
2017-03-11,116,119,121,122,123,123,121,1.1,0.7,0
2017-03-12,114,117,119,120,121,122,119,1.3,0.5,0
2017-03-13,112,115,117,119,120,121,117,1.3,0.7,0
2017-03-14,110,113,116,118,119,120,116,1.3,0.8,0
2017-03-15,108,112,115,117,118,119,115,1.5,1,0
2017-03-16,105,110,113,115,117,118,113,1.6,1.3,0
2017-03-17,104,109,112,114,116,117,112,1.5,0.4,0
2017-03-18,115,109,111,114,115,117,113,1,1,0
2017-03-19,117,113,112,113,115,116,114,1,0.7,0
2017-03-20,114,114,113,113,114,115,114,1.7,0.7,0
2017-03-21,111,113,113,113,114,115,113,1.2,0.7,0
2017-03-22,109,112,112,113,114,115,112,1.5,1.1,0
2017-03-23,107,110,112,113,113,114,112,1.2,0.5,0
2017-03-24,105,109,111,112,113,114,111,1.8,1.2,0
2017-03-25,103,107,110,112,113,114,110,1.7,1.3,0
2017-03-26,100,106,109,111,112,113,109,1.8,1.3,0
2017-03-27,98,104,108,110,112,113,107,2.1,1.6,0
2017-03-28,95,102,107,109,111,112,106,2.3,1.9,0
2017-03-29,92,100,105,108,110,112,105,1.8,1.1,0
2017-03-30,90,99,104,108,110,111,104,2,1.5,0
2017-03-31,87,97,103,107,109,111,102,3,2.4,0
2017-04-01,87,95,102,106,108,110,101,2.1,1.7,0
2017-04-02,113,97,101,105,108,110,106,1.5,1.2,0
2017-04-03,109,100,101,105,107,109,105,1,0.4,0
2017-04-04,106,101,101,104,107,109,105,1.5,1,0
2017-04-05,103,100,101,104,107,109,104,1.6,0.9,0
2017-04-06,100,100,101,104,106,108,103,2.1,1.1,0
2017-04-07,99,99,101,103,106,108,103,1.2,0.4,0
2017-04-08,97,99,101,103,106,108,102,1.5,0.9,0
2017-04-09,94,98,100,103,105,107,101,2.5,1.8,0
2017-04-10,91,96,99,102,105,107,100,2.3,1.2,0
2017-04-11,90,95,99,102,104,106,99,2,0.8,0
2017-04-12,89,94,98,102,104,106,99,1.8,1,0
2017-04-13,96,94,98,101,104,106,100,1.2,1.4,0
2017-04-14,95,94,98,101,104,106,99,1.7,1,0
2017-04-15,93,94,97,101,103,105,99,1.3,0.6,0
2017-04-16,92,94,97,100,103,105,99,2.1,1.5,0
2017-04-17,113,95,97,100,103,105,102,1.3,1.3,0
2017-04-18,115,101,97,100,103,105,103,1.1,1,0
2017-04-19,112,104,98,100,102,105,103,1.6,0.4,0
2017-04-20,108,104,99,100,102,104,103,2.2,1,0
2017-04-21,105,104,99,100,102,104,102,1.9,0.9,0
2017-04-22,104,103,100,100,102,104,102,1.9,1,0
2017-04-23,103,103,100,100,102,104,102,1.6,0.5,0
2017-04-24,100,101,100,100,102,103,101,2.5,1.7,0
2017-04-25,98,100,100,100,101,103,100,1.6,1,0
2017-04-26,96,99,99,100,101,103,100,2.3,1.3,0
2017-04-27,93,98,99,100,101,103,99,2.1,1.2,0
2017-04-28,91,96,98,99,101,103,98,1.9,1.2,0
2017-04-29,90,95,98,99,101,102,97,1.7,0.8,0
2017-04-30,87,94,97,99,100,102,97,3.1,2,0
2017-05-01,84,92,96,98,100,102,95,2.4,1.5,0
2017-05-02,96,91,96,98,100,102,97,0.7,0.3,0
2017-05-03,107,94,95,98,100,102,99,2.4,1.9,0
2017-05-04,103,94,95,98,100,101,98,1.2,0.4,0
2017-05-05,101,95,95,97,100,101,98,1.1,0.5,0
2017-05-06,98,95,95,97,99,101,98,2.3,1.5,0
2017-05-07,94,94,94,97,99,101,96,2.5,1.8,0
2017-05-08,92,93,94,97,99,101,96,1.1,0.4,0
2017-05-09,90,92,94,96,99,101,95,2.6,1.6,0
2017-05-10,87,91,93,96,98,100,94,3.1,2.2,0
2017-05-11,83,89,92,95,98,100,93,3.3,2.3,0
2017-05-12,80,87,91,95,98,100,92,2.2,1.5,0
2017-05-13,76,85,90,94,97,99,90,3.2,2.4,0
2017-05-14,79,83,90,94,97,99,90,2.9,2.3,0
2017-05-15,84,82,89,93,96,99,90,3.6,2.8,0
2017-05-16,80,81,88,92,96,99,89,2.9,2.2,0
2017-05-17,74,79,86,92,95,98,87,4.4,3.4,0
2017-05-18,68,76,85,91,95,98,85,4,3.1,0
2017-05-19,67,75,84,90,94,97,85,1.3,1,0
2017-05-20,71,74,83,90,94,97,85,3.6,2.7,0
2017-05-21,67,72,82,89,93,97,83,3.8,2.9,0
2017-05-22,62,70,81,88,93,96,82,3.8,2.7,0
2017-05-23,57,68,79,87,92,96,80,3.8,2.8,0
2017-05-24,54,66,78,86,92,95,79,3,1.9,0
2017-05-25,51,64,77,85,91,95,77,3.5,2.3,0
2017-05-26,47,62,75,84,90,95,76,4.5,3.3,0
2017-05-27,42,59,74,83,90,94,74,5,3.6,0
2017-05-28,38,56,72,82,89,93,72,4.2,3.5,0
2017-05-29,34,53,70,81,88,93,70,4.9,3.8,0
2017-05-30,44,51,68,79,87,92,70,2.9,1.9,0
2017-05-31,69,51,67,79,86,92,74,3.8,2.8,0
2017-06-01,63,50,66,78,86,91,72,4.4,3.4,0
2017-06-02,56,49,65,77,85,91,70,4,3.1,0
2017-06-03,73,49,64,76,84,90,73,2.9,2.4,0
2017-06-04,114,54,63,76,84,90,80,2.8,2.1,0
2017-06-05,107,61,63,75,84,89,80,3.5,2.3,0
2017-06-06,102,64,63,75,83,89,79,2.7,2.1,0
2017-06-07,99,67,63,74,83,89,79,3,1.6,0
2017-06-08,93,68,64,74,83,89,78,3,1.9,0
2017-06-09,88,68,64,74,82,88,77,2.7,2,0
2017-06-10,85,68,64,73,82,88,77,3.9,3,0
2017-06-11,78,66,64,73,81,88,75,4.2,3.3,0
2017-06-12,71,64,63,72,81,87,73,4.6,2.8,0
2017-06-13,66,63,63,72,80,87,72,2.4,1.4,0
2017-06-14,62,61,62,71,80,86,70,4.6,3.3,0
2017-06-15,57,59,61,70,79,86,69,4,3.4,0
2017-06-16,61,57,61,70,79,85,69,2.6,1.7,0
2017-06-17,58,56,61,70,78,85,68,2.2,1.2,0
2017-06-18,57,55,60,69,78,85,67,3.6,2.8,0
2017-06-19,51,53,59,68,77,84,65,5.4,4.1,0
2017-06-20,44,50,58,67,76,84,63,5.2,4,0
2017-06-21,38,47,56,66,76,83,61,5,3.5,0
2017-06-22,67,61,57,65,75,82,68,4.5,3.5,0
2017-06-23,123,125,126,85,75,82,103,3.5,2.5,0
2017-06-24,115,118,120,99,76,82,101,4,2.6,0
2017-06-25,115,115,115,103,79,82,101,2.3,1.9,0
2017-06-26,115,115,114,104,82,82,102,1.9,1.1,0
2017-06-27,111,113,113,104,84,82,101,2.9,2.1,0
2017-06-28,117,117,112,104,86,83,103,2.1,1.6,0
2017-06-29,122,123,118,106,88,83,107,1.3,0.9,0
2017-06-30,120,122,122,113,91,84,109,2.1,1.8,0
2017-07-01,119,119,119,115,96,85,109,1.5,1,0
2017-07-02,119,120,119,115,101,86,110,1.6,1.1,0
2017-07-03,113,116,117,115,104,87,109,4.3,3.1,0
2017-07-04,108,113,115,114,106,89,107,3.3,2.1,0
2017-07-05,103,109,112,113,106,91,106,4.3,3,0
2017-07-06,97,106,110,111,106,93,104,4.6,3.6,0
2017-07-07,91,102,107,109,106,94,101,4.6,3.6,0
2017-07-08,86,99,105,107,105,94,100,4.1,3,0
2017-07-09,82,96,103,106,104,95,98,3.8,2.8,0
2017-07-10,95,94,102,105,104,96,99,2.5,2.5,0
2017-07-11,100,95,101,104,103,96,100,3.8,2.6,0
2017-07-12,114,102,100,103,102,96,103,1.3,1.1,0
2017-07-13,118,118,105,103,102,96,107,3.2,2.4,0
2017-07-14,112,114,108,103,101,96,106,3.3,2.4,0
2017-07-15,114,112,109,104,101,97,106,2.2,1.6,0
2017-07-16,109,110,109,104,101,97,105,2.3,1.7,0
2017-07-17,113,110,108,105,101,97,105,2.8,2.2,0
2017-07-18,108,108,107,104,101,97,104,4.7,3.5,0
2017-07-19,106,107,106,104,101,97,103,5.1,3.8,0
2017-07-20,120,119,108,104,101,97,108,2.7,2.1,0
2017-07-21,112,115,111,104,100,97,106,4,2.9,0
2017-07-22,108,111,110,105,101,97,105,3.7,2.8,0
2017-07-23,118,112,109,105,101,97,107,3.8,2.8,0
2017-07-24,121,120,115,110,104,97,111,1,0.7,0
2017-07-25,127,128,128,128,129,129,128,0.8,0.3,0
2017-07-26,124,126,127,127,127,127,126,1.6,1.2,0
2017-07-27,118,121,123,124,124,125,122,2.3,1.9,0
2017-07-28,117,118,120,121,122,123,120,3.3,2.4,0
2017-07-29,110,115,118,119,121,122,117,4.3,2.8,0
2017-07-30,110,112,115,117,119,120,116,4.8,3.6,0
2017-07-31,103,109,113,116,117,119,113,4.2,3.2,0
2017-08-01,121,121,116,115,116,118,118,2.6,2.1,0
2017-08-02,115,118,118,117,116,117,117,3.3,2.5,0
2017-08-03,110,114,116,117,117,117,115,3.4,2.5,0
2017-08-04,105,111,114,116,116,117,113,4.1,2.7,0
2017-08-05,104,109,112,114,115,116,112,2.4,2,0
2017-08-06,102,107,111,113,115,116,111,3.9,2.7,0
2017-08-07,97,104,109,112,114,115,108,3.8,3.1,0
2017-08-08,92,102,107,111,113,114,106,2.8,2,0
2017-08-09,89,99,106,109,112,113,105,4.1,2.8,0
2017-08-10,92,98,104,108,111,113,104,1.5,1.1,0
2017-08-11,126,126,124,123,122,117,123,0.8,0.4,0
2017-08-12,122,124,125,126,126,127,125,1.5,1.2,0
2017-08-13,116,120,122,123,124,124,121,2.9,2.2,0
2017-08-14,111,116,119,120,122,122,118,3.5,2.5,0
2017-08-15,106,112,116,118,120,121,115,3.5,2.4,0
2017-08-16,119,116,115,117,118,120,117,3,2.4,0
2017-08-17,113,115,115,116,117,118,116,2.7,1.9,0
2017-08-18,118,117,116,116,117,118,117,1.5,1.2,0
2017-08-19,121,123,121,118,117,117,120,2.9,2.1,0
2017-08-20,120,122,122,121,119,118,120,2.4,1.8,0
2017-08-21,115,118,120,120,120,119,119,2.7,1.7,0
2017-08-22,110,115,117,119,119,119,117,2.7,1.9,0
2017-08-23,106,112,115,117,118,119,114,3.1,2.4,0
2017-08-24,103,109,113,116,117,118,113,2.3,1.6,0
2017-08-25,100,107,111,114,116,117,111,2.8,2.2,0
2017-08-26,100,105,110,113,115,116,110,2,1.5,0
2017-08-27,104,104,109,112,114,115,110,3,2.4,0
2017-08-28,100,103,107,111,113,115,108,3.1,2.3,0
2017-08-29,95,101,106,110,112,114,106,3.4,2.6,0
2017-08-30,91,99,105,108,111,113,104,3.7,2.5,0
2017-08-31,97,97,104,108,110,112,105,1.6,1,0
2017-09-01,101,98,103,107,110,112,105,2,1.5,0
2017-09-02,98,97,102,106,109,111,104,1.8,1.3,0
2017-09-03,95,96,101,106,108,111,103,2.3,1.7,0
2017-09-04,91,95,101,105,108,110,102,2.6,2,0
2017-09-05,88,94,100,104,107,109,100,1.9,1.4,0
2017-09-06,86,93,99,104,107,109,99,2.4,1.6,0
2017-09-07,92,92,98,103,106,109,100,2.2,1.7,0
2017-09-08,91,92,98,103,106,108,100,2.1,1.1,0
2017-09-09,90,92,97,102,105,108,99,1.9,1.3,0
2017-09-10,88,91,97,102,105,107,98,2,1.3,0
2017-09-11,85,90,96,101,104,107,97,2.4,1,0
2017-09-12,84,89,96,101,104,107,97,2,1.4,0
2017-09-13,88,89,95,100,104,106,97,2.5,2.2,0
2017-09-14,90,89,95,100,103,106,97,1.7,1.5,0
2017-09-15,95,89,95,100,103,106,98,1.6,1.3,0
2017-09-16,93,90,94,99,103,105,97,1.6,1,0
2017-09-17,92,90,94,99,102,105,97,1.2,1.1,0
2017-09-18,91,90,94,99,102,105,97,1.4,1.1,0
2017-09-19,90,89,94,98,102,104,96,1.2,0.9,0
2017-09-20,88,89,93,98,101,104,96,0.9,0.6,0
2017-09-21,87,89,93,98,101,104,95,1.3,1,0
2017-09-22,85,88,93,97,101,104,95,1.5,1.3,0
2017-09-23,83,87,92,97,101,103,94,1.6,1.3,0
2017-09-24,81,87,92,97,100,103,93,0.9,0.5,0
2017-09-25,81,86,92,96,100,103,93,0.9,0.6,0
2017-09-26,80,86,91,96,100,103,93,1.1,0.9,0
2017-09-27,80,85,91,96,100,102,92,0.9,0.6,0
2017-09-28,79,85,91,96,99,102,92,1,0.7,0
2017-09-29,78,84,90,95,99,102,91,1.1,0.7,0
2017-09-30,106,90,90,95,99,102,97,1.2,1.2,0
2017-10-01,121,120,96,95,99,101,105,1.4,1.2,0
2017-10-02,120,117,103,96,98,101,106,1,0.8,0
2017-10-03,123,125,115,99,99,101,110,1.2,1,0
2017-10-04,117,119,118,105,99,101,110,1.4,0.6,0
2017-10-05,123,124,122,111,101,101,113,1.3,1.3,0
2017-10-06,121,123,123,120,106,101,116,1,0.9,0
2017-10-07,119,120,121,120,112,103,116,1,0.8,0
2017-10-08,123,122,121,120,116,106,118,0.8,0.8,0
2017-10-09,118,120,121,120,118,109,118,0.8,0.6,0
2017-10-10,119,119,120,120,119,113,118,0.8,0.5,0
2017-10-11,116,118,119,119,119,115,118,1.3,0.8,0
2017-10-12,113,116,118,118,118,116,117,1.6,0.9,0
2017-10-13,111,114,116,117,118,116,115,1,0.7,0
2017-10-14,109,112,115,116,117,116,114,1.2,0.8,0
2017-10-15,107,111,114,115,116,116,113,1.2,0.8,0
2017-10-16,105,110,112,114,115,115,112,1.2,0.8,0
2017-10-17,104,108,111,113,115,115,111,1,0.7,0
2017-10-18,102,107,110,113,114,114,110,0.8,0.7,0
2017-10-19,101,106,110,112,113,114,109,0.9,0.8,0
2017-10-20,100,105,109,111,113,113,108,1.2,0.6,0
2017-10-21,99,104,108,110,112,113,108,0.9,0.6,0
2017-10-22,99,104,107,110,112,113,107,1.1,0.7,0
2017-10-23,101,104,107,109,111,112,107,0.7,0.4,0
2017-10-24,102,104,107,109,111,112,107,0.7,0.5,0
2017-10-25,101,103,106,109,110,111,107,1,0.8,0
2017-10-26,100,103,106,108,110,111,106,0.8,0.6,0
2017-10-27,100,102,105,108,109,111,106,1,0.9,0
2017-10-28,100,102,105,107,109,110,106,1.2,0.5,0
2017-10-29,123,110,105,107,109,110,111,1.3,1.9,0
2017-10-30,118,116,108,107,108,110,111,0.7,0.8,0
2017-10-31,114,115,110,108,108,110,111,0.7,0.6,0
2017-11-01,113,114,111,109,109,109,111,0.6,0.4,0
2017-11-02,111,112,112,110,109,109,110,0.7,0.7,0
2017-11-03,109,111,111,110,109,109,110,0.4,0.3,0
2017-11-04,108,110,111,110,109,109,110,0.6,0.4,0
2017-11-05,120,119,116,111,110,109,114,0.5,0.1,0
2017-11-06,120,122,123,119,112,110,118,0.4,0.2,0
2017-11-07,117,119,121,120,116,111,117,0.4,0,0
2017-11-08,115,118,119,119,118,114,117,0.4,0.1,0
2017-11-09,113,116,118,118,118,116,116,0.5,0.2,0
2017-11-10,115,115,117,117,117,116,116,0.8,0.5,0
2017-11-11,121,119,117,117,117,116,118,0.6,0.4,0
2017-11-12,120,120,119,118,117,116,118,0.4,0.2,0
2017-11-13,120,120,120,119,118,117,119,0.3,0.3,0
2017-11-14,116,119,119,119,118,117,118,0.5,0.3,0
2017-11-15,114,117,118,119,119,118,117,0.4,0.2,0
2017-11-16,113,116,117,118,118,118,117,0.4,0.2,0
2017-11-17,112,115,116,117,118,118,116,0.2,0.3,0
2017-11-18,112,114,115,117,117,118,115,0.6,0.3,0
2017-11-19,115,114,115,116,117,117,116,0.7,0.8,0
2017-11-20,117,115,115,116,116,117,116,0.5,0.4,0
2017-11-21,126,126,122,118,116,117,121,0.4,0.1,0
2017-11-22,120,123,124,124,121,118,121,0.9,0.5,0
2017-11-23,117,119,121,122,122,121,120,1.4,0.7,0
2017-11-24,117,118,119,120,121,121,119,0.6,0.4,0
2017-11-25,124,124,125,125,124,123,124,0.4,0,0
2017-11-26,120,122,124,125,125,126,124,0.6,0.4,0
2017-11-27,121,122,122,122,123,124,122,0.8,0.5,0
2017-11-28,122,123,123,123,123,123,123,0.5,0.5,0
2017-11-29,118,120,121,122,123,123,121,0.3,0,0
2017-11-30,115,118,120,121,122,122,120,0.3,0,0
2017-12-01,114,117,118,120,121,121,118,0.2,0.1,0
2017-12-02,113,116,117,119,120,120,117,0.1,0.1,0
2017-12-03,119,116,117,118,119,120,118,0.3,0,0
2017-12-04,121,120,118,118,118,119,119,0.4,0.2,0
2017-12-05,119,120,119,119,118,119,119,0.7,0.3,0
2017-12-06,116,118,119,119,119,119,118,1.1,0.3,0
2017-12-07,114,116,118,118,119,119,117,0.7,0.1,0
2017-12-08,116,116,117,118,118,119,117,0.5,0.6,0
2017-12-09,116,116,117,117,118,118,117,0.7,0.6,0
2017-12-10,117,117,117,117,118,118,117,0.8,0.5,0
2017-12-11,122,122,120,118,117,118,119,0.7,0.4,0
2017-12-12,120,123,124,122,120,118,121,0.8,0.5,0
2017-12-13,119,120,121,122,121,120,120,0.7,0.2,0
2017-12-14,124,124,123,122,121,121,123,0.6,0.6,0
2017-12-15,120,122,123,124,123,123,123,0.1,0.2,0
2017-12-16,117,120,121,122,123,123,121,0.3,0.1,0
2017-12-17,116,118,120,121,121,122,120,0.4,0.3,0
2017-12-18,114,117,119,120,121,121,118,0.4,0.2,0
2017-12-19,115,116,117,119,120,120,118,0.3,0,0
2017-12-20,116,116,117,118,119,120,117,0.3,0,0
2017-12-21,115,116,117,117,118,119,117,0.3,0,0
2017-12-22,113,115,116,117,118,118,116,0.2,0.3,0
2017-12-23,112,114,116,117,117,118,115,0.7,0.3,0
2017-12-24,110,113,115,116,117,118,115,0.9,0.2,0
2017-12-25,109,112,114,115,116,117,114,0.8,0.1,0
2017-12-26,111,112,114,115,116,117,114,0.8,0.4,0
2017-12-27,112,112,113,114,115,116,114,0.7,0.4,0
2017-12-28,110,112,113,114,115,116,113,0.7,0.1,0
2017-12-29,109,111,113,114,115,116,113,0.6,0,0
2017-12-30,115,112,112,113,114,115,114,0.7,0.6,0
2017-12-31,123,119,114,113,114,115,116,1,0.7,0
2018-01-01,119,114,102,69,43,43,82,0.7,0.8,0
2018-01-02,125,123,107,72,44,43,86,0.4,0.3,0
2018-01-03,126,127,125,97,46,44,94,1,1.3,0
2018-01-04,125,125,126,121,54,44,99,0.7,0.6,0
2018-01-05,121,123,124,124,66,45,101,0.9,0.8,0
2018-01-06,117,120,121,121,78,47,101,0.2,0,0
2018-01-07,117,118,119,117,86,49,101,0.5,0.3,0
2018-01-08,115,117,118,115,90,52,101,0.6,0.2,0
2018-01-09,113,116,116,113,93,55,101,0.4,0,0
2018-01-10,112,114,115,112,95,58,101,0.2,0,0
2018-01-11,111,113,114,111,96,61,101,0.2,0,0
2018-01-12,111,113,113,110,96,64,101,0.3,0,0
2018-01-13,110,112,112,110,97,66,101,0.5,0.2,0
2018-01-14,109,111,112,109,97,68,101,0.7,0.3,0
2018-01-15,108,111,111,109,97,70,101,0.7,0,0
2018-01-16,119,113,111,108,97,72,103,0.5,0.4,0
2018-01-17,124,123,116,109,97,73,107,0.4,0.5,0
2018-01-18,124,125,124,116,99,74,110,0.9,1.1,0
2018-01-19,124,125,125,122,106,77,113,0.3,0.2,0
2018-01-20,124,125,126,127,120,83,117,0.2,0.3,0
2018-01-21,124,125,126,126,126,96,120,0.2,0.2,0
2018-01-22,120,122,123,124,124,109,120,0.3,0.1,0
2018-01-23,120,121,122,122,122,114,120,0.5,0.5,0
2018-01-24,117,119,120,121,121,114,119,1.1,0.7,0
2018-01-25,118,119,119,120,120,114,118,0.6,0.2,0
2018-01-26,123,125,125,123,121,115,122,0.3,0.1,0
2018-01-27,118,121,122,123,123,118,121,0.2,0.3,0
2018-01-28,116,119,120,121,122,120,119,0.8,0.2,0
2018-01-29,115,117,119,120,120,119,118,1.1,0.4,0
2018-01-30,118,118,118,119,119,118,118,0.6,0.6,0
2018-01-31,116,117,118,118,118,117,118,0.8,0.6,0
2018-02-01,118,118,118,118,118,117,118,0.6,0.6,0
2018-02-02,115,117,118,118,118,117,117,0.6,0.1,0
2018-02-03,113,116,117,117,117,116,116,0.5,0.2,0
2018-02-04,113,115,116,117,117,116,116,0.4,0.2,0
2018-02-05,112,114,115,116,116,116,115,0.3,0.2,5
2018-02-06,111,113,115,116,116,115,114,0.4,0.2,8
2018-02-07,110,113,114,115,116,115,114,0.4,0,8
2018-02-08,109,112,114,115,115,115,113,0.3,0,9
2018-02-09,108,111,113,114,115,114,113,0.4,0,13
2018-02-10,108,111,112,114,114,114,112,0.5,0,13
2018-02-11,107,110,112,113,114,114,112,0.7,0.5,12
2018-02-12,110,110,111,113,113,113,112,0.4,0.4,10
2018-02-13,110,110,111,112,113,113,112,0.5,0.4,9
2018-02-14,109,110,111,112,113,113,111,0.6,0.1,9
2018-02-15,108,110,111,112,112,112,111,0.8,0,8
2018-02-16,107,109,111,111,112,112,110,0.5,0.5,0
2018-02-17,106,109,110,111,112,112,110,0.3,0,0
2018-02-18,106,108,110,111,112,112,110,0.5,0.2,0
2018-02-19,105,108,110,111,111,111,109,0.4,0,0
2018-02-20,105,107,109,110,111,111,109,0.5,0.1,0
2018-02-21,104,107,109,110,111,111,109,0.7,0,0
2018-02-22,104,107,109,110,110,111,108,0.8,0,0
2018-02-23,104,106,108,109,110,110,108,1,0,0
2018-02-24,103,106,108,109,110,110,108,1,0,9
2018-02-25,103,106,108,109,110,110,107,0.8,0,14
2018-02-26,103,105,107,109,109,110,107,0.6,0.1,18
2018-02-27,102,105,107,108,109,110,107,0.5,0.2,23
2018-02-28,102,105,107,108,109,109,107,0.7,0,26
2018-03-01,102,105,106,108,109,109,106,1.1,0,31
2018-03-02,101,104,106,108,109,109,106,1.1,0,34
2018-03-03,101,104,106,107,108,109,106,1,0,36
2018-03-04,101,104,106,107,108,109,106,1,0.1,38
2018-03-05,100,103,105,107,108,108,105,1.1,0.6,38
2018-03-06,99,103,105,107,108,108,105,0.7,0.3,37
2018-03-07,98,102,105,106,107,108,104,0.9,0.4,36
2018-03-08,102,102,104,106,107,108,105,1.1,0.8,34
2018-03-09,113,104,104,106,107,107,107,1.1,0.8,31
2018-03-10,114,106,104,105,107,107,107,1.3,1.3,0
2018-03-11,110,107,104,105,106,107,106,1.4,1,0
2018-03-12,118,109,105,105,106,107,108,0.8,0.7,0
2018-03-13,120,115,107,105,106,107,110,1,0.9,0
2018-03-14,122,121,112,106,106,106,112,0.9,0.7,0
2018-03-15,117,119,116,109,106,106,112,1.3,0.4,0
2018-03-16,122,121,117,111,107,106,114,0.6,0.3,0
2018-03-17,121,122,121,115,109,107,116,0.9,0.6,4
2018-03-18,117,119,120,118,112,108,116,1.5,0,10
2018-03-19,115,117,119,118,115,109,115,1.4,0,12
2018-03-20,115,116,117,117,116,111,115,0.8,0.6,10
2018-03-21,114,116,117,117,116,113,115,1.2,0.3,9
2018-03-22,112,114,116,116,116,114,115,0.6,0.1,0
2018-03-23,111,113,115,116,115,114,114,0.9,0.6,0
2018-03-24,109,112,114,115,115,114,113,1.4,0.7,0
2018-03-25,107,111,113,114,115,114,112,1.5,0.9,0
2018-03-26,105,109,112,113,114,114,111,1.2,0.5,0
2018-03-27,105,108,111,113,114,113,111,1.3,0.8,0
2018-03-28,109,108,110,112,113,113,111,0.8,0.5,0
2018-03-29,116,111,110,112,113,113,112,1,1.1,0
2018-03-30,112,111,111,111,112,113,112,1.8,1.5,0
2018-03-31,119,114,111,111,112,112,113,0.7,0.4,0
2018-04-01,116,116,113,112,112,112,113,1,0.6,0
2018-04-02,113,115,114,112,112,112,113,1.6,1,0
2018-04-03,112,113,113,113,112,112,112,2.8,2.1,0
2018-04-04,109,111,112,112,112,112,111,2.8,1.7,0
2018-04-05,106,110,111,112,112,112,110,1.7,1.1,0
2018-04-06,104,108,110,111,112,112,110,2.5,1.5,0
2018-04-07,101,106,109,111,111,111,108,4,2.3,0
2018-04-08,96,104,108,110,111,111,106,3.1,2.4,0
2018-04-09,93,101,106,109,110,111,105,2.5,1.7,0
2018-04-10,90,99,105,108,109,110,103,3.3,2.4,0
2018-04-11,87,97,104,107,109,110,102,2.1,1.1,0
2018-04-12,85,96,103,106,108,109,101,2.4,1.6,0
2018-04-13,95,95,102,105,108,109,102,0.9,0.5,0
2018-04-14,118,101,101,105,107,108,107,2.2,1.7,0
2018-04-15,111,104,102,104,107,108,106,2.1,1.5,0
2018-04-16,116,106,102,104,106,108,107,2,1.6,0
2018-04-17,111,107,103,104,106,107,106,2.9,2.2,0
2018-04-18,104,105,103,103,105,107,105,3.3,2.6,0
2018-04-19,99,102,102,103,105,106,103,3.8,3.1,0
2018-04-20,93,99,101,102,104,106,101,3.5,2.9,0
2018-04-21,88,96,100,102,104,105,99,3.2,2.4,0
2018-04-22,89,94,98,101,103,105,98,3,2.3,0
2018-04-23,105,94,98,100,103,105,101,2.4,1.8,0
2018-04-24,102,94,97,100,102,104,100,1.9,1.2,0
2018-04-25,99,94,97,100,102,104,99,2.2,1.6,0
2018-04-26,104,95,96,99,102,104,100,1.7,1.4,0
2018-04-27,104,95,96,99,102,103,100,2.8,2.1,0
2018-04-28,99,95,96,99,101,103,99,3.3,2.4,0
2018-04-29,94,93,95,98,101,103,97,3.6,2.4,0
2018-04-30,90,92,94,98,100,102,96,3.6,1.6,0
2018-05-01,87,90,94,97,100,102,95,3.3,1.6,0
2018-05-02,84,89,93,97,100,102,94,2.3,1.6,0
2018-05-03,81,87,92,96,99,101,93,2.6,1.8,0
2018-05-04,77,85,91,95,99,101,91,3.5,2.5,0
2018-05-05,73,83,90,95,98,101,90,4,2.9,0
2018-05-06,68,80,88,94,98,100,88,4.2,3,0
2018-05-07,63,77,87,93,97,100,86,4.4,3.2,0
2018-05-08,58,74,85,92,96,99,84,4.7,3.4,0
2018-05-09,54,71,83,91,95,99,82,4.4,3.1,0
2018-05-10,52,69,82,90,95,98,81,2.9,2.1,0
2018-05-11,53,68,81,89,94,98,80,2.9,2,0
2018-05-12,50,66,80,88,94,97,79,3.8,2.5,0
2018-05-13,46,64,78,87,93,97,77,4.1,3,0
2018-05-14,42,61,76,86,92,96,75,5.7,3.8,0
2018-05-15,39,58,74,85,91,96,74,3.5,2.5,0
2018-05-16,46,56,73,84,91,95,74,2.5,1.9,0
2018-05-17,45,56,72,83,90,95,74,3.1,2,0
2018-05-18,44,55,72,83,90,94,73,1.5,0.7,0
2018-05-19,43,54,71,82,89,94,72,2.5,1.6,0
2018-05-20,39,53,70,81,89,94,71,4.6,3.4,0
2018-05-21,35,50,68,80,88,93,69,5.1,3.5,0
2018-05-22,31,47,66,79,87,92,67,4.1,3,0
2018-05-23,27,45,64,77,86,91,65,4.7,3.2,0
2018-05-24,34,43,63,76,85,91,65,2.2,1.6,0
2018-05-25,47,43,62,76,85,90,67,3.4,2.7,0
2018-05-26,42,42,61,75,84,90,66,4.6,3.4,0
2018-05-27,37,40,59,74,83,89,64,3.8,2.8,0
2018-05-28,32,39,58,72,82,89,62,4.8,3.7,0
2018-05-29,33,37,56,71,81,88,61,4.4,3.2,0
2018-05-30,67,36,55,70,80,87,66,4.1,2.9,0
2018-05-31,59,37,54,69,80,87,64,4,3,0
2018-06-01,53,37,53,68,79,86,63,3.7,2.6,0
2018-06-02,51,37,53,68,78,86,62,2.1,1.5,0
2018-06-03,48,37,52,67,78,85,61,2.9,2.2,0
2018-06-04,42,36,51,66,77,85,60,4.6,3.4,0
2018-06-05,37,35,50,65,77,84,58,3.3,2.1,0
2018-06-06,33,33,49,64,76,84,56,5,3.6,0
2018-06-07,28,32,47,63,75,83,54,4.5,3.2,0
2018-06-08,23,30,46,62,74,82,53,4.4,3.5,0
2018-06-09,31,28,45,61,73,81,53,4,3.5,0
2018-06-10,54,28,44,60,72,81,56,3.1,2.5,0
2018-06-11,54,29,44,60,72,80,57,2.8,1.7,0
2018-06-12,50,30,43,59,71,80,56,2.5,1.7,0
2018-06-13,47,31,43,59,71,80,55,1.9,1,0
2018-06-14,43,31,43,59,71,79,54,3.9,2.8,0
2018-06-15,42,30,42,58,70,79,54,2.6,2.2,0
2018-06-16,40,30,42,57,70,79,53,4,3,0
2018-06-17,35,29,41,57,69,78,51,3.8,2.4,0
2018-06-18,31,28,40,56,68,77,50,3.2,2.2,0
2018-06-19,28,27,40,55,68,77,49,2.3,1.4,0
2018-06-20,25,26,39,55,67,76,48,4.1,3,0
2018-06-21,22,25,38,54,66,76,47,3.6,2.5,0
2018-06-22,30,25,38,53,66,76,48,2.3,1.9,0
2018-06-23,33,25,38,53,66,75,48,2.2,1.1,0
2018-06-24,31,25,37,53,65,75,48,1.9,1.1,0
2018-06-25,29,25,37,52,65,75,47,2.7,2,0
2018-06-26,26,24,36,52,65,74,46,3.1,1.9,0
2018-06-27,23,23,36,51,64,74,45,3.9,2.6,0
2018-06-28,19,22,34,50,63,73,43,4.9,3.6,0
2018-06-29,14,19,33,49,62,72,41,6.1,4.1,0
2018-06-30,11,17,31,47,61,71,40,6.5,3,0
2018-07-01,8,16,30,46,60,70,38,6,2.3,0
2018-07-02,7,14,29,45,59,69,37,5.4,2.2,0
2018-07-03,5,13,28,44,58,68,36,5.4,2.4,0
2018-07-04,4,12,26,43,57,68,35,4.6,1.9,0
2018-07-05,4,11,26,42,56,67,34,4.5,1.4,0
2018-07-06,3,11,25,41,55,66,34,3.7,0.8,0
2018-07-07,3,10,25,41,55,66,33,5.1,1.3,0
2018-07-08,3,10,24,40,54,65,33,4.9,1.1,0
2018-07-09,3,10,24,40,54,65,32,3.9,0.8,0
2018-07-10,6,9,24,40,54,65,33,1.8,0.5,0
2018-07-11,21,10,24,40,53,65,35,1.9,1.1,0
2018-07-12,27,10,23,39,53,64,36,3.4,2.7,0
2018-07-13,22,10,23,38,52,64,35,5.1,3.3,0
2018-07-14,17,10,22,38,52,63,33,4.4,2.4,0
2018-07-15,13,9,21,37,51,62,32,5.3,2.4,0
2018-07-16,10,9,20,36,50,61,31,5,2,0
2018-07-17,8,8,19,35,49,61,30,5.5,1.8,0
2018-07-18,7,8,19,34,49,60,29,5.5,1.4,0
2018-07-19,6,7,18,34,48,60,29,5.3,1.3,0
2018-07-20,5,7,18,33,48,59,28,5,1.2,0
2018-07-21,4,7,18,33,47,59,28,4.5,1,0
2018-07-22,39,7,17,33,47,58,33,2.9,1,0
2018-07-23,83,9,17,32,46,58,41,4.7,3.6,0
2018-07-24,70,11,17,32,46,58,39,5.7,4.4,0
2018-07-25,56,12,17,31,45,57,37,4.8,3.6,0
2018-07-26,45,13,16,31,45,57,34,5.9,4.6,0
2018-07-27,34,13,16,30,44,56,32,5.6,4.1,0
2018-07-28,26,12,15,29,43,55,30,4.8,3.3,0
2018-07-29,22,12,15,29,43,55,29,4.5,3,0
2018-07-30,18,11,14,28,42,54,28,4.9,2,0
2018-07-31,15,10,14,28,42,54,27,5.5,1.2,0
2018-08-01,13,10,14,28,42,53,27,5.7,1.8,0
2018-08-02,11,9,14,27,41,53,26,4.8,1.9,0
2018-08-03,9,9,14,27,41,53,25,5.4,1.1,0
2018-08-04,8,9,13,27,40,52,25,5.1,1.1,0
2018-08-05,7,8,13,26,40,52,24,4.5,0.9,0
2018-08-06,6,8,13,26,40,52,24,5.7,1.1,0
2018-08-07,5,7,13,26,39,51,24,5.5,0.5,0
2018-08-08,5,7,13,26,39,51,23,5.4,0.8,0
2018-08-09,12,7,13,25,39,51,25,4.3,1,0
2018-08-10,27,7,13,25,39,51,27,4.2,2.3,0
2018-08-11,22,8,12,25,38,50,26,4.2,2,0
2018-08-12,18,8,12,25,38,50,25,4.3,2.2,0
2018-08-13,16,8,12,24,38,49,24,2.1,1.2,0
2018-08-14,18,8,12,24,37,49,25,2.3,1.5,0
2018-08-15,16,8,12,24,37,49,24,2.3,0.9,0
2018-08-16,14,8,12,24,37,49,24,4.2,1.6,0
2018-08-17,12,7,12,24,37,49,23,4.2,1.1,0
2018-08-18,10,7,12,23,36,48,23,3.9,1.1,0
2018-08-19,9,7,11,23,36,48,22,4.4,1,0
2018-08-20,8,7,11,23,36,48,22,2.1,0.4,0
2018-08-21,7,7,11,23,36,48,22,2.5,0.5,0
2018-08-22,7,6,11,23,36,47,22,4,0.8,0
2018-08-23,6,6,11,23,35,47,21,4.1,0.7,0
2018-08-24,5,6,11,22,35,47,21,2.8,0.6,0
2018-08-25,9,6,11,22,35,47,22,2.5,0.9,0
2018-08-26,11,6,11,22,35,47,22,3.2,0.6,0
2018-08-27,11,6,11,22,35,47,22,3.3,0.4,0
2018-08-28,10,6,11,22,35,46,22,2.8,0.7,0
2018-08-29,9,6,11,22,35,46,21,3.7,0.8,0
2018-08-30,38,7,11,22,34,46,26,1.9,1.4,0
2018-08-31,39,8,11,22,34,46,27,2.1,1.6,0
2018-09-01,33,9,11,22,34,46,26,2.7,1.9,0
2018-09-02,29,9,11,22,34,45,25,1.4,0.8,0
2018-09-03,41,10,11,22,34,45,27,1.2,1,0
2018-09-04,43,11,11,22,34,45,28,2.4,2.1,0
2018-09-05,42,12,11,21,34,45,28,2.9,2.3,0
2018-09-06,44,13,11,21,33,45,28,1.9,1.4,0
2018-09-07,56,14,11,21,33,45,30,2.2,1.6,0
2018-09-08,50,15,11,21,33,44,29,2.6,2.1,0
2018-09-09,44,16,12,21,33,44,28,2.4,1.8,0
2018-09-10,38,16,12,21,33,44,27,2.3,1.8,0
2018-09-11,32,16,12,21,33,44,26,3.6,2.3,0
2018-09-12,27,15,12,20,32,43,25,3.6,2.3,0
2018-09-13,24,15,12,20,32,43,24,0.9,0.2,0
2018-09-14,23,15,12,20,32,43,24,2,1,0
2018-09-15,21,14,12,20,32,43,24,2,0.9,0
2018-09-16,19,14,12,20,32,43,23,2.2,1.2,0
2018-09-17,16,13,12,20,31,43,22,2.3,1.3,0
2018-09-18,14,12,12,20,31,42,22,3.5,1.2,0
2018-09-19,12,12,12,20,31,42,21,3.2,0.9,0
2018-09-20,11,11,12,20,31,42,21,3.3,0.8,0
2018-09-21,16,11,12,19,31,42,22,2.7,0.5,0
2018-09-22,24,11,12,20,31,42,23,1.8,1.1,0
2018-09-23,50,12,12,20,31,42,27,0.7,0.5,0
2018-09-24,85,14,12,20,31,42,34,1.6,1.5,0
2018-09-25,80,17,12,20,31,42,33,1.2,1.1,0
2018-09-26,74,19,12,20,31,42,33,1.7,1.3,0
2018-09-27,67,21,13,20,31,42,32,2.3,1.8,0
2018-09-28,61,23,13,20,31,41,31,1.2,0.8,0
2018-09-29,57,24,13,20,31,41,31,1.4,1.1,0
2018-09-30,52,24,14,20,30,41,30,1.5,1.4,0
2018-10-01,50,25,14,20,30,41,30,1,0.9,0
2018-10-02,53,26,14,20,31,41,31,0.8,0.5,0
2018-10-03,52,26,15,20,31,41,31,1.9,1.2,0
2018-10-04,49,27,15,20,30,41,30,0.9,0.4,0
2018-10-05,46,27,16,20,30,41,30,1.5,1.4,0
2018-10-06,42,26,16,20,30,41,29,1.8,1.6,0
2018-10-07,39,26,16,20,30,41,29,0.9,0.4,0
2018-10-08,37,26,16,20,30,41,28,1,0.9,0
2018-10-09,35,25,16,20,30,41,28,1,1,0
2018-10-10,32,24,17,20,30,41,27,1.4,1.1,0
2018-10-11,30,24,17,20,30,41,27,1.8,1.4,0
2018-10-12,27,23,17,20,30,40,26,1.6,1.3,0
2018-10-13,24,22,16,20,30,40,25,1.9,1.4,0
2018-10-14,21,21,16,20,30,40,25,1.8,1.1,0
2018-10-15,20,20,16,20,30,40,24,1.2,0.9,0
2018-10-16,18,19,16,20,29,40,24,0.9,0.5,0
2018-10-17,17,19,16,20,29,40,24,1,0.8,0
2018-10-18,17,18,16,20,29,40,23,0.6,0.1,0
2018-10-19,16,18,16,20,29,40,23,0.8,0.3,0
2018-10-20,16,18,16,20,29,40,23,0.7,0.2,0
2018-10-21,16,17,17,21,29,40,23,0.6,0.3,0
2018-10-22,21,17,17,21,30,40,24,0.5,0.2,0
2018-10-23,24,17,17,21,30,40,25,0.8,0.5,0
2018-10-24,29,18,17,21,30,40,26,0.8,0.9,0
2018-10-25,29,18,17,21,30,40,26,1,0.5,0
2018-10-26,29,18,17,21,30,40,26,1,0.5,0
2018-10-27,28,18,17,21,30,40,26,0.7,0.1,0
2018-10-28,28,19,17,21,30,40,26,0.6,0.2,0
2018-10-29,28,19,17,21,30,40,26,0.6,0.3,0
2018-10-30,27,19,18,22,30,40,26,1.1,0.3,0
2018-10-31,27,19,18,22,30,40,26,1,0.2,0
2018-11-01,26,19,18,22,30,40,26,0.5,0,0
2018-11-02,26,19,18,22,30,40,26,0.8,0.3,0
2018-11-03,25,19,18,22,30,40,26,0.3,0,0
2018-11-04,25,19,18,22,30,40,26,0.5,0.2,0
2018-11-05,24,19,18,22,30,40,26,0.6,0,0
2018-11-06,24,19,18,22,30,40,26,0.3,0.3,0
2018-11-07,23,19,18,22,30,40,25,0.4,0.4,0
2018-11-08,23,19,18,22,30,40,25,0.4,0.4,0
2018-11-09,22,19,18,22,30,40,25,0.6,0.6,0
2018-11-10,22,19,19,23,30,40,25,1.1,0.1,0
2018-11-11,22,19,19,23,30,40,25,1,0.4,0
2018-11-12,25,19,19,23,30,40,26,1,0.7,0
2018-11-13,37,19,19,23,31,40,28,0.5,0.6,0
2018-11-14,36,20,19,23,31,40,28,0.2,0.4,0
2018-11-15,36,20,19,23,31,40,28,0.3,0,0
2018-11-16,35,21,19,23,31,40,28,0.2,0.2,0
2018-11-17,34,21,19,23,31,40,28,0.2,0.1,0
2018-11-18,34,22,19,23,31,40,28,0.2,0.1,0
2018-11-19,33,22,20,23,31,40,28,0.7,0.5,0
2018-11-20,34,22,20,24,31,40,28,0.8,0.2,0
2018-11-21,35,22,20,24,31,40,29,0.5,0.3,0
2018-11-22,35,23,20,24,31,40,29,0.4,0.1,0
2018-11-23,34,23,20,24,31,40,29,0.2,0,0
2018-11-24,35,23,21,24,31,40,29,0.3,0,0
2018-11-25,35,24,21,24,31,40,29,0.2,0.4,0
2018-11-26,35,24,21,24,31,40,29,0.5,0.1,0
2018-11-27,35,24,21,24,31,40,29,0.5,0.1,0
2018-11-28,34,24,21,24,31,40,29,0.7,0,0
2018-11-29,34,24,21,25,32,40,29,0.9,0.8,0
2018-11-30,34,25,22,25,32,40,29,0.7,0.2,0
2018-12-01,34,25,22,25,32,40,29,0.7,0.2,0
2018-12-02,44,25,22,25,32,40,31,0.7,0.3,0
2018-12-03,80,27,22,25,32,40,38,0.5,0.7,0
2018-12-04,99,31,22,25,32,40,41,0.3,0.4,0
2018-12-05,95,35,23,25,32,40,42,0.2,0.2,0
2018-12-06,91,38,23,25,32,40,42,0.7,0.2,0
2018-12-07,88,41,24,25,32,40,42,1.1,0.5,0
2018-12-08,92,44,25,26,32,40,43,0.9,1,0
2018-12-09,124,51,26,26,32,40,50,1,1,0
2018-12-10,118,62,27,26,32,40,51,0.7,1,0
2018-12-11,111,68,29,26,32,40,51,0.6,0.6,0
2018-12-12,105,71,31,27,32,40,51,0.4,0.1,0
2018-12-13,101,73,34,27,32,40,51,0.4,0,0
2018-12-14,99,73,36,27,33,40,51,0.8,0.1,0
2018-12-15,96,73,38,28,33,40,51,0.9,0,1
2018-12-16,95,73,39,28,33,40,51,0.5,0.1,4
2018-12-17,93,72,41,29,33,41,51,0.4,0.1,4
2018-12-18,93,72,43,29,33,41,52,0.6,0.3,0
2018-12-19,91,72,44,30,33,41,52,0.5,0.3,0
2018-12-20,90,72,45,30,33,41,52,0.6,0.3,0
2018-12-21,107,73,46,31,33,41,55,1.1,1,0
2018-12-22,126,96,48,32,34,41,62,0.6,0.5,0
2018-12-23,125,119,56,32,34,41,68,0.4,0.2,0
2018-12-24,125,127,95,35,34,41,76,0.4,0.2,0
2018-12-25,119,120,106,40,34,41,77,0.6,0.3,0
2018-12-26,116,117,107,46,35,41,77,0.5,0,0
2018-12-27,114,114,106,51,36,41,77,0,0.3,0
2018-12-28,112,113,104,56,36,41,77,0.3,0,0
2018-12-29,112,111,102,60,38,41,77,0.4,0.1,0
2018-12-30,119,114,101,63,39,41,80,0.7,0.5,0
2018-12-31,115,114,102,66,40,42,80,0.3,0,0
2019-01-01,110,112,113,113,105,87,107,0.9,0.6,0
2019-01-02,109,112,113,112,106,88,107,0.8,0.3,0
2019-01-03,109,111,112,112,106,90,106,0.1,0,0
2019-01-04,108,110,111,111,106,91,106,0.3,0,0
2019-01-05,114,111,111,111,106,92,107,0.4,0,0
2019-01-06,124,120,113,110,106,93,111,0.3,0,0
2019-01-07,121,122,119,113,106,94,113,0.5,0.3,0
2019-01-08,123,122,121,116,108,95,114,0.8,1.1,0
2019-01-09,123,124,124,121,112,97,117,0.7,0.6,0
2019-01-10,120,122,123,122,117,100,117,0.5,0.3,0
2019-01-11,118,120,121,121,118,105,117,0.4,0.1,0
2019-01-12,120,119,120,120,118,109,117,0.6,0.4,0
2019-01-13,125,125,123,121,119,110,121,0.7,0.7,0
2019-01-14,121,123,124,125,123,114,122,1,0.7,0
2019-01-15,117,120,122,122,123,119,120,0.9,0.1,0
2019-01-16,115,118,120,121,121,119,119,0.8,0.1,0
2019-01-17,115,117,118,119,120,119,118,0.8,0.3,0
2019-01-18,115,116,117,118,119,118,117,0.2,0.5,0
2019-01-19,113,115,117,118,118,118,116,0.1,0.1,0
2019-01-20,112,114,116,117,117,117,115,0,0,6
2019-01-21,111,113,115,116,117,116,115,0,0,11
2019-01-22,110,113,114,116,116,116,114,0.2,0.1,15
2019-01-23,109,112,114,115,116,115,113,0.4,0,18
2019-01-24,108,111,113,114,115,115,113,0.3,0,22
2019-01-25,108,111,113,114,115,114,112,0.4,0.1,24
2019-01-26,118,113,112,113,114,114,114,0.4,0.2,24
2019-01-27,119,117,114,113,114,114,115,0.6,0.6,22
2019-01-28,120,118,116,114,114,113,116,0.5,0.4,21
2019-01-29,117,118,117,115,114,113,116,0.5,0.5,20
2019-01-30,114,116,117,116,115,114,115,0.7,0.1,17
2019-01-31,113,115,116,116,115,114,115,0.6,0,16
2019-02-01,112,114,115,116,115,114,114,0.5,0,7
2019-02-02,111,113,115,115,115,114,114,0.3,0.1,0
2019-02-03,110,113,114,115,115,114,113,0.6,0.3,0
2019-02-04,109,112,113,114,115,114,113,0.7,0.2,0
2019-02-05,109,111,113,114,114,114,112,0.7,0,0
2019-02-06,108,111,112,113,114,114,112,0.8,0.2,0
2019-02-07,107,110,112,113,114,114,111,0.9,0.1,0
2019-02-08,106,109,111,113,113,113,111,1.2,0.2,0
2019-02-09,107,109,111,112,113,113,111,1.6,1.3,0
2019-02-10,116,110,110,112,112,113,112,1,0.9,0
2019-02-11,123,119,113,112,112,113,115,0.9,0.9,0
2019-02-12,119,120,116,113,112,112,115,0.7,0.5,0
2019-02-13,115,117,117,115,113,112,115,0.7,0.3,0
2019-02-14,113,116,116,115,114,113,114,0.5,0.4,0
2019-02-15,111,114,115,115,114,113,114,0.6,0.6,0
2019-02-16,109,112,114,115,114,113,113,0.7,0.9,0
2019-02-17,107,111,113,114,114,113,112,0.7,0.8,0
2019-02-18,105,109,112,113,114,113,111,0.8,0.8,0
2019-02-19,104,108,111,112,113,113,110,1.1,0.4,0
2019-02-20,103,107,110,112,113,113,110,0.8,0.4,0
2019-02-21,102,107,109,111,112,113,109,0.9,0.4,0
2019-02-22,102,106,109,111,112,112,108,0.7,0.2,0
2019-02-23,101,105,108,110,111,112,108,1.1,0.3,0
2019-02-24,100,105,108,110,111,112,107,0.9,0.7,0
2019-02-25,99,104,107,109,111,111,107,0.9,0.9,0
2019-02-26,97,102,106,108,110,111,106,0.9,1,0
2019-02-27,95,101,105,108,110,111,105,1.1,1,0
2019-02-28,94,100,105,107,109,110,104,1.5,0.9,0
2019-03-01,95,100,104,107,109,110,104,0.6,0.5,0
2019-03-02,96,100,104,106,108,109,104,0.7,0.5,0
2019-03-03,97,99,103,106,108,109,104,1.4,1,0
2019-03-04,104,100,103,106,108,109,105,2.2,1.9,0
2019-03-05,111,102,103,105,107,109,106,1.2,0.9,0
2019-03-06,108,103,103,105,107,108,106,1.4,0.7,0
2019-03-07,105,103,103,105,107,108,105,2.4,1.6,0
2019-03-08,104,103,103,105,106,108,105,1.6,1.1,0
2019-03-09,111,104,103,104,106,107,106,2,1.9,0
2019-03-10,122,114,105,104,106,107,110,1.1,1.5,0
2019-03-11,123,121,112,105,106,107,112,0.8,0.9,0
2019-03-12,120,121,117,109,106,107,113,1.8,0.9,0
2019-03-13,117,118,118,112,107,107,113,1.6,0.6,0
2019-03-14,122,121,118,114,109,107,115,1.1,1.3,0
2019-03-15,124,124,123,119,112,108,118,1.4,1.5,0
2019-03-16,123,124,124,123,117,110,120,1.3,1,0
2019-03-17,121,122,122,122,121,114,120,1.5,1.1,0
2019-03-18,119,121,121,122,121,118,120,1.3,0.5,0
2019-03-19,116,118,120,121,121,120,119,1.1,0.3,0
2019-03-20,113,116,118,119,120,119,118,1.5,1.1,0
2019-03-21,110,114,116,118,119,119,116,1.7,1.3,0
2019-03-22,107,112,115,116,118,118,114,1.9,1.4,0
2019-03-23,104,110,113,115,117,117,113,1.6,1,0
2019-03-24,103,108,112,114,116,117,112,1.3,0.6,0
2019-03-25,102,108,111,113,115,116,111,1.2,1.1,0
2019-03-26,102,107,110,113,114,115,110,1.2,0.4,0
2019-03-27,101,106,110,112,114,115,110,1.5,0.8,0
2019-03-28,100,105,109,111,113,114,109,1.2,0.7,0
2019-03-29,98,104,108,111,112,114,108,2,1.5,0
2019-03-30,95,102,107,110,112,113,106,2.2,1.7,0
2019-03-31,93,101,106,109,111,112,105,1.5,0.8,0
2019-04-01,92,100,105,108,110,112,104,2.6,1.3,0
2019-04-02,90,98,104,107,110,111,103,2.4,1.5,0
2019-04-03,92,97,103,107,109,111,103,1.6,1.3,0
2019-04-04,108,98,103,106,109,110,106,0.9,0.6,0
2019-04-05,106,100,103,106,108,110,105,0.6,0.1,0
2019-04-06,103,100,102,105,108,110,105,2.3,1.5,0
2019-04-07,100,100,102,105,107,109,104,2.4,1.6,0
2019-04-08,96,98,101,104,107,109,103,2,1.5,0
2019-04-09,94,97,101,104,106,108,102,2.2,1.3,0
2019-04-10,92,96,100,103,106,108,101,2.1,1,0
2019-04-11,90,96,100,103,106,108,100,2.2,0.6,0
2019-04-12,90,95,99,103,105,107,100,1.3,0.2,0
2019-04-13,92,95,99,103,105,107,100,1,0.6,0
2019-04-14,93,95,99,102,105,107,100,1,0.6,0
2019-04-15,92,95,99,102,104,106,100,2.6,2,0
2019-04-16,89,93,98,101,104,106,99,3.1,1.9,0
2019-04-17,85,91,97,101,104,106,97,3.6,2.5,0
2019-04-18,81,89,96,100,103,105,96,3.6,2.4,0
2019-04-19,77,87,94,99,102,105,94,3.7,2.6,0
2019-04-20,73,85,93,98,102,104,92,3.4,2.7,0
2019-04-21,69,82,92,97,101,104,91,3.4,2.6,0
2019-04-22,65,80,90,96,100,103,89,4.3,2.7,0
2019-04-23,61,77,89,96,100,103,88,4.5,2.2,0
2019-04-24,62,75,87,95,99,102,87,4.2,3.1,0
2019-04-25,63,73,86,94,99,102,86,3.8,2.9,0
2019-04-26,71,72,85,93,98,101,87,1.2,0.5,0
2019-04-27,95,74,85,93,98,101,91,1.7,1.3,0
2019-04-28,114,79,84,92,97,101,95,1.6,1.2,0
2019-04-29,111,85,85,92,97,101,95,0.9,0.5,0
2019-04-30,108,89,85,92,97,100,95,3,2.1,0
2019-05-01,101,89,85,91,96,100,94,3,2,0
2019-05-02,97,88,85,91,96,100,93,2.5,1.5,0
2019-05-03,96,88,85,91,96,99,92,2.4,1.4,0
2019-05-04,105,89,86,90,95,99,94,1.6,1.1,0
2019-05-05,104,90,86,90,95,99,94,2.1,1.3,0
2019-05-06,101,91,87,90,95,99,94,1.8,0.8,0
2019-05-07,97,91,87,90,95,98,93,2.3,1.5,0
2019-05-08,97,90,87,90,95,98,93,1.5,0.8,0
2019-05-09,110,92,87,90,94,98,95,2.7,1.9,0
2019-05-10,114,94,88,90,94,98,96,1.5,0.9,0
2019-05-11,124,109,89,90,94,98,101,1,0.8,0
2019-05-12,118,118,97,90,94,97,102,2.9,2.1,0
2019-05-13,112,113,101,91,94,97,101,3.4,2.2,0
2019-05-14,107,110,102,92,94,97,100,2.8,1.6,0
2019-05-15,103,107,102,93,94,97,99,2.6,1.5,0
2019-05-16,108,106,101,94,94,97,100,1.1,0.3,0
2019-05-17,117,110,102,94,94,96,102,2.1,1.5,0
2019-05-18,110,109,102,95,94,96,101,3.8,2.8,0
2019-05-19,103,106,102,95,94,96,99,3.6,2.8,0
2019-05-20,108,110,106,99,94,96,102,2.5,1.7,0
2019-05-21,123,125,126,127,127,114,124,1.2,0.7,0
2019-05-22,118,121,122,123,124,123,122,1.6,0.8,0
2019-05-23,113,117,119,121,122,122,119,3.3,2.6,0
2019-05-24,107,113,117,119,120,120,116,3.6,2.9,0
2019-05-25,103,110,114,117,118,119,114,2.6,1.6,0
2019-05-26,100,108,112,115,117,118,111,3.6,2.6,0
2019-05-27,101,106,111,114,116,117,110,2,1.7,0
2019-05-28,105,105,110,113,115,116,110,2,1.3,0
2019-05-29,110,106,109,112,114,115,111,4,2.9,0
2019-05-30,104,105,108,111,113,114,109,2.6,1.8,0
2019-05-31,101,104,107,110,112,113,108,2.7,1.9,0
2019-06-01,95,101,105,109,111,113,106,4.6,3.6,0
2019-06-02,88,98,104,107,110,112,103,5,3.9,0
2019-06-03,102,102,102,106,109,111,105,3.6,2.8,0
2019-06-04,118,119,107,106,108,110,111,4.1,3.3,0
2019-06-05,109,113,109,106,108,110,109,5.5,3.9,0
2019-06-06,105,109,109,107,107,109,108,1.9,1.3,0
2019-06-07,105,107,108,107,107,109,107,3.8,2.7,0
2019-06-08,119,111,107,107,107,108,110,4,2.9,0
2019-06-09,110,110,108,106,107,108,108,4,3.1,0
2019-06-10,103,107,107,106,107,108,106,3.4,2.5,0
2019-06-11,115,110,106,106,106,107,108,2.6,2.1,0
2019-06-12,124,125,118,108,107,107,115,1.6,1.2,0
2019-06-13,118,121,121,115,108,107,115,3.6,2.5,0
2019-06-14,112,116,118,117,110,108,113,3.9,2.9,0
2019-06-15,106,112,115,115,112,109,112,3.7,2.5,0
2019-06-16,106,110,113,114,113,110,111,1.7,1.4,0
2019-06-17,111,109,112,113,112,110,111,4.5,3.4,0
2019-06-18,103,107,110,111,112,110,109,4.7,3.6,0
2019-06-19,96,103,108,110,111,110,106,5.3,3.9,0
2019-06-20,113,102,106,109,110,110,108,3.2,2.5,0
2019-06-21,113,105,105,108,109,110,108,3.4,2.5,0
2019-06-22,106,104,105,107,109,109,107,4.1,2.9,0
2019-06-23,99,102,104,106,108,109,104,5.5,3.8,0
2019-06-24,91,98,102,105,107,108,102,5.6,4.3,0
2019-06-25,84,94,100,104,106,107,99,5.4,4.2,0
2019-06-26,77,90,98,102,105,107,96,5.8,4.1,0
2019-06-27,71,87,96,101,104,106,94,5.4,3.5,0
2019-06-28,66,83,94,100,103,105,92,4.8,3.2,0
2019-06-29,61,80,92,98,102,105,90,5.4,4.1,0
2019-06-30,55,76,89,97,101,104,87,6.4,4.6,0
2019-07-01,50,72,87,95,100,103,85,4.9,3.3,0
2019-07-02,46,70,85,94,99,102,83,3.4,2.2,0
2019-07-03,44,67,84,93,99,102,81,3.3,2.3,0
2019-07-04,41,65,82,92,98,101,80,4.2,3.3,0
2019-07-05,37,62,80,91,97,100,78,4.5,3.2,0
2019-07-06,35,59,78,89,96,100,76,4.1,3,0
2019-07-07,42,57,77,88,95,99,76,3.3,2.2,0
2019-07-08,41,57,76,88,95,99,76,2,1.2,0
2019-07-09,40,56,75,87,94,98,75,2,1.1,0
2019-07-10,38,55,74,86,93,98,74,3.6,2.7,0
2019-07-11,44,53,73,85,93,97,74,2,1.6,0
2019-07-12,82,54,72,85,92,97,80,2.1,1.7,0
2019-07-13,105,59,72,84,92,97,85,1.5,1.1,0
2019-07-14,100,63,72,84,92,97,85,2.1,1.2,0
2019-07-15,95,66,72,84,91,96,84,1.6,0.8,0
2019-07-16,91,68,72,83,91,96,84,1.4,0.7,0
2019-07-17,87,69,72,83,91,96,83,2.4,1.6,0
2019-07-18,81,68,72,82,90,95,81,4,3.2,0
2019-07-19,78,68,72,82,90,95,81,2.4,2,0
2019-07-20,81,67,71,81,89,94,81,3.9,3.2,0
2019-07-21,98,68,71,81,89,94,83,3.7,2.9,0
2019-07-22,90,68,70,80,88,94,82,3.7,2.8,0
2019-07-23,82,67,69,79,87,93,80,5.1,3.8,0
2019-07-24,74,65,69,78,87,93,78,5.5,2.9,0
2019-07-25,69,64,68,78,86,92,76,6,1.9,0
2019-07-26,63,62,67,77,86,92,74,6.5,4.8,0
2019-07-27,54,59,66,76,85,91,72,6.7,4.6,0
2019-07-28,50,56,64,75,84,90,70,3,2.3,0
2019-07-29,61,55,64,74,83,90,71,1.6,1.3,0
2019-07-30,60,55,63,74,83,90,71,4.4,3.3,0
2019-07-31,55,53,62,73,82,89,69,3.5,2.7,0
2019-08-01,51,52,62,73,82,89,68,3.1,2.3,0
2019-08-02,47,51,61,72,81,88,67,3.7,3,0
2019-08-03,51,50,60,71,81,88,67,2.5,1.8,0
2019-08-04,48,49,59,71,80,87,66,3.3,2.5,0
2019-08-05,47,48,59,70,80,87,65,3,2.4,0
2019-08-06,45,46,58,70,79,86,64,3.2,2.4,0
2019-08-07,41,45,57,69,79,86,63,3,2,0
2019-08-08,37,43,56,68,78,85,61,4.5,3.1,0
2019-08-09,37,42,55,67,77,85,60,2.9,2.3,0
2019-08-10,55,41,54,67,77,84,63,4.4,3.1,0
2019-08-11,49,40,53,66,76,84,61,4.5,3,0
2019-08-12,46,39,52,65,76,83,60,3.3,2.4,0
2019-08-13,56,39,51,65,75,83,61,3,2.4,0
2019-08-14,51,39,51,64,75,83,60,3.4,2.3,0
2019-08-15,50,39,50,64,74,82,60,2.2,1.9,0
2019-08-16,51,39,50,63,74,82,60,3.3,2.5,0
2019-08-17,46,38,49,63,74,82,59,3.1,1.9,0
2019-08-18,52,38,49,62,73,81,59,2.4,2.1,0
2019-08-19,68,39,49,62,73,81,62,3.7,2.8,0
2019-08-20,62,39,48,61,72,81,61,2.3,1.8,0
2019-08-21,57,39,48,61,72,80,59,3.1,2.3,0
2019-08-22,51,39,47,60,71,80,58,3.5,2.8,0
2019-08-23,45,38,46,60,71,79,56,3.7,3.1,0
2019-08-24,39,36,45,59,70,79,55,4,3.1,0
2019-08-25,34,34,44,58,69,78,53,4,2.9,0
2019-08-26,29,32,43,57,69,77,51,4.3,3.2,0
2019-08-27,26,31,42,56,68,77,50,3.1,2.3,0
2019-08-28,24,29,41,55,67,76,49,3.6,3,0
2019-08-29,21,28,40,54,66,76,47,3.3,2.5,0
2019-08-30,18,26,39,53,66,75,46,3,2.3,0
2019-08-31,15,24,38,53,65,74,45,4.2,2.8,0
2019-09-01,14,23,37,52,64,74,44,2,1,0
2019-09-02,13,22,37,51,64,74,43,2.5,1.2,0
2019-09-03,12,22,36,51,63,73,43,2.7,1.5,0
2019-09-04,10,21,35,50,63,73,42,3,1.9,0
2019-09-05,9,20,34,49,62,72,41,2.4,1.3,0
2019-09-06,9,19,34,49,62,72,41,2.7,1.5,0
2019-09-07,8,19,34,49,61,71,40,1.5,0.7,0
2019-09-08,8,18,33,48,61,71,40,1.6,0.9,0
2019-09-09,8,18,33,48,61,71,40,1.2,0.3,0
2019-09-10,8,18,33,48,61,71,40,2.3,1,0
2019-09-11,7,17,32,47,60,70,39,2.7,1.4,0
2019-09-12,7,17,32,47,60,70,39,2.5,1.1,0
2019-09-13,6,16,32,47,59,70,38,1.6,0.7,0
2019-09-14,6,16,31,46,59,69,38,2.2,1,0
2019-09-15,6,16,31,46,59,69,38,3.1,1.3,0
2019-09-16,15,15,30,45,58,69,39,0.8,0.3,0
2019-09-17,23,16,30,45,58,68,40,1.7,1.3,0
2019-09-18,22,16,30,45,58,68,40,1.7,1,0
2019-09-19,20,16,30,45,58,68,39,1.6,0.9,0
2019-09-20,19,16,30,45,57,68,39,1.6,1,0
2019-09-21,17,16,29,44,57,67,38,2.5,1.6,0
2019-09-22,15,15,29,44,56,67,38,2.6,1.8,0
2019-09-23,14,15,28,43,56,67,37,0.9,0.5,0
2019-09-24,13,15,28,43,56,66,37,2,1,0
2019-09-25,27,15,28,43,56,66,39,1.2,1.1,0
2019-09-26,40,16,28,43,56,66,41,1.2,1.1,0
2019-09-27,71,18,28,43,55,66,47,1.5,1.2,0
2019-09-28,77,21,28,43,55,66,48,2,1.5,0
2019-09-29,82,24,28,43,55,66,49,1.9,1.4,0
2019-09-30,117,29,29,42,55,65,56,1.9,1.8,0
2019-10-01,113,35,29,42,55,65,57,1.4,1.2,0
2019-10-02,117,42,30,43,55,65,59,1.5,1.4,0
2019-10-03,111,50,31,43,55,65,59,1,0.7,0
2019-10-04,113,56,32,43,55,65,61,0.8,0.5,0
2019-10-05,122,67,34,43,55,65,64,0.9,0.8,0
2019-10-06,112,74,36,43,55,65,64,1,0.5,0
2019-10-07,105,77,39,43,55,65,64,1.3,0.9,0
2019-10-08,102,77,41,43,55,65,64,0.8,0.4,0
2019-10-09,103,78,43,44,55,65,64,1.3,1.3,0
2019-10-10,104,79,46,44,55,65,65,1.2,1.2,0
2019-10-11,101,79,48,45,55,65,65,1.6,0.9,0
2019-10-12,97,78,49,45,55,64,65,1.9,1.2,0
2019-10-13,93,77,51,45,55,64,64,2.3,1.2,0
2019-10-14,89,76,51,46,55,64,63,1.7,1.3,0
2019-10-15,87,74,52,46,54,64,63,1.4,1.2,0
2019-10-16,123,85,53,47,54,64,71,1.3,1.1,0
2019-10-17,116,94,56,47,55,64,72,1.5,0.8,0
2019-10-18,120,100,59,48,55,64,74,1.5,1.2,0
2019-10-19,114,102,63,49,55,64,74,1.3,0.9,0
2019-10-20,110,101,66,49,55,64,74,0.9,0.5,0
2019-10-21,107,99,68,50,55,64,74,1,0.6,0
2019-10-22,104,97,70,51,55,64,74,0.7,0.7,0
2019-10-23,101,96,71,52,55,64,73,0.7,0.5,0
2019-10-24,99,94,72,53,55,64,73,0.9,0.5,0
2019-10-25,97,93,73,54,56,64,73,1.4,1,0
2019-10-26,94,91,73,55,56,63,72,1.6,1,0
2019-10-27,94,90,73,56,56,63,72,1,0.5,0
2019-10-28,94,90,73,56,56,64,72,0.5,0.3,0
2019-10-29,93,89,74,57,57,64,72,0.4,0.3,0
2019-10-30,92,88,74,58,57,64,72,0.4,0.1,0
2019-10-31,91,88,74,58,57,64,72,0.5,0.3,0
2019-11-01,91,87,74,59,58,64,72,0.6,0.1,0
2019-11-02,97,87,74,60,58,64,73,1.2,0.9,0
2019-11-03,96,87,74,60,58,64,73,1,0.7,0
2019-11-04,97,87,74,61,59,64,74,0.7,0.7,0
2019-11-05,96,87,75,61,59,64,74,0.6,0.6,0
2019-11-06,98,87,75,62,59,64,74,0.5,0.2,0
2019-11-07,104,88,75,62,60,64,75,0.6,0.6,0
2019-11-08,106,89,75,63,60,64,76,0.4,0,0
2019-11-09,123,99,76,63,60,64,81,0.4,0.3,0
2019-11-10,116,105,78,64,61,64,81,0.3,0,0
2019-11-11,112,105,81,65,61,65,81,0.7,0.4,0
2019-11-12,110,104,83,65,61,65,81,1,0.2,0
2019-11-13,107,103,85,66,62,65,81,0.6,0.1,0
2019-11-14,106,103,86,67,62,65,81,0.7,0.2,0
2019-11-15,104,102,86,68,62,65,81,0.6,0.1,0
2019-11-16,115,103,87,69,63,65,84,0.4,0.2,0
2019-11-17,114,106,88,69,63,65,84,0.3,0,0
2019-11-18,116,107,90,70,64,65,85,0.5,0.3,0
2019-11-19,118,110,92,71,64,66,87,0.5,0.5,0
2019-11-20,114,111,94,72,65,66,87,0.1,0.1,0
2019-11-21,111,110,96,74,65,66,87,0.4,0,0
2019-11-22,110,109,97,75,66,66,87,0.5,0.2,0
2019-11-23,108,108,97,76,66,66,87,0.3,0.3,0
2019-11-24,107,107,97,77,67,67,87,0.2,0,0
2019-11-25,106,106,97,78,67,67,87,0.3,0,0
2019-11-26,105,105,97,79,68,67,87,0.6,0.2,0
2019-11-27,104,104,97,80,68,67,87,1,0.4,0
2019-11-28,105,104,97,81,69,68,87,1.2,0.6,0
2019-11-29,115,105,97,81,70,68,89,0.6,0.6,0
2019-11-30,112,107,97,82,70,68,89,0.2,0,0
2019-12-01,109,107,98,82,71,68,89,0.2,0,0
2019-12-02,108,107,98,83,71,69,89,0.3,0.1,0
2019-12-03,107,106,98,84,72,69,89,0.4,0.1,0
2019-12-04,106,106,99,84,72,69,89,0,0,0
2019-12-05,105,105,99,85,73,70,89,0,0.1,0
2019-12-06,107,105,99,85,74,70,90,0.7,0.4,0
2019-12-07,117,107,99,86,74,70,92,0.8,0.8,0
2019-12-08,115,110,100,86,75,70,93,1.3,0.7,0
2019-12-09,115,110,101,87,75,71,93,0.8,0.9,0
2019-12-10,116,112,102,87,76,71,94,0.4,0.5,0
2019-12-11,119,114,103,88,76,71,95,0.7,0.2,0
2019-12-12,121,121,109,90,77,72,98,0.5,0.3,0
2019-12-13,117,118,112,93,77,72,98,0.6,0.3,0
2019-12-14,121,118,113,97,78,72,100,0.9,1,0
2019-12-15,122,120,115,100,80,73,101,0.9,0.9,0
2019-12-16,118,119,117,103,81,73,102,0.6,0.2,0
2019-12-17,115,117,116,106,84,74,102,1.1,0.7,0
2019-12-18,113,115,115,107,86,74,102,0.4,0.1,0
2019-12-19,111,113,114,107,89,75,101,0.3,0.2,0
2019-12-20,110,112,113,107,90,76,101,0.8,0.3,0
2019-12-21,109,111,112,107,92,77,101,0.5,0.1,0
2019-12-22,108,110,111,107,93,78,101,0.7,0.2,0
2019-12-23,107,109,110,107,94,79,101,0.7,0.5,0
2019-12-24,115,111,109,107,95,80,103,0.6,0.4,0
2019-12-25,125,123,115,107,96,80,108,0.5,0.2,0
2019-12-26,121,123,121,112,97,81,109,0.3,0.2,0
2019-12-27,117,119,120,116,101,82,109,0,0.3,0
2019-12-28,115,117,118,116,104,84,109,0.2,0,0
2019-12-29,113,116,117,116,106,86,109,0.1,0,0
2019-12-30,112,114,116,115,107,89,109,0.5,0.2,0
2019-12-31,111,113,115,114,108,91,109,0.4,0,0
2020-01-01,106,107,101,89,80,75,93,0,0.1,0
2020-01-02,105,106,101,90,80,75,93,0,0.2,5
2020-01-03,107,106,101,90,81,76,93,0.6,0.3,0
2020-01-04,115,107,101,91,81,76,95,0.7,0.4,0
2020-01-05,119,113,102,91,82,76,97,0.3,0,0
2020-01-06,115,114,105,92,82,76,97,0.6,0.3,0
2020-01-07,112,113,106,93,82,77,97,0.5,0.2,0
2020-01-08,113,112,107,94,83,77,98,0.6,0.2,0
2020-01-09,125,121,112,96,83,77,102,0.7,0.3,0
2020-01-10,122,123,122,103,84,77,105,0.7,1,0
2020-01-11,119,120,120,110,87,78,106,0.4,0.5,0
2020-01-12,116,118,118,112,91,78,106,0.7,0.1,0
2020-01-13,114,116,117,112,95,79,105,0.5,0.4,0
2020-01-14,112,115,115,112,98,80,105,1.8,0.4,0
2020-01-15,110,113,114,112,100,81,105,1.8,0.6,0
2020-01-16,109,112,113,111,101,83,105,0.3,0.1,0
2020-01-17,108,111,112,111,102,84,104,0.4,0.3,0
2020-01-18,107,110,111,110,102,85,104,0.5,0.3,0
2020-01-19,108,109,110,110,103,86,104,0.4,0.2,0
2020-01-20,108,109,110,109,103,87,104,0.1,0.3,0
2020-01-21,107,109,109,109,103,88,104,0,0.1,0
2020-01-22,106,108,109,108,103,89,104,0.3,0,2
2020-01-23,106,108,109,108,103,90,104,0.3,0,0
2020-01-24,105,107,108,108,103,91,104,0.3,0.1,3
2020-01-25,105,107,108,107,103,91,104,0.4,0,2
2020-01-26,104,107,108,107,103,92,103,0.3,0.1,0
2020-01-27,106,106,107,107,103,93,104,0.7,0.4,0
2020-01-28,117,109,107,107,103,93,106,1,1.1,0
2020-01-29,114,111,108,106,103,94,106,0.9,0.6,0
2020-01-30,112,111,109,107,103,94,106,1,0.5,0
2020-01-31,112,111,109,107,103,94,106,1.4,1.1,0
2020-02-01,120,116,110,107,103,95,108,1.2,0.7,0
2020-02-02,124,124,119,109,103,95,112,1.1,1,0
2020-02-03,122,123,122,116,105,95,114,1,1,0
2020-02-04,123,125,126,124,114,97,118,0.7,0.7,0
2020-02-05,118,121,122,123,121,104,118,0.6,0.2,0
2020-02-06,116,119,120,121,120,110,118,0.6,0,0
2020-02-07,114,117,119,119,119,113,117,0.7,0.1,0
2020-02-08,112,115,117,118,118,114,116,0.8,0.2,0
2020-02-09,111,114,116,117,117,114,115,2,0.7,0
2020-02-10,125,126,124,121,118,114,121,1.6,2,0
2020-02-11,122,123,124,125,124,118,123,1.5,1.7,0
2020-02-12,118,120,122,123,123,122,121,1.2,0.9,0
2020-02-13,117,118,120,121,122,121,120,0.7,0.2,0
2020-02-14,118,118,119,120,120,120,119,0.7,0.7,0
2020-02-15,115,117,118,119,120,119,118,1.2,0.7,0
2020-02-16,112,115,117,118,119,119,117,3.1,1,0
2020-02-17,115,115,116,117,118,118,116,1.4,1.1,0
2020-02-18,116,115,116,116,117,117,116,1.3,1.3,0
2020-02-19,117,116,116,116,117,117,116,1.2,0.9,0
2020-02-20,115,116,116,116,116,117,116,1.1,0.4,0
2020-02-21,119,117,116,116,116,116,117,1.5,1,0
2020-02-22,116,117,116,116,116,116,116,1.7,0.7,0
2020-02-23,126,125,123,122,121,118,122,1.4,1.6,0
2020-02-24,122,123,124,125,126,126,124,1.1,0.4,0
2020-02-25,122,123,123,123,124,124,123,1.4,1.1,0
2020-02-26,122,122,122,123,123,123,123,0.7,0.6,0
2020-02-27,122,123,123,123,123,123,123,0.7,0.5,0
2020-02-28,121,122,122,123,123,123,122,1.1,0.7,0
2020-02-29,123,123,123,122,123,123,123,1.4,1.4,0
2020-03-01,118,120,122,122,122,122,121,1.7,0.9,0
2020-03-02,116,118,120,121,121,122,120,1.2,1.1,0
2020-03-03,120,119,119,120,120,121,120,0.9,0.7,0
2020-03-04,117,118,119,119,120,120,119,0.7,0.3,0
2020-03-05,115,117,118,119,119,120,118,1.1,0.6,0
2020-03-06,125,122,120,119,119,119,121,0.7,0.6,0
2020-03-07,122,124,125,124,122,120,123,1,0.6,0
2020-03-08,117,120,122,122,123,122,121,1.5,0.6,0
2020-03-09,114,118,119,121,122,122,119,1.2,0.6,0
2020-03-10,120,118,118,119,120,121,120,1,0.9,0
2020-03-11,122,122,121,120,120,120,121,1,0.9,0
2020-03-12,121,121,121,121,120,120,121,2.5,1.7,0
2020-03-13,118,120,120,121,121,120,120,1.5,0.6,0
2020-03-14,115,118,119,120,120,120,119,1.4,1.1,0
2020-03-15,112,116,118,119,120,120,117,2.1,1.2,0
2020-03-16,109,113,116,117,119,119,115,1.7,1.5,0
2020-03-17,106,111,114,116,118,118,114,1.7,1.5,0
2020-03-18,104,109,113,115,117,118,112,2,1.6,0
2020-03-19,101,107,111,114,116,117,111,1.5,1.2,0
2020-03-20,100,106,110,113,115,116,110,0.8,0.2,0
2020-03-21,101,106,110,112,114,115,110,1.7,0.8,0
2020-03-22,100,105,109,112,113,115,109,2.1,0.3,0
2020-03-23,100,105,108,111,113,114,109,2,0.3,0
2020-03-24,99,104,108,110,112,114,108,2.3,0.5,0
2020-03-25,98,103,107,110,112,113,107,2.4,0.8,0
2020-03-26,97,102,106,109,111,113,106,2.5,0.7,0
2020-03-27,95,101,106,109,111,112,105,2.6,1.6,0
2020-03-28,92,100,105,108,110,112,104,2.2,1.4,0
2020-03-29,91,99,104,107,110,111,104,1.3,0.2,0
2020-03-30,91,98,103,107,109,111,103,1.1,0.1,0
2020-03-31,91,98,103,106,109,111,103,1.6,0.5,0
2020-04-01,90,97,102,106,108,110,102,1.9,0.9,0
2020-04-02,89,96,102,105,108,110,102,1.9,1.1,0
2020-04-03,88,95,101,105,107,109,101,1.7,1,0
2020-04-04,86,94,100,104,107,109,100,2.3,1.4,0
2020-04-05,84,93,99,104,106,108,99,3.3,1.9,0
2020-04-06,80,91,98,103,106,108,98,3.9,2.6,0
2020-04-07,77,89,97,102,105,107,96,2.6,1.7,0
2020-04-08,74,87,96,101,104,107,95,3,2.5,0
2020-04-09,70,85,94,100,104,106,93,2.9,2,0
2020-04-10,68,83,93,99,103,106,92,2.6,2.1,0
2020-04-11,65,81,92,99,103,105,91,2.9,2.3,0
2020-04-12,61,78,91,98,102,105,89,2.8,2.3,0
2020-04-13,60,77,89,97,101,104,88,2.8,1.3,0
2020-04-14,59,76,89,96,101,104,88,2.3,0.8,0
2020-04-15,58,75,88,96,100,104,87,2.7,2,0
2020-04-16,55,73,86,95,100,103,85,3.2,2.9,0
2020-04-17,51,70,85,94,99,102,84,3,2.2,0
2020-04-18,49,69,84,93,98,102,82,2.9,2.1,0
2020-04-19,61,67,82,92,98,102,84,3.6,2.5,0
2020-04-20,58,66,81,91,97,101,82,4.1,2.2,0
2020-04-21,55,64,80,90,97,101,81,4.8,2.4,0
2020-04-22,51,63,79,89,96,100,79,4.4,2.7,0
2020-04-23,47,61,77,88,95,99,78,3.5,2.6,0
2020-04-24,44,59,76,87,94,99,76,3.4,2.6,0
2020-04-25,41,57,75,86,94,98,75,2.6,1.7,0
2020-04-26,39,55,73,85,93,98,74,3.2,2.4,0
2020-04-27,36,53,72,84,92,97,72,3.4,2.7,0
2020-04-28,33,52,71,83,91,97,71,2.1,1.6,0
2020-04-29,40,51,70,83,91,96,72,2.2,2.2,0
2020-04-30,46,51,69,82,91,96,73,2.8,2.5,0
2020-05-01,50,51,69,82,90,96,73,2.2,2,0
2020-05-02,67,52,69,81,90,95,76,1.8,1.5,0
2020-05-03,74,53,68,81,89,95,77,1.9,1.2,0
2020-05-04,77,54,68,81,89,95,77,1.6,1.3,0
2020-05-05,75,55,68,80,89,94,77,3.1,2,0
2020-05-06,69,55,67,80,88,94,76,3.2,2.4,0
2020-05-07,64,54,66,79,88,94,74,3.7,2.9,0
2020-05-08,58,53,65,78,87,93,72,3.6,3,0
2020-05-09,52,52,64,77,86,92,71,3.4,2.6,0
2020-05-10,49,51,63,76,86,92,70,1.7,1.1,0
2020-05-11,57,51,63,76,85,92,71,1.3,1,0
2020-05-12,63,52,63,76,85,92,72,1.9,0.8,0
2020-05-13,60,52,63,75,85,91,71,2.4,1.6,0
2020-05-14,57,51,62,75,84,91,70,2.5,1.4,0
2020-05-15,54,51,62,74,84,90,69,2.9,2,0
2020-05-16,50,50,61,74,83,90,68,3,2.2,0
2020-05-17,46,49,60,73,83,90,67,3.6,2.5,0
2020-05-18,41,47,59,72,82,89,65,4,3.2,0
2020-05-19,37,45,58,71,81,88,63,3.4,2.6,0
2020-05-20,35,43,57,70,81,88,62,1.8,1.3,0
2020-05-21,32,42,56,70,80,87,61,4.4,3.4,0
2020-05-22,31,40,55,69,79,87,60,2.5,2,0
2020-05-23,41,40,54,68,79,86,61,2.4,2.2,0
2020-05-24,40,39,54,68,78,86,61,2.2,1.9,0
2020-05-25,40,39,54,67,78,86,61,2.6,1.9,0
2020-05-26,37,39,53,67,78,85,60,2.8,2,0
2020-05-27,34,37,52,66,77,85,58,4,3.1,0
2020-05-28,29,35,51,65,76,84,57,4.4,2.9,0
2020-05-29,25,33,49,64,75,83,55,4.2,3.1,0
2020-05-30,22,32,48,63,74,83,53,3.4,2.5,0
2020-05-31,19,30,47,62,74,82,52,3.6,2.6,0
2020-06-01,16,28,45,61,72,81,50,4.8,3.6,0
2020-06-02,13,25,43,59,71,80,49,4.7,3.8,0
2020-06-03,13,23,41,58,70,79,47,3.8,3.6,0
2020-06-04,21,23,41,57,70,79,48,1.2,0.9,0
2020-06-05,41,23,41,57,70,79,52,2.5,2,0
2020-06-06,51,25,41,57,69,79,53,3.1,2.5,0
2020-06-07,46,25,40,56,69,78,52,3.8,2.6,0
2020-06-08,40,25,39,55,68,78,51,3.1,2.1,0
2020-06-09,39,25,39,55,68,77,50,2.1,1.7,0
2020-06-10,42,25,39,55,67,77,51,2.9,2.1,0
2020-06-11,46,26,38,54,67,77,51,2.5,1.9,0
2020-06-12,42,26,38,54,66,76,50,4.6,3.3,0
2020-06-13,41,25,37,53,66,76,49,4.8,3.7,0
2020-06-14,99,28,36,52,65,75,59,1.8,1.7,0
2020-06-15,126,116,98,55,65,75,89,1.2,0.9,0
2020-06-16,118,121,123,67,65,75,95,3.1,2.4,0
2020-06-17,114,116,116,77,66,75,94,3.1,2.5,0
2020-06-18,122,122,121,86,67,75,99,1.2,1,0
2020-06-19,119,122,123,102,70,75,102,3.6,2.8,0
2020-06-20,112,116,117,107,74,75,100,4,2.6,0
2020-06-21,106,112,114,106,78,75,98,4.7,3.5,0
2020-06-22,101,108,111,105,81,75,97,2.9,2,0
2020-06-23,96,105,108,103,83,76,95,5,3.7,0
2020-06-24,89,100,105,102,85,77,93,5.1,3.9,0
2020-06-25,84,97,103,100,85,77,91,4.3,3,0
2020-06-26,78,93,100,99,85,78,89,5.4,3.9,0
2020-06-27,73,90,98,97,86,78,87,5,3.5,0
2020-06-28,68,86,96,96,86,78,85,3.1,2,0
2020-06-29,65,84,94,94,86,79,84,4.5,3,0
2020-06-30,61,81,91,93,86,79,82,5.4,3.3,0
2020-07-01,58,78,90,92,85,79,80,2.8,1.9,0
2020-07-02,59,76,88,91,85,80,80,3.2,2.5,0
2020-07-03,66,75,87,90,85,80,80,3.1,2.3,0
2020-07-04,62,73,85,88,85,80,79,4.2,2.7,0
2020-07-05,58,71,83,87,84,80,77,4,2.3,0
2020-07-06,55,69,82,86,84,80,76,3.6,2,0
2020-07-07,52,67,80,85,84,80,75,3.4,2.2,0
2020-07-08,63,66,79,84,83,80,76,1.3,0.9,0
2020-07-09,69,67,79,84,83,81,77,2.1,1.7,0
2020-07-10,69,67,78,83,83,81,77,2.4,2,0
2020-07-11,66,66,77,82,82,81,76,3.6,2.5,0
2020-07-12,61,64,76,81,82,81,74,3.8,2.7,0
2020-07-13,56,62,74,80,81,80,72,4.7,3.7,0
2020-07-14,50,59,72,79,81,80,70,4.1,3.4,0
2020-07-15,74,59,71,78,80,80,74,1.7,1.2,0
2020-07-16,93,61,71,78,80,80,77,1.5,1.2,0
2020-07-17,89,63,70,77,80,80,76,3.3,2.5,0
2020-07-18,82,63,69,76,79,80,75,4.1,3.3,0
2020-07-19,74,61,68,75,79,79,73,4.1,3.4,0
2020-07-20,68,60,67,75,78,79,71,2.7,1.8,0
2020-07-21,63,59,66,74,78,79,70,4.4,3.1,0
2020-07-22,57,57,65,73,77,79,68,3.7,2.9,0
2020-07-23,51,55,64,72,76,78,66,4.8,3.5,0
2020-07-24,46,52,62,71,75,78,64,4.1,3.4,0
2020-07-25,41,50,61,70,75,77,62,3.9,2.8,0
2020-07-26,62,49,60,69,74,77,65,3.9,3.3,0
2020-07-27,66,49,59,68,74,77,65,2.8,2.4,0
2020-07-28,61,48,58,68,73,77,64,4.8,3.4,0
2020-07-29,54,47,57,67,73,76,62,4.2,2.9,0
2020-07-30,48,45,56,66,72,76,61,4.2,3.2,0
2020-07-31,42,43,55,65,71,75,59,4.5,3.5,0
2020-08-01,37,41,53,64,71,75,57,3.7,3.2,0
2020-08-02,47,40,52,63,70,74,58,2.2,2,0
2020-08-03,50,40,52,62,70,74,58,3.3,2.4,0
2020-08-04,45,39,51,62,69,74,56,3.7,2.5,0
2020-08-05,39,38,50,61,68,73,55,4.2,3.3,0
2020-08-06,34,35,48,60,68,73,53,4.2,3.6,0
2020-08-07,28,33,46,58,67,72,51,4.4,3.7,0
2020-08-08,23,31,45,57,66,71,49,5,3.5,0
2020-08-09,19,28,43,56,65,71,47,4.6,2.9,0
2020-08-10,19,27,42,55,64,70,46,3.3,2.5,0
2020-08-11,17,25,41,54,63,70,45,4.7,3.6,0
2020-08-12,16,23,39,52,62,69,43,4.1,2.7,0
2020-08-13,88,24,38,52,61,68,55,2.8,2.5,0
2020-08-14,121,93,42,51,61,68,73,1.4,1.3,0
2020-08-15,120,123,55,52,61,68,80,2.6,2.2,0
2020-08-16,113,114,64,52,61,68,79,3.4,2.5,0
2020-08-17,107,107,70,53,61,68,77,2.1,1.5,0
2020-08-18,107,102,73,54,61,68,77,2.3,2,0
2020-08-19,106,100,74,55,60,67,77,3.6,2.7,0
2020-08-20,99,96,75,56,60,67,76,3.3,2.6,0
2020-08-21,93,93,74,56,60,67,74,3.2,2.5,0
2020-08-22,88,90,74,57,60,67,73,3.7,2.8,0
2020-08-23,82,86,73,58,60,67,71,3.3,2.2,0
2020-08-24,78,84,73,58,60,66,70,2.4,1.7,0
2020-08-25,75,81,72,59,60,66,69,2.5,1.9,0
2020-08-26,73,79,72,59,60,66,68,3.2,1.6,0
2020-08-27,70,77,71,59,60,66,67,2.8,1.7,0
2020-08-28,75,75,70,60,60,66,68,2.5,2.1,0
2020-08-29,87,74,69,60,60,66,69,2.3,1.8,0
2020-08-30,83,74,69,60,61,66,69,1.7,1.2,0
2020-08-31,98,74,68,61,61,66,71,1.7,1.4,0
2020-09-01,96,75,68,61,61,66,71,1.5,1.3,0
2020-09-02,92,75,68,61,61,66,70,2.4,2,0
2020-09-03,89,74,67,61,61,66,70,1.8,1.5,0
2020-09-04,94,75,67,61,61,66,71,1.8,1.8,0
2020-09-05,93,75,67,61,61,66,71,1.3,0.7,0
2020-09-06,90,75,67,62,61,66,70,2.1,1.5,0
2020-09-07,86,74,67,62,61,65,69,2.4,1.7,0
2020-09-08,81,73,66,61,61,65,68,2.7,2.3,0
2020-09-09,76,71,66,61,61,65,67,2.5,1.8,0
2020-09-10,72,70,65,61,61,65,66,2.1,1.8,0
2020-09-11,69,69,65,61,61,65,65,2.3,1.8,0
2020-09-12,65,67,64,61,61,65,64,2.6,2.2,0
2020-09-13,61,65,63,61,61,65,63,2.5,2.2,0
2020-09-14,56,62,62,60,61,65,61,2.7,2.6,0
2020-09-15,52,60,61,60,61,65,60,2.8,2.6,0
2020-09-16,48,57,60,59,61,64,58,2.6,2.2,0
2020-09-17,45,55,59,59,60,64,57,2.3,1.7,0
2020-09-18,42,53,58,59,60,64,56,2.6,2,0
2020-09-19,39,51,57,58,60,64,55,2.4,2.2,0
2020-09-20,36,49,56,58,60,64,54,2.2,2,0
2020-09-21,33,47,55,57,59,64,52,2.1,1.9,0
2020-09-22,31,45,53,57,59,63,51,2.2,1.9,0
2020-09-23,29,43,52,56,59,63,50,2.4,1.9,0
2020-09-24,26,42,51,55,59,63,49,2.9,1.9,0
2020-09-25,31,41,50,55,58,63,50,1.5,1.2,0
2020-09-26,46,40,50,55,58,63,52,0.7,0.3,0
2020-09-27,89,43,50,55,58,63,60,1.1,1,0
2020-09-28,84,46,50,55,58,63,59,1.2,0.9,0
2020-09-29,80,48,49,54,58,63,59,1,0.7,0
2020-09-30,76,49,49,54,58,63,58,1.1,0.7,0
2020-10-01,73,50,49,54,58,63,58,1.5,1.1,0
2020-10-02,74,51,49,54,58,63,58,1.7,1.6,0
2020-10-03,70,51,49,54,58,63,57,1.5,1,0
2020-10-04,67,51,49,53,58,62,57,1.7,0.9,0
2020-10-05,65,51,49,53,58,62,56,1.3,0.8,0
2020-10-06,67,51,49,53,58,62,57,0.9,0.9,0
2020-10-07,75,52,50,53,58,62,58,0.9,1.1,0
2020-10-08,81,54,50,53,58,62,60,1,0.9,0
2020-10-09,86,55,50,53,58,62,61,0.7,0.6,0
2020-10-10,93,58,50,53,58,62,62,1.1,0.9,0
2020-10-11,91,60,51,53,58,62,62,0.9,1,0
2020-10-12,88,61,51,53,58,62,62,0.7,0.6,0
2020-10-13,85,62,52,53,58,62,62,0.6,0.5,0
2020-10-14,87,63,52,53,58,62,63,0.6,0.3,0
2020-10-15,89,64,53,54,58,62,63,0.7,0.6,0
2020-10-16,87,65,53,54,58,62,63,0.8,0.4,0
2020-10-17,85,66,54,54,58,62,63,0.5,0.1,0
2020-10-18,84,66,54,54,58,62,63,0.7,0.5,0
2020-10-19,84,66,55,54,58,62,63,0.7,0.7,0
2020-10-20,85,67,55,54,58,62,63,0.9,0.5,0
2020-10-21,92,67,55,54,58,62,65,1.7,1.1,0
2020-10-22,90,68,56,54,58,62,65,1.2,0.9,0
2020-10-23,111,75,56,55,58,62,69,0.5,0.1,0
2020-10-24,120,98,59,55,58,62,75,1,0.9,0
2020-10-25,112,100,62,55,58,62,75,1.3,0.6,0
2020-10-26,115,100,65,56,58,62,76,0.7,0.4,0
2020-10-27,113,102,68,56,58,62,77,1.1,0.6,0
2020-10-28,110,101,71,57,58,62,76,1.2,0.7,0
2020-10-29,117,102,73,57,58,62,78,0.9,0.7,0
2020-10-30,123,113,77,58,58,62,82,0.7,0.4,0
2020-10-31,116,114,84,59,59,62,82,0.8,0.4,0
2020-11-01,118,112,88,61,59,62,83,0.9,0.6,0
2020-11-02,115,111,91,63,59,63,84,1.5,1.1,0
2020-11-03,114,110,93,65,59,63,84,0.8,1,0
2020-11-04,111,109,94,67,60,63,84,0.3,0.2,0
2020-11-05,108,107,94,68,60,63,84,0.1,0.2,0
2020-11-06,107,106,94,70,61,63,83,0.2,0.3,0
2020-11-07,105,105,94,71,61,63,83,0.2,0.3,0
2020-11-08,104,104,94,72,62,63,83,0.2,0.4,0
2020-11-09,102,103,94,73,62,63,83,0.2,0.1,0
2020-11-10,102,102,93,74,63,63,83,0.3,0.1,0
2020-11-11,101,101,93,75,64,63,83,0.4,0.1,0
2020-11-12,100,100,93,76,64,64,83,0.5,0.1,0
2020-11-13,100,100,93,76,65,64,83,0.3,0.2,0
2020-11-14,99,99,92,77,65,64,83,0.5,0.7,0
2020-11-15,98,98,92,77,66,64,83,1.1,0.6,0
2020-11-16,97,97,92,78,66,64,82,0.7,0.5,0
2020-11-17,100,97,91,78,67,65,83,0.8,0.5,0
2020-11-18,99,97,91,78,67,65,83,0.7,0.3,0
2020-11-19,99,96,91,79,68,65,83,0.7,0.8,0
2020-11-20,99,96,91,79,68,65,83,0.3,0,0
2020-11-21,98,96,90,79,69,66,83,0.7,0.5,0
2020-11-22,97,96,90,79,69,66,83,0.5,0.1,0
2020-11-23,97,95,90,80,70,66,83,0.1,0.2,0
2020-11-24,96,95,90,80,70,66,83,0.3,0.2,0
2020-11-25,95,95,90,80,70,67,83,0.2,0.2,0
2020-11-26,95,94,90,80,71,67,83,0.4,0,0
2020-11-27,94,94,89,80,71,67,83,0,0,0
2020-11-28,94,94,89,80,71,68,83,0.5,0.1,0
2020-11-29,94,93,89,81,72,68,83,0.3,0.1,0
2020-11-30,93,93,89,81,72,68,83,0.1,0,0
2020-12-01,97,93,89,81,72,68,83,0.3,0.1,0
2020-12-02,98,93,89,81,73,69,84,0.4,0.1,0
2020-12-03,98,93,89,81,73,69,84,0.6,0.3,0
2020-12-04,97,93,89,81,73,69,84,0.6,0.2,0
2020-12-05,96,93,88,81,74,69,84,0.3,0,0
2020-12-06,96,93,88,81,74,70,84,0.2,0,0
2020-12-07,99,93,88,81,74,70,84,0.4,0.1,0
2020-12-08,100,94,88,82,74,70,85,0,0.2,0
2020-12-09,99,94,88,82,75,70,85,0.3,0,0
2020-12-10,101,94,88,82,75,70,85,0.3,0,0
2020-12-11,100,94,89,82,75,71,85,0.6,0.4,0
2020-12-12,99,94,89,82,75,71,85,0.4,0.1,0
2020-12-13,98,94,89,82,75,71,85,0.3,0,0
2020-12-14,98,94,89,82,76,71,85,0.6,0.4,0
2020-12-15,97,94,89,82,76,72,85,0.5,0.1,0
2020-12-16,96,94,89,82,76,72,85,0.1,0.1,0
2020-12-17,95,94,89,82,76,72,85,0.5,0,0
2020-12-18,95,93,89,83,76,72,85,0,0.1,0
2020-12-19,94,93,89,83,76,72,85,0.2,0.2,0
2020-12-20,94,93,89,83,77,73,85,0.4,0,0
2020-12-21,99,93,89,83,77,73,85,0.3,0.4,0
2020-12-22,109,94,89,83,77,73,87,0.5,0.5,0
2020-12-23,117,98,89,83,77,73,90,0.3,0.1,0
2020-12-24,121,110,91,83,77,73,92,0.5,0.3,0
2020-12-25,116,112,94,84,78,73,93,0.4,0.3,0
2020-12-26,113,111,97,84,78,74,93,0.4,0.3,0
2020-12-27,110,110,99,85,78,74,93,0.8,0.1,0
2020-12-28,110,109,100,86,78,74,93,0.4,0.2,0
2020-12-29,109,109,100,86,79,74,93,0.4,0.2,0
2020-12-30,108,108,101,87,79,74,93,0.4,0.2,0
2020-12-31,107,107,101,88,79,75,93,0.4,0,0
2021-01-01,110,107,101,89,80,75,93,0.2,0.1,0
2021-01-02,109,107,101,89,80,75,94,0.4,0.1,0
2021-01-03,112,107,102,90,80,75,94,0.3,0.2,0
2021-01-04,117,110,102,90,81,75,96,0.2,0,0
2021-01-05,113,111,103,91,81,76,96,0.3,0,0
2021-01-06,113,111,104,92,82,76,96,0.4,0.1,0
2021-01-07,111,111,105,93,82,76,96,0.4,0.2,0
2021-01-08,111,110,105,93,83,76,96,0.2,0,0
2021-01-09,111,110,106,94,83,77,97,0.3,0.2,0
2021-01-10,109,110,106,95,84,77,97,0.2,0.1,0
2021-01-11,108,109,106,96,84,77,97,0.7,0.3,0
2021-01-12,112,109,106,96,85,78,98,0.4,0.2,0
2021-01-13,116,111,106,97,85,78,99,0.6,0.4,0
2021-01-14,116,113,107,97,86,78,100,0.4,0.3,0
2021-01-15,113,113,108,98,86,79,99,0.4,0.1,2
2021-01-16,111,112,109,99,87,79,99,0.5,0.2,4
2021-01-17,111,111,109,100,87,79,100,0.3,0.2,7
2021-01-18,112,111,109,100,88,80,100,0.3,0.2,6
2021-01-19,119,114,109,101,89,80,102,0.6,0.4,0
2021-01-20,119,119,113,102,89,81,104,1.2,0.7,0
2021-01-21,115,117,114,104,90,81,104,1.5,0.8,0
2021-01-22,115,115,114,106,92,81,104,0.6,0.3,0
2021-01-23,113,114,114,107,93,82,104,0.2,0.2,0
2021-01-24,119,116,113,108,95,83,105,0.3,0.1,0
2021-01-25,118,118,115,109,96,83,106,0.1,0.3,0
2021-01-26,121,119,116,110,98,84,108,0.3,0.2,0
2021-01-27,118,119,117,112,99,85,108,0.3,0.3,0
2021-01-28,122,122,119,113,101,86,110,0.3,0,0
2021-01-29,125,126,126,123,110,88,116,0.4,0.1,0
2021-01-30,123,125,125,126,125,98,120,0.6,0.5,0
2021-01-31,118,121,122,123,123,111,120,0.4,0.2,0
2021-02-01,116,119,120,121,121,115,119,0.4,0.1,3
2021-02-02,117,117,119,120,120,116,118,0.3,0.1,0
2021-02-03,121,119,119,119,119,116,119,0.6,0.3,0
2021-02-04,122,123,121,120,118,116,120,0.5,0.8,0
2021-02-05,121,122,121,121,119,116,120,0.4,0,0
2021-02-06,121,122,122,122,120,118,121,0.5,0.4,0
2021-02-07,126,127,127,127,126,123,126,0.5,0.7,0
2021-02-08,126,127,127,127,127,128,127,0.3,0.4,0
2021-02-09,121,123,124,125,125,126,124,0.1,0.4,0
2021-02-10,117,120,121,123,123,124,121,0.2,0.1,0
2021-02-11,115,118,120,121,122,122,120,0.3,0.5,0
2021-02-12,114,116,118,120,121,121,118,0.2,0,0
2021-02-13,112,115,117,119,120,120,117,0.2,0,0
2021-02-14,111,114,116,118,119,120,116,0.3,0.1,0
2021-02-15,112,114,115,117,118,119,116,0.8,0.1,0
2021-02-16,114,114,115,116,117,118,116,0.5,0.5,0
2021-02-17,114,114,115,116,117,118,116,0.6,0.6,0
2021-02-18,112,114,115,115,116,117,115,0.8,0.4,0
2021-02-19,111,113,114,115,116,117,114,0.9,1,0
2021-02-20,109,112,113,115,115,116,113,1.1,0.9,0
2021-02-21,106,110,112,114,115,116,112,1.3,1,0
2021-02-22,104,109,111,113,114,115,111,0.8,0.7,0
2021-02-23,103,107,110,112,114,115,110,1.3,1,0
2021-02-24,101,106,110,112,113,114,109,1.4,0.9,0
2021-02-25,99,105,109,111,113,114,108,1.1,1,0
2021-02-26,104,104,108,110,112,113,109,0.7,0.5,0
2021-02-27,107,105,108,110,112,113,109,0.5,0.2,0
2021-02-28,105,106,107,109,111,112,109,0.7,0.4,0
2021-03-01,104,105,107,109,111,112,108,0.6,0.1,0
2021-03-02,103,105,107,109,110,112,108,1,0.7,0
2021-03-03,101,104,106,108,110,111,107,0.9,0.6,0
2021-03-04,103,104,106,108,110,111,107,0.6,0.2,0
2021-03-05,107,104,106,108,109,111,107,0.9,0.6,0
2021-03-06,105,105,106,108,109,110,107,0.8,0.2,0
2021-03-07,104,105,106,107,109,110,107,0.8,0.1,0
2021-03-08,103,105,106,107,109,110,107,1.1,0.3,0
2021-03-09,106,104,106,107,108,110,107,0.6,0.2,0
2021-03-10,109,105,106,107,108,109,107,0.9,0.7,0
2021-03-11,111,106,106,107,108,109,108,1.5,1.4,0
2021-03-12,122,118,108,107,108,109,112,1.6,1.2,0
2021-03-13,121,120,113,108,108,109,113,1.3,1.5,0
2021-03-14,119,120,117,110,108,109,114,1.1,0.5,0
2021-03-15,121,120,118,113,109,109,115,0.9,0.9,0
2021-03-16,117,119,119,115,111,109,115,0.9,0.6,0
2021-03-17,115,117,118,116,113,110,115,1,0.6,0
2021-03-18,113,116,117,116,114,111,114,0.7,0.2,0
2021-03-19,112,114,116,116,115,112,114,1.2,0.2,0
2021-03-20,110,113,115,115,115,113,113,1.3,0.3,0
2021-03-21,109,112,114,115,115,113,113,1.3,0.3,0
2021-03-22,108,111,113,114,114,114,112,1.1,0.5,0
2021-03-23,107,110,112,113,114,114,112,1,0.2,0
2021-03-24,105,109,111,113,113,113,111,1.8,1.3,0
2021-03-25,103,107,110,112,113,113,110,1.5,1.2,0
2021-03-26,101,106,109,111,112,113,109,2.2,1.8,0
2021-03-27,104,105,108,111,112,112,109,1.4,1.4,0
2021-03-28,108,106,108,110,111,112,109,1.6,1.2,0
2021-03-29,104,105,107,109,111,112,108,2.9,2,0
2021-03-30,100,104,106,109,110,111,107,2.5,2.2,0
2021-03-31,96,101,105,108,110,111,105,2.6,2.3,0
2021-04-01,92,99,104,107,109,110,104,2.6,1.8,0
2021-04-02,90,98,103,106,108,110,103,1.7,0.5,0
2021-04-03,90,97,103,106,108,109,102,1.9,0.9,0
2021-04-04,89,97,102,105,107,109,101,1.3,0.3,0
2021-04-05,91,96,102,105,107,109,102,1.1,1,0
2021-04-06,104,97,101,105,107,108,104,1.3,1.3,0
2021-04-07,107,98,101,104,107,108,104,1,0.8,0
2021-04-08,109,100,101,104,106,108,105,1.4,0.6,0
2021-04-09,106,101,101,104,106,108,104,2.3,1.3,0
2021-04-10,116,104,101,103,106,107,106,0.9,0.7,0
2021-04-11,123,120,105,104,105,107,111,1,0.7,0
2021-04-12,121,123,117,106,105,107,113,1.3,0.7,0
2021-04-13,118,119,118,110,106,107,113,1.4,0.9,0
2021-04-14,116,117,117,113,108,107,113,1.5,0.9,0
2021-04-15,113,115,116,114,109,107,113,1.5,0.5,0
2021-04-16,111,114,115,114,111,108,112,2.2,0.9,0
2021-04-17,109,112,114,114,111,109,111,1.4,0.5,0
2021-04-18,108,111,113,113,112,110,111,1.5,1.2,0
2021-04-19,109,110,112,112,112,110,111,1.7,1.2,0
2021-04-20,106,109,111,112,111,110,110,2.3,1.4,0
2021-04-21,102,107,109,111,111,110,108,2.8,2.1,0
2021-04-22,99,105,108,110,111,110,107,2.4,1.1,0
2021-04-23,97,104,107,109,110,110,106,2.2,1.2,0
2021-04-24,95,102,106,108,110,110,105,2.1,1.2,0
2021-04-25,94,101,105,108,109,110,104,2.2,0.9,0
2021-04-26,91,99,104,107,109,109,103,2.9,1.9,0
2021-04-27,88,97,103,106,108,109,102,3.3,1.9,0
2021-04-28,85,95,102,105,107,108,100,3.4,2.4,0
2021-04-29,101,95,101,105,107,108,102,2.1,2.2,0
2021-04-30,100,95,100,104,106,108,102,1,0.3,0
2021-05-01,98,96,100,104,106,107,102,2,1.2,0
2021-05-02,96,95,99,103,105,107,101,1.9,0.7,0
2021-05-03,93,95,99,103,105,107,100,2.6,1.4,0
2021-05-04,91,94,98,102,105,106,99,3.1,1.5,0
2021-05-05,89,93,98,102,104,106,99,2.1,0.8,0
2021-05-06,88,93,98,101,104,106,98,1.9,1.3,0
2021-05-07,92,93,97,101,104,105,99,1.9,1.7,0
2021-05-08,91,92,97,101,103,105,98,2.9,1.9,0
2021-05-09,86,90,96,100,103,105,96,5.5,3.8,0
2021-05-10,81,87,94,99,102,104,95,3.5,2.6,0
2021-05-11,92,87,93,98,102,104,96,1.4,1,0
2021-05-12,112,90,93,98,101,103,100,1.4,1.2,0
2021-05-13,111,95,93,98,101,103,100,2.3,1.7,0
2021-05-14,106,96,93,97,101,103,99,2,1.4,0
2021-05-15,106,96,94,97,100,103,99,2.3,2.2,0
2021-05-16,109,97,94,97,100,102,100,2.6,2.2,0
2021-05-17,105,98,94,97,100,102,99,2.3,1.5,0
2021-05-18,113,103,94,96,100,102,101,1.8,1.6,0
2021-05-19,120,118,100,97,99,102,106,2.7,2.1,0
2021-05-20,113,115,104,97,99,101,105,3.6,2.6,0
2021-05-21,107,111,105,98,99,101,103,4.4,2.5,0
2021-05-22,112,109,105,99,99,101,104,2.3,2.1,0
2021-05-23,110,108,105,99,99,101,104,3,2,0
2021-05-24,104,106,104,100,99,101,102,4.4,2.9,0
2021-05-25,101,104,103,100,99,100,101,2.4,1.7,0
2021-05-26,102,103,103,100,99,100,101,2.7,1.7,0
2021-05-27,118,106,102,100,99,100,104,1.3,1,0
2021-05-28,114,110,103,100,99,100,104,3.1,2.2,0
2021-05-29,109,109,104,100,99,100,104,2.5,1.7,0
2021-05-30,104,107,104,100,99,100,102,3.7,2.6,0
2021-05-31,98,103,103,100,99,100,100,4.7,3.5,0
2021-06-01,91,99,101,100,99,99,98,4.5,3.6,0
2021-06-02,85,95,99,99,98,99,96,5.2,4,0
2021-06-03,78,91,97,98,98,99,93,4.4,3.5,0
2021-06-04,73,88,95,97,98,99,92,3.8,2.8,0
2021-06-05,88,95,98,97,97,98,96,2.9,2.1,0
2021-06-06,122,124,125,114,99,98,114,1.1,0.8,0
2021-06-07,116,119,121,118,105,99,113,2.4,1.6,0
2021-06-08,111,116,118,117,109,100,112,3.4,2.3,0
2021-06-09,107,112,115,116,111,102,110,4.1,3.4,0
2021-06-10,101,109,112,114,111,103,108,4.5,3.2,0
2021-06-11,95,105,110,112,111,104,106,4.8,3.7,0
2021-06-12,91,102,108,110,110,105,104,3.3,1.9,0
2021-06-13,87,99,106,109,109,106,102,4.6,3,0
2021-06-14,81,96,104,107,108,106,100,5.3,4.1,0
2021-06-15,76,92,101,106,107,105,98,4.2,3.1,0
2021-06-16,71,89,99,104,106,105,96,4.9,3.8,0
2021-06-17,64,85,97,102,105,104,93,6.2,4.8,0
2021-06-18,58,80,94,101,103,104,90,5.9,4.6,0
2021-06-19,52,76,91,99,102,103,87,5.9,4.4,0
2021-06-20,47,72,89,97,101,102,85,5.3,3.9,0
2021-06-21,92,71,87,96,100,101,91,3.6,2.7,0
2021-06-22,89,72,86,95,99,101,90,3.1,2,0
2021-06-23,84,72,85,94,99,101,89,3.2,2.1,0
2021-06-24,80,72,84,93,98,100,88,1.9,1.2,0
2021-06-25,91,73,84,93,98,100,90,2.7,2.2,0
2021-06-26,87,73,83,92,97,99,88,4.6,3.6,0
2021-06-27,79,71,81,91,96,99,86,4.8,3.8,0
2021-06-28,74,70,80,90,95,98,85,3,2.2,0
2021-06-29,120,78,80,89,95,98,93,3.2,2.5,0
2021-06-30,115,87,80,89,94,98,94,2.6,1.9,0
2021-07-01,121,102,82,88,94,97,97,1,0.6,0
2021-07-02,119,116,89,89,94,97,101,1.8,1.2,0
2021-07-03,111,112,94,89,93,97,99,4.4,3.3,0
2021-07-04,105,107,96,89,93,96,98,2.8,2,0
2021-07-05,112,106,96,90,93,96,99,2.5,2.3,0
2021-07-06,120,116,98,91,93,96,102,2.7,2,0
2021-07-07,116,118,106,92,93,96,103,4.2,2.9,0
2021-07-08,109,113,107,93,93,95,102,3,2.2,0
2021-07-09,119,118,109,95,93,95,105,1.1,0.7,0
2021-07-10,121,124,121,101,93,95,109,3.2,2.3,0
2021-07-11,120,122,120,109,95,95,110,2.6,2.3,0
2021-07-12,118,121,121,114,98,95,111,4,3,0
2021-07-13,111,116,118,115,103,96,110,2.7,2.1,0
2021-07-14,123,123,123,121,114,98,117,1.4,1,0
2021-07-15,121,123,125,125,125,112,122,4,2.9,0
2021-07-16,121,123,124,125,126,123,124,1.6,1.1,0
2021-07-17,115,119,121,122,123,123,120,3.7,2.4,0
2021-07-18,109,115,118,120,121,121,117,4.1,2.9,0
2021-07-19,104,111,115,117,119,120,114,3.8,2.5,0
2021-07-20,100,108,113,116,117,118,112,2.9,1.9,0
2021-07-21,97,106,111,114,116,117,110,2.7,2,0
2021-07-22,94,104,109,113,115,116,108,2.9,2.1,0
2021-07-23,90,101,108,111,114,115,106,4.1,2.8,0
2021-07-24,87,99,106,110,112,114,105,3.3,2.4,0
2021-07-25,96,97,105,109,111,113,105,3.7,2.8,0
2021-07-26,91,95,103,108,110,112,103,4,3,0
2021-07-27,86,93,101,106,109,111,101,4,3,0
2021-07-28,84,91,100,105,109,111,100,3.4,2.6,0
2021-07-29,81,90,99,104,108,110,99,3.8,2.5,0
2021-07-30,76,87,97,103,107,109,97,4.4,3.2,0
2021-07-31,72,85,96,102,106,108,95,3.3,2,0
2021-08-01,73,84,95,101,105,108,94,2.3,1.9,0
2021-08-02,74,83,94,101,105,107,94,3.1,2.2,0
2021-08-03,72,82,93,100,104,107,93,2,1.4,0
2021-08-04,90,82,92,99,104,106,96,2.6,2.2,0
2021-08-05,118,92,92,99,103,106,102,2.7,2.3,0
2021-08-06,112,97,92,98,103,105,101,2.5,1.8,0
2021-08-07,110,98,93,98,102,105,101,2.9,2.3,0
2021-08-08,105,98,93,98,102,105,100,3.1,2,0
2021-08-09,101,97,94,97,101,104,99,2.7,1.8,0
2021-08-10,102,96,94,97,101,104,99,2.7,2.2,0
2021-08-11,103,96,94,97,101,104,99,2.8,2,0
2021-08-12,98,95,93,96,100,103,98,3.4,2.9,0
2021-08-13,92,93,93,96,100,103,96,3.4,2.9,0
2021-08-14,86,90,92,95,99,102,94,4,2.9,0
2021-08-15,81,87,91,95,99,102,92,3.5,2.9,0
2021-08-16,81,85,90,94,98,101,92,2.1,1.2,0
2021-08-17,86,85,89,94,98,101,92,2.6,1.9,0
2021-08-18,83,84,89,93,98,101,91,2.1,1.2,0
2021-08-19,81,84,88,93,97,100,91,1.5,0.8,0
2021-08-20,79,83,88,93,97,100,90,2.1,1.3,0
2021-08-21,76,81,87,92,97,100,89,3,2.4,0
2021-08-22,79,80,87,92,96,100,89,1.4,1.2,0
2021-08-23,88,81,86,92,96,99,90,1.9,1.5,0
2021-08-24,87,80,86,91,96,99,90,2.7,2,0
2021-08-25,82,79,85,91,95,99,88,2.9,2.2,0
2021-08-26,98,83,84,90,95,98,91,1.7,1.4,0
2021-08-27,123,104,86,90,95,98,99,1.4,1.4,0
2021-08-28,123,120,93,90,95,98,103,1.9,1.7,0
2021-08-29,126,127,124,97,95,98,111,1.1,0.9,0
2021-08-30,124,126,125,114,97,98,114,1.5,1.3,0
2021-08-31,119,122,123,121,105,98,115,2.1,1.5,0
2021-09-01,114,118,120,120,112,100,114,2,1.5,0
2021-09-02,111,115,117,118,114,103,113,2.3,1.5,0
2021-09-03,107,112,115,116,114,106,112,2.7,2,0
2021-09-04,104,110,113,114,114,108,111,1.8,1.2,0
2021-09-05,102,108,111,113,113,109,109,2.5,1.8,0
2021-09-06,98,106,110,112,112,110,108,2.3,2.1,0
2021-09-07,95,103,108,111,111,110,106,2.4,2,0
2021-09-08,92,101,107,109,110,109,105,2.8,2.2,0
2021-09-09,88,99,105,108,110,109,103,2.8,2.2,0
2021-09-10,85,97,104,107,109,109,102,2.2,1.9,0
2021-09-11,85,96,103,106,108,108,101,1.9,2.1,0
2021-09-12,88,95,102,106,108,108,101,1.4,1.3,0
2021-09-13,88,94,101,105,107,107,100,2.1,1.9,0
2021-09-14,85,93,100,104,106,107,99,2.3,1.9,0
2021-09-15,89,91,99,103,106,107,99,1.4,1.1,0
2021-09-16,112,94,99,103,105,106,103,1.5,1.2,0
2021-09-17,107,97,98,102,105,106,103,1.2,0.7,0
2021-09-18,104,97,98,102,104,106,102,1.5,1.1,0
2021-09-19,101,97,98,102,104,105,101,1.3,0.7,0
2021-09-20,99,97,98,101,104,105,101,1.3,0.9,0
2021-09-21,96,96,98,101,103,105,100,1.6,1.4,0
2021-09-22,93,95,97,100,103,104,99,1.6,1.1,0
2021-09-23,90,94,97,100,102,104,98,2.4,1.9,0
2021-09-24,88,93,96,100,102,104,97,1.2,0.7,0
2021-09-25,87,92,96,99,102,103,96,1.2,0.8,0
2021-09-26,85,91,95,99,101,103,96,1.8,1.7,0
2021-09-27,83,90,95,98,101,103,95,1.5,1.1,0
2021-09-28,94,89,94,98,101,102,96,1.4,1.5,0
2021-09-29,99,89,94,98,100,102,97,1.1,0.9,0
2021-09-30,107,92,94,97,100,102,99,1.5,1.2,0
2021-10-01,103,93,93,97,100,102,98,2.1,1.5,0
2021-10-02,99,93,93,97,100,101,97,1.8,1,0
2021-10-03,96,92,93,96,99,101,96,2.8,1.3,0
2021-10-04,94,92,93,96,99,101,96,1,1,0
2021-10-05,109,93,93,96,99,101,98,0.9,0.8,0
2021-10-06,113,98,93,96,99,101,100,1.4,1.3,0
2021-10-07,109,100,94,96,98,100,100,0.9,0.6,0
2021-10-08,106,100,95,96,98,100,99,0.8,0.7,0
2021-10-09,104,100,95,96,98,100,99,0.9,0.9,0
2021-10-10,101,99,95,96,98,100,98,0.9,0.9,0
2021-10-11,99,99,95,96,98,100,98,0.7,0.7,0
2021-10-12,110,99,96,96,98,100,100,0.6,0.6,0
2021-10-13,114,103,96,96,98,100,101,0.7,0.7,0
2021-10-14,119,107,97,96,98,99,103,0.6,0.3,0
2021-10-15,115,110,99,97,98,99,103,0.8,0.8,0
2021-10-16,112,110,101,97,98,99,103,0.6,0.8,0
2021-10-17,109,109,102,97,98,99,102,0.7,0.5,0
2021-10-18,107,108,103,98,98,99,102,0.7,0.8,0
2021-10-19,105,107,103,99,98,99,102,0.8,0.2,0
2021-10-20,103,105,103,99,98,99,101,1.6,0.8,0
2021-10-21,108,105,103,99,98,99,102,1.6,1.6,0
2021-10-22,114,106,103,100,98,99,103,0.9,0.8,0
2021-10-23,116,110,104,100,99,99,104,0.5,0.6,0
2021-10-24,112,110,105,100,99,99,104,0.7,0.6,0
2021-10-25,109,109,105,101,99,99,104,0.6,0.6,0
2021-10-26,107,108,106,101,99,99,103,0.8,0.7,0
2021-10-27,105,107,106,102,99,99,103,0.7,0.2,0
2021-10-28,104,106,105,102,100,99,103,0.9,0.7,0
2021-10-29,102,105,105,102,100,99,102,0.8,0.6,0
2021-10-30,101,104,104,102,100,99,102,1.1,0.5,0
2021-10-31,100,103,104,102,100,99,101,1.5,0.7,0
2021-11-01,101,102,103,102,100,100,101,0.9,0.8,0
2021-11-02,101,102,103,102,101,100,101,0.5,0.3,0
2021-11-03,107,102,103,102,101,100,102,0.4,0.3,0
2021-11-04,123,115,105,102,101,100,107,0.4,0.1,0
2021-11-05,122,123,115,104,101,100,111,0.5,0.2,0
2021-11-06,118,120,118,108,102,100,111,0.7,0.8,0
2021-11-07,115,117,117,112,103,101,111,0.8,0.6,0
2021-11-08,113,116,116,113,105,101,111,0.6,0.5,0
2021-11-09,111,114,115,113,107,102,110,0.3,0.5,0
2021-11-10,110,113,114,113,108,103,110,0.1,0.3,0
2021-11-11,109,112,113,113,109,104,110,0.2,0,0
2021-11-12,108,111,112,112,110,105,110,0.2,0.1,0
2021-11-13,107,110,112,112,110,106,109,0.4,0.1,0
2021-11-14,107,109,111,111,110,106,109,0.4,0.1,0
2021-11-15,106,109,110,111,110,107,109,0.6,0.1,0
2021-11-16,106,108,110,111,110,107,109,0.4,0,0
2021-11-17,105,108,110,110,110,108,108,0.4,0,0
2021-11-18,105,107,109,110,110,108,108,0.5,0.6,0
2021-11-19,104,107,109,109,109,108,108,0.6,0.1,0
2021-11-20,104,106,108,109,109,108,107,0.8,0.3,0
2021-11-21,103,106,108,109,109,108,107,0.4,0,0
2021-11-22,103,106,107,109,109,108,107,0.1,0.3,0
2021-11-23,103,105,107,108,109,108,107,0.3,0,0
2021-11-24,102,105,107,108,108,108,106,0.3,0.2,0
2021-11-25,102,105,107,108,108,108,106,0.4,0.2,0
2021-11-26,103,104,106,107,108,108,106,0.6,0.3,0
2021-11-27,105,105,106,107,108,108,106,0.4,0.2,0
2021-11-28,105,105,106,107,108,108,106,0.2,0,0
2021-11-29,107,105,106,107,107,107,107,0.4,0.1,0
2021-11-30,117,109,106,107,107,107,109,0.5,0.2,0
2021-12-01,124,121,110,107,107,107,113,0.8,0.8,0
2021-12-02,123,124,118,109,107,107,115,0.3,0.2,0
2021-12-03,121,123,123,117,109,107,117,0.4,0.4,0
2021-12-04,119,120,121,120,114,108,117,0.3,0.1,0
2021-12-05,119,120,120,119,116,111,117,0.2,0.4,0
2021-12-06,116,118,119,119,117,113,117,0.3,0,0
2021-12-07,114,116,118,118,118,115,116,0.4,0.1,0
2021-12-08,113,116,117,117,117,116,116,0.5,0.3,0
2021-12-09,112,115,116,117,117,116,115,0.2,0.1,0
2021-12-10,111,114,115,116,116,116,115,0.2,0,0
2021-12-11,110,113,114,116,116,116,114,0,0,0
2021-12-12,110,112,114,115,116,115,114,0.3,0,0
2021-12-13,109,112,113,114,115,115,113,0.3,0,0
2021-12-14,109,111,113,114,115,115,113,0.4,0,0
2021-12-15,108,111,112,113,114,115,112,0.3,0.2,0
2021-12-16,108,110,112,113,114,114,112,0.3,0,0
2021-12-17,108,110,111,113,114,114,111,0.4,0.1,0
2021-12-18,109,110,111,112,113,114,111,0.3,0,0
2021-12-19,108,110,111,112,113,113,111,0.6,0.3,0
2021-12-20,108,109,111,112,113,113,111,0,0,0
2021-12-21,107,109,110,111,112,113,110,0,0,0
2021-12-22,106,109,110,111,112,113,110,0,0.1,5
2021-12-23,106,108,110,111,112,112,110,0.5,0.1,6
2021-12-24,117,111,110,111,112,112,112,0.4,0.1,0
2021-12-25,122,121,114,111,111,112,115,0.3,0.4,2
2021-12-26,117,119,117,113,112,112,115,0.3,0.1,13
2021-12-27,115,117,117,115,113,112,115,0.3,0.1,14
2021-12-28,115,116,116,115,114,113,115,0.3,0.1,11
2021-12-29,121,118,116,115,114,113,116,0.3,0.1,0
2021-12-30,120,120,118,116,115,114,117,0.6,0.4,0
2021-12-31,116,118,119,117,116,114,117,0.5,0.7,0
2022-01-01,114,116,118,117,116,115,116,0.6,0.5,0
2022-01-02,115,116,117,117,117,116,116,0.7,0.6,0
2022-01-03,123,123,120,118,117,116,119,0.8,0.9,0
2022-01-04,124,125,124,121,118,117,122,0.4,0.1,0
2022-01-05,125,125,126,125,124,120,124,0.5,0.5,0
2022-01-06,121,122,123,124,124,124,123,0.1,0.2,0
2022-01-07,120,120,121,122,123,123,122,0.5,0.4,0
2022-01-08,119,120,121,121,122,122,121,0.5,0.5,0
2022-01-09,121,120,120,121,121,122,121,0.5,0.1,0
2022-01-10,119,121,121,121,121,121,121,0.2,0.1,0
2022-01-11,116,119,120,120,121,121,119,0,0.1,0
2022-01-12,114,117,119,120,120,121,118,0.3,0,0
2022-01-13,113,116,117,119,119,120,117,0.2,0,0
2022-01-14,112,115,116,118,119,119,116,0.3,0,0
2022-01-15,111,114,116,117,118,119,116,0.3,0.1,0
2022-01-16,110,113,115,116,117,118,115,0.5,0.1,0
2022-01-17,111,112,114,116,117,118,115,0.8,0.6,0
2022-01-18,113,113,114,115,116,117,115,0.4,0.1,0
2022-01-19,111,113,114,115,116,117,114,0.6,0.3,0
2022-01-20,116,113,113,114,115,116,115,0.6,0.7,0
2022-01-21,120,119,115,115,115,116,116,0.3,0.2,0
2022-01-22,119,118,117,115,115,116,117,0.4,0.1,0
2022-01-23,118,118,117,116,116,116,117,0.3,0.1,0
2022-01-24,116,117,117,117,116,116,117,0.4,0.1,0
2022-01-25,114,116,117,117,117,116,116,0.4,0,0
2022-01-26,113,115,116,117,117,116,116,0.5,0.1,0
2022-01-27,115,115,115,116,116,116,116,0.6,0.2,0
2022-01-28,122,123,120,117,116,116,119,0.9,0.7,0
2022-01-29,118,120,120,119,118,117,119,1,0.6,0
2022-01-30,117,119,119,119,119,118,118,1.4,0.5,0
2022-01-31,118,118,118,119,119,118,118,0.5,0.2,0
2022-02-01,122,120,119,119,119,118,119,0.6,0.6,0
2022-02-02,123,125,125,123,120,119,122,0.6,1,0
2022-02-03,120,121,122,123,123,122,122,0.5,0.2,0
2022-02-04,118,120,121,122,122,122,121,0.7,0.7,0
2022-02-05,118,119,120,121,121,122,120,1.1,0.7,0
2022-02-06,122,121,120,120,120,121,121,0.8,0.9,0
2022-02-07,123,125,126,125,124,122,124,0.8,0.8,0
2022-02-08,118,121,122,123,124,124,122,0.9,0.2,0
2022-02-09,116,119,120,122,122,123,120,0.9,0.2,0
2022-02-10,116,117,119,120,121,122,119,0.5,0.1,0
2022-02-11,123,122,120,120,120,121,121,0.6,0.5,0
2022-02-12,118,120,121,121,120,121,120,0.6,0.6,0
2022-02-13,115,118,119,120,120,120,119,1.3,0.4,0
2022-02-14,113,116,118,119,120,120,118,1.6,0.4,0
2022-02-15,112,115,117,118,119,120,117,0.9,0.6,0
2022-02-16,117,115,116,117,118,119,117,1,1.1,0
2022-02-17,124,124,125,124,122,120,123,2.2,2.5,0
2022-02-18,121,122,123,124,124,124,123,1.6,1.4,0
2022-02-19,120,122,122,122,123,123,122,2.1,1.1,0
2022-02-20,125,123,123,123,123,122,123,1,1.2,0
2022-02-21,126,127,127,128,128,127,127,1.1,1.3,0
2022-02-22,123,124,125,126,126,126,125,1,0.9,0
2022-02-23,121,122,123,124,124,125,123,1.4,1.1,0
2022-02-24,117,119,121,122,123,123,121,1.3,0.5,0
2022-02-25,119,119,120,121,121,122,120,0.7,0.6,0
2022-02-26,119,120,120,120,121,121,120,0.8,0.7,0
2022-02-27,116,118,119,120,120,121,119,0.8,0.2,0
2022-02-28,113,116,118,119,120,120,118,1,0.3,0
2022-03-01,112,115,117,118,119,120,117,1.1,0.2,0
2022-03-02,110,114,116,117,118,119,116,0.8,0.4,0
2022-03-03,109,112,115,116,117,118,115,0.9,0.4,0
2022-03-04,108,111,114,115,117,118,114,0.7,0,0
2022-03-05,107,111,113,115,116,117,113,0.9,0.2,0
2022-03-06,107,110,112,114,116,117,113,0.8,0,0
2022-03-07,106,109,112,114,115,116,112,1,0.2,0
2022-03-08,105,109,111,113,114,116,111,1.3,0.6,0
2022-03-09,104,108,110,112,114,115,110,1.4,1,0
2022-03-10,101,106,109,112,113,114,109,1.8,1.1,0
2022-03-11,100,105,109,111,113,114,108,2.7,0.8,0
2022-03-12,98,104,108,110,112,113,108,2.8,1.1,0
2022-03-13,96,102,107,109,111,113,106,2.4,1.3,0
2022-03-14,97,102,106,109,111,112,106,0.8,0.3,0
2022-03-15,99,102,106,108,110,112,106,0.7,0.5,0
2022-03-16,98,101,105,108,110,112,106,1.3,1,0
2022-03-17,100,101,105,107,110,111,106,0.9,0.3,0
2022-03-18,102,101,104,107,109,111,106,1.3,1.2,0
2022-03-19,99,101,104,107,109,110,105,1.9,0.8,0
2022-03-20,97,100,103,106,108,110,104,3.4,1.2,0
2022-03-21,95,99,103,106,108,110,103,2.8,1.5,0
2022-03-22,92,97,102,105,107,109,102,1.9,1.6,0
2022-03-23,89,96,101,104,107,109,101,2,1.7,0
2022-03-24,86,94,100,104,106,108,100,1.8,1.5,0
2022-03-25,84,93,99,103,106,108,99,1.9,1.6,0
2022-03-26,81,91,98,102,105,107,98,2.1,1.6,0
2022-03-27,79,90,97,102,105,107,97,1.7,1.1,0
2022-03-28,78,89,96,101,104,107,96,2,1.5,0
2022-03-29,76,87,96,101,104,106,95,1.5,0.9,0
2022-03-30,75,86,95,100,103,106,94,1.5,0.7,0
2022-03-31,77,86,94,100,103,106,94,0.9,0.1,0
2022-04-01,107,88,94,100,103,105,99,0.9,0.8,0
2022-04-02,110,92,94,99,103,105,101,1.5,0.6,0
2022-04-03,107,95,95,99,102,105,100,1.3,0.1,0
2022-04-04,107,96,95,99,102,105,101,1.1,0.4,0
2022-04-05,124,105,96,99,102,104,105,0.9,0.9,0
2022-04-06,121,116,100,99,102,104,107,1.9,1.1,0
2022-04-07,120,121,107,100,102,104,109,2,1.4,0
2022-04-08,120,121,118,104,102,104,111,1.9,1.1,0
2022-04-09,117,118,117,109,103,104,111,1.6,1.2,0
2022-04-10,115,117,117,111,104,104,111,1.6,1,0
2022-04-11,112,115,115,113,106,104,111,2.4,1.7,0
2022-04-12,107,112,113,112,107,105,109,3.7,2.2,0
2022-04-13,103,109,111,111,108,105,108,2.7,2.2,0
2022-04-14,107,107,110,110,108,106,108,1.6,1.3,0
2022-04-15,108,107,109,110,109,106,108,1.5,0.7,0
2022-04-16,105,107,108,109,108,107,107,2.7,1.5,0
2022-04-17,101,105,107,108,108,107,106,2.6,1.9,0
2022-04-18,97,103,106,108,108,107,105,2.8,2.3,0
2022-04-19,94,101,105,107,107,107,103,2.9,2.1,0
2022-04-20,91,99,104,106,107,107,102,2,1.4,0
2022-04-21,89,97,103,105,106,106,101,1.5,0.9,0
2022-04-22,88,96,102,105,106,106,100,2.2,1.4,0
2022-04-23,86,95,101,104,105,106,99,3.8,2.5,0
2022-04-24,85,93,100,103,105,106,99,1.9,1.1,0
2022-04-25,96,93,99,103,105,105,100,1.3,1.2,0
2022-04-26,97,93,99,102,104,105,100,1.9,1.5,0
2022-04-27,94,93,98,102,104,105,99,2.8,2,0
2022-04-28,89,92,97,101,103,105,98,3.1,2.2,0
2022-04-29,86,90,96,100,103,104,96,2.7,1.9,0
2022-04-30,83,89,95,100,102,104,95,2.3,1.1,0
2022-05-01,81,88,94,99,102,104,94,2.6,1.5,0
2022-05-02,77,86,93,98,101,103,93,3.3,2.4,0
2022-05-03,73,84,92,97,101,103,92,3.5,2.5,0
2022-05-04,70,82,91,97,100,102,90,2.3,1.6,0
2022-05-05,68,80,90,96,100,102,89,2.9,2.3,0
2022-05-06,64,78,89,95,99,101,88,3.1,2.3,0
2022-05-07,61,76,87,94,98,101,86,3.4,2.7,0
2022-05-08,57,74,86,93,98,101,85,3.3,2.2,0
2022-05-09,54,71,84,92,97,100,83,3.8,2.9,0
2022-05-10,50,69,83,91,96,99,81,3.7,3,0
2022-05-11,46,66,81,90,95,99,79,4.9,3.4,0
2022-05-12,42,63,79,89,95,98,78,3.9,2.6,0
2022-05-13,40,61,78,88,94,98,76,3.1,2.1,0
2022-05-14,37,59,76,87,93,97,75,3.8,2.7,0
2022-05-15,34,56,74,86,92,97,73,4,3.1,0
2022-05-16,31,54,73,84,91,96,72,3,2.2,0
2022-05-17,29,52,71,83,91,95,70,3.6,2.9,0
2022-05-18,27,50,70,82,90,95,69,4.6,3.4,0
2022-05-19,25,47,67,81,89,94,67,4.1,3.1,0
2022-05-20,34,45,66,79,88,93,68,3,2.5,0
2022-05-21,48,45,65,79,87,93,69,2.7,1.8,0
2022-05-22,44,44,64,78,87,92,68,3.7,2.8,0
2022-05-23,43,43,63,77,86,92,67,3.1,2.2,0
2022-05-24,66,43,62,76,85,91,71,2.2,2,0
2022-05-25,64,44,62,76,85,91,70,3.5,2.6,0
2022-05-26,59,44,61,75,84,91,69,3.4,1.8,0
2022-05-27,56,44,60,74,84,90,68,3.8,2.6,0
2022-05-28,53,44,59,74,83,90,67,2.8,1.7,0
2022-05-29,51,44,59,73,83,89,67,1.9,1.2,0
2022-05-30,50,44,59,73,83,89,66,2.1,1.6,0
2022-05-31,48,44,58,72,82,89,65,3,2.2,0
2022-06-01,51,43,57,72,82,88,65,2.8,2.2,0
2022-06-02,49,43,57,71,81,88,65,3.7,2.7,0
2022-06-03,44,42,56,70,80,87,63,3.6,2.7,0
2022-06-04,39,40,55,69,80,87,62,4.2,3,0
2022-06-05,36,39,54,68,79,86,60,2.7,2.1,0
2022-06-06,34,38,53,68,78,86,59,3.4,2.5,0
2022-06-07,32,37,52,67,78,85,58,3.7,2.8,0
2022-06-08,32,36,51,66,77,85,58,3.2,2.4,0
2022-06-09,38,35,51,66,77,84,58,3.1,2.2,0
2022-06-10,34,34,50,65,76,84,57,3.9,2.8,0
2022-06-11,30,33,49,64,75,83,56,3.5,2.6,0
2022-06-12,26,31,47,63,74,83,54,5,3.8,0
2022-06-13,22,30,46,62,73,82,52,3.1,2,0
2022-06-14,19,28,45,61,73,81,51,4.1,3,0
2022-06-15,16,26,43,59,71,80,49,5,4.1,0
2022-06-16,12,23,41,57,70,79,47,5,3.4,0
2022-06-17,10,21,39,56,69,78,45,4.3,3.3,0
2022-06-18,8,19,37,54,68,77,44,5.9,3,0
2022-06-19,6,17,36,53,66,76,42,5.8,2.7,0
2022-06-20,47,17,35,52,66,76,49,2.2,1.6,0
2022-06-21,51,19,34,52,65,75,49,4.2,3.3,0
2022-06-22,42,19,34,51,64,75,47,5.2,3.9,0
2022-06-23,33,18,32,50,63,74,45,5.8,4.5,0
2022-06-24,27,18,31,49,63,73,43,3.8,2.6,0
2022-06-25,21,17,30,48,62,72,42,5.1,3.8,0
2022-06-26,16,15,29,46,60,71,40,4.4,3.3,0
2022-06-27,13,14,28,45,60,70,38,3.5,2.2,0
2022-06-28,11,13,27,44,59,70,37,5.2,2.7,0
2022-06-29,9,12,26,43,58,69,36,3.9,1.6,0
2022-06-30,7,12,25,43,57,68,35,5.4,2.1,0
2022-07-01,10,11,25,42,57,68,35,1.9,1.4,0
2022-07-02,10,11,25,42,56,67,35,5.3,2.5,0
2022-07-03,8,10,24,41,55,67,34,5.6,2.1,0
2022-07-04,6,9,23,40,54,66,33,4.7,1.4,0
2022-07-05,6,9,22,39,54,65,33,4.1,1.2,0
2022-07-06,5,9,22,39,53,65,32,3.3,0.6,0
2022-07-07,14,9,22,39,53,65,34,1.9,1.6,0
2022-07-08,18,9,22,38,53,65,34,3.5,1.8,0
2022-07-09,16,9,22,38,53,64,34,3,1.7,0
2022-07-10,15,9,21,38,52,64,33,2.8,0.8,0
2022-07-11,15,9,21,38,52,64,33,1.8,1.2,0
2022-07-12,14,9,21,37,52,63,33,4.8,2.3,0
2022-07-13,11,9,20,37,51,63,32,4.8,1.9,0
2022-07-14,9,8,20,36,50,62,31,4.1,1.2,0
2022-07-15,8,8,20,36,50,62,30,3.5,0.8,0
2022-07-16,7,8,19,35,50,61,30,4.2,1,0
2022-07-17,6,8,19,35,49,61,30,4.6,1.4,0
2022-07-18,5,7,19,34,49,60,29,5,1.4,0
2022-07-19,5,7,18,34,48,60,29,6.2,0.7,0
2022-07-20,4,7,18,34,48,60,28,7.3,0.6,0
2022-07-21,5,7,18,33,48,59,28,3.5,1.2,0
2022-07-22,10,7,18,33,47,59,29,2.5,1.1,0
2022-07-23,26,7,18,33,47,59,32,4.1,3,0
2022-07-24,22,7,17,32,46,58,30,5,3.3,0
2022-07-25,21,7,16,31,46,58,30,4.9,2,0
2022-07-26,31,8,16,31,45,57,31,3,2.1,0
2022-07-27,27,8,16,31,45,57,30,3.3,2,0
2022-07-28,22,8,15,30,44,56,29,4.7,2.8,0
2022-07-29,17,8,15,30,44,56,28,4,2,0
2022-07-30,21,8,15,29,43,55,29,2.6,1.6,0
2022-07-31,19,8,15,29,43,55,28,3.1,1.8,0
2022-08-01,25,8,14,29,43,55,29,2.5,2.3,0
2022-08-02,22,9,14,28,42,54,28,4.2,2.7,0
2022-08-03,17,8,14,28,42,54,27,5.1,2.2,0
2022-08-04,14,8,14,27,41,53,26,5.4,1,0
2022-08-05,45,9,13,27,41,53,31,2.3,1.7,0
2022-08-06,44,10,13,27,41,53,31,3.9,2.8,0
2022-08-07,35,10,13,27,40,52,30,4.1,3.3,0
2022-08-08,27,10,13,26,40,52,28,4.5,3.2,0
2022-08-09,20,10,12,25,39,51,26,4.5,2.5,0
2022-08-10,16,9,12,25,39,51,25,5,2.1,0
2022-08-11,13,8,12,24,38,50,24,5,1.7,0
2022-08-12,10,8,12,24,38,50,24,5.2,1.3,0
2022-08-13,9,8,11,24,37,50,23,4.7,1.1,0
2022-08-14,8,7,11,24,37,49,23,4.1,0.9,0
2022-08-15,7,7,11,23,37,49,22,4,0.9,0
2022-08-16,6,7,11,23,37,49,22,3.9,0.7,0
2022-08-17,5,6,11,23,36,48,22,3.8,0.8,0
2022-08-18,6,6,11,23,36,48,22,1.7,0.8,0
2022-08-19,7,6,11,23,36,48,22,3.8,0.7,0
2022-08-20,9,6,11,23,36,48,22,2.5,1,0
2022-08-21,9,6,11,23,36,48,22,3.7,0.9,0
2022-08-22,8,6,11,22,35,47,22,4.2,0.9,0
2022-08-23,7,6,11,22,35,47,21,5.3,0.9,0
2022-08-24,6,6,11,22,35,47,21,4.6,0.8,0
2022-08-25,5,5,10,22,35,47,21,3.8,0.6,0
2022-08-26,5,5,10,22,34,46,20,3.7,0.6,0
2022-08-27,4,5,10,22,34,46,20,1.7,0.1,0
2022-08-28,4,5,10,22,34,46,20,3.3,0.3,0
2022-08-29,4,5,10,22,34,46,20,2.9,0.4,0
2022-08-30,4,5,10,21,34,46,20,3.1,0.4,0
2022-08-31,4,5,10,21,34,46,20,3,0.3,0
2022-09-01,3,5,10,21,34,46,20,3.6,0.3,0
2022-09-02,3,5,10,21,34,46,20,3.7,0.4,0
2022-09-03,3,5,10,21,34,45,20,3.9,0.4,0
2022-09-04,3,5,10,21,34,45,20,3.3,0.5,0
2022-09-05,3,5,10,21,33,45,19,4,0.4,0
2022-09-06,2,5,10,21,33,45,19,4,0.4,0
2022-09-07,2,4,10,21,33,45,19,3.1,1,0
2022-09-08,23,5,10,21,33,45,23,1.4,1,0
2022-09-09,34,6,10,21,33,45,25,2.9,2.2,0
2022-09-10,33,7,10,21,33,44,25,1.8,1.4,0
2022-09-11,34,8,10,21,33,44,25,1.4,1,0
2022-09-12,30,8,10,21,33,44,24,2.2,1.8,0
2022-09-13,26,9,10,20,32,44,24,2.3,1.5,0
2022-09-14,47,9,10,20,32,44,27,0.7,0.3,0
2022-09-15,69,11,10,20,32,44,31,1.8,1.3,0
2022-09-16,63,13,11,20,32,44,31,2.5,1.4,0
2022-09-17,64,15,11,20,32,44,31,2.1,2.1,0
2022-09-18,71,17,11,21,32,44,33,1.2,1.2,0
2022-09-19,77,20,12,21,32,44,34,1.4,1.2,0
2022-09-20,82,23,12,21,32,44,35,1.3,1.5,0
2022-09-21,86,26,13,21,32,44,37,1.5,1.3,0
2022-09-22,79,28,13,21,32,44,36,1.7,1.4,0
2022-09-23,72,30,14,21,32,44,35,1.6,1.6,0
2022-09-24,66,31,14,21,32,43,35,1.4,1.3,0
2022-09-25,62,31,15,21,32,43,34,0.9,0.4,0
2022-09-26,59,32,16,21,32,43,34,1.6,1.1,0
2022-09-27,63,32,16,21,32,43,35,1.2,1.1,0
2022-09-28,72,34,17,21,32,43,37,1,1.1,0
2022-09-29,71,35,18,21,32,43,37,1,0.8,0
2022-09-30,67,36,18,22,32,43,36,1.4,1.3,0
2022-10-01,82,37,19,22,32,43,39,1.2,1,0
2022-10-02,112,41,20,22,32,43,45,1,1,0
2022-10-03,110,47,21,22,32,43,46,1.1,1,0
2022-10-04,101,51,22,22,32,43,45,1.5,1.3,0
2022-10-05,94,53,24,23,32,43,45,1.9,1.1,0
2022-10-06,88,54,25,23,32,43,44,1.6,1.2,0
2022-10-07,82,54,26,23,32,43,43,1.3,1.4,0
2022-10-08,79,54,27,23,32,43,43,1,0.7,0
2022-10-09,76,53,28,24,32,43,43,1.3,1.3,0
2022-10-10,72,52,29,24,32,43,42,1.5,1.2,0
2022-10-11,68,51,30,24,32,43,41,0.9,0.8,0
2022-10-12,65,50,30,25,32,43,41,0.9,0.9,0
2022-10-13,63,50,31,25,32,43,40,0.9,0.9,0
2022-10-14,61,49,31,25,33,43,40,1,0.6,0
2022-10-15,62,48,32,26,33,43,41,0.9,0.9,0
2022-10-16,61,48,32,26,33,43,40,1.4,1.1,0
2022-10-17,57,47,32,26,33,43,40,1.8,1.6,0
2022-10-18,110,51,32,26,33,43,49,0.6,0.5,0
2022-10-19,116,60,33,27,33,43,52,0.7,0.7,0
2022-10-20,109,66,34,27,33,43,52,1,0.6,0
2022-10-21,109,70,36,28,33,43,53,0.7,0.7,0
2022-10-22,105,73,38,28,33,43,53,0.8,0.9,0
2022-10-23,101,74,40,28,33,43,53,0.8,0.8,0
2022-10-24,101,74,41,29,33,43,54,1.7,1.4,0
2022-10-25,97,74,43,29,34,43,53,0.8,0.7,0
2022-10-26,94,74,44,30,34,43,53,0.7,0.6,0
2022-10-27,91,73,45,31,34,43,53,0.8,0.9,0
2022-10-28,87,72,46,31,34,43,52,1.5,1.1,0
2022-10-29,84,70,46,32,34,43,52,0.7,0.6,0
2022-10-30,82,69,47,32,34,43,51,0.8,0.9,0
2022-10-31,79,68,47,33,34,43,51,0.6,0.7,0
2022-11-01,77,67,48,33,35,43,50,1.3,0.8,0
2022-11-02,74,66,48,34,35,43,50,1.3,0.7,0
2022-11-03,72,65,48,34,35,43,50,0.9,0.5,0
2022-11-04,71,65,48,34,35,43,49,0.5,0.5,0
2022-11-05,70,64,48,35,35,43,49,0.5,0.3,0
2022-11-06,69,63,48,35,36,43,49,1,0.7,0
2022-11-07,67,63,48,36,36,43,49,1.2,0.6,0
2022-11-08,66,62,48,36,36,43,48,1.4,0.8,0
2022-11-09,64,61,48,36,36,43,48,1.2,0.6,0
2022-11-10,63,60,48,37,36,43,48,0.6,0.4,0
2022-11-11,61,59,48,37,37,43,48,0.4,0.7,0
2022-11-12,60,59,48,37,37,43,47,0.2,0.3,0
2022-11-13,59,58,48,38,37,43,47,0.1,0.3,0
2022-11-14,59,57,48,38,37,43,47,0.6,0.3,0
2022-11-15,58,57,48,38,37,44,47,0.9,0.5,0
2022-11-16,100,58,48,38,38,44,54,0.5,0.2,0
2022-11-17,121,67,48,39,38,44,59,0.4,0.4,0
2022-11-18,120,79,49,39,38,44,61,0.4,0.1,0
2022-11-19,115,86,51,39,38,44,62,0.1,0.3,0
2022-11-20,110,89,53,40,39,44,62,0,0.1,0
2022-11-21,116,93,56,40,39,44,65,0.2,0.2,0
2022-11-22,111,95,58,41,39,44,65,0.6,0.4,0
2022-11-23,108,95,61,42,39,44,65,0.5,0.2,0
2022-11-24,106,94,62,42,40,44,65,0.3,0.3,0
2022-11-25,106,93,64,43,40,45,65,0.3,0.1,0
2022-11-26,112,95,65,44,40,45,67,0.2,0.2,0
2022-11-27,108,95,67,45,40,45,67,0.4,0.4,0
2022-11-28,106,95,68,46,41,45,67,0.6,0.1,0
2022-11-29,104,95,69,47,41,45,67,0.3,0,0
2022-11-30,112,95,70,48,42,45,69,0.3,0,0
2022-12-01,111,97,71,49,42,45,69,0.4,0.2,0
2022-12-02,113,98,72,50,42,45,70,0.3,0.1,0
2022-12-03,114,101,74,51,43,46,71,0.4,0.1,0
2022-12-04,111,101,75,52,43,46,71,0.3,0,0
2022-12-05,121,111,78,53,44,46,75,0.1,0,0
2022-12-06,118,116,84,54,44,46,77,0.3,0,0
2022-12-07,117,114,89,56,44,46,78,0.3,0.3,0
2022-12-08,116,112,92,58,45,46,78,0.3,0.1,0
2022-12-09,119,114,95,61,46,47,80,0.2,0,0
2022-12-10,117,114,97,63,46,47,81,0.3,0,0
2022-12-11,115,113,98,65,47,47,81,0.3,0,0
2022-12-12,112,112,99,68,48,47,81,0,0,8
2022-12-13,110,110,99,70,49,47,81,0,0.1,14
2022-12-14,109,109,99,71,50,48,81,0.1,0,18
2022-12-15,108,108,99,73,51,48,81,0,0,24
2022-12-16,107,107,98,74,52,48,81,0,0,26
2022-12-17,106,106,98,75,53,49,81,0,0,29
2022-12-18,105,106,98,76,54,49,81,0.2,0.2,33
2022-12-19,107,105,97,76,55,49,81,0.6,0.4,34
2022-12-20,107,105,97,77,56,50,82,0.7,0.5,33
2022-12-21,112,105,97,77,57,50,83,0.3,0.1,32
2022-12-22,122,113,98,78,57,51,86,0.4,0.1,30
2022-12-23,125,123,106,79,58,51,91,0.4,0.1,0
2022-12-24,123,125,126,90,59,51,96,0.5,0.4,0
2022-12-25,123,123,122,101,62,52,97,0.4,0.2,0
2022-12-26,124,126,126,113,67,53,101,0.7,0.7,0
2022-12-27,119,121,122,119,76,54,102,0.7,0.4,0
2022-12-28,116,119,120,117,85,55,102,1,0.5,0
2022-12-29,119,118,118,115,90,58,103,1.3,1,0
2022-12-30,118,119,118,114,94,60,104,0.9,0.4,0
2022-12-31,115,117,117,114,96,63,104,1.9,0.8,0
2023-01-01,112,115,116,113,98,65,103,1.7,0.4,0
2023-01-02,112,113,114,112,99,68,103,1.2,0.5,0
2023-01-03,114,114,114,112,100,70,104,0.2,0.4,0
2023-01-04,119,115,114,111,100,72,105,1,0.9,0
2023-01-05,118,117,115,111,100,74,106,0.9,1,0
2023-01-06,119,118,115,112,101,76,107,0.5,0.3,0
2023-01-07,119,120,117,113,102,78,108,0.9,0.6,0
2023-01-08,118,118,118,114,103,80,108,0.8,0.5,0
2023-01-09,122,121,119,115,104,81,110,0.6,0.6,0
2023-01-10,119,120,120,117,106,84,111,0.6,0.6,0
2023-01-11,122,122,121,118,108,86,113,0.7,0.3,0
2023-01-12,126,126,125,122,112,89,117,1,1.5,0
2023-01-13,124,125,126,126,122,95,120,0.9,1.2,0
2023-01-14,121,122,123,124,123,106,120,0.9,0.7,0
2023-01-15,117,120,121,122,121,112,119,1.1,0.8,0
2023-01-16,116,118,119,120,120,113,118,0.7,0.8,0
2023-01-17,116,117,118,119,119,113,117,0.3,0.4,0
2023-01-18,114,116,117,118,118,113,116,0.1,0.2,0
2023-01-19,113,115,117,117,117,113,115,0.3,0,2
2023-01-20,112,114,116,117,116,113,115,0.1,0.2,0
2023-01-21,112,114,115,116,116,113,114,0.3,0.1,5
2023-01-22,116,114,115,115,115,113,115,0.3,0.1,3
2023-01-23,113,115,115,115,115,113,114,0.3,0.2,0
2023-01-24,112,114,114,115,114,112,114,0.6,0.2,0
2023-01-25,111,113,114,114,114,112,113,0.3,0,0
2023-01-26,110,112,113,114,114,112,113,0.2,0,4
2023-01-27,109,112,113,114,114,112,112,0.4,0.3,0
2023-01-28,109,111,112,113,113,112,112,0.4,0.1,0
2023-01-29,108,110,112,113,113,112,111,0.5,0.1,4
2023-01-30,112,110,112,112,113,111,112,0.6,0.8,0
2023-01-31,116,112,112,112,112,111,113,0.8,0.6,0
2023-02-01,119,116,113,112,112,111,114,1,1,0
2023-02-02,124,122,117,113,112,111,116,0.5,0.3,0
2023-02-03,123,125,124,119,113,111,119,1.1,1,0
2023-02-04,120,122,122,122,118,112,119,0.3,0.4,0
2023-02-05,117,119,121,121,120,115,119,0.3,0.1,0
2023-02-06,115,118,119,120,120,117,118,0.5,0.4,0
2023-02-07,114,116,118,119,119,118,117,0.4,0.1,0
2023-02-08,112,115,117,118,118,118,116,0.4,0.1,5
2023-02-09,111,114,116,117,118,117,115,0.5,0.1,4
2023-02-10,110,113,115,116,117,117,115,0.5,0.1,0
2023-02-11,109,112,114,116,116,116,114,0.5,0,0
2023-02-12,109,112,114,115,116,116,113,0.4,0.1,0
2023-02-13,108,111,113,114,115,115,113,0.4,0.4,0
2023-02-14,107,110,112,114,115,115,112,0.4,0.4,0
2023-02-15,106,109,112,113,114,114,111,0.4,0.3,0
2023-02-16,105,109,111,113,114,114,111,0.5,0.2,0
2023-02-17,105,108,110,112,113,114,110,1.3,0.7,0
2023-02-18,108,108,110,112,113,113,110,0.7,0.7,0
2023-02-19,124,121,114,112,112,113,116,0.6,0.6,0
2023-02-20,118,120,119,114,113,112,116,1.1,0.7,0
2023-02-21,115,117,118,116,114,113,115,0.6,0.2,0
2023-02-22,113,116,117,116,115,113,115,0.8,0.7,0
2023-02-23,111,114,115,116,115,114,114,0.4,0,0
2023-02-24,115,114,115,115,115,114,115,0.6,0.4,0
2023-02-25,121,117,115,115,115,114,116,0.7,0.8,0
2023-02-26,118,118,117,116,115,114,116,0.8,0.5,0
2023-02-27,115,117,117,116,115,115,116,0.7,0.1,0
2023-02-28,113,115,116,116,116,115,115,0.9,0.1,0
2023-03-01,112,114,115,116,116,115,115,0.8,0.2,0
2023-03-02,110,113,115,115,116,115,114,0.9,0.4,0
2023-03-03,109,112,114,115,115,115,113,0.4,0,0
2023-03-04,108,111,113,114,115,115,113,0.8,0.2,0
2023-03-05,108,111,112,114,114,115,112,0.8,0.4,0
2023-03-06,107,110,112,113,114,114,112,0.6,0.3,0
2023-03-07,114,111,112,113,114,114,113,0.5,0.4,0
2023-03-08,124,120,114,113,113,114,116,0.4,0.3,0
2023-03-09,125,126,124,118,114,114,120,0.5,0.2,0
2023-03-10,125,126,126,126,122,116,124,1,1.2,0
2023-03-11,122,124,125,125,125,124,124,1,0.6,0
2023-03-12,118,120,122,123,124,124,122,0.8,0.2,0
2023-03-13,116,118,120,121,122,123,120,1.5,1.2,0
2023-03-14,116,117,118,120,121,121,119,1.4,1.1,0
2023-03-15,115,117,118,119,120,120,118,1,0.7,0
2023-03-16,113,116,117,118,119,120,117,1.4,0.7,0
2023-03-17,110,114,116,117,118,119,116,2.2,1.2,0
2023-03-18,108,112,114,116,117,118,114,1.9,1.5,0
2023-03-19,106,110,113,115,116,117,113,1.4,1.4,0
2023-03-20,107,110,112,114,116,117,113,1,0.8,0
2023-03-21,107,109,112,114,115,116,112,1.1,0.7,0
2023-03-22,108,109,111,113,114,116,112,2,1.3,0
2023-03-23,109,109,110,112,114,115,111,2.2,1.6,0
2023-03-24,109,108,110,112,113,115,111,1.9,1.7,0
2023-03-25,113,110,110,111,113,114,112,1.7,1.7,0
2023-03-26,125,125,117,112,113,114,118,0.9,0.8,0
2023-03-27,121,123,124,119,114,114,119,1.4,0.8,0
2023-03-28,117,120,121,121,118,115,119,1.6,0.7,0
2023-03-29,114,117,119,120,119,117,118,1.5,0.7,0
2023-03-30,115,116,117,118,119,118,117,2.3,1.6,0
2023-03-31,121,119,117,118,118,118,118,1.5,1.3,0
2023-04-01,124,124,121,119,118,118,120,1.1,1.2,0
2023-04-02,123,125,126,125,122,119,123,1.1,0.6,0
2023-04-03,118,121,122,123,123,123,122,1.6,0.3,0
2023-04-04,115,118,120,121,122,122,120,1.6,0.4,0
2023-04-05,113,116,118,120,121,121,118,1.7,0.6,0
2023-04-06,110,114,117,118,119,120,116,2.2,1.5,0
2023-04-07,107,112,115,117,118,119,115,2.2,1.5,0
2023-04-08,105,110,114,116,117,118,113,0.9,0.4,0
2023-04-09,104,109,112,115,116,118,112,1.8,1.1,0
2023-04-10,101,107,111,114,115,117,111,2.9,2,0
2023-04-11,103,106,110,113,114,116,110,2.1,1.8,0
2023-04-12,106,106,109,112,114,115,110,1,0.6,0
2023-04-13,116,108,109,111,113,115,112,1.6,1.2,0
2023-04-14,114,110,109,111,113,114,112,1.7,1.5,0
2023-04-15,119,112,110,111,112,114,113,0.5,0.2,0
2023-04-16,124,122,114,111,112,113,116,0.6,0.3,0
2023-04-17,118,120,118,114,112,113,116,2.3,1.8,0
2023-04-18,114,117,117,116,113,113,115,1.8,1,0
2023-04-19,110,114,116,115,114,113,114,3.2,1.7,0
2023-04-20,108,112,114,115,114,114,113,1.5,0.9,0
2023-04-21,105,110,113,114,114,114,112,3.7,2.2,0
2023-04-22,101,107,111,113,113,114,110,4,2.7,0
2023-04-23,107,106,109,112,113,113,110,2.8,2.4,0
2023-04-24,107,106,109,111,112,113,110,2,1.7,0
2023-04-25,107,106,108,110,112,113,109,1.5,0.9,0
2023-04-26,106,106,108,110,111,112,109,1.5,0.5,0
2023-04-27,104,106,107,109,111,112,108,2.6,1.6,0
2023-04-28,102,104,107,109,110,111,107,1.5,0.9,0
2023-04-29,109,105,106,108,110,111,108,1.1,0.8,0
2023-04-30,105,105,106,108,110,111,107,3,2.1,0
2023-05-01,101,103,105,107,109,110,106,2.7,2.1,0
2023-05-02,100,102,105,107,109,110,105,1.4,1,0
2023-05-03,99,101,104,106,108,110,105,2.8,1.8,0
2023-05-04,95,99,103,106,108,109,103,3,2.3,0
2023-05-05,99,98,102,105,107,109,103,2,1.6,0
2023-05-06,114,101,101,104,107,108,106,3,2.4,0
2023-05-07,108,102,101,104,106,108,105,1.7,1,0
2023-05-08,104,101,101,103,106,108,104,3.3,2.3,0
2023-05-09,98,100,100,103,105,107,102,3.8,2.3,0
2023-05-10,102,99,100,102,105,107,102,2.3,1.6,0
2023-05-11,112,100,100,102,105,106,104,1.4,1.2,0
2023-05-12,116,106,100,102,104,106,106,3.2,2.4,0
2023-05-13,108,105,100,102,104,106,104,3.6,2.4,0
2023-05-14,103,103,100,101,103,105,103,2.6,1.7,0
2023-05-15,99,102,100,101,103,105,102,2.5,1.8,0
2023-05-16,97,100,100,101,103,105,101,2.5,1.5,0
2023-05-17,93,98,99,101,102,104,100,3,2,0
2023-05-18,90,96,98,100,102,104,98,2.8,2.1,0
2023-05-19,86,94,97,100,102,104,97,3.2,2.3,0
2023-05-20,83,92,96,99,101,103,96,2.2,1.2,0
2023-05-21,80,90,96,99,101,103,95,3.5,2.5,0
2023-05-22,77,87,94,98,100,103,93,3.9,3,0
2023-05-23,91,86,93,97,100,102,95,1.4,1.2,0
2023-05-24,93,87,93,97,100,102,95,2.2,1.4,0
2023-05-25,89,86,92,96,100,102,94,3,1.9,0
2023-05-26,85,85,91,96,99,102,93,3.5,2.3,0
2023-05-27,80,83,90,95,99,101,91,3.7,2.6,0
2023-05-28,75,81,89,94,98,101,90,4.3,3.3,0
2023-05-29,70,79,87,93,97,100,88,4.3,2.9,0
2023-05-30,65,76,86,92,97,100,86,4.1,2.7,0
2023-05-31,60,74,84,91,96,99,84,4.5,3.5,0
2023-06-01,56,71,83,90,95,99,82,3.4,2.2,0
2023-06-02,53,69,82,90,95,98,81,3.2,1.8,0
2023-06-03,50,67,80,89,94,98,80,4.5,3.1,0
2023-06-04,46,64,78,88,93,97,78,4.3,3.3,0
2023-06-05,42,61,77,86,93,97,76,4.5,3.4,0
2023-06-06,38,59,75,85,92,96,74,2.4,1.7,0
2023-06-07,38,57,74,84,91,96,73,3.7,2.8,0
2023-06-08,39,56,73,84,91,95,73,3.6,2.8,0
2023-06-09,36,53,71,82,90,95,71,4.6,3.3,0
2023-06-10,32,51,69,81,89,94,69,4.9,3.5,0
2023-06-11,28,48,67,80,88,93,67,5.3,4,0
2023-06-12,24,44,65,78,87,92,65,5.1,3.8,0
2023-06-13,20,41,62,76,85,91,63,5,3.5,0
2023-06-14,17,39,60,75,84,91,61,4.5,2.9,0
2023-06-15,15,37,58,73,83,90,59,4,3,0
2023-06-16,27,35,57,72,82,89,60,2.8,2,0
2023-06-17,55,35,56,71,82,89,64,4.7,3.4,0
2023-06-18,47,34,54,70,81,88,62,5.2,4,0
2023-06-19,40,33,53,69,80,87,60,4.7,3.5,0
2023-06-20,51,32,52,68,79,87,61,3.7,2.9,0
2023-06-21,90,34,51,67,78,86,68,3.8,2.8,0
2023-06-22,97,52,51,67,78,86,72,3.4,2.7,0
2023-06-23,126,128,113,77,78,85,101,1.5,1.3,0
2023-06-24,117,121,123,101,79,85,104,4.9,3.4,0
2023-06-25,110,115,117,106,82,85,102,5.1,3.7,0
2023-06-26,104,110,113,106,85,85,100,4.4,3.2,0
2023-06-27,100,107,110,105,87,85,99,3.3,2.2,0
2023-06-28,95,104,108,104,89,86,98,4.5,3.3,0
2023-06-29,91,101,105,103,90,86,96,2.8,2.2,0
2023-06-30,110,101,104,102,91,86,99,1.5,1.2,0
2023-07-01,112,104,103,101,91,87,100,2.4,1.7,0
2023-07-02,110,105,103,101,92,87,99,3.4,2.5,0
2023-07-03,104,103,102,100,92,88,98,3.8,2.4,0
2023-07-04,98,101,101,99,92,88,96,4.5,2.8,0
2023-07-05,104,99,100,98,92,88,97,4,2.9,0
2023-07-06,101,98,99,97,92,89,96,4.2,2.8,0
2023-07-07,94,95,97,97,92,89,94,5,3.9,0
2023-07-08,86,92,95,95,92,89,91,5.2,4.3,0
2023-07-09,79,88,93,94,91,89,89,5,4,0
2023-07-10,97,86,92,93,91,89,91,3.1,2.3,0
2023-07-11,91,85,90,92,91,89,90,5.5,4.2,0
2023-07-12,88,83,89,91,90,89,88,4.7,3.6,0
2023-07-13,84,81,87,90,90,88,87,3.9,2.7,0
2023-07-14,78,79,86,89,89,88,85,4.6,3.7,0
2023-07-15,73,77,84,88,89,88,83,3.8,2.6,0
2023-07-16,71,75,83,87,88,88,82,5,3.6,0
2023-07-17,66,73,81,86,88,88,80,4.2,3.1,0
2023-07-18,64,70,80,85,87,87,79,4.2,3.5,0
2023-07-19,60,68,79,84,87,87,78,2.5,1.9,0
2023-07-20,79,68,78,84,86,87,80,3.4,2.7,0
2023-07-21,99,69,77,83,86,87,84,2.1,1.8,0
2023-07-22,119,79,77,83,86,87,89,3.2,2.4,0
2023-07-23,107,84,77,82,85,87,87,3.5,2.5,0
2023-07-24,111,88,77,82,85,87,88,3.6,2.8,0
2023-07-25,118,100,78,81,85,86,92,2.5,1.9,0
2023-07-26,111,102,80,81,84,86,91,3.1,2.4,0
2023-07-27,113,102,82,81,84,86,91,1.4,1.3,0
2023-07-28,115,104,84,81,84,86,92,2.4,1.8,0
2023-07-29,121,113,87,82,84,86,95,3.1,2.3,0
2023-07-30,114,112,92,82,84,86,95,2.8,2,0
2023-07-31,111,110,95,83,84,86,95,2.3,1.6,0
2023-08-01,122,121,109,85,84,86,101,3.1,2.2,0
2023-08-02,118,120,116,92,84,86,103,1.9,1.3,0
2023-08-03,125,126,125,101,85,86,108,2.4,3,0
2023-08-04,120,123,124,115,89,86,109,2.8,2.2,0
2023-08-05,114,117,119,117,96,86,108,3.2,2.3,0
2023-08-06,116,119,120,117,101,87,110,2.5,1.7,0
2023-08-07,121,123,124,124,110,90,115,2.3,2.4,0
2023-08-08,116,119,121,121,116,95,115,2.5,1.7,0
2023-08-09,122,124,123,122,117,101,118,3.3,2.4,0
2023-08-10,115,118,121,121,119,106,117,3.6,2.7,0
2023-08-11,108,114,117,119,118,110,114,4.3,3.4,0
2023-08-12,108,111,114,116,117,111,113,2.8,2.3,0
2023-08-13,116,112,113,115,115,111,114,2.6,2.1,0
2023-08-14,109,111,112,114,114,111,112,3.2,2.6,0
2023-08-15,117,114,112,113,113,111,113,3.3,2.6,0
2023-08-16,115,115,113,112,112,111,113,2.3,1.9,0
2023-08-17,123,125,124,119,114,111,119,2.5,2,0
2023-08-18,115,119,121,121,118,112,118,4.2,3,0
2023-08-19,108,114,117,119,118,115,115,3.9,3,0
2023-08-20,103,110,114,116,117,115,113,3.7,3,0
2023-08-21,98,107,112,115,116,115,110,3.8,2.8,0
2023-08-22,94,104,110,113,114,114,108,2.7,2.2,0
2023-08-23,91,102,108,111,113,113,106,3.3,2.4,0
2023-08-24,87,100,107,110,112,112,105,2.9,2.2,0
2023-08-25,91,98,105,109,111,112,104,1.7,1.1,0
2023-08-26,106,98,104,108,110,111,106,3.1,2.3,0
2023-08-27,102,98,103,107,109,110,105,2.2,1.7,0
2023-08-28,99,98,103,106,109,110,104,2.2,1.7,0
2023-08-29,95,97,102,106,108,109,103,2.3,1.8,0
2023-08-30,94,96,101,105,107,109,102,2.1,1.5,0
2023-08-31,99,95,100,104,107,108,102,1.7,1.5,0
2023-09-01,101,96,100,104,106,108,102,1.4,1.3,0
2023-09-02,105,97,100,103,106,107,103,2,1.5,0
2023-09-03,101,97,99,103,105,107,102,2.3,1.9,0
2023-09-04,96,95,98,102,105,106,100,3.1,2.3,0
2023-09-05,91,93,97,101,104,106,99,3.7,2.8,0
2023-09-06,85,91,96,100,103,105,97,3.6,2.9,0
2023-09-07,80,89,95,100,103,105,95,3.7,2.9,0
2023-09-08,76,86,93,99,102,104,93,3.6,2.8,0
2023-09-09,71,83,92,98,101,103,91,3.1,2.7,0
2023-09-10,67,81,91,97,101,103,90,3,2.3,0
2023-09-11,64,79,89,96,100,102,88,3.1,2.5,0
2023-09-12,63,77,88,95,99,102,87,2.4,2,0
2023-09-13,101,77,87,95,99,102,93,1.4,1.1,0
2023-09-14,97,79,87,94,99,101,93,2,1.6,0
2023-09-15,92,79,86,93,98,101,92,2.2,1.6,0
2023-09-16,87,79,86,93,98,100,90,2.5,2.2,0
2023-09-17,83,78,85,92,97,100,89,2.8,2.3,0
2023-09-18,79,77,84,92,97,100,88,2.3,1.4,0
2023-09-19,82,77,84,91,96,99,88,2.9,1.9,0
2023-09-20,79,76,83,90,96,99,87,2.8,1.9,0
2023-09-21,80,76,83,90,95,99,87,1.8,1.1,0
2023-09-22,107,78,82,90,95,98,92,2.1,1.7,0
2023-09-23,101,81,82,89,95,98,91,1.7,1.2,0
2023-09-24,97,81,82,89,94,98,90,2,1.5,0
2023-09-25,92,81,82,88,94,97,89,2.1,1.8,0
2023-09-26,88,81,82,88,93,97,88,1.9,1.6,0
2023-09-27,84,80,81,88,93,97,87,1.9,1.6,0
2023-09-28,81,79,81,87,93,96,86,1.9,1.8,0
2023-09-29,78,78,81,87,92,96,85,1.8,1.5,0
2023-09-30,77,77,81,87,92,96,85,1.5,1.4,0
2023-10-01,74,76,80,86,92,96,84,1.9,1.5,0
2023-10-02,71,75,80,86,91,95,83,2,1.7,0
2023-10-03,84,74,79,85,91,95,85,1.8,1.2,0
2023-10-04,104,77,79,85,91,95,89,1.4,1,0
2023-10-05,100,79,79,85,90,94,88,1.5,0.8,0
2023-10-06,96,80,79,85,90,94,87,1.7,1.2,0
2023-10-07,93,80,79,85,90,94,87,1.9,0.8,0
2023-10-08,99,81,80,85,90,94,88,1.2,0.8,0
2023-10-09,100,82,80,84,90,94,88,0.8,0.4,0
2023-10-10,99,83,80,84,89,93,88,1.5,1.2,0
2023-10-11,95,83,80,84,89,93,88,2.8,1.6,0
2023-10-12,101,84,81,84,89,93,89,0.9,0.5,0
2023-10-13,112,88,81,84,89,93,91,1.7,1.4,0
2023-10-14,121,113,84,84,89,93,97,1.7,1.5,0
2023-10-15,116,116,92,85,89,93,98,0.7,0.3,0
2023-10-16,113,113,97,86,89,92,98,0.6,0.5,0
2023-10-17,111,111,99,87,89,92,98,0.6,0.5,0
2023-10-18,108,109,100,88,89,92,98,0.9,0.7,0
2023-10-19,122,123,107,90,89,92,104,0.6,0.5,0
2023-10-20,124,124,116,95,89,92,107,0.6,0.4,0
2023-10-21,121,122,121,103,90,92,108,1.4,1.1,0
2023-10-22,117,119,119,109,93,92,108,0.9,0.3,0
2023-10-23,115,117,117,111,96,93,108,0.9,0.9,0
2023-10-24,114,115,116,112,99,93,108,0.6,0.2,0
2023-10-25,116,115,115,112,101,94,109,0.6,0.6,0
2023-10-26,124,124,120,113,103,95,113,0.5,0.2,0
2023-10-27,122,122,121,117,106,96,114,0.4,0.1,0
2023-10-28,124,125,124,121,111,98,117,0.6,0.5,0
2023-10-29,124,125,126,126,123,106,122,1.2,1,0
2023-10-30,118,121,122,123,124,117,121,0.9,0.5,0
2023-10-31,123,123,122,122,122,120,122,0.9,0.8,0
2023-11-01,121,122,122,122,122,120,121,1,0.8,0
2023-11-02,117,119,121,121,121,121,120,1.6,0.4,0
2023-11-03,114,117,119,120,121,120,118,1.1,0.5,0
2023-11-04,112,115,117,119,120,120,117,1,0.5,0
2023-11-05,116,115,116,118,119,119,117,1,1.1,0
2023-11-06,117,117,116,117,118,118,117,1.2,0.9,0
2023-11-07,114,116,116,117,117,118,116,0.8,0.5,0
2023-11-08,112,114,116,116,117,117,115,0.9,0.9,0
2023-11-09,114,114,115,116,117,117,115,1,0.7,0
2023-11-10,112,114,115,116,116,117,115,0.8,0.5,0
2023-11-11,117,114,114,115,116,116,115,0.6,0.5,0
2023-11-12,117,116,115,115,115,116,116,0.3,0.5,0
2023-11-13,119,119,119,117,116,116,118,0.5,0.2,0
2023-11-14,123,125,125,125,123,119,123,0.9,0.9,0
2023-11-15,126,127,128,128,128,128,127,0.5,0.3,0
2023-11-16,121,123,124,125,125,126,124,0.4,0.2,0
2023-11-17,117,120,122,123,123,124,121,0.4,0.3,0
2023-11-18,117,118,120,121,122,123,120,0.3,0.3,0
2023-11-19,124,123,121,121,121,122,122,0.6,0.7,0
2023-11-20,123,124,124,123,122,122,123,0.5,0.6,0
2023-11-21,121,122,122,123,123,123,122,0.4,0,0
2023-11-22,118,120,121,122,122,123,121,0.3,0.2,0
2023-11-23,117,118,120,121,121,122,120,0.7,0.3,0
2023-11-24,125,125,122,121,121,121,123,0.7,0.8,0
2023-11-25,123,124,124,124,123,122,123,0.5,0.1,0
2023-11-26,121,122,123,123,123,123,123,0.3,0,0
2023-11-27,124,123,123,123,123,123,123,0.3,0.1,0
2023-11-28,124,125,126,127,127,126,126,0.3,0.2,0
2023-11-29,119,121,123,124,124,125,123,0.3,0.3,0
2023-11-30,116,119,121,122,123,123,120,0.1,0,0
2023-12-01,114,117,119,120,121,122,119,0.3,0.1,2
2023-12-02,113,116,118,119,120,121,118,0.3,0.1,5
2023-12-03,116,116,117,118,119,120,118,0.2,0.1,6
2023-12-04,114,116,117,118,118,119,117,0.6,0.3,6
2023-12-05,114,115,116,117,118,119,116,0.3,0.3,6
2023-12-06,119,116,116,117,117,118,117,0.3,0,0
2023-12-07,117,117,117,117,117,118,117,0.2,0.1,0
2023-12-08,115,116,117,117,117,118,117,0.4,0.2,2
2023-12-09,114,115,116,117,117,117,116,0.3,0.2,0
2023-12-10,122,118,117,117,117,117,118,0.8,0.5,0
2023-12-11,123,123,120,118,117,117,120,0.8,0.8,0
2023-12-12,124,124,123,121,119,118,121,0.2,0.3,0
2023-12-13,122,123,123,123,122,120,122,0.1,0.3,0
2023-12-14,118,120,121,122,122,122,121,0.4,0,0
2023-12-15,115,118,120,121,121,121,119,0.4,0.1,0
2023-12-16,114,117,118,120,120,121,118,0.6,0.4,0
2023-12-17,112,115,117,118,119,120,117,0.2,0,0
2023-12-18,111,114,116,118,119,119,116,0,0.1,0
2023-12-19,111,113,115,117,118,119,115,0.5,0.1,0
2023-12-20,116,114,115,116,117,118,116,0.5,0.4,0
2023-12-21,127,126,123,121,121,121,123,0.7,0.6,0
2023-12-22,125,126,126,126,127,127,126,1,1,0
2023-12-23,127,127,127,127,127,127,127,0.6,0.4,0
2023-12-24,126,127,127,128,128,128,127,0.6,0.3,0
2023-12-25,126,127,127,127,128,128,127,0.5,0.4,0
2023-12-26,124,126,126,127,127,127,126,0.9,0.9,0
2023-12-27,119,121,123,124,125,125,123,0.4,0.1,0
2023-12-28,116,119,121,122,123,123,121,0.9,0.4,0
2023-12-29,120,122,121,121,121,122,121,0.9,0.5,0
2023-12-30,122,124,125,125,124,123,124,0.6,0.5,0
2023-12-31,118,120,122,123,124,124,122,0.9,0.3,0
2024-01-01,115,118,120,121,122,123,120,0.8,0.1,0
2024-01-02,123,124,124,123,122,122,123,0.6,0.3,0
2024-01-03,124,125,126,126,127,127,126,0.8,1.1,0
2024-01-04,126,127,127,127,127,127,127,0.5,0.3,0
2024-01-05,123,124,125,126,126,127,125,0.7,0.5,0
2024-01-06,118,121,122,123,124,125,122,0.4,0,0
2024-01-07,116,119,120,121,122,123,120,0.5,0.2,0
2024-01-08,114,117,119,120,121,122,119,0.4,0.1,4
2024-01-09,113,116,118,119,120,121,118,0.1,0,13
2024-01-10,112,115,117,118,119,120,117,0,0,17
2024-01-11,111,114,116,117,118,119,116,0,0,22
2024-01-12,110,113,115,116,118,119,115,0.3,0,21
2024-01-13,109,112,114,116,117,118,114,0.4,0.1,20
2024-01-14,111,112,114,115,116,117,114,0.4,0.2,18
2024-01-15,116,113,113,115,116,117,115,0.5,0.6,17
2024-01-16,117,115,114,114,115,116,115,0.4,0.5,16
2024-01-17,118,117,115,115,115,116,116,0.2,0.2,11
2024-01-18,122,123,120,116,115,116,119,0.1,0.1,12
2024-01-19,118,120,121,119,117,116,118,0.2,0.1,11
2024-01-20,116,118,119,119,118,117,118,0.2,0.2,11
2024-01-21,114,116,118,119,118,118,117,0.8,0.1,8
2024-01-22,113,115,117,118,118,118,116,0.9,0.6,0
2024-01-23,118,116,116,117,118,118,117,0.9,0.7,0
2024-01-24,118,117,117,117,117,118,117,1.7,1.4,0
2024-01-25,115,117,117,117,117,117,117,0.7,0.2,0
2024-01-26,117,116,116,117,117,117,117,0.7,0.7,0
2024-01-27,117,118,117,117,117,117,117,0.2,0.4,0
2024-01-28,114,116,117,117,117,117,116,0.5,0.3,0
2024-01-29,112,115,116,117,117,117,116,0.7,0.4,0
2024-01-30,111,114,115,116,117,117,115,0.5,0.2,0
2024-01-31,110,113,114,116,116,117,114,0.9,0.1,0
2024-02-01,111,112,114,115,116,116,114,0.6,0.6,0
2024-02-02,110,112,113,114,115,116,113,0.8,0.4,0
2024-02-03,111,111,113,114,115,116,113,0.5,0.2,0
2024-02-04,126,123,117,114,115,115,118,0.6,0.4,0
2024-02-05,122,124,125,122,118,116,121,1.4,1.1,0
2024-02-06,118,120,122,122,121,118,120,1.1,0.2,0
2024-02-07,124,125,125,126,125,122,124,0.5,0.3,0
2024-02-08,122,124,124,125,125,125,124,0.3,0.1,0
2024-02-09,124,126,126,127,127,127,126,0.7,0.5,0
2024-02-10,122,124,124,124,125,125,124,0.6,0.7,0
2024-02-11,121,122,122,123,124,124,123,0.5,0.1,0
2024-02-12,120,122,122,122,123,123,122,0.5,0.5,0
2024-02-13,117,119,121,122,122,122,120,0.7,0.6,0
2024-02-14,115,117,119,120,121,122,119,0.9,0.5,0
2024-02-15,115,116,118,119,120,121,118,0.7,0.6,0
2024-02-16,116,116,117,118,119,120,118,0.9,0.7,0
2024-02-17,118,117,117,118,119,119,118,0.8,0.7,0
2024-02-18,117,117,117,117,118,119,117,0.7,0.6,0
2024-02-19,123,123,120,118,118,118,120,0.6,0.5,0
2024-02-20,120,121,121,120,119,119,120,0.9,0.7,0
2024-02-21,116,119,120,120,120,119,119,1.1,0.5,0
2024-02-22,122,121,120,120,120,120,120,1,1,0
2024-02-23,118,120,121,121,120,120,120,1.4,0.6,0
2024-02-24,115,118,119,120,120,120,119,1,0.3,0
2024-02-25,113,116,118,119,120,120,118,0.7,0.2,0
2024-02-26,112,115,117,118,119,119,117,0.7,0.6,0
2024-02-27,111,114,116,117,118,119,116,0.6,0.1,0
2024-02-28,110,113,115,116,117,118,115,0.7,0.2,0
2024-02-29,108,112,114,116,117,118,114,1.1,0.6,0
2024-03-01,107,111,113,115,116,117,113,0.9,0.4,0
2024-03-02,105,109,112,114,115,116,112,1.4,0.9,0
2024-03-03,104,108,111,113,115,116,111,1,0.9,0
2024-03-04,103,107,110,113,114,115,110,0.5,0.1,0
2024-03-05,103,107,110,112,114,115,110,0.6,0.3,0
2024-03-06,103,106,109,111,113,114,110,0.9,0.7,0
2024-03-07,102,106,109,111,113,114,109,0.9,0.2,0
2024-03-08,102,105,108,110,112,113,108,1.4,0.4,0
2024-03-09,101,105,108,110,112,113,108,1.3,0.6,0
2024-03-10,99,104,107,109,111,113,107,0.9,0.5,0
2024-03-11,100,103,107,109,111,112,107,1.1,0.8,0
2024-03-12,100,103,106,109,110,112,107,0.7,0.1,0
2024-03-13,99,103,106,108,110,111,106,0.7,0.4,0
2024-03-14,98,102,105,108,110,111,106,1.4,1.2,0
2024-03-15,100,101,105,107,109,111,105,1.5,1.2,0
2024-03-16,112,103,104,107,109,110,108,1.2,1,0
2024-03-17,109,104,104,106,108,110,107,1.4,1,0
2024-03-18,106,104,104,106,108,110,106,1.3,0.5,0
2024-03-19,104,104,104,106,108,109,106,1.6,1.1,0
2024-03-20,101,103,104,106,107,109,105,1.5,1.4,0
2024-03-21,99,102,103,105,107,109,104,1.3,0.7,0
2024-03-22,97,101,103,105,107,108,104,1.3,0.9,0
2024-03-23,117,105,103,105,107,108,107,1.2,1.2,0
2024-03-24,119,112,104,105,106,108,109,1.1,1.4,0
2024-03-25,123,119,108,105,106,108,112,1.4,1.1,0
2024-03-26,117,118,113,107,106,108,111,1.7,0.7,0
2024-03-27,112,115,114,108,107,107,111,1.9,1.5,0
2024-03-28,123,124,123,115,108,107,117,1.5,1.3,0
2024-03-29,118,121,122,121,113,108,117,1.4,1.1,0
2024-03-30,115,118,119,120,117,111,116,1.3,1.1,0
2024-03-31,112,115,117,118,117,113,115,1.9,1.4,0
2024-04-01,118,120,121,119,117,115,118,0.7,0.4,0
2024-04-02,120,122,124,124,122,118,122,1.8,1.5,0
2024-04-03,117,120,121,122,122,121,121,1.3,1.2,0
2024-04-04,118,119,120,121,121,121,120,1.5,1.7,0
2024-04-05,116,118,119,120,120,120,119,2,1.6,0
2024-04-06,112,115,117,119,119,120,117,3.4,2.3,0
2024-04-07,107,112,115,117,118,119,115,2.9,2,0
2024-04-08,105,110,113,116,117,118,113,3,2.4,0
2024-04-09,102,108,112,114,116,117,112,1.9,0.9,0
2024-04-10,101,107,111,113,115,116,111,1.6,0.8,0
2024-04-11,99,105,110,112,114,116,109,2,1.5,0
2024-04-12,96,104,108,111,113,115,108,2.3,1.6,0
2024-04-13,94,102,107,110,113,114,107,2.7,2,0
2024-04-14,91,100,106,109,112,113,105,2.4,1.5,0
2024-04-15,104,99,105,109,111,113,107,2.2,1.9,0
2024-04-16,118,105,105,108,110,112,110,1.5,1.4,0
2024-04-17,120,115,106,108,110,112,112,1.5,0.7,0
2024-04-18,121,122,114,109,110,111,114,1.8,1.5,0
2024-04-19,120,119,117,112,110,111,115,1.1,0.9,0
2024-04-20,120,120,118,114,111,111,116,1.6,1,0
2024-04-21,119,119,118,116,113,112,116,1.6,0.9,0
2024-04-22,115,117,118,117,114,112,115,1.7,0.9,0
2024-04-23,112,115,116,116,115,113,115,2,1.1,0
2024-04-24,110,113,115,116,115,114,114,1.7,0.9,0
2024-04-25,110,112,114,115,115,114,113,1.5,1.1,0
2024-04-26,108,111,113,114,115,114,112,2.3,1.4,0
2024-04-27,104,109,112,113,114,114,111,2.8,2,0
2024-04-28,100,107,110,112,113,114,109,3,2.2,0
2024-04-29,96,104,109,111,113,113,108,3,2.3,0
2024-04-30,92,101,107,110,112,113,106,3.6,2.8,0
2024-05-01,87,99,105,109,111,112,104,4.2,3,0
2024-05-02,83,96,103,107,110,111,102,4,2.7,0
2024-05-03,81,94,102,106,109,111,100,1.4,0.7,0
2024-05-04,80,93,101,106,108,110,100,2.1,1.3,0
2024-05-05,78,91,100,105,108,110,99,3,2.2,0
2024-05-06,76,90,99,104,107,109,97,1.9,1.2,0
2024-05-07,81,89,98,104,107,109,98,1.5,1.1,0
2024-05-08,79,88,97,103,106,108,97,3.6,2.6,0
2024-05-09,74,86,96,102,105,108,95,3.7,2.9,0
2024-05-10,70,83,94,101,104,107,93,3.7,2.9,0
2024-05-11,66,81,93,100,104,106,91,3.6,2.7,0
2024-05-12,62,78,91,98,103,106,90,4.1,2.9,0
2024-05-13,58,75,89,97,102,105,88,4.8,3.2,0
2024-05-14,53,73,87,96,101,104,86,5.3,3.4,0
2024-05-15,49,69,85,95,100,104,84,5.8,3.6,0
2024-05-16,50,67,84,94,99,103,83,2.7,1.8,0
2024-05-17,66,66,83,93,99,102,85,3.3,2.4,0
2024-05-18,76,66,82,92,98,102,86,2.1,1.5,0
2024-05-19,112,71,81,92,98,102,93,2.1,2,0
2024-05-20,118,86,82,91,97,101,96,3.3,2.4,0
2024-05-21,112,90,82,91,97,101,95,3.1,2.3,0
2024-05-22,126,118,86,90,97,101,103,1.6,1.5,0
2024-05-23,119,121,99,91,96,100,104,3.8,2.7,0
2024-05-24,116,115,104,92,96,100,104,1.8,1.3,0
2024-05-25,115,114,106,94,96,100,104,3.6,2.8,0
2024-05-26,109,111,106,95,96,99,103,4.2,3.2,0
2024-05-27,108,108,105,96,96,99,102,3.2,2.4,0
2024-05-28,120,115,106,97,96,99,105,3.3,2.6,0
2024-05-29,118,117,110,100,96,99,107,2.3,1.7,0
2024-05-30,125,127,127,128,122,105,122,1.4,1.2,0
2024-05-31,120,123,124,125,125,122,123,2.3,1.8,0
2024-06-01,122,122,123,123,123,123,123,2.4,2,0
2024-06-02,121,123,125,126,126,126,124,1.2,0.8,0
2024-06-03,116,119,121,123,123,124,121,2.2,1.3,0
2024-06-04,112,116,119,120,122,122,118,3.4,2.3,0
2024-06-05,113,114,116,118,120,121,117,1.6,1.1,0
2024-06-06,115,115,116,117,119,120,117,3.7,2.8,0
2024-06-07,109,112,114,116,117,119,115,3.4,2.4,0
2024-06-08,103,109,113,115,116,117,112,4.6,3.3,0
2024-06-09,98,106,110,113,115,116,110,4.6,3.1,0
2024-06-10,94,103,109,112,114,116,108,2.4,1.7,0
2024-06-11,95,102,108,111,113,115,107,3,2.3,0
2024-06-12,92,100,106,110,112,114,106,2.3,1.5,0
2024-06-13,90,99,105,109,112,113,105,3.2,2.4,0
2024-06-14,87,97,104,108,111,113,103,2.5,1.5,0
2024-06-15,91,96,103,107,110,112,103,3.6,2.7,0
2024-06-16,88,94,102,106,109,111,102,3.6,2.4,0
2024-06-17,103,101,101,105,108,111,105,2.8,2.4,0
2024-06-18,122,120,106,105,108,110,112,3.3,2.9,0
2024-06-19,123,125,119,108,108,110,115,1.7,1.3,0
2024-06-20,116,119,120,114,109,110,115,2.9,2,0
2024-06-21,117,117,117,116,111,110,115,2.4,2.1,0
2024-06-22,121,122,120,117,113,111,117,3.5,2.6,0
2024-06-23,114,117,119,118,115,112,115,3.8,2.6,0
2024-06-24,108,113,116,116,115,113,113,4.2,3,0
2024-06-25,102,109,113,115,115,113,111,5.1,3.7,0
2024-06-26,96,105,110,113,114,113,108,5.3,3.8,0
2024-06-27,102,103,108,111,113,113,108,3.6,2.9,0
2024-06-28,105,102,107,110,112,112,108,4.8,3.5,0
2024-06-29,98,100,105,109,111,112,106,4.6,3.6,0
2024-06-30,111,100,104,108,110,111,107,2,1.8,0
2024-07-01,118,105,104,107,109,111,109,2.1,1.8,0
2024-07-02,118,111,105,107,109,110,110,1.3,1,0
2024-07-03,114,112,107,107,109,110,110,2.1,1.5,0
2024-07-04,118,115,109,107,108,110,111,2.5,2.1,0
2024-07-05,117,118,112,108,108,109,112,2.8,1.9,0
2024-07-06,110,114,112,109,108,109,110,4.2,2.9,0
2024-07-07,104,109,111,109,108,109,108,4.4,3.2,0
2024-07-08,98,106,109,109,108,108,106,3.7,2.8,0
2024-07-09,92,102,106,108,108,108,104,5.6,4.3,0
2024-07-10,116,103,105,107,107,108,107,2.9,2.4,0
2024-07-11,114,107,105,106,107,108,108,3.8,2.8,0
2024-07-12,118,115,106,106,107,107,110,3.1,2.3,0
2024-07-13,115,117,110,106,106,107,110,3.8,2.5,0
2024-07-14,108,112,110,107,106,107,108,3.9,3,0
2024-07-15,102,108,109,107,106,106,106,4.8,3.8,0
2024-07-16,120,115,109,107,106,106,110,3.9,2.8,0
2024-07-17,112,114,110,107,106,106,109,2.8,1.7,0
2024-07-18,106,110,109,107,106,106,107,4.5,3.8,0
2024-07-19,99,106,108,107,106,106,105,3.9,3.3,0
2024-07-20,93,102,106,106,105,105,103,4.8,3.8,0
2024-07-21,105,105,104,105,105,105,105,3.4,2.7,0
2024-07-22,116,115,106,104,105,105,108,4.7,3.4,0
2024-07-23,115,113,107,104,104,105,108,3.8,3,0
2024-07-24,120,122,114,106,104,105,112,2.7,2,0
2024-07-25,113,116,115,108,105,105,110,3.7,2.9,0
2024-07-26,109,113,114,109,105,105,109,2.4,2,0
2024-07-27,125,126,126,121,113,108,120,2.1,1.7,0
2024-07-28,121,123,125,126,126,126,124,3.7,2.8,0
2024-07-29,113,118,120,122,123,124,120,4.4,3.1,0
2024-07-30,107,113,117,119,121,122,116,4.6,3.6,0
2024-07-31,101,109,114,117,119,120,113,3.7,2.9,0
2024-08-01,106,110,113,115,117,118,113,3.4,2.6,0
2024-08-02,123,125,126,126,124,122,124,3,2.3,0
2024-08-03,119,122,123,124,125,125,123,3.6,2.9,0
2024-08-04,124,126,126,127,127,127,126,2.5,2,0
2024-08-05,118,121,123,124,125,125,123,2.9,2.1,0
2024-08-06,111,116,119,121,122,123,119,4.4,3.4,0
2024-08-07,109,112,116,119,120,121,116,3.3,2.6,0
2024-08-08,113,112,114,117,119,120,116,2.7,2.1,0
2024-08-09,110,111,113,116,117,119,114,2.2,1.5,0
2024-08-10,110,110,112,114,116,118,113,4,2.9,0
2024-08-11,104,108,111,113,115,117,111,3.9,2.9,0
2024-08-12,98,105,109,112,114,116,109,4.6,3.7,0
2024-08-13,92,101,107,110,113,115,106,4.8,3.5,0
2024-08-14,86,98,105,109,112,114,104,4.1,3.2,0
2024-08-15,82,95,103,108,111,113,102,3.7,2.6,0
2024-08-16,77,92,102,107,110,112,100,3.9,3,0
2024-08-17,74,90,100,106,109,111,98,2.6,1.9,0
2024-08-18,87,89,99,105,108,111,100,1.4,1.1,0
2024-08-19,102,90,98,104,108,110,102,2.9,2.1,0
2024-08-20,96,90,97,103,107,109,100,3.5,2.7,0
2024-08-21,97,90,96,102,106,109,100,3.2,2.3,0
2024-08-22,93,89,96,102,106,108,99,3.8,2.6,0
2024-08-23,87,87,94,101,105,108,97,4.7,3.1,0
2024-08-24,81,85,93,100,104,107,95,5.5,3.5,0
2024-08-25,80,83,92,99,103,106,94,3.2,2.6,0
2024-08-26,76,82,91,98,103,106,92,3,2.3,0
2024-08-27,71,80,90,97,102,105,91,3.6,3,0
2024-08-28,67,77,88,96,101,105,89,3.9,2.9,0
2024-08-29,64,75,87,95,100,104,87,3.8,3.1,0
2024-08-30,67,73,85,94,100,103,87,2.5,2,0
2024-08-31,65,72,85,93,99,103,86,3.3,2.1,0
2024-09-01,61,71,83,93,99,102,85,3.7,2.5,0
2024-09-02,57,69,82,92,98,102,83,3.7,2.7,0
2024-09-03,54,67,81,91,97,101,82,3,2.5,0
2024-09-04,51,65,80,90,96,101,80,2.5,2,0
2024-09-05,48,63,78,89,96,100,79,5.5,3.5,0
2024-09-06,44,61,77,88,95,100,77,4.5,2.4,0
2024-09-07,41,59,75,87,94,99,76,3.5,2.8,0
2024-09-08,45,57,74,86,93,98,75,2.5,2,0
2024-09-09,96,58,73,85,93,98,84,1.7,1.5,0
2024-09-10,105,63,73,85,93,98,86,2.3,1.6,0
2024-09-11,107,68,73,84,92,97,87,1.8,1.5,0
2024-09-12,107,73,73,84,92,97,88,1.4,1.2,0
2024-09-13,106,77,74,84,92,97,88,1.4,1.3,0
2024-09-14,100,79,74,84,91,97,87,2,1.4,0
2024-09-15,96,79,75,83,91,96,87,1.7,1.3,0
2024-09-16,93,80,75,83,91,96,86,0.9,0.4,0
2024-09-17,90,80,76,83,90,96,86,2,1.3,0
2024-09-18,87,79,76,83,90,96,85,1.9,1.4,0
2024-09-19,83,78,76,82,90,95,84,2.1,1.5,0
2024-09-20,80,77,76,82,89,95,83,2.6,1.8,0
2024-09-21,76,76,76,82,89,95,82,2.1,1.6,0
2024-09-22,73,74,75,82,89,94,81,2,1.9,0
2024-09-23,70,73,75,81,88,94,80,1.5,1.4,0
2024-09-24,85,73,75,81,88,94,83,1.5,1.6,0
2024-09-25,97,74,75,81,88,93,85,1.2,1.3,0
2024-09-26,111,80,75,81,88,93,88,1.5,1.2,0
2024-09-27,121,106,78,81,88,93,94,2.1,1.7,0
2024-09-28,115,108,82,81,87,93,94,1.3,1.3,0
2024-09-29,111,106,85,82,87,93,94,1.4,1.1,0
2024-09-30,110,105,87,82,87,92,94,1.6,0.9,0
2024-10-01,125,120,92,83,87,92,100,0.8,0.6,0
2024-10-02,124,126,116,87,87,92,105,0.7,0.6,0
2024-10-03,121,122,124,103,88,92,108,0.8,0.6,0
2024-10-04,118,120,120,111,92,92,109,1,0.9,0
2024-10-05,115,117,118,112,96,93,108,0.7,0.5,0
2024-10-06,112,115,116,113,99,93,108,1.2,0.8,0
2024-10-07,111,113,114,113,102,94,108,0.9,0.9,0
2024-10-08,117,114,114,112,104,95,109,0.9,0.7,0
2024-10-09,120,117,114,112,105,96,111,1.2,1,0
2024-10-10,124,124,120,114,106,98,114,1.2,1.2,0
2024-10-11,118,120,121,118,109,99,114,0.9,0.9,0
2024-10-12,115,118,119,118,112,101,114,0.8,0.7,0
2024-10-13,116,117,117,117,114,104,114,1.3,1.1,0
2024-10-14,114,116,117,117,114,106,114,0.6,0.4,0
2024-10-15,113,115,116,116,115,108,113,0.8,0.9,0
2024-10-16,110,113,115,115,114,109,113,1.4,0.8,0
2024-10-17,108,112,114,114,114,110,112,1.1,0.8,0
2024-10-18,106,110,112,114,113,111,111,0.7,0.7,0
2024-10-19,110,110,112,113,113,111,111,0.8,0.6,0
2024-10-20,109,110,111,112,112,111,111,0.9,0.6,0
2024-10-21,107,109,111,112,112,111,110,1,0.9,0
2024-10-22,105,108,110,111,111,111,109,0.8,0.9,0
2024-10-23,104,107,109,111,111,110,109,0.5,0.4,0
2024-10-24,103,106,109,110,111,110,108,0.6,0.6,0
2024-10-25,102,106,108,110,110,110,108,0.8,0.6,0
2024-10-26,100,105,107,109,110,110,107,0.6,0.7,0
2024-10-27,99,104,107,109,110,110,106,0.5,0.2,0
2024-10-28,99,103,106,108,109,109,106,0.6,0.5,0
2024-10-29,100,103,106,108,109,109,106,0.5,0.5,0
2024-10-30,100,103,106,107,109,109,105,0.5,0.4,0
2024-10-31,100,103,105,107,108,109,105,0.5,0.3,0
2024-11-01,99,102,105,107,108,108,105,0.5,0.2,0
2024-11-02,100,102,105,107,108,108,105,0.5,0.4,0
2024-11-03,99,102,104,106,107,108,105,0.2,0.4,0
2024-11-04,99,102,104,106,107,108,104,0.2,0,0
2024-11-05,98,101,104,106,107,108,104,0.3,0.5,0
2024-11-06,98,101,104,105,107,107,104,0.4,0,0
2024-11-07,98,101,103,105,106,107,103,0.4,0,0
2024-11-08,98,101,103,105,106,107,103,0.6,0.1,0
2024-11-09,97,100,103,105,106,107,103,0.4,0,0
2024-11-10,97,100,103,105,106,107,103,0.3,0,0
2024-11-11,104,100,103,104,106,107,104,0.3,0,0
2024-11-12,111,103,103,104,105,106,105,0.4,0.2,0
2024-11-13,114,105,103,104,105,106,106,0.4,0,0
2024-11-14,122,114,105,104,105,106,109,0.4,0.2,0
2024-11-15,117,116,108,105,105,106,109,0.5,0.3,0
2024-11-16,114,115,110,106,105,106,109,0.9,0.3,0
2024-11-17,114,114,111,107,106,106,109,0.6,0.2,0
2024-11-18,121,117,112,108,106,106,112,0.3,0.4,0
2024-11-19,125,125,122,118,115,109,119,0.5,0.4,0
2024-11-20,122,123,124,125,126,124,124,0.6,0.4,0
2024-11-21,118,121,122,123,123,124,122,0.4,0.5,0
2024-11-22,116,119,120,121,122,122,120,0.6,0.2,0
2024-11-23,115,117,119,120,121,121,119,0.7,0.4,0
2024-11-24,115,116,118,119,120,120,118,1.6,1.2,0
2024-11-25,113,115,117,118,119,120,117,1.4,0.7,0
2024-11-26,113,114,116,117,118,119,116,0.4,0.3,0
2024-11-27,112,114,115,117,118,118,116,0.9,0.7,0
2024-11-28,111,113,115,116,117,118,115,1,0.8,0
2024-11-29,110,112,114,115,116,117,114,0.4,0.2,0
2024-11-30,109,112,114,115,116,117,114,0.1,0.2,0
2024-12-01,108,111,113,114,115,116,113,0.1,0.1,0
2024-12-02,108,110,112,114,115,116,113,0.4,0.1,0
2024-12-03,107,110,112,113,115,115,112,0.5,0.2,0
2024-12-04,107,110,112,113,114,115,112,0.4,0.2,0
2024-12-05,107,109,111,113,114,115,111,0.4,0.4,0
2024-12-06,125,121,115,113,113,114,117,0.6,0.4,0
2024-12-07,124,125,124,118,114,114,120,0.6,0.3,0
2024-12-08,120,122,124,123,119,116,121,0.4,0.4,0
2024-12-09,119,120,121,122,121,119,120,0.4,0.2,0
2024-12-10,118,119,120,121,121,120,120,0.5,0.2,0
2024-12-11,115,118,119,120,120,120,119,0.4,0.1,0
2024-12-12,114,116,118,119,120,120,118,0.3,0,0
2024-12-13,112,115,117,118,119,119,117,0.4,0.2,0
2024-12-14,111,114,116,117,118,119,116,0.5,0,0
2024-12-15,111,113,115,117,118,118,115,0.5,0.1,0
2024-12-16,111,113,115,116,117,118,115,0.7,0.4,0
2024-12-17,111,113,114,115,116,117,114,0.6,0.5,0
2024-12-18,110,112,114,115,116,117,114,1,0.3,0
2024-12-19,116,114,113,114,115,116,115,1,0.5,0
2024-12-20,120,120,116,115,115,116,117,0.7,0.4,0
2024-12-21,116,118,117,116,115,116,116,0.7,0.4,0
2024-12-22,124,124,122,118,116,116,120,0.6,0.4,0
2024-12-23,121,122,123,122,120,117,121,0.4,0.3,0
2024-12-24,118,120,121,122,121,120,120,0.4,0.2,0
2024-12-25,116,118,120,121,121,120,119,0.3,0.1,0
2024-12-26,114,117,118,119,120,120,118,0.2,0,0
2024-12-27,113,116,117,119,119,120,117,0.1,0,0
2024-12-28,112,114,116,118,119,119,116,0,0,0
2024-12-29,111,114,115,117,118,119,116,0.2,0,4
2024-12-30,110,113,115,116,117,118,115,0.4,0.2,3
2024-12-31,109,112,114,116,117,117,114,0.2,0.2,0
2025-01-01,108,111,113,115,116,117,114,1,0.1,0
2025-01-02,113,112,113,114,116,116,114,0.4,0.3,0
2025-01-03,113,112,113,114,115,116,114,0.5,0.4,0
2025-01-04,113,113,113,114,115,116,114,0.2,0.1,0
2025-01-05,119,118,116,114,114,115,116,0.5,0.3,2
2025-01-06,123,124,124,121,116,115,121,1.6,1.2,0
2025-01-07,119,121,122,122,120,118,120,0.9,0.3,0
2025-01-08,120,120,121,121,121,120,120,0.4,0.3,0
2025-01-09,126,126,124,124,124,123,124,0.3,0,0
2025-01-10,121,123,124,125,126,126,124,0.4,0.5,0
2025-01-11,117,120,121,123,123,124,121,0.3,0.2,0
2025-01-12,115,118,120,121,122,123,120,0.1,0,0
2025-01-13,114,116,118,120,121,121,118,0.1,0.1,6
2025-01-14,112,115,117,119,120,121,117,0.2,0,10
2025-01-15,112,114,116,118,119,120,116,0.2,0,9
2025-01-16,111,114,116,117,118,119,116,0.3,0,8
2025-01-17,110,113,115,116,117,118,115,0.2,0,5
2025-01-18,110,112,114,116,117,118,114,0.1,0,5
2025-01-19,109,112,114,115,116,117,114,0,0.1,8
2025-01-20,108,111,113,115,116,117,113,0.1,0.2,9
2025-01-21,108,111,113,114,115,116,113,0,0.1,9
2025-01-22,107,110,112,114,115,116,112,0.3,0.2,9
2025-01-23,117,112,112,113,114,115,114,0.5,0.6,0
2025-01-24,118,115,113,113,114,115,115,0.9,0.8,0
2025-01-25,116,115,114,113,114,115,114,0.9,0.8,0
2025-01-26,124,125,125,120,115,115,121,0.6,0.6,0
2025-01-27,122,124,125,125,121,117,122,0.9,0.6,0
2025-01-28,120,123,124,125,125,124,123,0.9,0.7,0
2025-01-29,117,120,121,122,123,124,121,0.8,0.6,0
2025-01-30,118,119,120,121,122,122,120,0.5,0.2,0
2025-01-31,122,124,124,123,122,122,123,0.4,0.2,0
2025-02-01,118,120,122,123,123,123,121,0.2,0.1,0
2025-02-02,116,118,120,121,122,122,120,0.2,0.2,0
2025-02-03,114,117,119,120,121,121,118,0.1,0,0
2025-02-04,113,115,117,119,120,120,117,0.3,0,3
2025-02-05,111,114,116,118,119,120,116,0.3,0,5
2025-02-06,111,114,116,117,118,119,116,0.3,0.1,0
2025-02-07,110,113,115,116,117,118,115,0.9,0.1,0
2025-02-08,109,112,114,116,117,118,114,0.5,0.1,0
2025-02-09,108,111,113,115,116,117,114,0.3,0,0
2025-02-10,108,111,113,114,116,117,113,0.5,0,0
2025-02-11,112,111,112,114,115,116,113,0.7,0.5,0
2025-02-12,112,112,112,113,115,116,113,0.4,0.2,0
2025-02-13,113,112,112,113,114,115,113,0.4,0.2,2
2025-02-14,111,112,112,113,114,115,113,0.5,0.3,0
2025-02-15,110,112,112,113,114,115,113,0.5,0.1,0
2025-02-16,109,111,112,113,114,114,112,0.5,0.1,0
2025-02-17,108,111,112,113,113,114,112,0.5,0,5
2025-02-18,108,110,111,112,113,114,111,0.6,0.1,11
2025-02-19,107,109,111,112,113,114,111,1.1,0.1,14
2025-02-20,106,109,111,112,113,113,111,1,0.2,13
2025-02-21,105,108,110,111,112,113,110,0.8,0.8,0
2025-02-22,104,107,110,111,112,113,109,1.2,0.7,0
2025-02-23,102,106,109,111,112,113,109,0.9,0.7,0
2025-02-24,101,105,108,110,111,112,108,1.2,0.6,0
2025-02-25,101,105,108,110,111,112,108,0.8,1,0
2025-02-26,113,105,107,109,111,112,109,0.4,0.1,0
2025-02-27,115,108,107,109,110,111,110,0.7,0.7,0
2025-02-28,119,112,108,109,110,111,112,0.5,0.4,0
2025-03-01,116,114,110,109,110,111,112,0.5,0.1,0
2025-03-02,113,114,111,110,110,111,111,0.6,0.2,0
2025-03-03,111,112,112,110,110,111,111,0.8,0.7,0
2025-03-04,108,111,111,110,110,111,110,1,0.9,0
2025-03-05,106,109,110,110,110,110,109,1.3,1.1,0
2025-03-06,103,107,109,110,110,110,108,1.4,1.3,0
2025-03-07,101,106,108,109,110,110,107,1.1,1.2,0
2025-03-08,99,104,107,109,110,110,106,1.4,1.2,0
2025-03-09,97,103,106,108,109,110,106,1.2,1,0
2025-03-10,95,102,105,108,109,110,105,1.2,1.1,0
2025-03-11,94,100,105,107,108,109,104,1.1,1,0
2025-03-12,96,100,104,107,108,109,104,0.8,0.7,0
2025-03-13,96,100,104,106,108,109,104,0.8,0.2,0
2025-03-14,95,99,103,106,108,109,103,1,0.3,0
2025-03-15,95,99,103,105,107,108,103,0.8,0.1,0
2025-03-16,95,99,102,105,107,108,103,1.2,0.5,0
2025-03-17,94,98,102,105,107,108,102,1.6,0.4,0
2025-03-18,93,98,102,104,106,108,102,1.6,0.6,0
2025-03-19,91,97,101,104,106,107,101,1.8,1.4,0
2025-03-20,89,95,100,103,105,107,100,1.7,1.5,0
2025-03-21,86,94,99,103,105,107,99,2.6,1.7,0
2025-03-22,83,92,98,102,105,106,98,3.3,1.6,0
2025-03-23,82,91,98,102,104,106,97,1.3,0.8,0
2025-03-24,97,96,97,101,104,106,100,1.4,1.1,0
2025-03-25,119,114,100,101,103,105,107,1.5,1.1,0
2025-03-26,115,114,103,101,103,105,107,1.3,0.9,0
2025-03-27,112,112,105,102,103,105,107,1.7,1.1,0
2025-03-28,108,110,106,102,103,105,106,2,1.6,0
2025-03-29,105,108,106,103,103,104,105,1.6,1,0
2025-03-30,104,106,106,103,103,104,104,1.3,1.4,0
2025-03-31,107,106,105,104,103,104,105,1.7,1.1,0
2025-04-01,104,105,105,104,103,104,104,2.3,1.2,0
2025-04-02,101,104,104,104,103,104,103,3,1.7,0
2025-04-03,98,102,103,103,103,104,102,2.8,1.8,0
2025-04-04,94,100,102,103,103,104,101,2.4,2,0
2025-04-05,91,98,101,102,103,104,100,2.4,1.6,0
2025-04-06,89,97,100,102,103,103,99,2.1,0.7,0
2025-04-07,87,95,100,102,102,103,98,2.1,1.3,0
2025-04-08,85,94,99,101,102,103,97,2.2,1.6,0
2025-04-09,82,92,98,100,102,103,96,2.3,1.7,0
2025-04-10,81,91,97,100,102,103,95,1.4,0.4,0
2025-04-11,80,90,96,100,101,103,95,2.3,1.7,0
2025-04-12,77,88,95,99,101,102,94,2.9,2.2,0
2025-04-13,74,86,94,98,100,102,92,2.2,1.3,0
2025-04-14,71,84,93,97,100,102,91,3,2.3,0
2025-04-15,72,82,92,97,99,101,91,2.8,2.2,0
2025-04-16,82,81,90,96,99,101,92,2.9,2.3,0
2025-04-17,80,81,90,95,99,101,91,1,0.3,0
2025-04-18,83,81,89,95,98,101,91,0.7,0.3,0
2025-04-19,82,81,89,95,98,100,91,2.2,1.8,0
2025-04-20,83,80,88,94,98,100,91,2.7,2.1,0
2025-04-21,111,83,87,93,97,100,95,2.7,2.2,0
2025-04-22,124,96,88,93,97,100,99,1.7,1.6,0
2025-04-23,115,103,89,93,97,99,99,2,1.6,0
2025-04-24,118,113,94,93,97,99,102,1,0.6,0
2025-04-25,122,123,117,96,96,99,109,1.7,1.3,0
2025-04-26,115,118,117,103,97,99,108,2.7,1.8,0
2025-04-27,110,114,114,106,98,99,107,3.1,2.3,0
2025-04-28,105,110,112,107,99,99,105,3.4,2.6,0
2025-04-29,100,107,110,107,100,99,104,3.4,2.8,0
2025-04-30,95,104,107,106,100,99,102,3.6,2.8,0
2025-05-01,90,101,105,105,101,99,100,3.9,2.9,0
2025-05-02,91,98,103,104,101,99,99,3.3,2.7,0
2025-05-03,111,107,105,104,101,99,104,0.9,0.4,0
2025-05-04,120,122,120,108,102,99,112,2.3,1.5,0
2025-05-05,115,118,118,113,103,100,111,2.2,1.2,0
2025-05-06,111,115,116,114,105,100,110,3,2,0
2025-05-07,107,112,114,113,107,101,109,2.6,1.5,0
2025-05-08,104,109,112,112,108,102,108,2.6,1.8,0
2025-05-09,100,107,110,111,108,103,106,3.3,2.3,0
2025-05-10,95,104,108,110,108,103,105,3.7,3,0
2025-05-11,91,101,106,108,107,104,103,3.9,2.8,0
2025-05-12,86,98,104,107,107,104,101,3.8,2.7,0
2025-05-13,82,95,102,106,106,104,99,3.6,2.7,0
2025-05-14,77,92,101,104,105,104,97,4.1,3.2,0
2025-05-15,73,89,99,103,104,103,95,3.9,2.5,0
2025-05-16,70,87,97,102,104,103,94,3,2.1,0
2025-05-17,68,85,96,101,103,103,93,2.8,2,0
2025-05-18,69,83,95,100,102,103,92,2,1.6,0
2025-05-19,67,82,94,99,102,102,91,2.9,2.1,0
2025-05-20,63,80,92,98,101,102,89,3.6,2.8,0
2025-05-21,59,77,90,97,100,101,88,4,2.9,0
2025-05-22,57,75,89,96,100,101,86,2.6,1.5,0
2025-05-23,55,74,88,95,99,101,85,2.5,1.7,0
2025-05-24,54,73,87,95,99,100,84,2.7,1.7,0
2025-05-25,76,73,86,94,98,100,88,1.6,1.3,0
2025-05-26,122,93,86,94,98,100,99,2.8,2.4,0
2025-05-27,113,99,87,93,97,99,98,3.1,2.1,0
2025-05-28,122,110,89,93,97,99,102,2.4,2.7,0
2025-05-29,120,122,101,93,97,99,105,2.7,2,0
2025-05-30,113,115,106,94,96,99,104,4,2.7,0
2025-05-31,109,111,106,96,96,98,103,3.7,2.9,0
2025-06-01,120,113,106,97,96,98,105,2.2,2.2,0
2025-06-02,115,114,108,98,96,98,105,3.2,2.3,0
2025-06-03,108,111,108,99,96,98,103,4,2.8,0
2025-06-04,118,119,117,111,98,97,110,1.9,1.6,0
2025-06-05,122,125,126,126,119,101,120,3,2,0
2025-06-06,119,121,122,123,122,111,120,3.2,2.4,0
2025-06-07,118,119,120,121,121,116,119,2.4,1.8,0
2025-06-08,122,121,120,120,119,117,120,2.1,2,0
2025-06-09,119,121,121,120,119,118,120,2.8,2,0
2025-06-10,114,117,119,119,119,118,118,2,1.3,0
2025-06-11,112,115,117,118,119,118,116,3.2,2.4,0
2025-06-12,106,112,115,116,117,117,114,4.6,3.2,0
2025-06-13,100,108,112,115,116,116,111,5.5,3.7,0
2025-06-14,93,104,110,113,115,115,108,5.5,4,0
2025-06-15,89,101,108,111,113,114,106,3,1.9,0
2025-06-16,86,99,106,110,112,114,104,3.5,2.3,0
2025-06-17,81,96,104,109,111,113,102,4.6,3.6,0
2025-06-18,76,92,102,107,110,112,100,4.6,3.5,0
2025-06-19,71,89,100,106,109,111,98,4.7,3.2,0
2025-06-20,67,86,98,104,108,110,95,4.6,3.3,0
2025-06-21,62,83,96,103,107,109,93,5.1,3.9,0
2025-06-22,56,79,94,101,105,108,90,5.7,4.5,0
2025-06-23,52,75,91,100,104,107,88,4.7,2.9,0
2025-06-24,49,73,90,99,103,106,87,3.8,2.4,0
2025-06-25,45,70,88,97,102,106,85,5.5,4,0
2025-06-26,50,67,86,96,101,105,84,3.8,3.1,0
2025-06-27,65,67,85,95,101,104,86,2.2,1.8,0
2025-06-28,62,66,84,94,100,104,85,4.7,3.4,0
2025-06-29,56,64,82,93,99,103,83,5.1,3.5,0
2025-06-30,50,62,80,91,98,102,81,5.6,4.1,0
2025-07-01,44,58,78,90,97,101,78,5.9,4.6,0
2025-07-02,39,55,75,88,96,100,76,6.5,2.8,0
2025-07-03,37,54,74,87,95,100,74,4.6,3.4,0
2025-07-04,33,51,72,86,94,99,73,4.4,3.3,0
2025-07-05,29,49,70,84,93,98,71,4.8,3.6,0
2025-07-06,26,46,68,83,92,97,69,3.5,2.3,0
2025-07-07,41,45,67,82,91,97,71,2.4,2.3,0
2025-07-08,61,46,67,82,91,96,74,3.2,2.3,0
2025-07-09,57,46,66,81,90,96,73,2.4,1.4,0
2025-07-10,53,46,65,80,90,95,72,3.8,2.8,0
2025-07-11,48,45,64,79,89,95,70,3.7,2.4,0
2025-07-12,47,45,64,78,88,94,69,2,1.6,0
2025-07-13,65,45,63,78,88,94,72,3.1,2.2,0
2025-07-14,59,45,62,77,87,93,71,4.2,3.2,0
2025-07-15,101,47,61,76,86,93,78,3.2,2.4,0
2025-07-16,117,61,61,76,86,93,82,1.6,1.3,0
2025-07-17,118,83,63,76,86,92,86,2,1.6,0
2025-07-18,109,87,64,76,86,92,86,2.7,1.9,0
2025-07-19,100,86,66,75,85,92,84,4.9,3.7,0
2025-07-20,94,83,66,75,84,91,82,4.3,3.2,0
2025-07-21,112,98,70,74,84,91,88,1.3,1.1,0
2025-07-22,125,126,96,76,84,91,100,2.3,2.4,0
2025-07-23,122,124,126,90,84,90,106,2.8,2,0
2025-07-24,118,121,122,103,85,90,107,3.4,2.5,0
2025-07-25,120,123,124,119,91,90,111,2.8,2.2,0
2025-07-26,114,118,119,118,99,91,110,3.8,2.7,0
2025-07-27,122,124,124,124,113,94,117,1.9,1.7,0
2025-07-28,119,121,123,124,123,104,119,2.5,1.9,0
2025-07-29,113,117,120,121,121,112,117,3.5,2.4,0
2025-07-30,109,114,117,119,119,115,115,3,2.1,0
2025-07-31,106,111,115,117,117,115,114,2.2,1.3,0
2025-08-01,115,112,114,115,116,115,115,2,2.1,0
2025-08-02,119,117,115,115,115,115,116,2.5,2.1,0
2025-08-03,117,116,115,115,115,114,115,1.9,1.5,0
2025-08-04,115,116,115,115,115,114,115,3.4,2.5,0
2025-08-05,118,116,115,115,114,114,115,2.9,2,0
2025-08-06,114,115,115,114,114,113,114,3.4,2.2,0
2025-08-07,108,112,113,114,114,113,112,3.7,3.1,0
2025-08-08,102,108,111,113,113,113,110,3.4,2.6,0
2025-08-09,97,105,110,112,112,112,108,3.7,2.7,0
2025-08-10,92,102,108,110,112,112,106,3.8,2.8,0
2025-08-11,88,99,106,109,111,111,104,4.1,3.1,0
2025-08-12,83,96,104,108,110,111,102,4.5,3.3,0
2025-08-13,78,93,102,106,109,110,99,4.5,3.5,0
2025-08-14,73,90,100,105,108,109,97,4.3,3.2,0
2025-08-15,68,87,98,104,107,108,95,4.2,3.1,0
2025-08-16,65,84,96,103,106,108,94,2.2,1.3,0
2025-08-17,64,83,95,102,105,107,93,1.7,1.1,0
2025-08-18,62,81,94,101,105,107,92,3.2,2.5,0
2025-08-19,59,79,92,100,104,106,90,3.7,3,0
2025-08-20,55,76,91,99,103,105,88,3.1,2.2,0
2025-08-21,53,74,89,98,102,105,87,3.5,2.6,0
2025-08-22,50,72,88,97,101,104,85,2.1,1.3,0
2025-08-23,49,71,87,96,101,104,85,2.2,1.4,0
2025-08-24,48,70,86,95,100,103,84,2,1.5,0
2025-08-25,46,68,85,94,100,103,82,2.9,2.4,0
2025-08-26,43,66,83,93,99,102,81,3.2,2.7,0
2025-08-27,40,63,81,92,98,101,79,3.9,2.8,0
2025-08-28,44,62,80,91,97,101,79,1.5,1.3,0
2025-08-29,52,62,79,90,97,100,80,2.5,2,0
2025-08-30,53,61,78,90,96,100,80,2.9,1.7,0
2025-08-31,51,60,77,89,95,100,79,3,2,0
2025-09-01,49,59,77,88,95,99,78,2,1.5,0
2025-09-02,47,58,76,87,94,99,77,2.8,1.9,0
2025-09-03,44,57,75,86,94,98,76,3.1,1.7,0
2025-09-04,42,56,73,86,93,98,75,3.6,2.4,0
2025-09-05,67,55,72,85,92,97,78,2.4,1.9,0
2025-09-06,66,55,72,84,92,97,78,2.6,2.1,0
2025-09-07,61,55,71,83,91,96,76,3,2.2,0
2025-09-08,57,54,70,83,91,96,75,2.5,1.8,0
2025-09-09,54,54,69,82,90,95,74,1.8,1.4,0
2025-09-10,53,54,69,81,90,95,74,1.3,0.9,0
2025-09-11,64,54,69,81,89,95,75,1.5,1.4,0
2025-09-12,101,57,68,81,89,95,82,1.9,1.8,0
2025-09-13,116,66,69,81,89,94,86,1.9,1.9,0
2025-09-14,109,72,69,80,89,94,85,2.2,1.8,0
2025-09-15,105,76,69,80,88,94,85,3,2.2,0
2025-09-16,101,77,70,80,88,93,85,2.4,1.6,0
2025-09-17,102,79,71,79,88,93,85,1.8,1.3,0
2025-09-18,97,79,71,79,87,93,85,2.3,1.5,0
2025-09-19,92,79,72,79,87,92,83,2.6,2.2,0
2025-09-20,87,78,72,79,86,92,82,3.1,2.3,0
2025-09-21,92,77,72,78,86,92,83,1.5,1.1,0
2025-09-22,96,78,72,78,86,92,84,1.4,1.2,0
2025-09-23,92,78,73,78,86,91,83,1.6,1,0
2025-09-24,89,78,73,78,85,91,82,2.2,1.2,0
2025-09-25,104,79,73,78,85,91,85,1.4,0.9,0
2025-09-26,113,84,74,78,85,91,87,1,0.5,0
2025-09-27,119,93,75,78,85,91,90,0.8,0.5,0
2025-09-28,112,98,77,79,85,90,90,1,0.8,0
2025-09-29,107,98,78,79,85,90,90,1.5,1.1,0
2025-09-30,103,97,79,79,85,90,89,1.5,1.2,0
2025-10-01,101,96,80,79,85,90,88,0.7,0.3,0
2025-10-02,99,95,81,80,84,90,88,1.1,0.8,0
2025-10-03,96,94,82,80,84,89,88,1.5,1.1,0
2025-10-04,111,95,82,80,84,89,90,1.1,0.9,0
2025-10-05,122,105,84,81,84,89,94,1.1,1.1,0
2025-10-06,118,110,87,81,84,89,95,0.8,0.4,0
2025-10-07,114,110,91,82,85,89,95,0.8,0.6,0
2025-10-08,116,110,94,83,85,89,96,0.7,0.4,0
2025-10-09,113,110,96,84,85,89,96,1,0.9,0
2025-10-10,110,109,97,85,85,89,96,1.1,0.6,0
2025-10-11,108,108,98,86,85,89,96,0.8,0.3,0
2025-10-12,106,107,99,87,86,89,95,0.8,0.5,0
2025-10-13,110,106,99,88,86,89,96,0.7,0.6,0
2025-10-14,108,106,99,88,86,89,96,0.6,0.3,0
2025-10-15,110,106,99,89,87,89,97,0.6,0.5,0
2025-10-16,112,107,100,90,87,89,98,0.7,0.6,0
2025-10-17,117,109,100,91,87,89,99,0.7,0.7,0
2025-10-18,116,111,102,91,88,89,100,0.7,0.8,0
2025-10-19,112,111,103,92,88,89,99,1.1,0.4,0
2025-10-20,110,110,104,93,88,89,99,0.9,0.5,0
2025-10-21,110,109,104,94,89,89,99,1.1,0.9,0
2025-10-22,109,108,104,95,89,89,99,0.8,0.5,0
2025-10-23,111,108,104,95,90,90,100,1.4,1.3,0
2025-10-24,110,108,104,96,90,90,100,1.4,0.9,0
2025-10-25,107,108,104,97,91,90,99,1.1,0.6,0
2025-10-26,112,108,104,97,91,90,100,1,0.8,0
2025-10-27,122,119,109,98,92,90,105,0.9,1,0
2025-10-28,123,123,118,102,92,91,108,0.8,0.6,0
2025-10-29,119,121,119,109,94,91,109,0.9,0.8,0
2025-10-30,122,122,120,112,97,91,111,1.1,1.1,0
2025-10-31,118,120,120,115,101,92,111,0.7,0.4,0
2025-11-01,117,118,118,116,105,93,111,0.7,0.3,0
2025-11-02,119,119,118,116,108,95,112,0.6,0.6,0
2025-11-03,119,119,118,116,110,97,113,0.7,0.8,0
2025-11-04,115,117,117,116,111,99,113,1,0.5,0
2025-11-05,112,115,116,116,112,101,112,1,0.6,0
2025-11-06,110,113,115,115,113,103,112,0.3,0.4,0
2025-11-07,109,112,114,114,113,105,111,0.3,0,0
2025-11-08,108,111,113,114,113,106,111,0.4,0.1,0
2025-11-09,109,111,112,113,112,107,111,0.4,0,0
2025-11-10,111,111,112,113,112,108,111,0.4,0.2,0
2025-11-11,110,111,112,112,112,109,111,0.5,0.8,0
2025-11-12,108,110,111,112,111,109,110,0.6,0.4,0
2025-11-13,107,109,111,111,111,109,110,0.9,0.6,0
2025-11-14,105,108,110,111,111,109,109,0.8,0.5,0
2025-11-15,105,108,109,110,110,109,109,0.5,0.3,0
2025-11-16,110,108,109,110,110,109,109,0.4,0,0
2025-11-17,118,111,109,110,110,109,111,0.4,0.2,0
2025-11-18,116,114,110,110,110,109,111,0.5,0.4,0
2025-11-19,114,114,112,110,110,109,111,0.6,0.4,0
2025-11-20,124,124,118,112,110,109,116,0.3,0.2,0
2025-11-21,119,121,121,117,112,109,116,0.1,0,2
2025-11-22,116,118,119,119,115,110,116,0,0.1,6
2025-11-23,114,117,118,118,116,112,116,0.5,0.3,8
2025-11-24,113,115,117,117,116,113,115,0.4,0.2,5
2025-11-25,114,115,116,117,116,114,115,0.3,0,0
2025-11-26,112,114,115,116,116,115,115,0.4,0.2,0
2025-11-27,111,113,115,116,116,115,114,0.5,0.5,0
2025-11-28,111,113,114,115,115,115,114,0.5,0.3,0
2025-11-29,118,115,114,115,115,114,115,0.5,0.3,0
2025-11-30,117,116,115,115,115,114,115,0.6,0.3,0
2025-12-01,117,117,116,115,115,114,116,0.4,0.5,0
2025-12-02,114,116,116,115,115,114,115,0.5,0.1,0
2025-12-03,112,115,115,115,115,114,114,0.4,0,0
2025-12-04,111,114,115,115,115,114,114,0.3,0,0
2025-12-05,110,113,114,115,115,114,114,0.3,0,0
2025-12-06,110,112,113,114,115,114,113,0.5,0.2,0
2025-12-07,118,114,113,114,114,114,115,0.4,0.6,0
2025-12-08,123,123,118,115,114,114,118,0.5,0.4,0
2025-12-09,121,122,121,118,115,114,118,0.5,0.4,0
2025-12-10,117,119,120,119,117,115,118,0.5,0.1,0
2025-12-11,115,117,119,119,118,116,117,0,0.3,0
2025-12-12,113,116,117,118,118,117,117,0.4,0.1,0
2025-12-13,112,115,116,117,118,117,116,0.4,0,0
2025-12-14,111,114,115,117,117,117,115,0.4,0.1,0
2025-12-15,110,113,115,116,117,117,114,0.3,0,0
2025-12-16,109,112,114,115,116,116,114,0,0.1,0
2025-12-17,108,111,113,115,116,116,113,0.1,0.1,0
2025-12-18,108,111,113,114,115,116,113,0.5,0.3,0
2025-12-19,107,110,112,114,115,115,112,0.9,0.2,0
2025-12-20,107,109,111,113,114,115,112,0.3,0.1,0
2025-12-21,108,109,111,113,114,115,111,0.1,0.4,0
2025-12-22,107,109,111,112,113,114,111,0.7,0.1,0
2025-12-23,106,109,110,112,113,114,111,0.8,0,0
2025-12-24,106,108,110,111,113,114,110,0.5,0,1
2025-12-25,105,108,110,111,112,113,110,0.3,0,10
2025-12-26,105,107,109,111,112,113,110,0,0,16
2025-12-27,104,107,109,111,112,113,109,0,0,18
2025-12-28,104,107,109,110,111,112,109,0.1,0,17
2025-12-29,104,106,108,110,111,112,109,0.3,0,17
2025-12-30,103,106,108,110,111,112,108,0.1,0.1,15
2025-12-31,104,106,108,109,111,112,108,0.4,0.1,14
2026-01-01,108,106,108,109,110,111,109,0.8,0.6,12
2026-01-02,123,115,109,109,110,111,113,0.6,0.6,11
2026-01-03,121,120,113,110,110,111,114,0.6,0.5,8
2026-01-04,120,119,116,112,110,111,115,0.6,0.5,7
2026-01-05,117,118,117,114,111,111,115,0.3,0.2,2
2026-01-06,115,117,117,115,112,111,114,0.3,0.2,0
2026-01-07,113,115,116,115,113,112,114,0.4,0.4,0
2026-01-08,112,114,115,115,114,113,114,0.5,0.4,0
2026-01-09,121,117,115,115,114,113,116,0.4,0.5,0
2026-01-10,121,120,118,116,114,113,117,0.3,0.5,0
2026-01-11,117,119,119,117,115,114,117,0,0.1,2
2026-01-12,116,117,118,117,116,115,117,0.4,0.3,2
2026-01-13,118,118,117,117,116,115,117,0.3,0.2,0
2026-01-14,117,117,117,117,117,116,117,0.4,0,0
2026-01-15,116,117,117,117,117,116,117,0.5,0.4,0
2026-01-16,114,116,117,117,117,116,116,0.5,0.3,0
2026-01-17,112,114,116,117,117,116,115,0.1,0.2,0
2026-01-18,111,113,115,116,116,116,115,0.4,0,0
2026-01-19,110,113,114,115,116,116,114,0.4,0.1,0
2026-01-20,109,112,114,115,116,116,113,0.2,0.1,4
2026-01-21,108,111,113,114,115,116,113,0.2,0.1,0
2026-01-22,108,110,112,114,115,115,112,0.2,0,6
2026-01-23,107,110,112,113,114,115,112,0.6,0,9
2026-01-24,106,109,111,113,114,115,111,0.4,0,13
2026-01-25,106,109,111,112,114,114,111,0.4,0,16
2026-01-26,122,118,112,112,113,114,115,0.3,0.2,16
2026-01-27,118,119,116,113,113,114,116,0.4,0.3,16
2026-01-28,120,119,117,115,114,114,117,0.4,0.5,13
2026-01-29,120,119,118,116,115,114,117,0.4,0.3,12
2026-01-30,119,120,119,118,116,115,118,0.4,0.5,12
2026-01-31,116,118,119,118,117,115,117,0.5,0.1,11
2026-02-01,114,117,118,118,117,116,117,0.5,0,10
2026-02-02,113,115,117,117,117,117,116,0.5,0,9
2026-02-03,113,114,116,117,117,117,116,0.5,0.1,9
2026-02-04,117,116,116,116,117,117,116,0.4,0.5,8
2026-02-05,114,115,116,116,116,117,116,0.4,0.1,8
2026-02-06,112,114,115,116,116,116,115,0.4,0,7
2026-02-07,113,114,115,116,116,116,115,0.3,0.4,5
2026-02-08,112,113,114,115,116,116,114,0.3,0.1,4
2026-02-09,111,113,114,115,115,116,114,0.5,0.1,0
2026-02-10,109,112,113,114,115,116,113,0.7,0.1,0
2026-02-11,112,112,113,114,115,115,114,0.4,0.2,0
2026-02-12,120,115,113,114,114,115,115,0.6,0.4,0
2026-02-13,123,121,116,114,114,115,117,0.5,0.2,0
2026-02-14,118,120,119,116,115,115,117,0.6,0.2,0
2026-02-15,115,118,118,117,116,115,117,0.8,0.2,0
2026-02-16,119,117,117,117,117,116,117,0.4,0.5,2
2026-02-17,123,121,119,118,117,116,119,0.5,0.5,0
2026-02-18,122,123,122,120,118,117,120,0.5,0.4,0
2026-02-19,118,120,121,121,120,118,120,0.9,0.2,0
2026-02-20,115,118,119,120,120,119,119,0.8,0.1,0
2026-02-21,118,118,119,119,120,119,119,0.7,0.6,0
2026-02-22,120,119,118,119,119,119,119,0.7,0.5,0
2026-02-23,123,122,121,119,119,119,121,1.1,1.1,0
2026-02-24,123,125,125,124,121,120,123,0.7,0.8,0
2026-02-25,117,120,122,123,123,122,121,0.8,0.6,0
2026-02-26,115,118,120,121,122,122,119,0.8,0.4,0
2026-02-27,112,116,118,119,120,121,118,1.3,0.9,0
2026-02-28,110,114,116,118,119,120,116,1.7,1.1,0
2026-03-01,108,112,115,117,118,119,115,1.3,0.8,0
2026-03-02,106,110,114,116,117,118,113,1.2,1,0
2026-03-03,104,109,112,115,116,117,112,1,1,0
2026-03-04,102,108,111,114,115,117,111,0.8,0.4,0
2026-03-05,101,107,110,113,115,116,110,1.2,1,0
2026-03-06,100,105,109,112,114,115,109,1.3,1.2,0
2026-03-07,97,104,108,111,113,115,108,1.2,1.2,0
2026-03-08,96,103,107,110,112,114,107,1.3,1,0
2026-03-09,94,101,106,110,112,113,106,1.2,1.1,0
2026-03-10,92,100,105,109,111,113,105,1.4,1.2,0
2026-03-11,91,99,105,108,111,112,104,1.5,0.9,0
2026-03-12,90,98,104,108,110,112,104,1.7,1.3,0
2026-03-13,89,97,103,107,109,111,103,2,0.9,0
2026-03-14,112,99,103,106,109,111,106,0.7,0.4,0
2026-03-15,114,103,103,106,109,110,107,0.8,0.5,0
2026-03-16,117,107,103,106,108,110,109,0.9,0.9,0
2026-03-17,117,112,105,106,108,110,110,1,0.7,0
2026-03-18,113,112,107,106,108,109,109,1.6,1,0
2026-03-19,109,110,108,106,107,109,108,1.5,1.2,0
2026-03-20,106,109,108,107,107,109,108,1.3,0.9,0
2026-03-21,104,107,107,107,107,109,107,0.9,0.3,0
2026-03-22,103,106,107,107,107,108,106,1.9,1.2,0
2026-03-23,100,104,106,107,107,108,105,1.7,1.4,0
2026-03-24,98,103,105,106,107,108,104,2.1,1.2,0
2026-03-25,97,102,105,106,107,108,104,1.5,1.1,0
2026-03-26,104,102,104,106,107,108,105,1.1,1,0
2026-03-27,110,103,104,105,107,108,106,1.4,0.9,0
2026-03-28,113,105,104,105,106,107,107,0.8,0.3,0
2026-03-29,115,109,105,105,106,107,108,1.3,0.8,0
2026-03-30,123,117,107,105,106,107,111,1.2,1.3,0
2026-03-31,120,120,113,107,106,107,112,1.4,1.1,0
2026-04-01,116,118,115,109,107,107,112,1.4,1,0
2026-04-02,112,115,115,111,107,107,111,1.9,1.5,0
2026-04-03,109,113,114,111,108,107,110,2,0.9,0
2026-04-04,109,111,112,111,109,108,110,2.2,1.5,0
2026-04-05,107,110,111,111,109,108,109,2.4,1.3,0
2026-04-06,105,108,110,111,110,108,109,2.5,2,0
2026-04-07,101,106,109,110,109,108,107,2.4,1.7,0
2026-04-08,98,104,108,109,109,108,106,2.7,2,0
2026-04-09,95,102,106,108,109,108,105,3.3,1.9,0
2026-04-10,99,101,105,107,108,108,105,1.9,1.7,0
2026-04-11,97,100,104,107,108,108,104,2.9,1.9,0
2026-04-12,96,99,103,106,107,108,103,2,1.6,0
2026-04-13,94,98,103,105,107,108,102,1.2,0.7,0
2026-04-14,92,97,102,105,106,107,102,2.6,1.7,0
2026-04-15,89,96,101,104,106,107,100,2.6,2.1,0
2026-04-16,86,94,100,103,105,107,99,2.1,1.5,0
2026-04-17,83,92,99,103,105,106,98,2.8,2,0
2026-04-18,80,90,98,102,104,106,97,2.3,1.7,0
2026-04-19,115,113,107,102,104,105,108,1.4,1.4,0
2026-04-20,121,121,119,107,104,105,113,0.9,0.6,0
2026-04-21,119,120,119,112,106,105,114,1.9,1.4,0
2026-04-22,114,117,118,115,108,106,113,2.7,1.9,0
2026-04-23,109,113,115,114,109,106,111,3.2,2.4,0
2026-04-24,105,111,113,113,110,107,110,2.2,1.3,0
2026-04-25,102,108,111,112,111,108,109,3.3,2.2,0
2026-04-26,98,106,110,111,110,108,107,2.8,1.9,0
2026-04-27,95,103,108,110,110,108,106,2.7,2.1,0
2026-04-28,91,101,106,109,109,108,104,3.6,2.4,0
2026-04-29,87,98,105,108,109,108,102,3.9,2.4,0
2026-04-30,84,96,103,106,108,108,101,3.6,2.4,0
2026-05-01,80,93,101,105,107,107,99,4.1,2.9,0
2026-05-02,75,90,99,104,106,107,97,4.4,3.5,0
2026-05-03,71,87,98,103,105,106,95,3,2.2,0
2026-05-04,71,85,96,102,105,106,94,3.1,2.4,0
2026-05-05,83,84,95,101,104,105,95,2,1.7,0
2026-05-06,126,117,104,101,104,105,109,1.5,1.4,0
2026-05-07,124,124,120,106,104,105,114,0.9,0.7,0
2026-05-08,119,121,121,114,105,105,114,1.2,0.8,0
2026-05-09,114,117,119,116,108,105,113,2.8,1.7,0
2026-05-10,109,114,116,116,110,106,112,3.1,2.4,0
2026-05-11,121,120,117,115,112,107,115,1.2,0.9,0
2026-05-12,121,123,123,119,114,109,118,1.7,1.4,0
2026-05-13,121,121,121,121,117,111,119,1.9,1.6,0
2026-05-14,124,125,124,122,119,114,121,2,2.2,0
2026-05-15,119,122,123,124,123,118,121,2.4,1.6,0
2026-05-16,114,118,120,121,122,121,119,2.2,1.2,0
2026-05-17,110,115,118,119,120,120,117,3,2.2,0
2026-05-18,107,112,115,117,119,119,115,2.7,2,0
2026-05-19,105,110,114,116,117,118,113,2.8,2.3,0
2026-05-20,108,109,112,115,116,117,113,2.1,1.9,0
2026-05-21,106,108,111,114,115,116,112,2.5,1.7,0
2026-05-22,101,106,110,112,114,115,110,4.4,3.3,0
2026-05-23,95,103,108,111,113,115,107,4.7,3.7,0
2026-05-24,89,99,106,110,112,114,105,4.4,3.4,0
2026-05-25,83,96,104,108,111,113,102,4.9,3.6,0
2026-05-26,77,93,102,107,110,112,100,4.9,3.6,0
2026-05-27,72,89,100,105,109,111,98,4.9,3.4,0
2026-05-28,67,86,98,104,108,110,95,4.6,3.2,0
2026-05-29,65,83,96,103,107,109,94,4.4,3.6,0
2026-05-30,79,81,94,101,106,108,95,4.8,3.6,0
2026-05-31,92,80,93,101,105,108,96,2.1,1.8,0
2026-06-01,111,85,92,100,104,107,100,4,3.1,0
2026-06-02,104,87,92,99,104,107,99,3.4,2.8,0
2026-06-03,102,88,91,98,103,106,98,3.3,2.2,0
2026-06-04,100,88,91,98,103,106,98,2.5,1.7,0
2026-06-05,107,90,91,97,102,105,99,2.7,1.9,0
2026-06-06,106,91,91,97,102,105,99,3.7,3,0
2026-06-07,100,91,91,96,101,104,97,3,2.1,0
2026-06-08,94,90,90,96,101,104,96,3.9,2.9,0
2026-06-09,92,89,90,95,100,103,95,2.8,2.3,0
2026-06-10,89,88,89,95,100,103,94,3.2,2.2,0
2026-06-11,92,86,89,94,99,103,94,2.9,2.5,0
2026-06-12,97,87,89,94,99,102,95,1.6,1.3,0
2026-06-13,98,87,89,94,99,102,95,3.6,2.4,0
2026-06-14,97,87,89,94,98,102,94,2.6,2,0
2026-06-15,96,87,89,93,98,101,94,2.1,1.2,0
2026-06-16,93,87,88,93,98,101,93,2.6,1.9,0
2026-06-17,91,86,88,93,97,101,93,3.1,2.5,0
2026-06-18,85,84,87,92,97,100,91,5.4,4.1,0
2026-06-19,84,82,86,91,96,100,90,5,3.9,0
2026-06-20,95,80,85,90,95,99,91,5,3.7,0
2026-06-21,93,80,84,90,95,99,90,4.1,3.2,0
2026-06-22,87,79,83,89,94,98,88,4.6,3.4,0
2026-06-23,79,77,82,88,94,98,86,4.8,3.5,0
2026-06-24,73,74,80,87,93,97,84,4.7,3.4,0
2026-06-25,66,71,79,86,92,97,82,5.8,4.4,0
2026-06-26,58,68,77,85,91,96,79,6.2,4.5,0
2026-06-27,53,65,75,84,91,95,77,5.1,2.6,0
2026-06-28,47,62,74,83,90,95,75,6.2,4.8,0
2026-06-29,45,59,72,82,89,94,74,2.7,2.1,0
2026-06-30,43,57,71,81,88,94,72,3.7,2.7,0
2026-07-01,90,57,70,80,88,93,80,4,3.1,0
2026-07-02,86,58,69,80,87,93,79,4.2,2.9,0
2026-07-03,79,59,68,79,87,92,77,3.7,2.4,0
2026-07-04,73,58,67,78,86,92,76,3.7,2.6,0
2026-07-05,72,58,67,78,86,92,75,2.9,1.9,0
2026-07-06,83,59,66,77,85,91,77,2.2,1.6,0
2026-07-07,78,59,66,77,85,91,76,3.9,2.3,0
2026-07-08,72,59,65,76,85,91,75,4.2,2.7,0
2026-07-09,68,58,65,76,84,90,73,2.3,1.2,0
2026-07-10,64,57,64,75,84,90,72,3.9,2.7,0
2026-07-11,57,55,63,74,83,89,70,5.4,4,0
2026-07-12,50,53,62,73,82,89,68,5.7,4.1,0
2026-07-13,43,50,60,72,81,88,66,6,4.3,0
2026-07-14,62,48,59,71,80,87,68,4.7,3.8,0
2026-07-15,69,48,58,70,80,87,69,5.2,3.6,0
2026-07-16,62,47,57,69,79,86,67,4.2,3.3,0
2026-07-17,63,46,56,69,79,86,66,3.6,3,0
2026-07-18,58,46,56,68,78,86,65,3.7,2.2,0
2026-07-19,54,45,55,68,78,85,64,2.8,1.6,0
2026-07-20,50,45,55,67,77,85,63,2.7,1.7,0
2026-07-21,46,44,54,67,77,84,62,4.2,3,0
2026-07-22,42,43,53,66,76,84,61,2.6,1.6,0
2026-07-23,40,42,53,65,76,84,60,3,2.1,0
2026-07-24,36,40,52,65,75,83,58,4.2,3.2,0
2026-07-25,31,38,50,63,74,82,56,4.9,4,0
2026-07-26,27,36,49,62,73,82,55,2.9,1.9,0
2026-07-27,41,35,48,62,73,81,57,3,2.4,0
2026-07-28,40,34,48,61,72,81,56,4.4,3.4,0
2026-07-29,34,32,46,60,71,80,54,5.5,4.2,0
2026-07-30,28,31,45,59,71,79,52,5.5,2.3,0
2026-07-31,25,29,44,58,70,79,51,4.3,3.6,0
2026-08-01,23,28,42,57,69,78,49,4.1,3.2,0
2026-08-02,19,26,41,56,68,77,48,4.9,3.7,0
2026-08-03,22,23,39,55,67,76,47,4.6,3.5,0
2026-08-04,41,22,38,53,66,76,49,4.9,4,0
2026-08-05,49,22,37,53,65,75,50,4.8,3.6,0
2026-08-06,41,22,36,52,65,74,48,4.3,3.1,0
2026-08-07,35,22,35,51,64,74,47,3.4,2.4,0
2026-08-08,30,21,34,50,63,73,45,4.8,3.4,0
2026-08-09,24,20,33,49,62,72,43,5.2,3.9,0
