region,parameter,period,year,value
Baden-Wuerttemberg,frost_days,year,1951,99.53
Baden-Wuerttemberg,frost_days,year,1952,117.32
Baden-Wuerttemberg,frost_days,year,1953,117.09
Baden-Wuerttemberg,frost_days,year,1954,105.27
Baden-Wuerttemberg,frost_days,year,1955,128.3
Baden-Wuerttemberg,frost_days,year,1956,120.49
Baden-Wuerttemberg,frost_days,year,1957,99.48
Baden-Wuerttemberg,frost_days,year,1958,104.53
Baden-Wuerttemberg,frost_days,year,1959,105.74
Baden-Wuerttemberg,frost_days,year,1960,88.64
Baden-Wuerttemberg,frost_days,year,1961,87.29
Baden-Wuerttemberg,frost_days,year,1962,122.64
Baden-Wuerttemberg,frost_days,year,1963,117.73
Baden-Wuerttemberg,frost_days,year,1964,105.08
Baden-Wuerttemberg,frost_days,year,1965,105.36
Baden-Wuerttemberg,frost_days,year,1966,89.02
Baden-Wuerttemberg,frost_days,year,1967,98.28
Baden-Wuerttemberg,frost_days,year,1968,111.92
Baden-Wuerttemberg,frost_days,year,1969,114.65
Baden-Wuerttemberg,frost_days,year,1970,111.49
Baden-Wuerttemberg,frost_days,year,1971,110.35
Baden-Wuerttemberg,frost_days,year,1972,107.6
Baden-Wuerttemberg,frost_days,year,1973,125.84
Baden-Wuerttemberg,frost_days,year,1974,69.83
Baden-Wuerttemberg,frost_days,year,1975,94.04
Baden-Wuerttemberg,frost_days,year,1976,101.23
Baden-Wuerttemberg,frost_days,year,1977,79.23
Baden-Wuerttemberg,frost_days,year,1978,100.05
Baden-Wuerttemberg,frost_days,year,1979,98.89
Baden-Wuerttemberg,frost_days,year,1980,106.2
Baden-Wuerttemberg,frost_days,year,1981,108.09
Baden-Wuerttemberg,frost_days,year,1982,96.91
Baden-Wuerttemberg,frost_days,year,1983,97.54
Baden-Wuerttemberg,frost_days,year,1984,110.38
Baden-Wuerttemberg,frost_days,year,1985,118.43
Baden-Wuerttemberg,frost_days,year,1986,102.97
Baden-Wuerttemberg,frost_days,year,1987,104.51
Baden-Wuerttemberg,frost_days,year,1988,81.23
Baden-Wuerttemberg,frost_days,year,1989,86.51
Baden-Wuerttemberg,frost_days,year,1990,81.85
Baden-Wuerttemberg,frost_days,year,1991,104.61
Baden-Wuerttemberg,frost_days,year,1992,86.68
Baden-Wuerttemberg,frost_days,year,1993,91.14
Baden-Wuerttemberg,frost_days,year,1994,60.57
Baden-Wuerttemberg,frost_days,year,1995,92.86
Baden-Wuerttemberg,frost_days,year,1996,117.33
Baden-Wuerttemberg,frost_days,year,1997,95.41
Baden-Wuerttemberg,frost_days,year,1998,91.05
Baden-Wuerttemberg,frost_days,year,1999,85.58
Baden-Wuerttemberg,frost_days,year,2000,63.81
Baden-Wuerttemberg,frost_days,year,2001,88.62
Baden-Wuerttemberg,frost_days,year,2002,66.08
Baden-Wuerttemberg,frost_days,year,2003,109.72
Baden-Wuerttemberg,frost_days,year,2004,100.7
Baden-Wuerttemberg,frost_days,year,2005,105.8
Baden-Wuerttemberg,frost_days,year,2006,103.16
Baden-Wuerttemberg,frost_days,year,2007,77.13
Baden-Wuerttemberg,frost_days,year,2008,100.81
Baden-Wuerttemberg,frost_days,year,2009,95.44
Baden-Wuerttemberg,frost_days,year,2010,116.15
Baden-Wuerttemberg,frost_days,year,2011,90.95
Baden-Wuerttemberg,frost_days,year,2012,88.96
Baden-Wuerttemberg,frost_days,year,2013,107.4
Baden-Wuerttemberg,frost_days,year,2014,65
Baden-Wuerttemberg,frost_days,year,2015,95.88
Baden-Wuerttemberg,frost_days,year,2016,93.79
Baden-Wuerttemberg,frost_days,year,2017,95.75
Baden-Wuerttemberg,frost_days,year,2018,83.79
Baden-Wuerttemberg,frost_days,year,2019,89.2
Baden-Wuerttemberg,frost_days,year,2020,86.95
Baden-Wuerttemberg,frost_days,year,2021,105.63
Baden-Wuerttemberg,frost_days,year,2022,85.99
Baden-Wuerttemberg,frost_days,year,2023,75.15
Baden-Wuerttemberg,frost_days,year,2024,65.13
Baden-Wuerttemberg,frost_days,year,2025,93.81
Baden-Wuerttemberg,hot_days,year,1951,3.52
Baden-Wuerttemberg,hot_days,year,1952,14.31
Baden-Wuerttemberg,hot_days,year,1953,4.93
Baden-Wuerttemberg,hot_days,year,1954,2.43
Baden-Wuerttemberg,hot_days,year,1955,1.19
Baden-Wuerttemberg,hot_days,year,1956,1.13
Baden-Wuerttemberg,hot_days,year,1957,7.13
Baden-Wuerttemberg,hot_days,year,1958,2.91
Baden-Wuerttemberg,hot_days,year,1959,5.89
Baden-Wuerttemberg,hot_days,year,1960,1.25
Baden-Wuerttemberg,hot_days,year,1961,5.43
Baden-Wuerttemberg,hot_days,year,1962,5.41
Baden-Wuerttemberg,hot_days,year,1963,3.78
Baden-Wuerttemberg,hot_days,year,1964,13.26
Baden-Wuerttemberg,hot_days,year,1965,2.36
Baden-Wuerttemberg,hot_days,year,1966,2.7
Baden-Wuerttemberg,hot_days,year,1967,6.72
Baden-Wuerttemberg,hot_days,year,1968,2.14
Baden-Wuerttemberg,hot_days,year,1969,4.85
Baden-Wuerttemberg,hot_days,year,1970,2.01
Baden-Wuerttemberg,hot_days,year,1971,8.74
Baden-Wuerttemberg,hot_days,year,1972,3.39
Baden-Wuerttemberg,hot_days,year,1973,5.49
Baden-Wuerttemberg,hot_days,year,1974,3.21
Baden-Wuerttemberg,hot_days,year,1975,4.41
Baden-Wuerttemberg,hot_days,year,1976,11.51
Baden-Wuerttemberg,hot_days,year,1977,1.49
Baden-Wuerttemberg,hot_days,year,1978,1.2
Baden-Wuerttemberg,hot_days,year,1979,2.13
Baden-Wuerttemberg,hot_days,year,1980,2.05
Baden-Wuerttemberg,hot_days,year,1981,2.23
Baden-Wuerttemberg,hot_days,year,1982,4.13
Baden-Wuerttemberg,hot_days,year,1983,12.75
Baden-Wuerttemberg,hot_days,year,1984,4.7
Baden-Wuerttemberg,hot_days,year,1985,4.37
Baden-Wuerttemberg,hot_days,year,1986,3.74
Baden-Wuerttemberg,hot_days,year,1987,2.78
Baden-Wuerttemberg,hot_days,year,1988,3.44
Baden-Wuerttemberg,hot_days,year,1989,4.55
Baden-Wuerttemberg,hot_days,year,1990,7.34
Baden-Wuerttemberg,hot_days,year,1991,7.23
Baden-Wuerttemberg,hot_days,year,1992,11.86
Baden-Wuerttemberg,hot_days,year,1993,3.63
Baden-Wuerttemberg,hot_days,year,1994,12.41
Baden-Wuerttemberg,hot_days,year,1995,9.05
Baden-Wuerttemberg,hot_days,year,1996,2.69
Baden-Wuerttemberg,hot_days,year,1997,3.91
Baden-Wuerttemberg,hot_days,year,1998,11.21
Baden-Wuerttemberg,hot_days,year,1999,5.02
Baden-Wuerttemberg,hot_days,year,2000,5.64
Baden-Wuerttemberg,hot_days,year,2001,9.38
Baden-Wuerttemberg,hot_days,year,2002,6.12
Baden-Wuerttemberg,hot_days,year,2003,26.6
Baden-Wuerttemberg,hot_days,year,2004,7.21
Baden-Wuerttemberg,hot_days,year,2005,10.47
Baden-Wuerttemberg,hot_days,year,2006,14.8
Baden-Wuerttemberg,hot_days,year,2007,4.78
Baden-Wuerttemberg,hot_days,year,2008,5.39
Baden-Wuerttemberg,hot_days,year,2009,6.9
Baden-Wuerttemberg,hot_days,year,2010,11.23
Baden-Wuerttemberg,hot_days,year,2011,7.62
Baden-Wuerttemberg,hot_days,year,2012,11.01
Baden-Wuerttemberg,hot_days,year,2013,12.77
Baden-Wuerttemberg,hot_days,year,2014,6.81
Baden-Wuerttemberg,hot_days,year,2015,25
Baden-Wuerttemberg,hot_days,year,2016,10.14
Baden-Wuerttemberg,hot_days,year,2017,13.27
Baden-Wuerttemberg,hot_days,year,2018,21.48
Baden-Wuerttemberg,hot_days,year,2019,17.51
Baden-Wuerttemberg,hot_days,year,2020,12.75
Baden-Wuerttemberg,hot_days,year,2021,4.81
Baden-Wuerttemberg,hot_days,year,2022,21.69
Baden-Wuerttemberg,hot_days,year,2023,18.36
Baden-Wuerttemberg,hot_days,year,2024,14.66
Baden-Wuerttemberg,hot_days,year,2025,16.56
Baden-Wuerttemberg,ice_days,year,1951,8.88
Baden-Wuerttemberg,ice_days,year,1952,33.33
Baden-Wuerttemberg,ice_days,year,1953,29.6
Baden-Wuerttemberg,ice_days,year,1954,32.09
Baden-Wuerttemberg,ice_days,year,1955,28.42
Baden-Wuerttemberg,ice_days,year,1956,45.18
Baden-Wuerttemberg,ice_days,year,1957,17.87
Baden-Wuerttemberg,ice_days,year,1958,21.57
Baden-Wuerttemberg,ice_days,year,1959,17.04
Baden-Wuerttemberg,ice_days,year,1960,22.15
Baden-Wuerttemberg,ice_days,year,1961,20.05
Baden-Wuerttemberg,ice_days,year,1962,33.35
Baden-Wuerttemberg,ice_days,year,1963,57.32
Baden-Wuerttemberg,ice_days,year,1964,33.51
Baden-Wuerttemberg,ice_days,year,1965,26.33
Baden-Wuerttemberg,ice_days,year,1966,21.94
Baden-Wuerttemberg,ice_days,year,1967,23.35
Baden-Wuerttemberg,ice_days,year,1968,32.31
Baden-Wuerttemberg,ice_days,year,1969,43.24
Baden-Wuerttemberg,ice_days,year,1970,33.27
Baden-Wuerttemberg,ice_days,year,1971,26.35
Baden-Wuerttemberg,ice_days,year,1972,21.89
Baden-Wuerttemberg,ice_days,year,1973,26.22
Baden-Wuerttemberg,ice_days,year,1974,6.9
Baden-Wuerttemberg,ice_days,year,1975,13.84
Baden-Wuerttemberg,ice_days,year,1976,27.84
Baden-Wuerttemberg,ice_days,year,1977,16.84
Baden-Wuerttemberg,ice_days,year,1978,31.38
Baden-Wuerttemberg,ice_days,year,1979,24.36
Baden-Wuerttemberg,ice_days,year,1980,30.65
Baden-Wuerttemberg,ice_days,year,1981,29.01
Baden-Wuerttemberg,ice_days,year,1982,19.83
Baden-Wuerttemberg,ice_days,year,1983,25.75
Baden-Wuerttemberg,ice_days,year,1984,19.01
Baden-Wuerttemberg,ice_days,year,1985,45.06
Baden-Wuerttemberg,ice_days,year,1986,36.51
Baden-Wuerttemberg,ice_days,year,1987,39.37
Baden-Wuerttemberg,ice_days,year,1988,11.05
Baden-Wuerttemberg,ice_days,year,1989,12.54
Baden-Wuerttemberg,ice_days,year,1990,15.89
Baden-Wuerttemberg,ice_days,year,1991,28.62
Baden-Wuerttemberg,ice_days,year,1992,16.66
Baden-Wuerttemberg,ice_days,year,1993,26.79
Baden-Wuerttemberg,ice_days,year,1994,10.64
Baden-Wuerttemberg,ice_days,year,1995,22.35
Baden-Wuerttemberg,ice_days,year,1996,37.4
Baden-Wuerttemberg,ice_days,year,1997,20.67
Baden-Wuerttemberg,ice_days,year,1998,23.77
Baden-Wuerttemberg,ice_days,year,1999,22.09
Baden-Wuerttemberg,ice_days,year,2000,10.36
Baden-Wuerttemberg,ice_days,year,2001,16.45
Baden-Wuerttemberg,ice_days,year,2002,16.06
Baden-Wuerttemberg,ice_days,year,2003,23.79
Baden-Wuerttemberg,ice_days,year,2004,22.48
Baden-Wuerttemberg,ice_days,year,2005,32.85
Baden-Wuerttemberg,ice_days,year,2006,25.78
Baden-Wuerttemberg,ice_days,year,2007,14.77
Baden-Wuerttemberg,ice_days,year,2008,12.5
Baden-Wuerttemberg,ice_days,year,2009,27.69
Baden-Wuerttemberg,ice_days,year,2010,48.91
Baden-Wuerttemberg,ice_days,year,2011,16.1
Baden-Wuerttemberg,ice_days,year,2012,25.06
Baden-Wuerttemberg,ice_days,year,2013,28.43
Baden-Wuerttemberg,ice_days,year,2014,5.78
Baden-Wuerttemberg,ice_days,year,2015,10.27
Baden-Wuerttemberg,ice_days,year,2016,11.32
Baden-Wuerttemberg,ice_days,year,2017,21.97
Baden-Wuerttemberg,ice_days,year,2018,16.27
Baden-Wuerttemberg,ice_days,year,2019,10.48
Baden-Wuerttemberg,ice_days,year,2020,5.91
Baden-Wuerttemberg,ice_days,year,2021,15.44
Baden-Wuerttemberg,ice_days,year,2022,11.5
Baden-Wuerttemberg,ice_days,year,2023,10.25
Baden-Wuerttemberg,ice_days,year,2024,11.94
Baden-Wuerttemberg,ice_days,year,2025,12.06
Baden-Wuerttemberg,precip_ge10,year,1951,29.12
Baden-Wuerttemberg,precip_ge10,year,1952,33.99
Baden-Wuerttemberg,precip_ge10,year,1953,21.7
Baden-Wuerttemberg,precip_ge10,year,1954,30.54
Baden-Wuerttemberg,precip_ge10,year,1955,29.11
Baden-Wuerttemberg,precip_ge10,year,1956,29.37
Baden-Wuerttemberg,precip_ge10,year,1957,26.79
Baden-Wuerttemberg,precip_ge10,year,1958,35.53
Baden-Wuerttemberg,precip_ge10,year,1959,22.69
Baden-Wuerttemberg,precip_ge10,year,1960,28.19
Baden-Wuerttemberg,precip_ge10,year,1961,29.62
Baden-Wuerttemberg,precip_ge10,year,1962,24.79
Baden-Wuerttemberg,precip_ge10,year,1963,26.59
Baden-Wuerttemberg,precip_ge10,year,1964,23.25
Baden-Wuerttemberg,precip_ge10,year,1965,42.03
Baden-Wuerttemberg,precip_ge10,year,1966,34.18
Baden-Wuerttemberg,precip_ge10,year,1967,29.08
Baden-Wuerttemberg,precip_ge10,year,1968,36.79
Baden-Wuerttemberg,precip_ge10,year,1969,29.74
Baden-Wuerttemberg,precip_ge10,year,1970,31.25
Baden-Wuerttemberg,precip_ge10,year,1971,21.36
Baden-Wuerttemberg,precip_ge10,year,1972,25.21
Baden-Wuerttemberg,precip_ge10,year,1973,27.71
Baden-Wuerttemberg,precip_ge10,year,1974,31.61
Baden-Wuerttemberg,precip_ge10,year,1975,27.02
Baden-Wuerttemberg,precip_ge10,year,1976,23.12
Baden-Wuerttemberg,precip_ge10,year,1977,31.79
Baden-Wuerttemberg,precip_ge10,year,1978,31.69
Baden-Wuerttemberg,precip_ge10,year,1979,29.15
Baden-Wuerttemberg,precip_ge10,year,1980,30.29
Baden-Wuerttemberg,precip_ge10,year,1981,35.69
Baden-Wuerttemberg,precip_ge10,year,1982,32.46
Baden-Wuerttemberg,precip_ge10,year,1983,28.93
Baden-Wuerttemberg,precip_ge10,year,1984,30.35
Baden-Wuerttemberg,precip_ge10,year,1985,26.8
Baden-Wuerttemberg,precip_ge10,year,1986,37.09
Baden-Wuerttemberg,precip_ge10,year,1987,33.84
Baden-Wuerttemberg,precip_ge10,year,1988,36.12
Baden-Wuerttemberg,precip_ge10,year,1989,24.74
Baden-Wuerttemberg,precip_ge10,year,1990,29.62
Baden-Wuerttemberg,precip_ge10,year,1991,21.18
Baden-Wuerttemberg,precip_ge10,year,1992,29.44
Baden-Wuerttemberg,precip_ge10,year,1993,29.44
Baden-Wuerttemberg,precip_ge10,year,1994,30.98
Baden-Wuerttemberg,precip_ge10,year,1995,37.48
Baden-Wuerttemberg,precip_ge10,year,1996,26.85
Baden-Wuerttemberg,precip_ge10,year,1997,25.37
Baden-Wuerttemberg,precip_ge10,year,1998,30.56
Baden-Wuerttemberg,precip_ge10,year,1999,37
Baden-Wuerttemberg,precip_ge10,year,2000,28.72
Baden-Wuerttemberg,precip_ge10,year,2001,37.11
Baden-Wuerttemberg,precip_ge10,year,2002,41.16
Baden-Wuerttemberg,precip_ge10,year,2003,21.17
Baden-Wuerttemberg,precip_ge10,year,2004,27.07
Baden-Wuerttemberg,precip_ge10,year,2005,27.48
Baden-Wuerttemberg,precip_ge10,year,2006,29.96
Baden-Wuerttemberg,precip_ge10,year,2007,33.37
Baden-Wuerttemberg,precip_ge10,year,2008,28.8
Baden-Wuerttemberg,precip_ge10,year,2009,29.28
Baden-Wuerttemberg,precip_ge10,year,2010,29.28
Baden-Wuerttemberg,precip_ge10,year,2011,25.76
Baden-Wuerttemberg,precip_ge10,year,2012,31.2
Baden-Wuerttemberg,precip_ge10,year,2013,30.79
Baden-Wuerttemberg,precip_ge10,year,2014,27.48
Baden-Wuerttemberg,precip_ge10,year,2015,21.01
Baden-Wuerttemberg,precip_ge10,year,2016,28.69
Baden-Wuerttemberg,precip_ge10,year,2017,29.93
Baden-Wuerttemberg,precip_ge10,year,2018,23.11
Baden-Wuerttemberg,precip_ge10,year,2019,28.77
Baden-Wuerttemberg,precip_ge10,year,2020,26.46
Baden-Wuerttemberg,precip_ge10,year,2021,29.58
Baden-Wuerttemberg,precip_ge10,year,2022,25.66
Baden-Wuerttemberg,precip_ge10,year,2023,33.39
Baden-Wuerttemberg,precip_ge10,year,2024,34.33
Baden-Wuerttemberg,precip_ge10,year,2025,28.61
Baden-Wuerttemberg,precip_ge20,year,1951,6.9
Baden-Wuerttemberg,precip_ge20,year,1952,8.5
Baden-Wuerttemberg,precip_ge20,year,1953,5.86
Baden-Wuerttemberg,precip_ge20,year,1954,7.78
Baden-Wuerttemberg,precip_ge20,year,1955,8.72
Baden-Wuerttemberg,precip_ge20,year,1956,8.04
Baden-Wuerttemberg,precip_ge20,year,1957,6.47
Baden-Wuerttemberg,precip_ge20,year,1958,10.39
Baden-Wuerttemberg,precip_ge20,year,1959,6.03
Baden-Wuerttemberg,precip_ge20,year,1960,7.23
Baden-Wuerttemberg,precip_ge20,year,1961,6.89
Baden-Wuerttemberg,precip_ge20,year,1962,6.88
Baden-Wuerttemberg,precip_ge20,year,1963,7.49
Baden-Wuerttemberg,precip_ge20,year,1964,5.91
Baden-Wuerttemberg,precip_ge20,year,1965,10.79
Baden-Wuerttemberg,precip_ge20,year,1966,8.66
Baden-Wuerttemberg,precip_ge20,year,1967,6.6
Baden-Wuerttemberg,precip_ge20,year,1968,10.32
Baden-Wuerttemberg,precip_ge20,year,1969,7.89
Baden-Wuerttemberg,precip_ge20,year,1970,9.04
Baden-Wuerttemberg,precip_ge20,year,1971,5.55
Baden-Wuerttemberg,precip_ge20,year,1972,7.71
Baden-Wuerttemberg,precip_ge20,year,1973,7.95
Baden-Wuerttemberg,precip_ge20,year,1974,7.11
Baden-Wuerttemberg,precip_ge20,year,1975,6.72
Baden-Wuerttemberg,precip_ge20,year,1976,6.23
Baden-Wuerttemberg,precip_ge20,year,1977,8.3
Baden-Wuerttemberg,precip_ge20,year,1978,9.97
Baden-Wuerttemberg,precip_ge20,year,1979,7.47
Baden-Wuerttemberg,precip_ge20,year,1980,7.27
Baden-Wuerttemberg,precip_ge20,year,1981,10.39
Baden-Wuerttemberg,precip_ge20,year,1982,9.71
Baden-Wuerttemberg,precip_ge20,year,1983,8.55
Baden-Wuerttemberg,precip_ge20,year,1984,8.6
Baden-Wuerttemberg,precip_ge20,year,1985,6.72
Baden-Wuerttemberg,precip_ge20,year,1986,12.15
Baden-Wuerttemberg,precip_ge20,year,1987,9.49
Baden-Wuerttemberg,precip_ge20,year,1988,9.29
Baden-Wuerttemberg,precip_ge20,year,1989,6.09
Baden-Wuerttemberg,precip_ge20,year,1990,8.43
Baden-Wuerttemberg,precip_ge20,year,1991,6.15
Baden-Wuerttemberg,precip_ge20,year,1992,9.08
Baden-Wuerttemberg,precip_ge20,year,1993,7.76
Baden-Wuerttemberg,precip_ge20,year,1994,8.23
Baden-Wuerttemberg,precip_ge20,year,1995,10.83
Baden-Wuerttemberg,precip_ge20,year,1996,6.68
Baden-Wuerttemberg,precip_ge20,year,1997,6.71
Baden-Wuerttemberg,precip_ge20,year,1998,7.3
Baden-Wuerttemberg,precip_ge20,year,1999,9.4
Baden-Wuerttemberg,precip_ge20,year,2000,7.62
Baden-Wuerttemberg,precip_ge20,year,2001,8.84
Baden-Wuerttemberg,precip_ge20,year,2002,12.86
Baden-Wuerttemberg,precip_ge20,year,2003,4.7
Baden-Wuerttemberg,precip_ge20,year,2004,7.11
Baden-Wuerttemberg,precip_ge20,year,2005,6.36
Baden-Wuerttemberg,precip_ge20,year,2006,9.31
Baden-Wuerttemberg,precip_ge20,year,2007,8.92
Baden-Wuerttemberg,precip_ge20,year,2008,6.84
Baden-Wuerttemberg,precip_ge20,year,2009,6.68
Baden-Wuerttemberg,precip_ge20,year,2010,7.33
Baden-Wuerttemberg,precip_ge20,year,2011,6.92
Baden-Wuerttemberg,precip_ge20,year,2012,7.26
Baden-Wuerttemberg,precip_ge20,year,2013,10.01
Baden-Wuerttemberg,precip_ge20,year,2014,7.85
Baden-Wuerttemberg,precip_ge20,year,2015,6.34
Baden-Wuerttemberg,precip_ge20,year,2016,7.55
Baden-Wuerttemberg,precip_ge20,year,2017,7.9
Baden-Wuerttemberg,precip_ge20,year,2018,7.5
Baden-Wuerttemberg,precip_ge20,year,2019,7.9
Baden-Wuerttemberg,precip_ge20,year,2020,6.43
Baden-Wuerttemberg,precip_ge20,year,2021,8.13
Baden-Wuerttemberg,precip_ge20,year,2022,7.46
Baden-Wuerttemberg,precip_ge20,year,2023,8.25
Baden-Wuerttemberg,precip_ge20,year,2024,9.89
Baden-Wuerttemberg,precip_ge20,year,2025,7.13
Baden-Wuerttemberg,precipitation,year,1881,828.6
Baden-Wuerttemberg,precipitation,year,1882,1255.2
Baden-Wuerttemberg,precipitation,year,1883,870.5
Baden-Wuerttemberg,precipitation,year,1884,776.4
Baden-Wuerttemberg,precipitation,year,1885,990.9
Baden-Wuerttemberg,precipitation,year,1886,1063.1
Baden-Wuerttemberg,precipitation,year,1887,772.1
Baden-Wuerttemberg,precipitation,year,1888,925.6
Baden-Wuerttemberg,precipitation,year,1889,944.7
Baden-Wuerttemberg,precipitation,year,1890,872.6
Baden-Wuerttemberg,precipitation,year,1891,859.2
Baden-Wuerttemberg,precipitation,year,1892,833.1
Baden-Wuerttemberg,precipitation,year,1893,727.1
Baden-Wuerttemberg,precipitation,year,1894,882.1
Baden-Wuerttemberg,precipitation,year,1895,918.8
Baden-Wuerttemberg,precipitation,year,1896,996
Baden-Wuerttemberg,precipitation,year,1897,891.3
Baden-Wuerttemberg,precipitation,year,1898,848.3
Baden-Wuerttemberg,precipitation,year,1899,843.2
Baden-Wuerttemberg,precipitation,year,1900,951.7
Baden-Wuerttemberg,precipitation,year,1901,912.4
Baden-Wuerttemberg,precipitation,year,1902,841.4
Baden-Wuerttemberg,precipitation,year,1903,828.5
Baden-Wuerttemberg,precipitation,year,1904,811.6
Baden-Wuerttemberg,precipitation,year,1905,889.2
Baden-Wuerttemberg,precipitation,year,1906,915.9
Baden-Wuerttemberg,precipitation,year,1907,758.6
Baden-Wuerttemberg,precipitation,year,1908,838.4
Baden-Wuerttemberg,precipitation,year,1909,897.7
Baden-Wuerttemberg,precipitation,year,1910,1108.1
Baden-Wuerttemberg,precipitation,year,1911,699
Baden-Wuerttemberg,precipitation,year,1912,1004.9
Baden-Wuerttemberg,precipitation,year,1913,934.3
Baden-Wuerttemberg,precipitation,year,1914,1091.1
Baden-Wuerttemberg,precipitation,year,1915,957.5
Baden-Wuerttemberg,precipitation,year,1916,1007.8
Baden-Wuerttemberg,precipitation,year,1917,897.7
Baden-Wuerttemberg,precipitation,year,1918,856
Baden-Wuerttemberg,precipitation,year,1919,940.5
Baden-Wuerttemberg,precipitation,year,1920,771.6
Baden-Wuerttemberg,precipitation,year,1921,601.5
Baden-Wuerttemberg,precipitation,year,1922,1247.2
Baden-Wuerttemberg,precipitation,year,1923,937.2
Baden-Wuerttemberg,precipitation,year,1924,999.2
Baden-Wuerttemberg,precipitation,year,1925,907.2
Baden-Wuerttemberg,precipitation,year,1926,917
Baden-Wuerttemberg,precipitation,year,1927,1079.5
Baden-Wuerttemberg,precipitation,year,1928,812.2
Baden-Wuerttemberg,precipitation,year,1929,725.3
Baden-Wuerttemberg,precipitation,year,1930,1109
Baden-Wuerttemberg,precipitation,year,1931,1120.1
Baden-Wuerttemberg,precipitation,year,1932,843.9
Baden-Wuerttemberg,precipitation,year,1933,798.7
Baden-Wuerttemberg,precipitation,year,1934,717.9
Baden-Wuerttemberg,precipitation,year,1935,1031.1
Baden-Wuerttemberg,precipitation,year,1936,1072.4
Baden-Wuerttemberg,precipitation,year,1937,913
Baden-Wuerttemberg,precipitation,year,1938,968.1
Baden-Wuerttemberg,precipitation,year,1939,1277
Baden-Wuerttemberg,precipitation,year,1940,1116.9
Baden-Wuerttemberg,precipitation,year,1941,1050.6
Baden-Wuerttemberg,precipitation,year,1942,857.9
Baden-Wuerttemberg,precipitation,year,1943,745.8
Baden-Wuerttemberg,precipitation,year,1944,1061.8
Baden-Wuerttemberg,precipitation,year,1945,938.8
Baden-Wuerttemberg,precipitation,year,1946,870.6
Baden-Wuerttemberg,precipitation,year,1947,854.7
Baden-Wuerttemberg,precipitation,year,1948,881.6
Baden-Wuerttemberg,precipitation,year,1949,648.3
Baden-Wuerttemberg,precipitation,year,1950,1014
Baden-Wuerttemberg,precipitation,year,1951,929.9
Baden-Wuerttemberg,precipitation,year,1952,1079.7
Baden-Wuerttemberg,precipitation,year,1953,716.5
Baden-Wuerttemberg,precipitation,year,1954,997.1
Baden-Wuerttemberg,precipitation,year,1955,951.6
Baden-Wuerttemberg,precipitation,year,1956,979.5
Baden-Wuerttemberg,precipitation,year,1957,879.2
Baden-Wuerttemberg,precipitation,year,1958,1096.7
Baden-Wuerttemberg,precipitation,year,1959,748.9
Baden-Wuerttemberg,precipitation,year,1960,970.2
Baden-Wuerttemberg,precipitation,year,1961,946.7
Baden-Wuerttemberg,precipitation,year,1962,828.6
Baden-Wuerttemberg,precipitation,year,1963,871.9
Baden-Wuerttemberg,precipitation,year,1964,779.2
Baden-Wuerttemberg,precipitation,year,1965,1312.2
Baden-Wuerttemberg,precipitation,year,1966,1107.2
Baden-Wuerttemberg,precipitation,year,1967,931.5
Baden-Wuerttemberg,precipitation,year,1968,1141.9
Baden-Wuerttemberg,precipitation,year,1969,957.6
Baden-Wuerttemberg,precipitation,year,1970,1108.3
Baden-Wuerttemberg,precipitation,year,1971,701.8
Baden-Wuerttemberg,precipitation,year,1972,809.6
Baden-Wuerttemberg,precipitation,year,1973,917.1
Baden-Wuerttemberg,precipitation,year,1974,1019.1
Baden-Wuerttemberg,precipitation,year,1975,864.3
Baden-Wuerttemberg,precipitation,year,1976,771.9
Baden-Wuerttemberg,precipitation,year,1977,997.2
Baden-Wuerttemberg,precipitation,year,1978,1085.8
Baden-Wuerttemberg,precipitation,year,1979,1016.5
Baden-Wuerttemberg,precipitation,year,1980,987.2
Baden-Wuerttemberg,precipitation,year,1981,1169.1
Baden-Wuerttemberg,precipitation,year,1982,1066.3
Baden-Wuerttemberg,precipitation,year,1983,972.2
Baden-Wuerttemberg,precipitation,year,1984,988.8
Baden-Wuerttemberg,precipitation,year,1985,862.1
Baden-Wuerttemberg,precipitation,year,1986,1159.5
Baden-Wuerttemberg,precipitation,year,1987,1076.7
Baden-Wuerttemberg,precipitation,year,1988,1173.4
Baden-Wuerttemberg,precipitation,year,1989,807.7
Baden-Wuerttemberg,precipitation,year,1990,961.7
Baden-Wuerttemberg,precipitation,year,1991,763.4
Baden-Wuerttemberg,precipitation,year,1992,985.9
Baden-Wuerttemberg,precipitation,year,1993,988
Baden-Wuerttemberg,precipitation,year,1994,1062
Baden-Wuerttemberg,precipitation,year,1995,1154.4
Baden-Wuerttemberg,precipitation,year,1996,885
Baden-Wuerttemberg,precipitation,year,1997,858.1
Baden-Wuerttemberg,precipitation,year,1998,998.6
Baden-Wuerttemberg,precipitation,year,1999,1158.8
Baden-Wuerttemberg,precipitation,year,2000,1025.7
Baden-Wuerttemberg,precipitation,year,2001,1184
Baden-Wuerttemberg,precipitation,year,2002,1231.6
Baden-Wuerttemberg,precipitation,year,2003,707.1
Baden-Wuerttemberg,precipitation,year,2004,927.8
Baden-Wuerttemberg,precipitation,year,2005,913
Baden-Wuerttemberg,precipitation,year,2006,972.2
Baden-Wuerttemberg,precipitation,year,2007,1049.6
Baden-Wuerttemberg,precipitation,year,2008,933.7
Baden-Wuerttemberg,precipitation,year,2009,968.1
Baden-Wuerttemberg,precipitation,year,2010,999.7
Baden-Wuerttemberg,precipitation,year,2011,812
Baden-Wuerttemberg,precipitation,year,2012,977.2
Baden-Wuerttemberg,precipitation,year,2013,987.7
Baden-Wuerttemberg,precipitation,year,2014,875.4
Baden-Wuerttemberg,precipitation,year,2015,732
Baden-Wuerttemberg,precipitation,year,2016,954.9
Baden-Wuerttemberg,precipitation,year,2017,957.1
Baden-Wuerttemberg,precipitation,year,2018,765
Baden-Wuerttemberg,precipitation,year,2019,932.6
Baden-Wuerttemberg,precipitation,year,2020,816
Baden-Wuerttemberg,precipitation,year,2021,980.9
Baden-Wuerttemberg,precipitation,year,2022,839.7
Baden-Wuerttemberg,precipitation,year,2023,1019.3
Baden-Wuerttemberg,precipitation,year,2024,1068.9
Baden-Wuerttemberg,precipitation,year,2025,864.9
Baden-Wuerttemberg,summer_days,year,1951,32.33
Baden-Wuerttemberg,summer_days,year,1952,43.11
Baden-Wuerttemberg,summer_days,year,1953,34.13
Baden-Wuerttemberg,summer_days,year,1954,19.54
Baden-Wuerttemberg,summer_days,year,1955,20.98
Baden-Wuerttemberg,summer_days,year,1956,16.71
Baden-Wuerttemberg,summer_days,year,1957,25.75
Baden-Wuerttemberg,summer_days,year,1958,33.52
Baden-Wuerttemberg,summer_days,year,1959,44.14
Baden-Wuerttemberg,summer_days,year,1960,19.52
Baden-Wuerttemberg,summer_days,year,1961,34.95
Baden-Wuerttemberg,summer_days,year,1962,33.97
Baden-Wuerttemberg,summer_days,year,1963,25.98
Baden-Wuerttemberg,summer_days,year,1964,45.74
Baden-Wuerttemberg,summer_days,year,1965,18.4
Baden-Wuerttemberg,summer_days,year,1966,26.1
Baden-Wuerttemberg,summer_days,year,1967,35.46
Baden-Wuerttemberg,summer_days,year,1968,20.77
Baden-Wuerttemberg,summer_days,year,1969,33.5
Baden-Wuerttemberg,summer_days,year,1970,31.18
Baden-Wuerttemberg,summer_days,year,1971,36.42
Baden-Wuerttemberg,summer_days,year,1972,20.7
Baden-Wuerttemberg,summer_days,year,1973,38.48
Baden-Wuerttemberg,summer_days,year,1974,21.5
Baden-Wuerttemberg,summer_days,year,1975,33.8
Baden-Wuerttemberg,summer_days,year,1976,43.47
Baden-Wuerttemberg,summer_days,year,1977,19.27
Baden-Wuerttemberg,summer_days,year,1978,18.04
Baden-Wuerttemberg,summer_days,year,1979,29.1
Baden-Wuerttemberg,summer_days,year,1980,19.38
Baden-Wuerttemberg,summer_days,year,1981,28.88
Baden-Wuerttemberg,summer_days,year,1982,39.95
Baden-Wuerttemberg,summer_days,year,1983,50.42
Baden-Wuerttemberg,summer_days,year,1984,21.67
Baden-Wuerttemberg,summer_days,year,1985,34.42
Baden-Wuerttemberg,summer_days,year,1986,37.93
Baden-Wuerttemberg,summer_days,year,1987,29.73
Baden-Wuerttemberg,summer_days,year,1988,29.14
Baden-Wuerttemberg,summer_days,year,1989,37.91
Baden-Wuerttemberg,summer_days,year,1990,35.93
Baden-Wuerttemberg,summer_days,year,1991,43.72
Baden-Wuerttemberg,summer_days,year,1992,44.15
Baden-Wuerttemberg,summer_days,year,1993,34.6
Baden-Wuerttemberg,summer_days,year,1994,47.07
Baden-Wuerttemberg,summer_days,year,1995,39.16
Baden-Wuerttemberg,summer_days,year,1996,26.52
Baden-Wuerttemberg,summer_days,year,1997,40.5
Baden-Wuerttemberg,summer_days,year,1998,35.19
Baden-Wuerttemberg,summer_days,year,1999,38.36
Baden-Wuerttemberg,summer_days,year,2000,41.16
Baden-Wuerttemberg,summer_days,year,2001,41.51
Baden-Wuerttemberg,summer_days,year,2002,36.12
Baden-Wuerttemberg,summer_days,year,2003,79.66
Baden-Wuerttemberg,summer_days,year,2004,39.24
Baden-Wuerttemberg,summer_days,year,2005,43.52
Baden-Wuerttemberg,summer_days,year,2006,51.09
Baden-Wuerttemberg,summer_days,year,2007,40.29
Baden-Wuerttemberg,summer_days,year,2008,38.31
Baden-Wuerttemberg,summer_days,year,2009,40.87
Baden-Wuerttemberg,summer_days,year,2010,37.22
Baden-Wuerttemberg,summer_days,year,2011,48.11
Baden-Wuerttemberg,summer_days,year,2012,45.89
Baden-Wuerttemberg,summer_days,year,2013,43.92
Baden-Wuerttemberg,summer_days,year,2014,34.94
Baden-Wuerttemberg,summer_days,year,2015,52.9
Baden-Wuerttemberg,summer_days,year,2016,50.9
Baden-Wuerttemberg,summer_days,year,2017,54.22
Baden-Wuerttemberg,summer_days,year,2018,79.71
Baden-Wuerttemberg,summer_days,year,2019,55.4
Baden-Wuerttemberg,summer_days,year,2020,55
Baden-Wuerttemberg,summer_days,year,2021,38.14
Baden-Wuerttemberg,summer_days,year,2022,72.61
Baden-Wuerttemberg,summer_days,year,2023,70.53
Baden-Wuerttemberg,summer_days,year,2024,56.78
Baden-Wuerttemberg,summer_days,year,2025,51.89
Baden-Wuerttemberg,sunshine,year,1951,1711.6
Baden-Wuerttemberg,sunshine,year,1952,1712.1
Baden-Wuerttemberg,sunshine,year,1953,1906.9
Baden-Wuerttemberg,sunshine,year,1954,1588.6
Baden-Wuerttemberg,sunshine,year,1955,1659.1
Baden-Wuerttemberg,sunshine,year,1956,1604.9
Baden-Wuerttemberg,sunshine,year,1957,1731
Baden-Wuerttemberg,sunshine,year,1958,1654.1
Baden-Wuerttemberg,sunshine,year,1959,2021.4
Baden-Wuerttemberg,sunshine,year,1960,1559.2
Baden-Wuerttemberg,sunshine,year,1961,1742.2
Baden-Wuerttemberg,sunshine,year,1962,1847.2
Baden-Wuerttemberg,sunshine,year,1963,1627
Baden-Wuerttemberg,sunshine,year,1964,1731.8
Baden-Wuerttemberg,sunshine,year,1965,1427.9
Baden-Wuerttemberg,sunshine,year,1966,1543.1
Baden-Wuerttemberg,sunshine,year,1967,1770.8
Baden-Wuerttemberg,sunshine,year,1968,1559.2
Baden-Wuerttemberg,sunshine,year,1969,1609.1
Baden-Wuerttemberg,sunshine,year,1970,1487
Baden-Wuerttemberg,sunshine,year,1971,1816.8
Baden-Wuerttemberg,sunshine,year,1972,1579.7
Baden-Wuerttemberg,sunshine,year,1973,1665.6
Baden-Wuerttemberg,sunshine,year,1974,1460.1
Baden-Wuerttemberg,sunshine,year,1975,1616.1
Baden-Wuerttemberg,sunshine,year,1976,1815.3
Baden-Wuerttemberg,sunshine,year,1977,1414.7
Baden-Wuerttemberg,sunshine,year,1978,1507.6
Baden-Wuerttemberg,sunshine,year,1979,1517.4
Baden-Wuerttemberg,sunshine,year,1980,1427.6
Baden-Wuerttemberg,sunshine,year,1981,1457.7
Baden-Wuerttemberg,sunshine,year,1982,1651.6
Baden-Wuerttemberg,sunshine,year,1983,1651.5
Baden-Wuerttemberg,sunshine,year,1984,1528.3
Baden-Wuerttemberg,sunshine,year,1985,1717.5
Baden-Wuerttemberg,sunshine,year,1986,1564.1
Baden-Wuerttemberg,sunshine,year,1987,1438.7
Baden-Wuerttemberg,sunshine,year,1988,1491.3
Baden-Wuerttemberg,sunshine,year,1989,1755.6
Baden-Wuerttemberg,sunshine,year,1990,1789.4
Baden-Wuerttemberg,sunshine,year,1991,1742.6
Baden-Wuerttemberg,sunshine,year,1992,1605
Baden-Wuerttemberg,sunshine,year,1993,1591.3
Baden-Wuerttemberg,sunshine,year,1994,1576.5
Baden-Wuerttemberg,sunshine,year,1995,1525.8
Baden-Wuerttemberg,sunshine,year,1996,1612
Baden-Wuerttemberg,sunshine,year,1997,1789.7
Baden-Wuerttemberg,sunshine,year,1998,1615.8
Baden-Wuerttemberg,sunshine,year,1999,1597
Baden-Wuerttemberg,sunshine,year,2000,1669
Baden-Wuerttemberg,sunshine,year,2001,1651.1
Baden-Wuerttemberg,sunshine,year,2002,1628.2
Baden-Wuerttemberg,sunshine,year,2003,2108.2
Baden-Wuerttemberg,sunshine,year,2004,1658.4
Baden-Wuerttemberg,sunshine,year,2005,1749.9
Baden-Wuerttemberg,sunshine,year,2006,1838.1
Baden-Wuerttemberg,sunshine,year,2007,1851.2
Baden-Wuerttemberg,sunshine,year,2008,1692.2
Baden-Wuerttemberg,sunshine,year,2009,1729.8
Baden-Wuerttemberg,sunshine,year,2010,1581.7
Baden-Wuerttemberg,sunshine,year,2011,1983.2
Baden-Wuerttemberg,sunshine,year,2012,1832.2
Baden-Wuerttemberg,sunshine,year,2013,1532.9
Baden-Wuerttemberg,sunshine,year,2014,1666.7
Baden-Wuerttemberg,sunshine,year,2015,1861.6
Baden-Wuerttemberg,sunshine,year,2016,1644.9
Baden-Wuerttemberg,sunshine,year,2017,1814.6
Baden-Wuerttemberg,sunshine,year,2018,2021.2
Baden-Wuerttemberg,sunshine,year,2019,1932.5
Baden-Wuerttemberg,sunshine,year,2020,2050
Baden-Wuerttemberg,sunshine,year,2021,1805.2
Baden-Wuerttemberg,sunshine,year,2022,2176.3
Baden-Wuerttemberg,sunshine,year,2023,1846.4
Baden-Wuerttemberg,sunshine,year,2024,1654
Baden-Wuerttemberg,sunshine,year,2025,1952.3
Baden-Wuerttemberg,temp_mean,year,1881,7.66
Baden-Wuerttemberg,temp_mean,year,1882,8.08
Baden-Wuerttemberg,temp_mean,year,1883,7.77
Baden-Wuerttemberg,temp_mean,year,1884,8.44
Baden-Wuerttemberg,temp_mean,year,1885,7.82
Baden-Wuerttemberg,temp_mean,year,1886,8.13
Baden-Wuerttemberg,temp_mean,year,1887,6.74
Baden-Wuerttemberg,temp_mean,year,1888,6.96
Baden-Wuerttemberg,temp_mean,year,1889,7.11
Baden-Wuerttemberg,temp_mean,year,1890,7.03
Baden-Wuerttemberg,temp_mean,year,1891,7.23
Baden-Wuerttemberg,temp_mean,year,1892,7.78
Baden-Wuerttemberg,temp_mean,year,1893,8.09
Baden-Wuerttemberg,temp_mean,year,1894,7.99
Baden-Wuerttemberg,temp_mean,year,1895,7.33
Baden-Wuerttemberg,temp_mean,year,1896,7.38
Baden-Wuerttemberg,temp_mean,year,1897,8.21
Baden-Wuerttemberg,temp_mean,year,1898,8.59
Baden-Wuerttemberg,temp_mean,year,1899,8.27
Baden-Wuerttemberg,temp_mean,year,1900,8.54
Baden-Wuerttemberg,temp_mean,year,1901,7.41
Baden-Wuerttemberg,temp_mean,year,1902,7.53
Baden-Wuerttemberg,temp_mean,year,1903,8.08
Baden-Wuerttemberg,temp_mean,year,1904,8.45
Baden-Wuerttemberg,temp_mean,year,1905,7.79
Baden-Wuerttemberg,temp_mean,year,1906,7.99
Baden-Wuerttemberg,temp_mean,year,1907,7.9
Baden-Wuerttemberg,temp_mean,year,1908,7.27
Baden-Wuerttemberg,temp_mean,year,1909,7.23
Baden-Wuerttemberg,temp_mean,year,1910,8.03
Baden-Wuerttemberg,temp_mean,year,1911,8.77
Baden-Wuerttemberg,temp_mean,year,1912,7.74
Baden-Wuerttemberg,temp_mean,year,1913,8.24
Baden-Wuerttemberg,temp_mean,year,1914,7.95
Baden-Wuerttemberg,temp_mean,year,1915,7.93
Baden-Wuerttemberg,temp_mean,year,1916,8.34
Baden-Wuerttemberg,temp_mean,year,1917,7.26
Baden-Wuerttemberg,temp_mean,year,1918,8.25
Baden-Wuerttemberg,temp_mean,year,1919,7.34
Baden-Wuerttemberg,temp_mean,year,1920,8.47
Baden-Wuerttemberg,temp_mean,year,1921,8.82
Baden-Wuerttemberg,temp_mean,year,1922,7.29
Baden-Wuerttemberg,temp_mean,year,1923,8.23
Baden-Wuerttemberg,temp_mean,year,1924,7.43
Baden-Wuerttemberg,temp_mean,year,1925,7.94
Baden-Wuerttemberg,temp_mean,year,1926,8.64
Baden-Wuerttemberg,temp_mean,year,1927,8.02
Baden-Wuerttemberg,temp_mean,year,1928,8.59
Baden-Wuerttemberg,temp_mean,year,1929,7.52
Baden-Wuerttemberg,temp_mean,year,1930,8.66
Baden-Wuerttemberg,temp_mean,year,1931,7.18
Baden-Wuerttemberg,temp_mean,year,1932,7.9
Baden-Wuerttemberg,temp_mean,year,1933,7.35
Baden-Wuerttemberg,temp_mean,year,1934,8.98
Baden-Wuerttemberg,temp_mean,year,1935,8.03
Baden-Wuerttemberg,temp_mean,year,1936,8.15
Baden-Wuerttemberg,temp_mean,year,1937,8.56
Baden-Wuerttemberg,temp_mean,year,1938,8.06
Baden-Wuerttemberg,temp_mean,year,1939,7.91
Baden-Wuerttemberg,temp_mean,year,1940,6.82
Baden-Wuerttemberg,temp_mean,year,1941,7.1
Baden-Wuerttemberg,temp_mean,year,1942,7.43
Baden-Wuerttemberg,temp_mean,year,1943,8.8
Baden-Wuerttemberg,temp_mean,year,1944,7.83
Baden-Wuerttemberg,temp_mean,year,1945,8.71
Baden-Wuerttemberg,temp_mean,year,1946,8.2
Baden-Wuerttemberg,temp_mean,year,1947,8.85
Baden-Wuerttemberg,temp_mean,year,1948,8.66
Baden-Wuerttemberg,temp_mean,year,1949,8.92
Baden-Wuerttemberg,temp_mean,year,1950,8.51
Baden-Wuerttemberg,temp_mean,year,1951,8.48
Baden-Wuerttemberg,temp_mean,year,1952,8.08
Baden-Wuerttemberg,temp_mean,year,1953,8.39
Baden-Wuerttemberg,temp_mean,year,1954,7.51
Baden-Wuerttemberg,temp_mean,year,1955,7.49
Baden-Wuerttemberg,temp_mean,year,1956,6.66
Baden-Wuerttemberg,temp_mean,year,1957,8.27
Baden-Wuerttemberg,temp_mean,year,1958,8.13
Baden-Wuerttemberg,temp_mean,year,1959,8.82
Baden-Wuerttemberg,temp_mean,year,1960,8.3
Baden-Wuerttemberg,temp_mean,year,1961,9
Baden-Wuerttemberg,temp_mean,year,1962,7.09
Baden-Wuerttemberg,temp_mean,year,1963,6.99
Baden-Wuerttemberg,temp_mean,year,1964,8.23
Baden-Wuerttemberg,temp_mean,year,1965,7.35
Baden-Wuerttemberg,temp_mean,year,1966,8.48
Baden-Wuerttemberg,temp_mean,year,1967,8.46
Baden-Wuerttemberg,temp_mean,year,1968,7.86
Baden-Wuerttemberg,temp_mean,year,1969,7.65
Baden-Wuerttemberg,temp_mean,year,1970,7.75
Baden-Wuerttemberg,temp_mean,year,1971,8.07
Baden-Wuerttemberg,temp_mean,year,1972,7.54
Baden-Wuerttemberg,temp_mean,year,1973,7.82
Baden-Wuerttemberg,temp_mean,year,1974,8.59
Baden-Wuerttemberg,temp_mean,year,1975,8.49
Baden-Wuerttemberg,temp_mean,year,1976,8.41
Baden-Wuerttemberg,temp_mean,year,1977,8.56
Baden-Wuerttemberg,temp_mean,year,1978,7.54
Baden-Wuerttemberg,temp_mean,year,1979,8.01
Baden-Wuerttemberg,temp_mean,year,1980,7.52
Baden-Wuerttemberg,temp_mean,year,1981,8.1
Baden-Wuerttemberg,temp_mean,year,1982,8.64
Baden-Wuerttemberg,temp_mean,year,1983,8.78
Baden-Wuerttemberg,temp_mean,year,1984,7.7
Baden-Wuerttemberg,temp_mean,year,1985,7.42
Baden-Wuerttemberg,temp_mean,year,1986,7.89
Baden-Wuerttemberg,temp_mean,year,1987,7.68
Baden-Wuerttemberg,temp_mean,year,1988,8.89
Baden-Wuerttemberg,temp_mean,year,1989,9.04
Baden-Wuerttemberg,temp_mean,year,1990,9.13
Baden-Wuerttemberg,temp_mean,year,1991,8.22
Baden-Wuerttemberg,temp_mean,year,1992,9.12
Baden-Wuerttemberg,temp_mean,year,1993,8.57
Baden-Wuerttemberg,temp_mean,year,1994,9.88
Baden-Wuerttemberg,temp_mean,year,1995,8.77
Baden-Wuerttemberg,temp_mean,year,1996,7.42
Baden-Wuerttemberg,temp_mean,year,1997,8.81
Baden-Wuerttemberg,temp_mean,year,1998,8.92
Baden-Wuerttemberg,temp_mean,year,1999,9.05
Baden-Wuerttemberg,temp_mean,year,2000,9.71
Baden-Wuerttemberg,temp_mean,year,2001,9
Baden-Wuerttemberg,temp_mean,year,2002,9.55
Baden-Wuerttemberg,temp_mean,year,2003,9.45
Baden-Wuerttemberg,temp_mean,year,2004,8.7
Baden-Wuerttemberg,temp_mean,year,2005,8.6
Baden-Wuerttemberg,temp_mean,year,2006,9.19
Baden-Wuerttemberg,temp_mean,year,2007,9.47
Baden-Wuerttemberg,temp_mean,year,2008,9.08
Baden-Wuerttemberg,temp_mean,year,2009,9
Baden-Wuerttemberg,temp_mean,year,2010,7.93
Baden-Wuerttemberg,temp_mean,year,2011,9.64
Baden-Wuerttemberg,temp_mean,year,2012,9.08
Baden-Wuerttemberg,temp_mean,year,2013,8.56
Baden-Wuerttemberg,temp_mean,year,2014,10.14
Baden-Wuerttemberg,temp_mean,year,2015,9.89
Baden-Wuerttemberg,temp_mean,year,2016,9.29
Baden-Wuerttemberg,temp_mean,year,2017,9.4
Baden-Wuerttemberg,temp_mean,year,2018,10.38
Baden-Wuerttemberg,temp_mean,year,2019,9.87
Baden-Wuerttemberg,temp_mean,year,2020,10.24
Baden-Wuerttemberg,temp_mean,year,2021,8.83
Baden-Wuerttemberg,temp_mean,year,2022,10.59
Baden-Wuerttemberg,temp_mean,year,2023,10.69
Baden-Wuerttemberg,temp_mean,year,2024,10.56
Baden-Wuerttemberg,temp_mean,year,2025,9.86
Baden-Wuerttemberg,tropical_nights,year,1951,0
Baden-Wuerttemberg,tropical_nights,year,1952,1.24
Baden-Wuerttemberg,tropical_nights,year,1953,0.03
Baden-Wuerttemberg,tropical_nights,year,1954,0
Baden-Wuerttemberg,tropical_nights,year,1955,0
Baden-Wuerttemberg,tropical_nights,year,1956,0
Baden-Wuerttemberg,tropical_nights,year,1957,0.72
Baden-Wuerttemberg,tropical_nights,year,1958,0.01
Baden-Wuerttemberg,tropical_nights,year,1959,0.12
Baden-Wuerttemberg,tropical_nights,year,1960,0.01
Baden-Wuerttemberg,tropical_nights,year,1961,0
Baden-Wuerttemberg,tropical_nights,year,1962,0.03
Baden-Wuerttemberg,tropical_nights,year,1963,0.04
Baden-Wuerttemberg,tropical_nights,year,1964,0.24
Baden-Wuerttemberg,tropical_nights,year,1965,0.06
Baden-Wuerttemberg,tropical_nights,year,1966,0.01
Baden-Wuerttemberg,tropical_nights,year,1967,0.07
Baden-Wuerttemberg,tropical_nights,year,1968,0.11
Baden-Wuerttemberg,tropical_nights,year,1969,0.17
Baden-Wuerttemberg,tropical_nights,year,1970,0.01
Baden-Wuerttemberg,tropical_nights,year,1971,0.04
Baden-Wuerttemberg,tropical_nights,year,1972,0.04
Baden-Wuerttemberg,tropical_nights,year,1973,0.08
Baden-Wuerttemberg,tropical_nights,year,1974,0.14
Baden-Wuerttemberg,tropical_nights,year,1975,0.08
Baden-Wuerttemberg,tropical_nights,year,1976,0.42
Baden-Wuerttemberg,tropical_nights,year,1977,0
Baden-Wuerttemberg,tropical_nights,year,1978,0.01
Baden-Wuerttemberg,tropical_nights,year,1979,0
Baden-Wuerttemberg,tropical_nights,year,1980,0.09
Baden-Wuerttemberg,tropical_nights,year,1981,0.08
Baden-Wuerttemberg,tropical_nights,year,1982,0.48
Baden-Wuerttemberg,tropical_nights,year,1983,1.42
Baden-Wuerttemberg,tropical_nights,year,1984,0.15
Baden-Wuerttemberg,tropical_nights,year,1985,0.08
Baden-Wuerttemberg,tropical_nights,year,1986,0.05
Baden-Wuerttemberg,tropical_nights,year,1987,0.35
Baden-Wuerttemberg,tropical_nights,year,1988,0.15
Baden-Wuerttemberg,tropical_nights,year,1989,0.38
Baden-Wuerttemberg,tropical_nights,year,1990,0.2
Baden-Wuerttemberg,tropical_nights,year,1991,0.67
Baden-Wuerttemberg,tropical_nights,year,1992,1.11
Baden-Wuerttemberg,tropical_nights,year,1993,0
Baden-Wuerttemberg,tropical_nights,year,1994,1.18
Baden-Wuerttemberg,tropical_nights,year,1995,0.4
Baden-Wuerttemberg,tropical_nights,year,1996,0.01
Baden-Wuerttemberg,tropical_nights,year,1997,0.08
Baden-Wuerttemberg,tropical_nights,year,1998,0.54
Baden-Wuerttemberg,tropical_nights,year,1999,0.13
Baden-Wuerttemberg,tropical_nights,year,2000,0.05
Baden-Wuerttemberg,tropical_nights,year,2001,0.27
Baden-Wuerttemberg,tropical_nights,year,2002,0.44
Baden-Wuerttemberg,tropical_nights,year,2003,2.75
Baden-Wuerttemberg,tropical_nights,year,2004,0.13
Baden-Wuerttemberg,tropical_nights,year,2005,0.36
Baden-Wuerttemberg,tropical_nights,year,2006,1.13
Baden-Wuerttemberg,tropical_nights,year,2007,0.23
Baden-Wuerttemberg,tropical_nights,year,2008,0.02
Baden-Wuerttemberg,tropical_nights,year,2009,0.06
Baden-Wuerttemberg,tropical_nights,year,2010,0.34
Baden-Wuerttemberg,tropical_nights,year,2011,0.23
Baden-Wuerttemberg,tropical_nights,year,2012,0.15
Baden-Wuerttemberg,tropical_nights,year,2013,0.63
Baden-Wuerttemberg,tropical_nights,year,2014,0.08
Baden-Wuerttemberg,tropical_nights,year,2015,2.6
Baden-Wuerttemberg,tropical_nights,year,2016,0.05
Baden-Wuerttemberg,tropical_nights,year,2017,0.15
Baden-Wuerttemberg,tropical_nights,year,2018,0.71
Baden-Wuerttemberg,tropical_nights,year,2019,0.72
Baden-Wuerttemberg,tropical_nights,year,2020,0.42
Baden-Wuerttemberg,tropical_nights,year,2021,0.06
Baden-Wuerttemberg,tropical_nights,year,2022,0.29
Baden-Wuerttemberg,tropical_nights,year,2023,0.46
Baden-Wuerttemberg,tropical_nights,year,2024,0.14
Baden-Wuerttemberg,tropical_nights,year,2025,0.39
Bayern,frost_days,year,1951,117.17
Bayern,frost_days,year,1952,127.31
Bayern,frost_days,year,1953,126.08
Bayern,frost_days,year,1954,116.72
Bayern,frost_days,year,1955,134.6
Bayern,frost_days,year,1956,130.17
Bayern,frost_days,year,1957,110.09
Bayern,frost_days,year,1958,117.62
Bayern,frost_days,year,1959,122.17
Bayern,frost_days,year,1960,106.4
Bayern,frost_days,year,1961,98.66
Bayern,frost_days,year,1962,132.97
Bayern,frost_days,year,1963,124.55
Bayern,frost_days,year,1964,115.2
Bayern,frost_days,year,1965,121.9
Bayern,frost_days,year,1966,101.16
Bayern,frost_days,year,1967,106.71
Bayern,frost_days,year,1968,123.49
Bayern,frost_days,year,1969,126.42
Bayern,frost_days,year,1970,121.69
Bayern,frost_days,year,1971,119.22
Bayern,frost_days,year,1972,123.61
Bayern,frost_days,year,1973,138.4
Bayern,frost_days,year,1974,84.3
Bayern,frost_days,year,1975,108.5
Bayern,frost_days,year,1976,115.73
Bayern,frost_days,year,1977,91.57
Bayern,frost_days,year,1978,117.17
Bayern,frost_days,year,1979,116.6
Bayern,frost_days,year,1980,120.01
Bayern,frost_days,year,1981,118.02
Bayern,frost_days,year,1982,112.17
Bayern,frost_days,year,1983,107.27
Bayern,frost_days,year,1984,125.4
Bayern,frost_days,year,1985,130.72
Bayern,frost_days,year,1986,113.07
Bayern,frost_days,year,1987,113.04
Bayern,frost_days,year,1988,97.23
Bayern,frost_days,year,1989,95.44
Bayern,frost_days,year,1990,93.58
Bayern,frost_days,year,1991,117.28
Bayern,frost_days,year,1992,100.08
Bayern,frost_days,year,1993,104.98
Bayern,frost_days,year,1994,76.25
Bayern,frost_days,year,1995,109.31
Bayern,frost_days,year,1996,130.62
Bayern,frost_days,year,1997,110.52
Bayern,frost_days,year,1998,99.58
Bayern,frost_days,year,1999,97.64
Bayern,frost_days,year,2000,77.97
Bayern,frost_days,year,2001,100.32
Bayern,frost_days,year,2002,81.28
Bayern,frost_days,year,2003,123.55
Bayern,frost_days,year,2004,109.2
Bayern,frost_days,year,2005,115.59
Bayern,frost_days,year,2006,109.16
Bayern,frost_days,year,2007,87.27
Bayern,frost_days,year,2008,105.5
Bayern,frost_days,year,2009,104.08
Bayern,frost_days,year,2010,123.74
Bayern,frost_days,year,2011,107.28
Bayern,frost_days,year,2012,98.97
Bayern,frost_days,year,2013,112.73
Bayern,frost_days,year,2014,77.52
Bayern,frost_days,year,2015,105.48
Bayern,frost_days,year,2016,101.46
Bayern,frost_days,year,2017,100.42
Bayern,frost_days,year,2018,94.7
Bayern,frost_days,year,2019,93.03
Bayern,frost_days,year,2020,97.7
Bayern,frost_days,year,2021,117.86
Bayern,frost_days,year,2022,95.94
Bayern,frost_days,year,2023,83.04
Bayern,frost_days,year,2024,69.33
Bayern,frost_days,year,2025,106.48
Bayern,hot_days,year,1951,3.47
Bayern,hot_days,year,1952,12.27
Bayern,hot_days,year,1953,3.34
Bayern,hot_days,year,1954,1.83
Bayern,hot_days,year,1955,0.72
Bayern,hot_days,year,1956,0.39
Bayern,hot_days,year,1957,7.01
Bayern,hot_days,year,1958,2.51
Bayern,hot_days,year,1959,3.95
Bayern,hot_days,year,1960,1.47
Bayern,hot_days,year,1961,2.95
Bayern,hot_days,year,1962,4.53
Bayern,hot_days,year,1963,4.35
Bayern,hot_days,year,1964,10.56
Bayern,hot_days,year,1965,2.52
Bayern,hot_days,year,1966,1.9
Bayern,hot_days,year,1967,5.81
Bayern,hot_days,year,1968,0.87
Bayern,hot_days,year,1969,5.15
Bayern,hot_days,year,1970,1.53
Bayern,hot_days,year,1971,7.75
Bayern,hot_days,year,1972,4.99
Bayern,hot_days,year,1973,3.75
Bayern,hot_days,year,1974,3.35
Bayern,hot_days,year,1975,2.31
Bayern,hot_days,year,1976,9.1
Bayern,hot_days,year,1977,1.32
Bayern,hot_days,year,1978,0.59
Bayern,hot_days,year,1979,1.87
Bayern,hot_days,year,1980,2.16
Bayern,hot_days,year,1981,1.62
Bayern,hot_days,year,1982,4.82
Bayern,hot_days,year,1983,11.02
Bayern,hot_days,year,1984,3.07
Bayern,hot_days,year,1985,3.59
Bayern,hot_days,year,1986,3.03
Bayern,hot_days,year,1987,1.39
Bayern,hot_days,year,1988,3.18
Bayern,hot_days,year,1989,2.7
Bayern,hot_days,year,1990,5.07
Bayern,hot_days,year,1991,4.54
Bayern,hot_days,year,1992,11.28
Bayern,hot_days,year,1993,2.99
Bayern,hot_days,year,1994,16.99
Bayern,hot_days,year,1995,7.74
Bayern,hot_days,year,1996,2.47
Bayern,hot_days,year,1997,2.05
Bayern,hot_days,year,1998,9.55
Bayern,hot_days,year,1999,3.57
Bayern,hot_days,year,2000,6.15
Bayern,hot_days,year,2001,7.78
Bayern,hot_days,year,2002,6.21
Bayern,hot_days,year,2003,24.27
Bayern,hot_days,year,2004,5.08
Bayern,hot_days,year,2005,8.25
Bayern,hot_days,year,2006,12.14
Bayern,hot_days,year,2007,5.14
Bayern,hot_days,year,2008,7.06
Bayern,hot_days,year,2009,3.96
Bayern,hot_days,year,2010,10.03
Bayern,hot_days,year,2011,5.63
Bayern,hot_days,year,2012,9.49
Bayern,hot_days,year,2013,14.07
Bayern,hot_days,year,2014,6.57
Bayern,hot_days,year,2015,25.6
Bayern,hot_days,year,2016,7.67
Bayern,hot_days,year,2017,9.99
Bayern,hot_days,year,2018,18.14
Bayern,hot_days,year,2019,15.21
Bayern,hot_days,year,2020,9.11
Bayern,hot_days,year,2021,4.64
Bayern,hot_days,year,2022,15.9
Bayern,hot_days,year,2023,15.48
Bayern,hot_days,year,2024,13.39
Bayern,hot_days,year,2025,13.88
Bayern,ice_days,year,1951,14.68
Bayern,ice_days,year,1952,42.19
Bayern,ice_days,year,1953,38.04
Bayern,ice_days,year,1954,39.97
Bayern,ice_days,year,1955,41.07
Bayern,ice_days,year,1956,54.41
Bayern,ice_days,year,1957,24.76
Bayern,ice_days,year,1958,30.41
Bayern,ice_days,year,1959,24.13
Bayern,ice_days,year,1960,29.75
Bayern,ice_days,year,1961,28.06
Bayern,ice_days,year,1962,45.17
Bayern,ice_days,year,1963,67.79
Bayern,ice_days,year,1964,44.34
Bayern,ice_days,year,1965,35.82
Bayern,ice_days,year,1966,28.33
Bayern,ice_days,year,1967,28.54
Bayern,ice_days,year,1968,42.14
Bayern,ice_days,year,1969,50.82
Bayern,ice_days,year,1970,45.06
Bayern,ice_days,year,1971,32.07
Bayern,ice_days,year,1972,30.82
Bayern,ice_days,year,1973,33.65
Bayern,ice_days,year,1974,8.91
Bayern,ice_days,year,1975,17.7
Bayern,ice_days,year,1976,35.8
Bayern,ice_days,year,1977,23.75
Bayern,ice_days,year,1978,38.49
Bayern,ice_days,year,1979,27.77
Bayern,ice_days,year,1980,37.91
Bayern,ice_days,year,1981,42.54
Bayern,ice_days,year,1982,28.05
Bayern,ice_days,year,1983,33.64
Bayern,ice_days,year,1984,25.43
Bayern,ice_days,year,1985,50.82
Bayern,ice_days,year,1986,42.47
Bayern,ice_days,year,1987,46.7
Bayern,ice_days,year,1988,16.02
Bayern,ice_days,year,1989,22.54
Bayern,ice_days,year,1990,23.12
Bayern,ice_days,year,1991,32.89
Bayern,ice_days,year,1992,22.45
Bayern,ice_days,year,1993,35.55
Bayern,ice_days,year,1994,15.93
Bayern,ice_days,year,1995,33.12
Bayern,ice_days,year,1996,52.26
Bayern,ice_days,year,1997,25.12
Bayern,ice_days,year,1998,31.02
Bayern,ice_days,year,1999,27.73
Bayern,ice_days,year,2000,17.09
Bayern,ice_days,year,2001,25.26
Bayern,ice_days,year,2002,23.99
Bayern,ice_days,year,2003,28.69
Bayern,ice_days,year,2004,30.02
Bayern,ice_days,year,2005,39.37
Bayern,ice_days,year,2006,33.61
Bayern,ice_days,year,2007,18.27
Bayern,ice_days,year,2008,14.38
Bayern,ice_days,year,2009,34.05
Bayern,ice_days,year,2010,60.79
Bayern,ice_days,year,2011,21.62
Bayern,ice_days,year,2012,30.55
Bayern,ice_days,year,2013,35.22
Bayern,ice_days,year,2014,8.78
Bayern,ice_days,year,2015,13.14
Bayern,ice_days,year,2016,17.45
Bayern,ice_days,year,2017,26.68
Bayern,ice_days,year,2018,20.94
Bayern,ice_days,year,2019,13.96
Bayern,ice_days,year,2020,9.16
Bayern,ice_days,year,2021,20.58
Bayern,ice_days,year,2022,14.41
Bayern,ice_days,year,2023,14.46
Bayern,ice_days,year,2024,16.03
Bayern,ice_days,year,2025,17.01
Bayern,precip_ge10,year,1951,23.88
Bayern,precip_ge10,year,1952,30.45
Bayern,precip_ge10,year,1953,19.37
Bayern,precip_ge10,year,1954,29.61
Bayern,precip_ge10,year,1955,28.82
Bayern,precip_ge10,year,1956,29.62
Bayern,precip_ge10,year,1957,28.03
Bayern,precip_ge10,year,1958,33.91
Bayern,precip_ge10,year,1959,20.97
Bayern,precip_ge10,year,1960,26.25
Bayern,precip_ge10,year,1961,26.77
Bayern,precip_ge10,year,1962,24.4
Bayern,precip_ge10,year,1963,24.73
Bayern,precip_ge10,year,1964,22.64
Bayern,precip_ge10,year,1965,35.78
Bayern,precip_ge10,year,1966,37.03
Bayern,precip_ge10,year,1967,27.37
Bayern,precip_ge10,year,1968,27.99
Bayern,precip_ge10,year,1969,23.32
Bayern,precip_ge10,year,1970,32.31
Bayern,precip_ge10,year,1971,22.65
Bayern,precip_ge10,year,1972,22.53
Bayern,precip_ge10,year,1973,24.36
Bayern,precip_ge10,year,1974,33.48
Bayern,precip_ge10,year,1975,25.84
Bayern,precip_ge10,year,1976,22.04
Bayern,precip_ge10,year,1977,30.11
Bayern,precip_ge10,year,1978,28.45
Bayern,precip_ge10,year,1979,29.83
Bayern,precip_ge10,year,1980,29.8
Bayern,precip_ge10,year,1981,35.51
Bayern,precip_ge10,year,1982,26.56
Bayern,precip_ge10,year,1983,27.37
Bayern,precip_ge10,year,1984,27.05
Bayern,precip_ge10,year,1985,26.56
Bayern,precip_ge10,year,1986,32.21
Bayern,precip_ge10,year,1987,32.1
Bayern,precip_ge10,year,1988,32.54
Bayern,precip_ge10,year,1989,26.51
Bayern,precip_ge10,year,1990,28.78
Bayern,precip_ge10,year,1991,22.06
Bayern,precip_ge10,year,1992,29.99
Bayern,precip_ge10,year,1993,30.34
Bayern,precip_ge10,year,1994,26.3
Bayern,precip_ge10,year,1995,33.66
Bayern,precip_ge10,year,1996,25.76
Bayern,precip_ge10,year,1997,25.66
Bayern,precip_ge10,year,1998,30.11
Bayern,precip_ge10,year,1999,30.88
Bayern,precip_ge10,year,2000,29.16
Bayern,precip_ge10,year,2001,33.99
Bayern,precip_ge10,year,2002,39.91
Bayern,precip_ge10,year,2003,20.35
Bayern,precip_ge10,year,2004,26.27
Bayern,precip_ge10,year,2005,28.16
Bayern,precip_ge10,year,2006,28.31
Bayern,precip_ge10,year,2007,31.71
Bayern,precip_ge10,year,2008,25.46
Bayern,precip_ge10,year,2009,26.92
Bayern,precip_ge10,year,2010,27.92
Bayern,precip_ge10,year,2011,25.86
Bayern,precip_ge10,year,2012,26.98
Bayern,precip_ge10,year,2013,27.76
Bayern,precip_ge10,year,2014,24.63
Bayern,precip_ge10,year,2015,22.07
Bayern,precip_ge10,year,2016,26.66
Bayern,precip_ge10,year,2017,30.38
Bayern,precip_ge10,year,2018,22.63
Bayern,precip_ge10,year,2019,25.02
Bayern,precip_ge10,year,2020,26.57
Bayern,precip_ge10,year,2021,28.46
Bayern,precip_ge10,year,2022,23.97
Bayern,precip_ge10,year,2023,32.53
Bayern,precip_ge10,year,2024,32.65
Bayern,precip_ge10,year,2025,22.3
Bayern,precip_ge20,year,1951,6.01
Bayern,precip_ge20,year,1952,6.61
Bayern,precip_ge20,year,1953,5.05
Bayern,precip_ge20,year,1954,8.77
Bayern,precip_ge20,year,1955,7.65
Bayern,precip_ge20,year,1956,7.91
Bayern,precip_ge20,year,1957,7.46
Bayern,precip_ge20,year,1958,8.67
Bayern,precip_ge20,year,1959,6.99
Bayern,precip_ge20,year,1960,7.1
Bayern,precip_ge20,year,1961,7.08
Bayern,precip_ge20,year,1962,5.78
Bayern,precip_ge20,year,1963,5.87
Bayern,precip_ge20,year,1964,6.47
Bayern,precip_ge20,year,1965,9.1
Bayern,precip_ge20,year,1966,10.51
Bayern,precip_ge20,year,1967,6.89
Bayern,precip_ge20,year,1968,7.85
Bayern,precip_ge20,year,1969,5.66
Bayern,precip_ge20,year,1970,8.71
Bayern,precip_ge20,year,1971,6.31
Bayern,precip_ge20,year,1972,6.28
Bayern,precip_ge20,year,1973,5.95
Bayern,precip_ge20,year,1974,8.49
Bayern,precip_ge20,year,1975,7.31
Bayern,precip_ge20,year,1976,5.63
Bayern,precip_ge20,year,1977,8.19
Bayern,precip_ge20,year,1978,8.63
Bayern,precip_ge20,year,1979,9.41
Bayern,precip_ge20,year,1980,7.66
Bayern,precip_ge20,year,1981,11.99
Bayern,precip_ge20,year,1982,6.62
Bayern,precip_ge20,year,1983,7.15
Bayern,precip_ge20,year,1984,7.37
Bayern,precip_ge20,year,1985,7.58
Bayern,precip_ge20,year,1986,8.4
Bayern,precip_ge20,year,1987,8.93
Bayern,precip_ge20,year,1988,8.53
Bayern,precip_ge20,year,1989,6.26
Bayern,precip_ge20,year,1990,7.92
Bayern,precip_ge20,year,1991,7.28
Bayern,precip_ge20,year,1992,8.04
Bayern,precip_ge20,year,1993,8.28
Bayern,precip_ge20,year,1994,6.71
Bayern,precip_ge20,year,1995,10.26
Bayern,precip_ge20,year,1996,6.91
Bayern,precip_ge20,year,1997,6.49
Bayern,precip_ge20,year,1998,8.53
Bayern,precip_ge20,year,1999,7.3
Bayern,precip_ge20,year,2000,7.33
Bayern,precip_ge20,year,2001,8.09
Bayern,precip_ge20,year,2002,13.16
Bayern,precip_ge20,year,2003,5.15
Bayern,precip_ge20,year,2004,7.05
Bayern,precip_ge20,year,2005,8.07
Bayern,precip_ge20,year,2006,7.78
Bayern,precip_ge20,year,2007,9.43
Bayern,precip_ge20,year,2008,5.79
Bayern,precip_ge20,year,2009,6.75
Bayern,precip_ge20,year,2010,7.34
Bayern,precip_ge20,year,2011,7.83
Bayern,precip_ge20,year,2012,5.9
Bayern,precip_ge20,year,2013,9.31
Bayern,precip_ge20,year,2014,6.93
Bayern,precip_ge20,year,2015,6.06
Bayern,precip_ge20,year,2016,7.61
Bayern,precip_ge20,year,2017,7.57
Bayern,precip_ge20,year,2018,7.56
Bayern,precip_ge20,year,2019,6.3
Bayern,precip_ge20,year,2020,7.05
Bayern,precip_ge20,year,2021,7.86
Bayern,precip_ge20,year,2022,5.67
Bayern,precip_ge20,year,2023,8.95
Bayern,precip_ge20,year,2024,9.45
Bayern,precip_ge20,year,2025,4.7
Bayern,precipitation,year,1881,804.9
Bayern,precipitation,year,1882,1085.3
Bayern,precipitation,year,1883,832.4
Bayern,precipitation,year,1884,797.2
Bayern,precipitation,year,1885,830.2
Bayern,precipitation,year,1886,863.9
Bayern,precipitation,year,1887,708.4
Bayern,precipitation,year,1888,924.8
Bayern,precipitation,year,1889,900.9
Bayern,precipitation,year,1890,925.9
Bayern,precipitation,year,1891,862.1
Bayern,precipitation,year,1892,906.4
Bayern,precipitation,year,1893,804.9
Bayern,precipitation,year,1894,954.2
Bayern,precipitation,year,1895,917.5
Bayern,precipitation,year,1896,977.3
Bayern,precipitation,year,1897,1000.7
Bayern,precipitation,year,1898,838.4
Bayern,precipitation,year,1899,876.2
Bayern,precipitation,year,1900,887.7
Bayern,precipitation,year,1901,833.5
Bayern,precipitation,year,1902,828.4
Bayern,precipitation,year,1903,789.9
Bayern,precipitation,year,1904,747.1
Bayern,precipitation,year,1905,881.4
Bayern,precipitation,year,1906,903.4
Bayern,precipitation,year,1907,798
Bayern,precipitation,year,1908,754.7
Bayern,precipitation,year,1909,877.9
Bayern,precipitation,year,1910,1036.1
Bayern,precipitation,year,1911,641.6
Bayern,precipitation,year,1912,1026.5
Bayern,precipitation,year,1913,933.3
Bayern,precipitation,year,1914,919.3
Bayern,precipitation,year,1915,922.7
Bayern,precipitation,year,1916,966.1
Bayern,precipitation,year,1917,813.7
Bayern,precipitation,year,1918,810.8
Bayern,precipitation,year,1919,906.8
Bayern,precipitation,year,1920,808.6
Bayern,precipitation,year,1921,662.4
Bayern,precipitation,year,1922,1126.5
Bayern,precipitation,year,1923,902.9
Bayern,precipitation,year,1924,966.6
Bayern,precipitation,year,1925,884.4
Bayern,precipitation,year,1926,976.8
Bayern,precipitation,year,1927,974.1
Bayern,precipitation,year,1928,842.4
Bayern,precipitation,year,1929,714.9
Bayern,precipitation,year,1930,997.1
Bayern,precipitation,year,1931,952.9
Bayern,precipitation,year,1932,839.6
Bayern,precipitation,year,1933,838.4
Bayern,precipitation,year,1934,700.9
Bayern,precipitation,year,1935,957.5
Bayern,precipitation,year,1936,1040
Bayern,precipitation,year,1937,936.9
Bayern,precipitation,year,1938,862.2
Bayern,precipitation,year,1939,1107.8
Bayern,precipitation,year,1940,1061.6
Bayern,precipitation,year,1941,1081.5
Bayern,precipitation,year,1942,772
Bayern,precipitation,year,1943,727.9
Bayern,precipitation,year,1944,1111.9
Bayern,precipitation,year,1945,877.6
Bayern,precipitation,year,1946,870.1
Bayern,precipitation,year,1947,804.4
Bayern,precipitation,year,1948,903.9
Bayern,precipitation,year,1949,736.1
Bayern,precipitation,year,1950,916.1
Bayern,precipitation,year,1951,810.4
Bayern,precipitation,year,1952,1002.8
Bayern,precipitation,year,1953,654
Bayern,precipitation,year,1954,1044.1
Bayern,precipitation,year,1955,958.3
Bayern,precipitation,year,1956,972.7
Bayern,precipitation,year,1957,916.2
Bayern,precipitation,year,1958,1034.9
Bayern,precipitation,year,1959,743.9
Bayern,precipitation,year,1960,933.2
Bayern,precipitation,year,1961,914.3
Bayern,precipitation,year,1962,816.3
Bayern,precipitation,year,1963,797.9
Bayern,precipitation,year,1964,804.9
Bayern,precipitation,year,1965,1190.7
Bayern,precipitation,year,1966,1179.8
Bayern,precipitation,year,1967,919.2
Bayern,precipitation,year,1968,968.2
Bayern,precipitation,year,1969,803
Bayern,precipitation,year,1970,1110.8
Bayern,precipitation,year,1971,741.3
Bayern,precipitation,year,1972,739.1
Bayern,precipitation,year,1973,850.7
Bayern,precipitation,year,1974,1091.3
Bayern,precipitation,year,1975,847.3
Bayern,precipitation,year,1976,747.3
Bayern,precipitation,year,1977,980.6
Bayern,precipitation,year,1978,965
Bayern,precipitation,year,1979,1042.8
Bayern,precipitation,year,1980,979.3
Bayern,precipitation,year,1981,1182.2
Bayern,precipitation,year,1982,865
Bayern,precipitation,year,1983,901
Bayern,precipitation,year,1984,912.4
Bayern,precipitation,year,1985,912
Bayern,precipitation,year,1986,1000.7
Bayern,precipitation,year,1987,1051.2
Bayern,precipitation,year,1988,1095.3
Bayern,precipitation,year,1989,866.5
Bayern,precipitation,year,1990,943.5
Bayern,precipitation,year,1991,808.3
Bayern,precipitation,year,1992,947.4
Bayern,precipitation,year,1993,1007.7
Bayern,precipitation,year,1994,956.4
Bayern,precipitation,year,1995,1111.8
Bayern,precipitation,year,1996,866.3
Bayern,precipitation,year,1997,837.4
Bayern,precipitation,year,1998,1013.4
Bayern,precipitation,year,1999,1052.5
Bayern,precipitation,year,2000,1045.7
Bayern,precipitation,year,2001,1116
Bayern,precipitation,year,2002,1230
Bayern,precipitation,year,2003,690
Bayern,precipitation,year,2004,912.6
Bayern,precipitation,year,2005,956.6
Bayern,precipitation,year,2006,909.3
Bayern,precipitation,year,2007,1075.4
Bayern,precipitation,year,2008,882.1
Bayern,precipitation,year,2009,967.4
Bayern,precipitation,year,2010,1001.1
Bayern,precipitation,year,2011,860.3
Bayern,precipitation,year,2012,927
Bayern,precipitation,year,2013,933.3
Bayern,precipitation,year,2014,821.7
Bayern,precipitation,year,2015,744
Bayern,precipitation,year,2016,923.3
Bayern,precipitation,year,2017,968.1
Bayern,precipitation,year,2018,757.3
Bayern,precipitation,year,2019,860.5
Bayern,precipitation,year,2020,861
Bayern,precipitation,year,2021,962.8
Bayern,precipitation,year,2022,817.6
Bayern,precipitation,year,2023,1044.6
Bayern,precipitation,year,2024,1070.4
Bayern,precipitation,year,2025,729.3
Bayern,summer_days,year,1951,33.02
Bayern,summer_days,year,1952,39.09
Bayern,summer_days,year,1953,37.02
Bayern,summer_days,year,1954,18.89
Bayern,summer_days,year,1955,17.56
Bayern,summer_days,year,1956,17.51
Bayern,summer_days,year,1957,25.09
Bayern,summer_days,year,1958,30.34
Bayern,summer_days,year,1959,36.47
Bayern,summer_days,year,1960,20.27
Bayern,summer_days,year,1961,32.77
Bayern,summer_days,year,1962,30.47
Bayern,summer_days,year,1963,25.17
Bayern,summer_days,year,1964,42.19
Bayern,summer_days,year,1965,17.42
Bayern,summer_days,year,1966,23.96
Bayern,summer_days,year,1967,31.76
Bayern,summer_days,year,1968,22.34
Bayern,summer_days,year,1969,31.99
Bayern,summer_days,year,1970,30.43
Bayern,summer_days,year,1971,33.88
Bayern,summer_days,year,1972,23.53
Bayern,summer_days,year,1973,35.57
Bayern,summer_days,year,1974,19.68
Bayern,summer_days,year,1975,35.63
Bayern,summer_days,year,1976,38.49
Bayern,summer_days,year,1977,20
Bayern,summer_days,year,1978,16.94
Bayern,summer_days,year,1979,28.24
Bayern,summer_days,year,1980,18.32
Bayern,summer_days,year,1981,29.06
Bayern,summer_days,year,1982,40.68
Bayern,summer_days,year,1983,50.23
Bayern,summer_days,year,1984,17.38
Bayern,summer_days,year,1985,30.81
Bayern,summer_days,year,1986,38.22
Bayern,summer_days,year,1987,27.49
Bayern,summer_days,year,1988,27.76
Bayern,summer_days,year,1989,30.4
Bayern,summer_days,year,1990,33.1
Bayern,summer_days,year,1991,34.68
Bayern,summer_days,year,1992,42.99
Bayern,summer_days,year,1993,34.39
Bayern,summer_days,year,1994,47.83
Bayern,summer_days,year,1995,39.22
Bayern,summer_days,year,1996,25.89
Bayern,summer_days,year,1997,40.02
Bayern,summer_days,year,1998,36.16
Bayern,summer_days,year,1999,36.88
Bayern,summer_days,year,2000,39.72
Bayern,summer_days,year,2001,39.41
Bayern,summer_days,year,2002,37.86
Bayern,summer_days,year,2003,75.87
Bayern,summer_days,year,2004,36.01
Bayern,summer_days,year,2005,39.99
Bayern,summer_days,year,2006,47.49
Bayern,summer_days,year,2007,39.1
Bayern,summer_days,year,2008,41.45
Bayern,summer_days,year,2009,38.2
Bayern,summer_days,year,2010,35.78
Bayern,summer_days,year,2011,42.96
Bayern,summer_days,year,2012,46.36
Bayern,summer_days,year,2013,41.47
Bayern,summer_days,year,2014,34.22
Bayern,summer_days,year,2015,53.8
Bayern,summer_days,year,2016,48.83
Bayern,summer_days,year,2017,51.63
Bayern,summer_days,year,2018,75.36
Bayern,summer_days,year,2019,55.45
Bayern,summer_days,year,2020,46.21
Bayern,summer_days,year,2021,38.87
Bayern,summer_days,year,2022,64.37
Bayern,summer_days,year,2023,62.14
Bayern,summer_days,year,2024,58.01
Bayern,summer_days,year,2025,50.14
Bayern,sunshine,year,1951,1712.5
Bayern,sunshine,year,1952,1577.7
Bayern,sunshine,year,1953,1889.9
Bayern,sunshine,year,1954,1580.4
Bayern,sunshine,year,1955,1606.9
Bayern,sunshine,year,1956,1597.7
Bayern,sunshine,year,1957,1668.1
Bayern,sunshine,year,1958,1629.1
Bayern,sunshine,year,1959,1993.6
Bayern,sunshine,year,1960,1579.6
Bayern,sunshine,year,1961,1708.3
Bayern,sunshine,year,1962,1771.5
Bayern,sunshine,year,1963,1665.7
Bayern,sunshine,year,1964,1723.6
Bayern,sunshine,year,1965,1462.3
Bayern,sunshine,year,1966,1478.4
Bayern,sunshine,year,1967,1736.3
Bayern,sunshine,year,1968,1580.1
Bayern,sunshine,year,1969,1671.2
Bayern,sunshine,year,1970,1484.9
Bayern,sunshine,year,1971,1827.2
Bayern,sunshine,year,1972,1576
Bayern,sunshine,year,1973,1673.9
Bayern,sunshine,year,1974,1499
Bayern,sunshine,year,1975,1635.8
Bayern,sunshine,year,1976,1780.5
Bayern,sunshine,year,1977,1412.6
Bayern,sunshine,year,1978,1443.7
Bayern,sunshine,year,1979,1524.5
Bayern,sunshine,year,1980,1437.4
Bayern,sunshine,year,1981,1460.2
Bayern,sunshine,year,1982,1686.8
Bayern,sunshine,year,1983,1663.9
Bayern,sunshine,year,1984,1482.3
Bayern,sunshine,year,1985,1644.5
Bayern,sunshine,year,1986,1600.9
Bayern,sunshine,year,1987,1379.8
Bayern,sunshine,year,1988,1485.2
Bayern,sunshine,year,1989,1609
Bayern,sunshine,year,1990,1756
Bayern,sunshine,year,1991,1670.5
Bayern,sunshine,year,1992,1572.9
Bayern,sunshine,year,1993,1604
Bayern,sunshine,year,1994,1645.4
Bayern,sunshine,year,1995,1479.5
Bayern,sunshine,year,1996,1523.1
Bayern,sunshine,year,1997,1733.4
Bayern,sunshine,year,1998,1559.5
Bayern,sunshine,year,1999,1587.3
Bayern,sunshine,year,2000,1618.2
Bayern,sunshine,year,2001,1608.2
Bayern,sunshine,year,2002,1631.9
Bayern,sunshine,year,2003,2064.8
Bayern,sunshine,year,2004,1648.9
Bayern,sunshine,year,2005,1729
Bayern,sunshine,year,2006,1832.3
Bayern,sunshine,year,2007,1824.5
Bayern,sunshine,year,2008,1709.1
Bayern,sunshine,year,2009,1683.8
Bayern,sunshine,year,2010,1543.4
Bayern,sunshine,year,2011,1928.1
Bayern,sunshine,year,2012,1790.8
Bayern,sunshine,year,2013,1502.3
Bayern,sunshine,year,2014,1613
Bayern,sunshine,year,2015,1783.6
Bayern,sunshine,year,2016,1617.2
Bayern,sunshine,year,2017,1749.2
Bayern,sunshine,year,2018,2026
Bayern,sunshine,year,2019,1904.9
Bayern,sunshine,year,2020,1967.5
Bayern,sunshine,year,2021,1779.2
Bayern,sunshine,year,2022,2055.3
Bayern,sunshine,year,2023,1852.1
Bayern,sunshine,year,2024,1717.2
Bayern,sunshine,year,2025,1937.8
Bayern,temp_mean,year,1881,6.61
Bayern,temp_mean,year,1882,7.33
Bayern,temp_mean,year,1883,6.85
Bayern,temp_mean,year,1884,7.52
Bayern,temp_mean,year,1885,7.04
Bayern,temp_mean,year,1886,7.27
Bayern,temp_mean,year,1887,5.92
Bayern,temp_mean,year,1888,6.17
Bayern,temp_mean,year,1889,6.39
Bayern,temp_mean,year,1890,6.45
Bayern,temp_mean,year,1891,6.47
Bayern,temp_mean,year,1892,6.88
Bayern,temp_mean,year,1893,6.98
Bayern,temp_mean,year,1894,7.2
Bayern,temp_mean,year,1895,6.39
Bayern,temp_mean,year,1896,6.4
Bayern,temp_mean,year,1897,7.08
Bayern,temp_mean,year,1898,7.63
Bayern,temp_mean,year,1899,7.01
Bayern,temp_mean,year,1900,7.46
Bayern,temp_mean,year,1901,6.8
Bayern,temp_mean,year,1902,6.83
Bayern,temp_mean,year,1903,7.56
Bayern,temp_mean,year,1904,7.81
Bayern,temp_mean,year,1905,7.24
Bayern,temp_mean,year,1906,7.36
Bayern,temp_mean,year,1907,7.23
Bayern,temp_mean,year,1908,6.6
Bayern,temp_mean,year,1909,6.61
Bayern,temp_mean,year,1910,7.48
Bayern,temp_mean,year,1911,8.16
Bayern,temp_mean,year,1912,6.96
Bayern,temp_mean,year,1913,7.55
Bayern,temp_mean,year,1914,7.35
Bayern,temp_mean,year,1915,7.36
Bayern,temp_mean,year,1916,8
Bayern,temp_mean,year,1917,6.85
Bayern,temp_mean,year,1918,7.85
Bayern,temp_mean,year,1919,6.81
Bayern,temp_mean,year,1920,8.12
Bayern,temp_mean,year,1921,8.33
Bayern,temp_mean,year,1922,6.68
Bayern,temp_mean,year,1923,7.65
Bayern,temp_mean,year,1924,6.74
Bayern,temp_mean,year,1925,7.42
Bayern,temp_mean,year,1926,8.04
Bayern,temp_mean,year,1927,7.52
Bayern,temp_mean,year,1928,7.94
Bayern,temp_mean,year,1929,6.73
Bayern,temp_mean,year,1930,8.05
Bayern,temp_mean,year,1931,6.6
Bayern,temp_mean,year,1932,7.43
Bayern,temp_mean,year,1933,6.64
Bayern,temp_mean,year,1934,8.68
Bayern,temp_mean,year,1935,7.55
Bayern,temp_mean,year,1936,7.65
Bayern,temp_mean,year,1937,7.94
Bayern,temp_mean,year,1938,7.56
Bayern,temp_mean,year,1939,7.28
Bayern,temp_mean,year,1940,6.04
Bayern,temp_mean,year,1941,6.43
Bayern,temp_mean,year,1942,6.71
Bayern,temp_mean,year,1943,8.15
Bayern,temp_mean,year,1944,7.3
Bayern,temp_mean,year,1945,8.07
Bayern,temp_mean,year,1946,7.81
Bayern,temp_mean,year,1947,8.23
Bayern,temp_mean,year,1948,8.28
Bayern,temp_mean,year,1949,8.37
Bayern,temp_mean,year,1950,8.07
Bayern,temp_mean,year,1951,8.07
Bayern,temp_mean,year,1952,7.41
Bayern,temp_mean,year,1953,7.99
Bayern,temp_mean,year,1954,6.88
Bayern,temp_mean,year,1955,6.76
Bayern,temp_mean,year,1956,6.03
Bayern,temp_mean,year,1957,7.75
Bayern,temp_mean,year,1958,7.5
Bayern,temp_mean,year,1959,8.09
Bayern,temp_mean,year,1960,7.67
Bayern,temp_mean,year,1961,8.21
Bayern,temp_mean,year,1962,6.4
Bayern,temp_mean,year,1963,6.4
Bayern,temp_mean,year,1964,7.41
Bayern,temp_mean,year,1965,6.72
Bayern,temp_mean,year,1966,7.94
Bayern,temp_mean,year,1967,7.97
Bayern,temp_mean,year,1968,7.3
Bayern,temp_mean,year,1969,7.1
Bayern,temp_mean,year,1970,7.05
Bayern,temp_mean,year,1971,7.47
Bayern,temp_mean,year,1972,7.03
Bayern,temp_mean,year,1973,7.19
Bayern,temp_mean,year,1974,8.04
Bayern,temp_mean,year,1975,7.98
Bayern,temp_mean,year,1976,7.69
Bayern,temp_mean,year,1977,8.02
Bayern,temp_mean,year,1978,6.91
Bayern,temp_mean,year,1979,7.37
Bayern,temp_mean,year,1980,6.88
Bayern,temp_mean,year,1981,7.52
Bayern,temp_mean,year,1982,8.06
Bayern,temp_mean,year,1983,8.19
Bayern,temp_mean,year,1984,7.06
Bayern,temp_mean,year,1985,6.71
Bayern,temp_mean,year,1986,7.33
Bayern,temp_mean,year,1987,6.96
Bayern,temp_mean,year,1988,8.32
Bayern,temp_mean,year,1989,8.44
Bayern,temp_mean,year,1990,8.45
Bayern,temp_mean,year,1991,7.44
Bayern,temp_mean,year,1992,8.6
Bayern,temp_mean,year,1993,7.97
Bayern,temp_mean,year,1994,9.35
Bayern,temp_mean,year,1995,8.14
Bayern,temp_mean,year,1996,6.7
Bayern,temp_mean,year,1997,8.14
Bayern,temp_mean,year,1998,8.41
Bayern,temp_mean,year,1999,8.48
Bayern,temp_mean,year,2000,9.12
Bayern,temp_mean,year,2001,8.32
Bayern,temp_mean,year,2002,8.98
Bayern,temp_mean,year,2003,8.76
Bayern,temp_mean,year,2004,8.17
Bayern,temp_mean,year,2005,7.97
Bayern,temp_mean,year,2006,8.55
Bayern,temp_mean,year,2007,9.05
Bayern,temp_mean,year,2008,8.73
Bayern,temp_mean,year,2009,8.45
Bayern,temp_mean,year,2010,7.34
Bayern,temp_mean,year,2011,8.91
Bayern,temp_mean,year,2012,8.53
Bayern,temp_mean,year,2013,8.1
Bayern,temp_mean,year,2014,9.6
Bayern,temp_mean,year,2015,9.43
Bayern,temp_mean,year,2016,8.88
Bayern,temp_mean,year,2017,8.83
Bayern,temp_mean,year,2018,9.89
Bayern,temp_mean,year,2019,9.5
Bayern,temp_mean,year,2020,9.48
Bayern,temp_mean,year,2021,8.31
Bayern,temp_mean,year,2022,9.9
Bayern,temp_mean,year,2023,10.06
Bayern,temp_mean,year,2024,10.27
Bayern,temp_mean,year,2025,9.25
Bayern,tropical_nights,year,1951,0
Bayern,tropical_nights,year,1952,0.74
Bayern,tropical_nights,year,1953,0
Bayern,tropical_nights,year,1954,0
Bayern,tropical_nights,year,1955,0
Bayern,tropical_nights,year,1956,0
Bayern,tropical_nights,year,1957,0.53
Bayern,tropical_nights,year,1958,0
Bayern,tropical_nights,year,1959,0.03
Bayern,tropical_nights,year,1960,0
Bayern,tropical_nights,year,1961,0
Bayern,tropical_nights,year,1962,0.01
Bayern,tropical_nights,year,1963,0
Bayern,tropical_nights,year,1964,0.04
Bayern,tropical_nights,year,1965,0.02
Bayern,tropical_nights,year,1966,0.01
Bayern,tropical_nights,year,1967,0
Bayern,tropical_nights,year,1968,0.01
Bayern,tropical_nights,year,1969,0.08
Bayern,tropical_nights,year,1970,0
Bayern,tropical_nights,year,1971,0.01
Bayern,tropical_nights,year,1972,0.03
Bayern,tropical_nights,year,1973,0
Bayern,tropical_nights,year,1974,0.01
Bayern,tropical_nights,year,1975,0.02
Bayern,tropical_nights,year,1976,0.09
Bayern,tropical_nights,year,1977,0
Bayern,tropical_nights,year,1978,0
Bayern,tropical_nights,year,1979,0
Bayern,tropical_nights,year,1980,0.01
Bayern,tropical_nights,year,1981,0
Bayern,tropical_nights,year,1982,0
Bayern,tropical_nights,year,1983,0.34
Bayern,tropical_nights,year,1984,0.03
Bayern,tropical_nights,year,1985,0
Bayern,tropical_nights,year,1986,0.02
Bayern,tropical_nights,year,1987,0.01
Bayern,tropical_nights,year,1988,0.02
Bayern,tropical_nights,year,1989,0
Bayern,tropical_nights,year,1990,0
Bayern,tropical_nights,year,1991,0.15
Bayern,tropical_nights,year,1992,0.2
Bayern,tropical_nights,year,1993,0
Bayern,tropical_nights,year,1994,0.5
Bayern,tropical_nights,year,1995,0.04
Bayern,tropical_nights,year,1996,0
Bayern,tropical_nights,year,1997,0
Bayern,tropical_nights,year,1998,0.05
Bayern,tropical_nights,year,1999,0.05
Bayern,tropical_nights,year,2000,0.01
Bayern,tropical_nights,year,2001,0.05
Bayern,tropical_nights,year,2002,0.17
Bayern,tropical_nights,year,2003,1.16
Bayern,tropical_nights,year,2004,0.01
Bayern,tropical_nights,year,2005,0.04
Bayern,tropical_nights,year,2006,0.23
Bayern,tropical_nights,year,2007,0.08
Bayern,tropical_nights,year,2008,0
Bayern,tropical_nights,year,2009,0
Bayern,tropical_nights,year,2010,0.07
Bayern,tropical_nights,year,2011,0.03
Bayern,tropical_nights,year,2012,0.03
Bayern,tropical_nights,year,2013,0.28
Bayern,tropical_nights,year,2014,0.02
Bayern,tropical_nights,year,2015,0.8
Bayern,tropical_nights,year,2016,0.01
Bayern,tropical_nights,year,2017,0.05
Bayern,tropical_nights,year,2018,0.43
Bayern,tropical_nights,year,2019,0.26
Bayern,tropical_nights,year,2020,0.07
Bayern,tropical_nights,year,2021,0.02
Bayern,tropical_nights,year,2022,0.04
Bayern,tropical_nights,year,2023,0.18
Bayern,tropical_nights,year,2024,0.02
Bayern,tropical_nights,year,2025,0.06
Brandenburg,frost_days,year,1951,79.79
Brandenburg,frost_days,year,1952,110.91
Brandenburg,frost_days,year,1953,91.3
Brandenburg,frost_days,year,1954,99.32
Brandenburg,frost_days,year,1955,112.57
Brandenburg,frost_days,year,1956,102.99
Brandenburg,frost_days,year,1957,82.75
Brandenburg,frost_days,year,1958,95.14
Brandenburg,frost_days,year,1959,88.97
Brandenburg,frost_days,year,1960,80.15
Brandenburg,frost_days,year,1961,65.34
Brandenburg,frost_days,year,1962,96.78
Brandenburg,frost_days,year,1963,114.39
Brandenburg,frost_days,year,1964,101.49
Brandenburg,frost_days,year,1965,103.41
Brandenburg,frost_days,year,1966,84.8
Brandenburg,frost_days,year,1967,69.28
Brandenburg,frost_days,year,1968,92.99
Brandenburg,frost_days,year,1969,123.97
Brandenburg,frost_days,year,1970,108.34
Brandenburg,frost_days,year,1971,81.45
Brandenburg,frost_days,year,1972,83.79
Brandenburg,frost_days,year,1973,90.11
Brandenburg,frost_days,year,1974,51.32
Brandenburg,frost_days,year,1975,68.19
Brandenburg,frost_days,year,1976,98.53
Brandenburg,frost_days,year,1977,68.46
Brandenburg,frost_days,year,1978,87.09
Brandenburg,frost_days,year,1979,100.78
Brandenburg,frost_days,year,1980,112.19
Brandenburg,frost_days,year,1981,92.79
Brandenburg,frost_days,year,1982,79.97
Brandenburg,frost_days,year,1983,74.5
Brandenburg,frost_days,year,1984,94.61
Brandenburg,frost_days,year,1985,99.42
Brandenburg,frost_days,year,1986,81.01
Brandenburg,frost_days,year,1987,95.2
Brandenburg,frost_days,year,1988,73.77
Brandenburg,frost_days,year,1989,63.27
Brandenburg,frost_days,year,1990,50.22
Brandenburg,frost_days,year,1991,83.62
Brandenburg,frost_days,year,1992,71.86
Brandenburg,frost_days,year,1993,90
Brandenburg,frost_days,year,1994,60.82
Brandenburg,frost_days,year,1995,97.17
Brandenburg,frost_days,year,1996,128.85
Brandenburg,frost_days,year,1997,99.7
Brandenburg,frost_days,year,1998,70.18
Brandenburg,frost_days,year,1999,76.02
Brandenburg,frost_days,year,2000,53.92
Brandenburg,frost_days,year,2001,94.8
Brandenburg,frost_days,year,2002,75.43
Brandenburg,frost_days,year,2003,108.29
Brandenburg,frost_days,year,2004,85.55
Brandenburg,frost_days,year,2005,99.72
Brandenburg,frost_days,year,2006,87.07
Brandenburg,frost_days,year,2007,59.73
Brandenburg,frost_days,year,2008,61.82
Brandenburg,frost_days,year,2009,85.91
Brandenburg,frost_days,year,2010,118.36
Brandenburg,frost_days,year,2011,82.85
Brandenburg,frost_days,year,2012,81.41
Brandenburg,frost_days,year,2013,96.56
Brandenburg,frost_days,year,2014,56.75
Brandenburg,frost_days,year,2015,69.99
Brandenburg,frost_days,year,2016,81.67
Brandenburg,frost_days,year,2017,75.46
Brandenburg,frost_days,year,2018,76.67
Brandenburg,frost_days,year,2019,62.58
Brandenburg,frost_days,year,2020,54
Brandenburg,frost_days,year,2021,85.55
Brandenburg,frost_days,year,2022,72.17
Brandenburg,frost_days,year,2023,65.13
Brandenburg,frost_days,year,2024,52.39
Brandenburg,frost_days,year,2025,82.47
Brandenburg,hot_days,year,1951,5.13
Brandenburg,hot_days,year,1952,5.48
Brandenburg,hot_days,year,1953,10.43
Brandenburg,hot_days,year,1954,5.14
Brandenburg,hot_days,year,1955,1.12
Brandenburg,hot_days,year,1956,0.82
Brandenburg,hot_days,year,1957,8.1
Brandenburg,hot_days,year,1958,2.6
Brandenburg,hot_days,year,1959,6.77
Brandenburg,hot_days,year,1960,3.04
Brandenburg,hot_days,year,1961,5.25
Brandenburg,hot_days,year,1962,1.83
Brandenburg,hot_days,year,1963,9.29
Brandenburg,hot_days,year,1964,11.6
Brandenburg,hot_days,year,1965,1.03
Brandenburg,hot_days,year,1966,4.06
Brandenburg,hot_days,year,1967,4.47
Brandenburg,hot_days,year,1968,7.35
Brandenburg,hot_days,year,1969,12.23
Brandenburg,hot_days,year,1970,4.29
Brandenburg,hot_days,year,1971,14.24
Brandenburg,hot_days,year,1972,9.29
Brandenburg,hot_days,year,1973,8.18
Brandenburg,hot_days,year,1974,4.06
Brandenburg,hot_days,year,1975,11.17
Brandenburg,hot_days,year,1976,10.46
Brandenburg,hot_days,year,1977,2.13
Brandenburg,hot_days,year,1978,4.6
Brandenburg,hot_days,year,1979,4.98
Brandenburg,hot_days,year,1980,1.61
Brandenburg,hot_days,year,1981,3.34
Brandenburg,hot_days,year,1982,11.51
Brandenburg,hot_days,year,1983,11.48
Brandenburg,hot_days,year,1984,4.11
Brandenburg,hot_days,year,1985,3
Brandenburg,hot_days,year,1986,7.73
Brandenburg,hot_days,year,1987,1.79
Brandenburg,hot_days,year,1988,2.42
Brandenburg,hot_days,year,1989,9.22
Brandenburg,hot_days,year,1990,6.57
Brandenburg,hot_days,year,1991,7.13
Brandenburg,hot_days,year,1992,15.29
Brandenburg,hot_days,year,1993,2.16
Brandenburg,hot_days,year,1994,20.75
Brandenburg,hot_days,year,1995,15.43
Brandenburg,hot_days,year,1996,3.53
Brandenburg,hot_days,year,1997,9.41
Brandenburg,hot_days,year,1998,6.4
Brandenburg,hot_days,year,1999,7.15
Brandenburg,hot_days,year,2000,9.44
Brandenburg,hot_days,year,2001,9.12
Brandenburg,hot_days,year,2002,7.91
Brandenburg,hot_days,year,2003,18.6
Brandenburg,hot_days,year,2004,4.22
Brandenburg,hot_days,year,2005,7.5
Brandenburg,hot_days,year,2006,22.01
Brandenburg,hot_days,year,2007,8.04
Brandenburg,hot_days,year,2008,12.95
Brandenburg,hot_days,year,2009,6.21
Brandenburg,hot_days,year,2010,13.9
Brandenburg,hot_days,year,2011,5.53
Brandenburg,hot_days,year,2012,10.72
Brandenburg,hot_days,year,2013,10.46
Brandenburg,hot_days,year,2014,12.55
Brandenburg,hot_days,year,2015,19.9
Brandenburg,hot_days,year,2016,11.31
Brandenburg,hot_days,year,2017,5.59
Brandenburg,hot_days,year,2018,28.42
Brandenburg,hot_days,year,2019,25.24
Brandenburg,hot_days,year,2020,16.31
Brandenburg,hot_days,year,2021,9.19
Brandenburg,hot_days,year,2022,19.73
Brandenburg,hot_days,year,2023,13.3
Brandenburg,hot_days,year,2024,19.62
Brandenburg,hot_days,year,2025,10.9
Brandenburg,ice_days,year,1951,13.17
Brandenburg,ice_days,year,1952,19.92
Brandenburg,ice_days,year,1953,17.48
Brandenburg,ice_days,year,1954,38.95
Brandenburg,ice_days,year,1955,31.21
Brandenburg,ice_days,year,1956,43.49
Brandenburg,ice_days,year,1957,9.84
Brandenburg,ice_days,year,1958,11.54
Brandenburg,ice_days,year,1959,19.56
Brandenburg,ice_days,year,1960,20.92
Brandenburg,ice_days,year,1961,20.39
Brandenburg,ice_days,year,1962,29.82
Brandenburg,ice_days,year,1963,62.91
Brandenburg,ice_days,year,1964,32.08
Brandenburg,ice_days,year,1965,25.57
Brandenburg,ice_days,year,1966,33.04
Brandenburg,ice_days,year,1967,11.74
Brandenburg,ice_days,year,1968,28.7
Brandenburg,ice_days,year,1969,52.78
Brandenburg,ice_days,year,1970,41.3
Brandenburg,ice_days,year,1971,18.73
Brandenburg,ice_days,year,1972,21.47
Brandenburg,ice_days,year,1973,12.41
Brandenburg,ice_days,year,1974,0.98
Brandenburg,ice_days,year,1975,7.43
Brandenburg,ice_days,year,1976,27.25
Brandenburg,ice_days,year,1977,9.69
Brandenburg,ice_days,year,1978,27.75
Brandenburg,ice_days,year,1979,35.59
Brandenburg,ice_days,year,1980,34.34
Brandenburg,ice_days,year,1981,31.96
Brandenburg,ice_days,year,1982,22.08
Brandenburg,ice_days,year,1983,17.04
Brandenburg,ice_days,year,1984,19.09
Brandenburg,ice_days,year,1985,48.85
Brandenburg,ice_days,year,1986,39.57
Brandenburg,ice_days,year,1987,43.08
Brandenburg,ice_days,year,1988,7.28
Brandenburg,ice_days,year,1989,8.5
Brandenburg,ice_days,year,1990,7.5
Brandenburg,ice_days,year,1991,18.2
Brandenburg,ice_days,year,1992,13.12
Brandenburg,ice_days,year,1993,23.6
Brandenburg,ice_days,year,1994,10.78
Brandenburg,ice_days,year,1995,24.35
Brandenburg,ice_days,year,1996,50.85
Brandenburg,ice_days,year,1997,16.63
Brandenburg,ice_days,year,1998,20.68
Brandenburg,ice_days,year,1999,9.06
Brandenburg,ice_days,year,2000,10.21
Brandenburg,ice_days,year,2001,15.54
Brandenburg,ice_days,year,2002,22.54
Brandenburg,ice_days,year,2003,20.22
Brandenburg,ice_days,year,2004,13.75
Brandenburg,ice_days,year,2005,17.41
Brandenburg,ice_days,year,2006,23.32
Brandenburg,ice_days,year,2007,8.52
Brandenburg,ice_days,year,2008,6.24
Brandenburg,ice_days,year,2009,25.36
Brandenburg,ice_days,year,2010,61.37
Brandenburg,ice_days,year,2011,13.23
Brandenburg,ice_days,year,2012,26.38
Brandenburg,ice_days,year,2013,26.96
Brandenburg,ice_days,year,2014,17.45
Brandenburg,ice_days,year,2015,2.32
Brandenburg,ice_days,year,2016,12.3
Brandenburg,ice_days,year,2017,15.38
Brandenburg,ice_days,year,2018,10.97
Brandenburg,ice_days,year,2019,4.43
Brandenburg,ice_days,year,2020,0.41
Brandenburg,ice_days,year,2021,16.43
Brandenburg,ice_days,year,2022,10.26
Brandenburg,ice_days,year,2023,6.17
Brandenburg,ice_days,year,2024,6.49
Brandenburg,ice_days,year,2025,5.69
Brandenburg,precip_ge10,year,1951,12.63
Brandenburg,precip_ge10,year,1952,10.36
Brandenburg,precip_ge10,year,1953,9.74
Brandenburg,precip_ge10,year,1954,14.67
Brandenburg,precip_ge10,year,1955,13.41
Brandenburg,precip_ge10,year,1956,16.19
Brandenburg,precip_ge10,year,1957,12.86
Brandenburg,precip_ge10,year,1958,11.89
Brandenburg,precip_ge10,year,1959,10.57
Brandenburg,precip_ge10,year,1960,14.47
Brandenburg,precip_ge10,year,1961,15.74
Brandenburg,precip_ge10,year,1962,9.31
Brandenburg,precip_ge10,year,1963,9.73
Brandenburg,precip_ge10,year,1964,9.54
Brandenburg,precip_ge10,year,1965,16.1
Brandenburg,precip_ge10,year,1966,15.46
Brandenburg,precip_ge10,year,1967,15.92
Brandenburg,precip_ge10,year,1968,12.81
Brandenburg,precip_ge10,year,1969,11.54
Brandenburg,precip_ge10,year,1970,10.92
Brandenburg,precip_ge10,year,1971,9.03
Brandenburg,precip_ge10,year,1972,11.71
Brandenburg,precip_ge10,year,1973,8.94
Brandenburg,precip_ge10,year,1974,15.86
Brandenburg,precip_ge10,year,1975,8.73
Brandenburg,precip_ge10,year,1976,7.28
Brandenburg,precip_ge10,year,1977,14.08
Brandenburg,precip_ge10,year,1978,10.71
Brandenburg,precip_ge10,year,1979,11.82
Brandenburg,precip_ge10,year,1980,13.91
Brandenburg,precip_ge10,year,1981,16.16
Brandenburg,precip_ge10,year,1982,7.16
Brandenburg,precip_ge10,year,1983,12.69
Brandenburg,precip_ge10,year,1984,11.86
Brandenburg,precip_ge10,year,1985,6.42
Brandenburg,precip_ge10,year,1986,16.74
Brandenburg,precip_ge10,year,1987,13.7
Brandenburg,precip_ge10,year,1988,8.23
Brandenburg,precip_ge10,year,1989,8.44
Brandenburg,precip_ge10,year,1990,10.76
Brandenburg,precip_ge10,year,1991,9.12
Brandenburg,precip_ge10,year,1992,11.07
Brandenburg,precip_ge10,year,1993,15.67
Brandenburg,precip_ge10,year,1994,16.97
Brandenburg,precip_ge10,year,1995,13.5
Brandenburg,precip_ge10,year,1996,10.38
Brandenburg,precip_ge10,year,1997,11.93
Brandenburg,precip_ge10,year,1998,12.56
Brandenburg,precip_ge10,year,1999,8.62
Brandenburg,precip_ge10,year,2000,9.91
Brandenburg,precip_ge10,year,2001,11.87
Brandenburg,precip_ge10,year,2002,17.74
Brandenburg,precip_ge10,year,2003,8.43
Brandenburg,precip_ge10,year,2004,11.89
Brandenburg,precip_ge10,year,2005,14.54
Brandenburg,precip_ge10,year,2006,6.98
Brandenburg,precip_ge10,year,2007,18.9
Brandenburg,precip_ge10,year,2008,13.9
Brandenburg,precip_ge10,year,2009,12.73
Brandenburg,precip_ge10,year,2010,20.93
Brandenburg,precip_ge10,year,2011,17.58
Brandenburg,precip_ge10,year,2012,10.52
Brandenburg,precip_ge10,year,2013,13.83
Brandenburg,precip_ge10,year,2014,11.25
Brandenburg,precip_ge10,year,2015,12.94
Brandenburg,precip_ge10,year,2016,9.74
Brandenburg,precip_ge10,year,2017,16.97
Brandenburg,precip_ge10,year,2018,8.25
Brandenburg,precip_ge10,year,2019,11.34
Brandenburg,precip_ge10,year,2020,11.29
Brandenburg,precip_ge10,year,2021,11.92
Brandenburg,precip_ge10,year,2022,8.13
Brandenburg,precip_ge10,year,2023,17.79
Brandenburg,precip_ge10,year,2024,13.95
Brandenburg,precip_ge10,year,2025,10.81
Brandenburg,precip_ge20,year,1951,2.68
Brandenburg,precip_ge20,year,1952,1.68
Brandenburg,precip_ge20,year,1953,2.69
Brandenburg,precip_ge20,year,1954,4.51
Brandenburg,precip_ge20,year,1955,2.95
Brandenburg,precip_ge20,year,1956,3.59
Brandenburg,precip_ge20,year,1957,2.22
Brandenburg,precip_ge20,year,1958,2.89
Brandenburg,precip_ge20,year,1959,4.4
Brandenburg,precip_ge20,year,1960,2.14
Brandenburg,precip_ge20,year,1961,3.05
Brandenburg,precip_ge20,year,1962,0.99
Brandenburg,precip_ge20,year,1963,1.46
Brandenburg,precip_ge20,year,1964,2.17
Brandenburg,precip_ge20,year,1965,2.88
Brandenburg,precip_ge20,year,1966,3.73
Brandenburg,precip_ge20,year,1967,2.8
Brandenburg,precip_ge20,year,1968,3.61
Brandenburg,precip_ge20,year,1969,2.87
Brandenburg,precip_ge20,year,1970,1.48
Brandenburg,precip_ge20,year,1971,2.08
Brandenburg,precip_ge20,year,1972,3.49
Brandenburg,precip_ge20,year,1973,1.16
Brandenburg,precip_ge20,year,1974,3.19
Brandenburg,precip_ge20,year,1975,2.4
Brandenburg,precip_ge20,year,1976,0.61
Brandenburg,precip_ge20,year,1977,3.04
Brandenburg,precip_ge20,year,1978,2.52
Brandenburg,precip_ge20,year,1979,1.6
Brandenburg,precip_ge20,year,1980,2.59
Brandenburg,precip_ge20,year,1981,3.82
Brandenburg,precip_ge20,year,1982,0.65
Brandenburg,precip_ge20,year,1983,2.87
Brandenburg,precip_ge20,year,1984,1.75
Brandenburg,precip_ge20,year,1985,0.76
Brandenburg,precip_ge20,year,1986,2.94
Brandenburg,precip_ge20,year,1987,3.34
Brandenburg,precip_ge20,year,1988,0.94
Brandenburg,precip_ge20,year,1989,1.51
Brandenburg,precip_ge20,year,1990,2.68
Brandenburg,precip_ge20,year,1991,1.29
Brandenburg,precip_ge20,year,1992,1.59
Brandenburg,precip_ge20,year,1993,2.98
Brandenburg,precip_ge20,year,1994,5.08
Brandenburg,precip_ge20,year,1995,2.72
Brandenburg,precip_ge20,year,1996,2.26
Brandenburg,precip_ge20,year,1997,2.92
Brandenburg,precip_ge20,year,1998,2.09
Brandenburg,precip_ge20,year,1999,0.96
Brandenburg,precip_ge20,year,2000,1.48
Brandenburg,precip_ge20,year,2001,2.22
Brandenburg,precip_ge20,year,2002,4.65
Brandenburg,precip_ge20,year,2003,1.06
Brandenburg,precip_ge20,year,2004,1.72
Brandenburg,precip_ge20,year,2005,3.34
Brandenburg,precip_ge20,year,2006,0.99
Brandenburg,precip_ge20,year,2007,5.29
Brandenburg,precip_ge20,year,2008,2.47
Brandenburg,precip_ge20,year,2009,2.36
Brandenburg,precip_ge20,year,2010,5.32
Brandenburg,precip_ge20,year,2011,5.46
Brandenburg,precip_ge20,year,2012,2.23
Brandenburg,precip_ge20,year,2013,4.27
Brandenburg,precip_ge20,year,2014,2.59
Brandenburg,precip_ge20,year,2015,2.21
Brandenburg,precip_ge20,year,2016,2.22
Brandenburg,precip_ge20,year,2017,4.1
Brandenburg,precip_ge20,year,2018,1.83
Brandenburg,precip_ge20,year,2019,2.28
Brandenburg,precip_ge20,year,2020,2.61
Brandenburg,precip_ge20,year,2021,4.14
Brandenburg,precip_ge20,year,2022,1.48
Brandenburg,precip_ge20,year,2023,2.65
Brandenburg,precip_ge20,year,2024,3.18
Brandenburg,precip_ge20,year,2025,2.38
Brandenburg,precipitation,year,1881,521
Brandenburg,precipitation,year,1882,673
Brandenburg,precipitation,year,1883,500.3
Brandenburg,precipitation,year,1884,634.3
Brandenburg,precipitation,year,1885,549.7
Brandenburg,precipitation,year,1886,509.2
Brandenburg,precipitation,year,1887,464.2
Brandenburg,precipitation,year,1888,570.5
Brandenburg,precipitation,year,1889,603.7
Brandenburg,precipitation,year,1890,569.4
Brandenburg,precipitation,year,1891,625
Brandenburg,precipitation,year,1892,414.5
Brandenburg,precipitation,year,1893,529.6
Brandenburg,precipitation,year,1894,616.8
Brandenburg,precipitation,year,1895,540.2
Brandenburg,precipitation,year,1896,567.7
Brandenburg,precipitation,year,1897,560.3
Brandenburg,precipitation,year,1898,585.3
Brandenburg,precipitation,year,1899,580.8
Brandenburg,precipitation,year,1900,566.2
Brandenburg,precipitation,year,1901,540.8
Brandenburg,precipitation,year,1902,573.7
Brandenburg,precipitation,year,1903,543.2
Brandenburg,precipitation,year,1904,424.1
Brandenburg,precipitation,year,1905,727.2
Brandenburg,precipitation,year,1906,592.9
Brandenburg,precipitation,year,1907,624.1
Brandenburg,precipitation,year,1908,456.6
Brandenburg,precipitation,year,1909,582.8
Brandenburg,precipitation,year,1910,585.3
Brandenburg,precipitation,year,1911,397.1
Brandenburg,precipitation,year,1912,573.8
Brandenburg,precipitation,year,1913,489.4
Brandenburg,precipitation,year,1914,599
Brandenburg,precipitation,year,1915,628
Brandenburg,precipitation,year,1916,628
Brandenburg,precipitation,year,1917,493.2
Brandenburg,precipitation,year,1918,602.2
Brandenburg,precipitation,year,1919,562
Brandenburg,precipitation,year,1920,566.2
Brandenburg,precipitation,year,1921,522.9
Brandenburg,precipitation,year,1922,635.3
Brandenburg,precipitation,year,1923,552
Brandenburg,precipitation,year,1924,509
Brandenburg,precipitation,year,1925,578.8
Brandenburg,precipitation,year,1926,760.2
Brandenburg,precipitation,year,1927,693.7
Brandenburg,precipitation,year,1928,541.7
Brandenburg,precipitation,year,1929,433.8
Brandenburg,precipitation,year,1930,702.6
Brandenburg,precipitation,year,1931,639.8
Brandenburg,precipitation,year,1932,537.9
Brandenburg,precipitation,year,1933,502
Brandenburg,precipitation,year,1934,487.2
Brandenburg,precipitation,year,1935,600.8
Brandenburg,precipitation,year,1936,494.2
Brandenburg,precipitation,year,1937,616.4
Brandenburg,precipitation,year,1938,562
Brandenburg,precipitation,year,1939,728.2
Brandenburg,precipitation,year,1940,565.5
Brandenburg,precipitation,year,1941,650.5
Brandenburg,precipitation,year,1942,487.4
Brandenburg,precipitation,year,1943,394.6
Brandenburg,precipitation,year,1944,561.1
Brandenburg,precipitation,year,1945,569
Brandenburg,precipitation,year,1946,606.8
Brandenburg,precipitation,year,1947,515
Brandenburg,precipitation,year,1948,581.8
Brandenburg,precipitation,year,1949,527.7
Brandenburg,precipitation,year,1950,583.3
Brandenburg,precipitation,year,1951,520.7
Brandenburg,precipitation,year,1952,542.8
Brandenburg,precipitation,year,1953,472.3
Brandenburg,precipitation,year,1954,652.2
Brandenburg,precipitation,year,1955,596
Brandenburg,precipitation,year,1956,664.2
Brandenburg,precipitation,year,1957,548.5
Brandenburg,precipitation,year,1958,595.1
Brandenburg,precipitation,year,1959,458.7
Brandenburg,precipitation,year,1960,600.1
Brandenburg,precipitation,year,1961,657.2
Brandenburg,precipitation,year,1962,495.3
Brandenburg,precipitation,year,1963,432.8
Brandenburg,precipitation,year,1964,501.9
Brandenburg,precipitation,year,1965,636.2
Brandenburg,precipitation,year,1966,659
Brandenburg,precipitation,year,1967,654.7
Brandenburg,precipitation,year,1968,610
Brandenburg,precipitation,year,1969,531.8
Brandenburg,precipitation,year,1970,607
Brandenburg,precipitation,year,1971,444.8
Brandenburg,precipitation,year,1972,498
Brandenburg,precipitation,year,1973,515.3
Brandenburg,precipitation,year,1974,693
Brandenburg,precipitation,year,1975,440.1
Brandenburg,precipitation,year,1976,400.9
Brandenburg,precipitation,year,1977,637.6
Brandenburg,precipitation,year,1978,632
Brandenburg,precipitation,year,1979,579.6
Brandenburg,precipitation,year,1980,614
Brandenburg,precipitation,year,1981,698.2
Brandenburg,precipitation,year,1982,396.4
Brandenburg,precipitation,year,1983,564.2
Brandenburg,precipitation,year,1984,546.2
Brandenburg,precipitation,year,1985,487.2
Brandenburg,precipitation,year,1986,630.2
Brandenburg,precipitation,year,1987,644.8
Brandenburg,precipitation,year,1988,520.3
Brandenburg,precipitation,year,1989,425.5
Brandenburg,precipitation,year,1990,564.5
Brandenburg,precipitation,year,1991,433.2
Brandenburg,precipitation,year,1992,539.9
Brandenburg,precipitation,year,1993,671.6
Brandenburg,precipitation,year,1994,699
Brandenburg,precipitation,year,1995,610.6
Brandenburg,precipitation,year,1996,480.1
Brandenburg,precipitation,year,1997,519.7
Brandenburg,precipitation,year,1998,641.5
Brandenburg,precipitation,year,1999,511.1
Brandenburg,precipitation,year,2000,559.3
Brandenburg,precipitation,year,2001,605.8
Brandenburg,precipitation,year,2002,723.2
Brandenburg,precipitation,year,2003,399.6
Brandenburg,precipitation,year,2004,583
Brandenburg,precipitation,year,2005,615.8
Brandenburg,precipitation,year,2006,465.8
Brandenburg,precipitation,year,2007,786.7
Brandenburg,precipitation,year,2008,613.8
Brandenburg,precipitation,year,2009,613.8
Brandenburg,precipitation,year,2010,750.6
Brandenburg,precipitation,year,2011,648.4
Brandenburg,precipitation,year,2012,576.7
Brandenburg,precipitation,year,2013,604.8
Brandenburg,precipitation,year,2014,529.7
Brandenburg,precipitation,year,2015,545.8
Brandenburg,precipitation,year,2016,511.7
Brandenburg,precipitation,year,2017,719.1
Brandenburg,precipitation,year,2018,390.3
Brandenburg,precipitation,year,2019,504.6
Brandenburg,precipitation,year,2020,511.4
Brandenburg,precipitation,year,2021,600.6
Brandenburg,precipitation,year,2022,435
Brandenburg,precipitation,year,2023,722.8
Brandenburg,precipitation,year,2024,601.9
Brandenburg,precipitation,year,2025,481.9
Brandenburg,summer_days,year,1951,37.31
Brandenburg,summer_days,year,1952,34.49
Brandenburg,summer_days,year,1953,43.75
Brandenburg,summer_days,year,1954,21.48
Brandenburg,summer_days,year,1955,32.5
Brandenburg,summer_days,year,1956,18.32
Brandenburg,summer_days,year,1957,31.27
Brandenburg,summer_days,year,1958,22.89
Brandenburg,summer_days,year,1959,41.84
Brandenburg,summer_days,year,1960,21.62
Brandenburg,summer_days,year,1961,30.19
Brandenburg,summer_days,year,1962,18.48
Brandenburg,summer_days,year,1963,40.1
Brandenburg,summer_days,year,1964,42.84
Brandenburg,summer_days,year,1965,18.47
Brandenburg,summer_days,year,1966,35.01
Brandenburg,summer_days,year,1967,34.49
Brandenburg,summer_days,year,1968,41.89
Brandenburg,summer_days,year,1969,45.73
Brandenburg,summer_days,year,1970,43.35
Brandenburg,summer_days,year,1971,45.85
Brandenburg,summer_days,year,1972,31.17
Brandenburg,summer_days,year,1973,42.18
Brandenburg,summer_days,year,1974,18.15
Brandenburg,summer_days,year,1975,52.45
Brandenburg,summer_days,year,1976,43.02
Brandenburg,summer_days,year,1977,20.17
Brandenburg,summer_days,year,1978,25.71
Brandenburg,summer_days,year,1979,32.04
Brandenburg,summer_days,year,1980,17.71
Brandenburg,summer_days,year,1981,29.95
Brandenburg,summer_days,year,1982,53.87
Brandenburg,summer_days,year,1983,54.07
Brandenburg,summer_days,year,1984,21.91
Brandenburg,summer_days,year,1985,30.42
Brandenburg,summer_days,year,1986,39.53
Brandenburg,summer_days,year,1987,17.24
Brandenburg,summer_days,year,1988,31.2
Brandenburg,summer_days,year,1989,47.22
Brandenburg,summer_days,year,1990,33.78
Brandenburg,summer_days,year,1991,38.48
Brandenburg,summer_days,year,1992,63.68
Brandenburg,summer_days,year,1993,35.81
Brandenburg,summer_days,year,1994,42.62
Brandenburg,summer_days,year,1995,53.59
Brandenburg,summer_days,year,1996,28.01
Brandenburg,summer_days,year,1997,55.18
Brandenburg,summer_days,year,1998,28.83
Brandenburg,summer_days,year,1999,50.74
Brandenburg,summer_days,year,2000,41.02
Brandenburg,summer_days,year,2001,35.73
Brandenburg,summer_days,year,2002,51.14
Brandenburg,summer_days,year,2003,63.25
Brandenburg,summer_days,year,2004,32.43
Brandenburg,summer_days,year,2005,44.67
Brandenburg,summer_days,year,2006,61.92
Brandenburg,summer_days,year,2007,43.17
Brandenburg,summer_days,year,2008,40.64
Brandenburg,summer_days,year,2009,45.59
Brandenburg,summer_days,year,2010,43.97
Brandenburg,summer_days,year,2011,43.44
Brandenburg,summer_days,year,2012,39.7
Brandenburg,summer_days,year,2013,45.73
Brandenburg,summer_days,year,2014,45.45
Brandenburg,summer_days,year,2015,50.2
Brandenburg,summer_days,year,2016,58.96
Brandenburg,summer_days,year,2017,40.11
Brandenburg,summer_days,year,2018,86.06
Brandenburg,summer_days,year,2019,66.24
Brandenburg,summer_days,year,2020,52.99
Brandenburg,summer_days,year,2021,50.55
Brandenburg,summer_days,year,2022,61.36
Brandenburg,summer_days,year,2023,66.7
Brandenburg,summer_days,year,2024,68.58
Brandenburg,summer_days,year,2025,47.67
Brandenburg,sunshine,year,1951,1893.9
Brandenburg,sunshine,year,1952,1654
Brandenburg,sunshine,year,1953,1919.1
Brandenburg,sunshine,year,1954,1676.5
Brandenburg,sunshine,year,1955,1732.8
Brandenburg,sunshine,year,1956,1623.2
Brandenburg,sunshine,year,1957,1696.1
Brandenburg,sunshine,year,1958,1583
Brandenburg,sunshine,year,1959,2009
Brandenburg,sunshine,year,1960,1587.8
Brandenburg,sunshine,year,1961,1638.2
Brandenburg,sunshine,year,1962,1506
Brandenburg,sunshine,year,1963,1784.9
Brandenburg,sunshine,year,1964,1759.1
Brandenburg,sunshine,year,1965,1583.1
Brandenburg,sunshine,year,1966,1496.7
Brandenburg,sunshine,year,1967,1695.4
Brandenburg,sunshine,year,1968,1676.3
Brandenburg,sunshine,year,1969,1677.6
Brandenburg,sunshine,year,1970,1593.6
Brandenburg,sunshine,year,1971,1762.2
Brandenburg,sunshine,year,1972,1594.2
Brandenburg,sunshine,year,1973,1683.7
Brandenburg,sunshine,year,1974,1526
Brandenburg,sunshine,year,1975,1740.4
Brandenburg,sunshine,year,1976,1771.2
Brandenburg,sunshine,year,1977,1409.2
Brandenburg,sunshine,year,1978,1492.6
Brandenburg,sunshine,year,1979,1557.8
Brandenburg,sunshine,year,1980,1545.6
Brandenburg,sunshine,year,1981,1492.7
Brandenburg,sunshine,year,1982,1949.8
Brandenburg,sunshine,year,1983,1640.5
Brandenburg,sunshine,year,1984,1444.9
Brandenburg,sunshine,year,1985,1524.2
Brandenburg,sunshine,year,1986,1661.9
Brandenburg,sunshine,year,1987,1492.3
Brandenburg,sunshine,year,1988,1620.8
Brandenburg,sunshine,year,1989,1907.4
Brandenburg,sunshine,year,1990,1798.9
Brandenburg,sunshine,year,1991,1781.8
Brandenburg,sunshine,year,1992,1791.9
Brandenburg,sunshine,year,1993,1574.2
Brandenburg,sunshine,year,1994,1705.2
Brandenburg,sunshine,year,1995,1750.7
Brandenburg,sunshine,year,1996,1510.2
Brandenburg,sunshine,year,1997,1802.6
Brandenburg,sunshine,year,1998,1491
Brandenburg,sunshine,year,1999,1741.4
Brandenburg,sunshine,year,2000,1646
Brandenburg,sunshine,year,2001,1502.2
Brandenburg,sunshine,year,2002,1594
Brandenburg,sunshine,year,2003,2031.4
Brandenburg,sunshine,year,2004,1633.8
Brandenburg,sunshine,year,2005,1858.5
Brandenburg,sunshine,year,2006,1862.1
Brandenburg,sunshine,year,2007,1724.2
Brandenburg,sunshine,year,2008,1670.4
Brandenburg,sunshine,year,2009,1781
Brandenburg,sunshine,year,2010,1574.8
Brandenburg,sunshine,year,2011,1952.1
Brandenburg,sunshine,year,2012,1750.4
Brandenburg,sunshine,year,2013,1584.4
Brandenburg,sunshine,year,2014,1733.8
Brandenburg,sunshine,year,2015,1848.2
Brandenburg,sunshine,year,2016,1717.9
Brandenburg,sunshine,year,2017,1593.4
Brandenburg,sunshine,year,2018,2152
Brandenburg,sunshine,year,2019,1925.7
Brandenburg,sunshine,year,2020,1919.9
Brandenburg,sunshine,year,2021,1637.9
Brandenburg,sunshine,year,2022,2017.7
Brandenburg,sunshine,year,2023,1752.7
Brandenburg,sunshine,year,2024,1851.1
Brandenburg,sunshine,year,2025,2007.5
Brandenburg,temp_mean,year,1881,7.54
Brandenburg,temp_mean,year,1882,8.97
Brandenburg,temp_mean,year,1883,8.41
Brandenburg,temp_mean,year,1884,9.1
Brandenburg,temp_mean,year,1885,8.39
Brandenburg,temp_mean,year,1886,8.5
Brandenburg,temp_mean,year,1887,7.75
Brandenburg,temp_mean,year,1888,7.39
Brandenburg,temp_mean,year,1889,8.12
Brandenburg,temp_mean,year,1890,8.12
Brandenburg,temp_mean,year,1891,8.21
Brandenburg,temp_mean,year,1892,7.94
Brandenburg,temp_mean,year,1893,8.25
Brandenburg,temp_mean,year,1894,8.7
Brandenburg,temp_mean,year,1895,8.02
Brandenburg,temp_mean,year,1896,8.32
Brandenburg,temp_mean,year,1897,8.28
Brandenburg,temp_mean,year,1898,9.05
Brandenburg,temp_mean,year,1899,8.58
Brandenburg,temp_mean,year,1900,8.81
Brandenburg,temp_mean,year,1901,8.32
Brandenburg,temp_mean,year,1902,7.25
Brandenburg,temp_mean,year,1903,8.97
Brandenburg,temp_mean,year,1904,8.83
Brandenburg,temp_mean,year,1905,8.56
Brandenburg,temp_mean,year,1906,9.07
Brandenburg,temp_mean,year,1907,8.2
Brandenburg,temp_mean,year,1908,8.03
Brandenburg,temp_mean,year,1909,7.85
Brandenburg,temp_mean,year,1910,9.03
Brandenburg,temp_mean,year,1911,9.65
Brandenburg,temp_mean,year,1912,8.18
Brandenburg,temp_mean,year,1913,9.22
Brandenburg,temp_mean,year,1914,9.25
Brandenburg,temp_mean,year,1915,8.25
Brandenburg,temp_mean,year,1916,8.98
Brandenburg,temp_mean,year,1917,8.16
Brandenburg,temp_mean,year,1918,9.15
Brandenburg,temp_mean,year,1919,7.66
Brandenburg,temp_mean,year,1920,8.98
Brandenburg,temp_mean,year,1921,9.42
Brandenburg,temp_mean,year,1922,7.37
Brandenburg,temp_mean,year,1923,8.16
Brandenburg,temp_mean,year,1924,7.96
Brandenburg,temp_mean,year,1925,9.01
Brandenburg,temp_mean,year,1926,9.24
Brandenburg,temp_mean,year,1927,8.35
Brandenburg,temp_mean,year,1928,8.57
Brandenburg,temp_mean,year,1929,7.59
Brandenburg,temp_mean,year,1930,9.16
Brandenburg,temp_mean,year,1931,8.1
Brandenburg,temp_mean,year,1932,8.94
Brandenburg,temp_mean,year,1933,7.92
Brandenburg,temp_mean,year,1934,10.37
Brandenburg,temp_mean,year,1935,8.92
Brandenburg,temp_mean,year,1936,8.91
Brandenburg,temp_mean,year,1937,8.94
Brandenburg,temp_mean,year,1938,9.33
Brandenburg,temp_mean,year,1939,8.91
Brandenburg,temp_mean,year,1940,6.66
Brandenburg,temp_mean,year,1941,7.32
Brandenburg,temp_mean,year,1942,7.55
Brandenburg,temp_mean,year,1943,9.31
Brandenburg,temp_mean,year,1944,9.04
Brandenburg,temp_mean,year,1945,9.53
Brandenburg,temp_mean,year,1946,8.84
Brandenburg,temp_mean,year,1947,8.37
Brandenburg,temp_mean,year,1948,9.58
Brandenburg,temp_mean,year,1949,9.59
Brandenburg,temp_mean,year,1950,8.97
Brandenburg,temp_mean,year,1951,9.23
Brandenburg,temp_mean,year,1952,8.15
Brandenburg,temp_mean,year,1953,9.62
Brandenburg,temp_mean,year,1954,7.98
Brandenburg,temp_mean,year,1955,7.88
Brandenburg,temp_mean,year,1956,7.15
Brandenburg,temp_mean,year,1957,8.98
Brandenburg,temp_mean,year,1958,8.54
Brandenburg,temp_mean,year,1959,9.3
Brandenburg,temp_mean,year,1960,8.72
Brandenburg,temp_mean,year,1961,9.27
Brandenburg,temp_mean,year,1962,7.66
Brandenburg,temp_mean,year,1963,7.67
Brandenburg,temp_mean,year,1964,8.42
Brandenburg,temp_mean,year,1965,7.84
Brandenburg,temp_mean,year,1966,8.81
Brandenburg,temp_mean,year,1967,9.57
Brandenburg,temp_mean,year,1968,8.71
Brandenburg,temp_mean,year,1969,7.8
Brandenburg,temp_mean,year,1970,7.9
Brandenburg,temp_mean,year,1971,9.03
Brandenburg,temp_mean,year,1972,8.29
Brandenburg,temp_mean,year,1973,8.67
Brandenburg,temp_mean,year,1974,9.3
Brandenburg,temp_mean,year,1975,9.56
Brandenburg,temp_mean,year,1976,8.62
Brandenburg,temp_mean,year,1977,9.07
Brandenburg,temp_mean,year,1978,8.4
Brandenburg,temp_mean,year,1979,8.01
Brandenburg,temp_mean,year,1980,7.73
Brandenburg,temp_mean,year,1981,8.65
Brandenburg,temp_mean,year,1982,9.44
Brandenburg,temp_mean,year,1983,9.66
Brandenburg,temp_mean,year,1984,8.4
Brandenburg,temp_mean,year,1985,7.89
Brandenburg,temp_mean,year,1986,8.24
Brandenburg,temp_mean,year,1987,7.53
Brandenburg,temp_mean,year,1988,9.49
Brandenburg,temp_mean,year,1989,10.14
Brandenburg,temp_mean,year,1990,10.11
Brandenburg,temp_mean,year,1991,8.93
Brandenburg,temp_mean,year,1992,9.9
Brandenburg,temp_mean,year,1993,8.82
Brandenburg,temp_mean,year,1994,9.89
Brandenburg,temp_mean,year,1995,9.2
Brandenburg,temp_mean,year,1996,7.35
Brandenburg,temp_mean,year,1997,9.22
Brandenburg,temp_mean,year,1998,9.48
Brandenburg,temp_mean,year,1999,10.04
Brandenburg,temp_mean,year,2000,10.39
Brandenburg,temp_mean,year,2001,9.21
Brandenburg,temp_mean,year,2002,9.75
Brandenburg,temp_mean,year,2003,9.48
Brandenburg,temp_mean,year,2004,9.29
Brandenburg,temp_mean,year,2005,9.31
Brandenburg,temp_mean,year,2006,9.96
Brandenburg,temp_mean,year,2007,10.34
Brandenburg,temp_mean,year,2008,10.11
Brandenburg,temp_mean,year,2009,9.47
Brandenburg,temp_mean,year,2010,8.08
Brandenburg,temp_mean,year,2011,9.92
Brandenburg,temp_mean,year,2012,9.35
Brandenburg,temp_mean,year,2013,9.18
Brandenburg,temp_mean,year,2014,10.66
Brandenburg,temp_mean,year,2015,10.35
Brandenburg,temp_mean,year,2016,9.98
Brandenburg,temp_mean,year,2017,9.91
Brandenburg,temp_mean,year,2018,10.82
Brandenburg,temp_mean,year,2019,11.05
Brandenburg,temp_mean,year,2020,10.94
Brandenburg,temp_mean,year,2021,9.66
Brandenburg,temp_mean,year,2022,10.75
Brandenburg,temp_mean,year,2023,10.88
Brandenburg,temp_mean,year,2024,11.53
Brandenburg,temp_mean,year,2025,10.3
Brandenburg,tropical_nights,year,1951,0.02
Brandenburg,tropical_nights,year,1952,0.21
Brandenburg,tropical_nights,year,1953,0
Brandenburg,tropical_nights,year,1954,0
Brandenburg,tropical_nights,year,1955,0
Brandenburg,tropical_nights,year,1956,0
Brandenburg,tropical_nights,year,1957,0.66
Brandenburg,tropical_nights,year,1958,0
Brandenburg,tropical_nights,year,1959,0.6
Brandenburg,tropical_nights,year,1960,0
Brandenburg,tropical_nights,year,1961,0
Brandenburg,tropical_nights,year,1962,0
Brandenburg,tropical_nights,year,1963,0.82
Brandenburg,tropical_nights,year,1964,0.43
Brandenburg,tropical_nights,year,1965,0
Brandenburg,tropical_nights,year,1966,0.16
Brandenburg,tropical_nights,year,1967,0.28
Brandenburg,tropical_nights,year,1968,0.05
Brandenburg,tropical_nights,year,1969,0.13
Brandenburg,tropical_nights,year,1970,0
Brandenburg,tropical_nights,year,1971,1.03
Brandenburg,tropical_nights,year,1972,0.8
Brandenburg,tropical_nights,year,1973,0.02
Brandenburg,tropical_nights,year,1974,0.01
Brandenburg,tropical_nights,year,1975,0.52
Brandenburg,tropical_nights,year,1976,0.79
Brandenburg,tropical_nights,year,1977,0
Brandenburg,tropical_nights,year,1978,0.01
Brandenburg,tropical_nights,year,1979,0.1
Brandenburg,tropical_nights,year,1980,0
Brandenburg,tropical_nights,year,1981,0.01
Brandenburg,tropical_nights,year,1982,0.69
Brandenburg,tropical_nights,year,1983,0.73
Brandenburg,tropical_nights,year,1984,0.64
Brandenburg,tropical_nights,year,1985,0.23
Brandenburg,tropical_nights,year,1986,0.82
Brandenburg,tropical_nights,year,1987,0.51
Brandenburg,tropical_nights,year,1988,0.53
Brandenburg,tropical_nights,year,1989,0.37
Brandenburg,tropical_nights,year,1990,0.11
Brandenburg,tropical_nights,year,1991,0.76
Brandenburg,tropical_nights,year,1992,1.06
Brandenburg,tropical_nights,year,1993,0
Brandenburg,tropical_nights,year,1994,3.1
Brandenburg,tropical_nights,year,1995,0.28
Brandenburg,tropical_nights,year,1996,0
Brandenburg,tropical_nights,year,1997,0.22
Brandenburg,tropical_nights,year,1998,0.18
Brandenburg,tropical_nights,year,1999,0.08
Brandenburg,tropical_nights,year,2000,0.14
Brandenburg,tropical_nights,year,2001,0.47
Brandenburg,tropical_nights,year,2002,0.74
Brandenburg,tropical_nights,year,2003,0.97
Brandenburg,tropical_nights,year,2004,0
Brandenburg,tropical_nights,year,2005,0.12
Brandenburg,tropical_nights,year,2006,1.57
Brandenburg,tropical_nights,year,2007,0.33
Brandenburg,tropical_nights,year,2008,0.07
Brandenburg,tropical_nights,year,2009,0
Brandenburg,tropical_nights,year,2010,2.02
Brandenburg,tropical_nights,year,2011,0
Brandenburg,tropical_nights,year,2012,0.15
Brandenburg,tropical_nights,year,2013,1.16
Brandenburg,tropical_nights,year,2014,0.43
Brandenburg,tropical_nights,year,2015,1.9
Brandenburg,tropical_nights,year,2016,0.13
Brandenburg,tropical_nights,year,2017,0
Brandenburg,tropical_nights,year,2018,2.91
Brandenburg,tropical_nights,year,2019,1.17
Brandenburg,tropical_nights,year,2020,0.75
Brandenburg,tropical_nights,year,2021,0.82
Brandenburg,tropical_nights,year,2022,0.42
Brandenburg,tropical_nights,year,2023,0.17
Brandenburg,tropical_nights,year,2024,0.35
Brandenburg,tropical_nights,year,2025,0
Brandenburg/Berlin,frost_days,year,1951,79.45
Brandenburg/Berlin,frost_days,year,1952,110.82
Brandenburg/Berlin,frost_days,year,1953,91.13
Brandenburg/Berlin,frost_days,year,1954,98.99
Brandenburg/Berlin,frost_days,year,1955,112.43
Brandenburg/Berlin,frost_days,year,1956,102.73
Brandenburg/Berlin,frost_days,year,1957,82.45
Brandenburg/Berlin,frost_days,year,1958,95
Brandenburg/Berlin,frost_days,year,1959,88.69
Brandenburg/Berlin,frost_days,year,1960,79.95
Brandenburg/Berlin,frost_days,year,1961,65.17
Brandenburg/Berlin,frost_days,year,1962,96.66
Brandenburg/Berlin,frost_days,year,1963,114.24
Brandenburg/Berlin,frost_days,year,1964,101.35
Brandenburg/Berlin,frost_days,year,1965,103.26
Brandenburg/Berlin,frost_days,year,1966,84.65
Brandenburg/Berlin,frost_days,year,1967,69.1
Brandenburg/Berlin,frost_days,year,1968,92.85
Brandenburg/Berlin,frost_days,year,1969,123.83
Brandenburg/Berlin,frost_days,year,1970,108.19
Brandenburg/Berlin,frost_days,year,1971,81.16
Brandenburg/Berlin,frost_days,year,1972,83.51
Brandenburg/Berlin,frost_days,year,1973,89.82
Brandenburg/Berlin,frost_days,year,1974,51.07
Brandenburg/Berlin,frost_days,year,1975,67.93
Brandenburg/Berlin,frost_days,year,1976,98.3
Brandenburg/Berlin,frost_days,year,1977,68.28
Brandenburg/Berlin,frost_days,year,1978,86.87
Brandenburg/Berlin,frost_days,year,1979,100.67
Brandenburg/Berlin,frost_days,year,1980,111.94
Brandenburg/Berlin,frost_days,year,1981,92.69
Brandenburg/Berlin,frost_days,year,1982,79.76
Brandenburg/Berlin,frost_days,year,1983,74.36
Brandenburg/Berlin,frost_days,year,1984,94.39
Brandenburg/Berlin,frost_days,year,1985,99.22
Brandenburg/Berlin,frost_days,year,1986,80.89
Brandenburg/Berlin,frost_days,year,1987,95.12
Brandenburg/Berlin,frost_days,year,1988,73.65
Brandenburg/Berlin,frost_days,year,1989,63.12
Brandenburg/Berlin,frost_days,year,1990,49.97
Brandenburg/Berlin,frost_days,year,1991,83.34
Brandenburg/Berlin,frost_days,year,1992,71.66
Brandenburg/Berlin,frost_days,year,1993,89.78
Brandenburg/Berlin,frost_days,year,1994,60.58
Brandenburg/Berlin,frost_days,year,1995,96.95
Brandenburg/Berlin,frost_days,year,1996,128.63
Brandenburg/Berlin,frost_days,year,1997,99.44
Brandenburg/Berlin,frost_days,year,1998,70.06
Brandenburg/Berlin,frost_days,year,1999,75.86
Brandenburg/Berlin,frost_days,year,2000,53.8
Brandenburg/Berlin,frost_days,year,2001,94.68
Brandenburg/Berlin,frost_days,year,2002,75.22
Brandenburg/Berlin,frost_days,year,2003,108.04
Brandenburg/Berlin,frost_days,year,2004,85.28
Brandenburg/Berlin,frost_days,year,2005,99.39
Brandenburg/Berlin,frost_days,year,2006,86.96
Brandenburg/Berlin,frost_days,year,2007,59.37
Brandenburg/Berlin,frost_days,year,2008,61.52
Brandenburg/Berlin,frost_days,year,2009,85.64
Brandenburg/Berlin,frost_days,year,2010,118.14
Brandenburg/Berlin,frost_days,year,2011,82.53
Brandenburg/Berlin,frost_days,year,2012,81.21
Brandenburg/Berlin,frost_days,year,2013,96.32
Brandenburg/Berlin,frost_days,year,2014,56.37
Brandenburg/Berlin,frost_days,year,2015,69.69
Brandenburg/Berlin,frost_days,year,2016,81.35
Brandenburg/Berlin,frost_days,year,2017,75.18
Brandenburg/Berlin,frost_days,year,2018,76.31
Brandenburg/Berlin,frost_days,year,2019,62.08
Brandenburg/Berlin,frost_days,year,2020,53.64
Brandenburg/Berlin,frost_days,year,2021,85.15
Brandenburg/Berlin,frost_days,year,2022,71.83
Brandenburg/Berlin,frost_days,year,2023,64.9
Brandenburg/Berlin,frost_days,year,2024,52.21
Brandenburg/Berlin,frost_days,year,2025,82.11
Brandenburg/Berlin,hot_days,year,1951,5.15
Brandenburg/Berlin,hot_days,year,1952,5.46
Brandenburg/Berlin,hot_days,year,1953,10.51
Brandenburg/Berlin,hot_days,year,1954,5.16
Brandenburg/Berlin,hot_days,year,1955,1.14
Brandenburg/Berlin,hot_days,year,1956,0.81
Brandenburg/Berlin,hot_days,year,1957,8.1
Brandenburg/Berlin,hot_days,year,1958,2.61
Brandenburg/Berlin,hot_days,year,1959,6.76
Brandenburg/Berlin,hot_days,year,1960,3.06
Brandenburg/Berlin,hot_days,year,1961,5.27
Brandenburg/Berlin,hot_days,year,1962,1.83
Brandenburg/Berlin,hot_days,year,1963,9.3
Brandenburg/Berlin,hot_days,year,1964,11.58
Brandenburg/Berlin,hot_days,year,1965,1.03
Brandenburg/Berlin,hot_days,year,1966,4.04
Brandenburg/Berlin,hot_days,year,1967,4.44
Brandenburg/Berlin,hot_days,year,1968,7.37
Brandenburg/Berlin,hot_days,year,1969,12.23
Brandenburg/Berlin,hot_days,year,1970,4.29
Brandenburg/Berlin,hot_days,year,1971,14.28
Brandenburg/Berlin,hot_days,year,1972,9.3
Brandenburg/Berlin,hot_days,year,1973,8.19
Brandenburg/Berlin,hot_days,year,1974,4.08
Brandenburg/Berlin,hot_days,year,1975,11.19
Brandenburg/Berlin,hot_days,year,1976,10.44
Brandenburg/Berlin,hot_days,year,1977,2.15
Brandenburg/Berlin,hot_days,year,1978,4.65
Brandenburg/Berlin,hot_days,year,1979,5.02
Brandenburg/Berlin,hot_days,year,1980,1.62
Brandenburg/Berlin,hot_days,year,1981,3.38
Brandenburg/Berlin,hot_days,year,1982,11.59
Brandenburg/Berlin,hot_days,year,1983,11.5
Brandenburg/Berlin,hot_days,year,1984,4.14
Brandenburg/Berlin,hot_days,year,1985,3.05
Brandenburg/Berlin,hot_days,year,1986,7.79
Brandenburg/Berlin,hot_days,year,1987,1.81
Brandenburg/Berlin,hot_days,year,1988,2.41
Brandenburg/Berlin,hot_days,year,1989,9.25
Brandenburg/Berlin,hot_days,year,1990,6.6
Brandenburg/Berlin,hot_days,year,1991,7.15
Brandenburg/Berlin,hot_days,year,1992,15.28
Brandenburg/Berlin,hot_days,year,1993,2.16
Brandenburg/Berlin,hot_days,year,1994,20.77
Brandenburg/Berlin,hot_days,year,1995,15.5
Brandenburg/Berlin,hot_days,year,1996,3.54
Brandenburg/Berlin,hot_days,year,1997,9.47
Brandenburg/Berlin,hot_days,year,1998,6.43
Brandenburg/Berlin,hot_days,year,1999,7.2
Brandenburg/Berlin,hot_days,year,2000,9.45
Brandenburg/Berlin,hot_days,year,2001,9.18
Brandenburg/Berlin,hot_days,year,2002,7.91
Brandenburg/Berlin,hot_days,year,2003,18.61
Brandenburg/Berlin,hot_days,year,2004,4.24
Brandenburg/Berlin,hot_days,year,2005,7.51
Brandenburg/Berlin,hot_days,year,2006,22.04
Brandenburg/Berlin,hot_days,year,2007,8.08
Brandenburg/Berlin,hot_days,year,2008,13.01
Brandenburg/Berlin,hot_days,year,2009,6.24
Brandenburg/Berlin,hot_days,year,2010,13.96
Brandenburg/Berlin,hot_days,year,2011,5.54
Brandenburg/Berlin,hot_days,year,2012,10.74
Brandenburg/Berlin,hot_days,year,2013,10.45
Brandenburg/Berlin,hot_days,year,2014,12.6
Brandenburg/Berlin,hot_days,year,2015,19.93
Brandenburg/Berlin,hot_days,year,2016,11.33
Brandenburg/Berlin,hot_days,year,2017,5.62
Brandenburg/Berlin,hot_days,year,2018,28.5
Brandenburg/Berlin,hot_days,year,2019,25.29
Brandenburg/Berlin,hot_days,year,2020,16.35
Brandenburg/Berlin,hot_days,year,2021,9.28
Brandenburg/Berlin,hot_days,year,2022,19.76
Brandenburg/Berlin,hot_days,year,2023,13.31
Brandenburg/Berlin,hot_days,year,2024,19.63
Brandenburg/Berlin,hot_days,year,2025,10.91
Brandenburg/Berlin,ice_days,year,1951,13.11
Brandenburg/Berlin,ice_days,year,1952,19.88
Brandenburg/Berlin,ice_days,year,1953,17.43
Brandenburg/Berlin,ice_days,year,1954,38.95
Brandenburg/Berlin,ice_days,year,1955,31.17
Brandenburg/Berlin,ice_days,year,1956,43.42
Brandenburg/Berlin,ice_days,year,1957,9.82
Brandenburg/Berlin,ice_days,year,1958,11.45
Brandenburg/Berlin,ice_days,year,1959,19.46
Brandenburg/Berlin,ice_days,year,1960,20.92
Brandenburg/Berlin,ice_days,year,1961,20.37
Brandenburg/Berlin,ice_days,year,1962,29.79
Brandenburg/Berlin,ice_days,year,1963,62.84
Brandenburg/Berlin,ice_days,year,1964,32.01
Brandenburg/Berlin,ice_days,year,1965,25.51
Brandenburg/Berlin,ice_days,year,1966,33.04
Brandenburg/Berlin,ice_days,year,1967,11.71
Brandenburg/Berlin,ice_days,year,1968,28.66
Brandenburg/Berlin,ice_days,year,1969,52.77
Brandenburg/Berlin,ice_days,year,1970,41.28
Brandenburg/Berlin,ice_days,year,1971,18.69
Brandenburg/Berlin,ice_days,year,1972,21.45
Brandenburg/Berlin,ice_days,year,1973,12.37
Brandenburg/Berlin,ice_days,year,1974,0.96
Brandenburg/Berlin,ice_days,year,1975,7.39
Brandenburg/Berlin,ice_days,year,1976,27.21
Brandenburg/Berlin,ice_days,year,1977,9.65
Brandenburg/Berlin,ice_days,year,1978,27.68
Brandenburg/Berlin,ice_days,year,1979,35.45
Brandenburg/Berlin,ice_days,year,1980,34.25
Brandenburg/Berlin,ice_days,year,1981,31.86
Brandenburg/Berlin,ice_days,year,1982,22.04
Brandenburg/Berlin,ice_days,year,1983,16.95
Brandenburg/Berlin,ice_days,year,1984,19.04
Brandenburg/Berlin,ice_days,year,1985,48.74
Brandenburg/Berlin,ice_days,year,1986,39.51
Brandenburg/Berlin,ice_days,year,1987,43
Brandenburg/Berlin,ice_days,year,1988,7.26
Brandenburg/Berlin,ice_days,year,1989,8.47
Brandenburg/Berlin,ice_days,year,1990,7.45
Brandenburg/Berlin,ice_days,year,1991,18.17
Brandenburg/Berlin,ice_days,year,1992,13.08
Brandenburg/Berlin,ice_days,year,1993,23.57
Brandenburg/Berlin,ice_days,year,1994,10.76
Brandenburg/Berlin,ice_days,year,1995,24.28
Brandenburg/Berlin,ice_days,year,1996,50.73
Brandenburg/Berlin,ice_days,year,1997,16.59
Brandenburg/Berlin,ice_days,year,1998,20.68
Brandenburg/Berlin,ice_days,year,1999,9.02
Brandenburg/Berlin,ice_days,year,2000,10.21
Brandenburg/Berlin,ice_days,year,2001,15.46
Brandenburg/Berlin,ice_days,year,2002,22.52
Brandenburg/Berlin,ice_days,year,2003,20.14
Brandenburg/Berlin,ice_days,year,2004,13.73
Brandenburg/Berlin,ice_days,year,2005,17.3
Brandenburg/Berlin,ice_days,year,2006,23.26
Brandenburg/Berlin,ice_days,year,2007,8.48
Brandenburg/Berlin,ice_days,year,2008,6.24
Brandenburg/Berlin,ice_days,year,2009,25.35
Brandenburg/Berlin,ice_days,year,2010,61.29
Brandenburg/Berlin,ice_days,year,2011,13.19
Brandenburg/Berlin,ice_days,year,2012,26.38
Brandenburg/Berlin,ice_days,year,2013,26.89
Brandenburg/Berlin,ice_days,year,2014,17.47
Brandenburg/Berlin,ice_days,year,2015,2.28
Brandenburg/Berlin,ice_days,year,2016,12.27
Brandenburg/Berlin,ice_days,year,2017,15.33
Brandenburg/Berlin,ice_days,year,2018,10.89
Brandenburg/Berlin,ice_days,year,2019,4.4
Brandenburg/Berlin,ice_days,year,2020,0.4
Brandenburg/Berlin,ice_days,year,2021,16.39
Brandenburg/Berlin,ice_days,year,2022,10.3
Brandenburg/Berlin,ice_days,year,2023,6.16
Brandenburg/Berlin,ice_days,year,2024,6.47
Brandenburg/Berlin,ice_days,year,2025,5.69
Brandenburg/Berlin,precip_ge10,year,1951,12.63
Brandenburg/Berlin,precip_ge10,year,1952,10.32
Brandenburg/Berlin,precip_ge10,year,1953,9.75
Brandenburg/Berlin,precip_ge10,year,1954,14.69
Brandenburg/Berlin,precip_ge10,year,1955,13.39
Brandenburg/Berlin,precip_ge10,year,1956,16.23
Brandenburg/Berlin,precip_ge10,year,1957,12.83
Brandenburg/Berlin,precip_ge10,year,1958,11.89
Brandenburg/Berlin,precip_ge10,year,1959,10.58
Brandenburg/Berlin,precip_ge10,year,1960,14.46
Brandenburg/Berlin,precip_ge10,year,1961,15.73
Brandenburg/Berlin,precip_ge10,year,1962,9.37
Brandenburg/Berlin,precip_ge10,year,1963,9.75
Brandenburg/Berlin,precip_ge10,year,1964,9.52
Brandenburg/Berlin,precip_ge10,year,1965,16.13
Brandenburg/Berlin,precip_ge10,year,1966,15.54
Brandenburg/Berlin,precip_ge10,year,1967,15.91
Brandenburg/Berlin,precip_ge10,year,1968,12.78
Brandenburg/Berlin,precip_ge10,year,1969,11.53
Brandenburg/Berlin,precip_ge10,year,1970,10.85
Brandenburg/Berlin,precip_ge10,year,1971,9.05
Brandenburg/Berlin,precip_ge10,year,1972,11.67
Brandenburg/Berlin,precip_ge10,year,1973,8.93
Brandenburg/Berlin,precip_ge10,year,1974,15.92
Brandenburg/Berlin,precip_ge10,year,1975,8.74
Brandenburg/Berlin,precip_ge10,year,1976,7.22
Brandenburg/Berlin,precip_ge10,year,1977,14.12
Brandenburg/Berlin,precip_ge10,year,1978,10.65
Brandenburg/Berlin,precip_ge10,year,1979,11.86
Brandenburg/Berlin,precip_ge10,year,1980,13.96
Brandenburg/Berlin,precip_ge10,year,1981,16.13
Brandenburg/Berlin,precip_ge10,year,1982,7.13
Brandenburg/Berlin,precip_ge10,year,1983,12.7
Brandenburg/Berlin,precip_ge10,year,1984,11.83
Brandenburg/Berlin,precip_ge10,year,1985,6.4
Brandenburg/Berlin,precip_ge10,year,1986,16.82
Brandenburg/Berlin,precip_ge10,year,1987,13.69
Brandenburg/Berlin,precip_ge10,year,1988,8.26
Brandenburg/Berlin,precip_ge10,year,1989,8.42
Brandenburg/Berlin,precip_ge10,year,1990,10.79
Brandenburg/Berlin,precip_ge10,year,1991,9.1
Brandenburg/Berlin,precip_ge10,year,1992,11.06
Brandenburg/Berlin,precip_ge10,year,1993,15.6
Brandenburg/Berlin,precip_ge10,year,1994,16.99
Brandenburg/Berlin,precip_ge10,year,1995,13.51
Brandenburg/Berlin,precip_ge10,year,1996,10.41
Brandenburg/Berlin,precip_ge10,year,1997,11.92
Brandenburg/Berlin,precip_ge10,year,1998,12.53
Brandenburg/Berlin,precip_ge10,year,1999,8.55
Brandenburg/Berlin,precip_ge10,year,2000,9.93
Brandenburg/Berlin,precip_ge10,year,2001,11.86
Brandenburg/Berlin,precip_ge10,year,2002,17.72
Brandenburg/Berlin,precip_ge10,year,2003,8.48
Brandenburg/Berlin,precip_ge10,year,2004,11.91
Brandenburg/Berlin,precip_ge10,year,2005,14.55
Brandenburg/Berlin,precip_ge10,year,2006,6.95
Brandenburg/Berlin,precip_ge10,year,2007,18.96
Brandenburg/Berlin,precip_ge10,year,2008,13.86
Brandenburg/Berlin,precip_ge10,year,2009,12.76
Brandenburg/Berlin,precip_ge10,year,2010,20.8
Brandenburg/Berlin,precip_ge10,year,2011,17.63
Brandenburg/Berlin,precip_ge10,year,2012,10.53
Brandenburg/Berlin,precip_ge10,year,2013,13.8
Brandenburg/Berlin,precip_ge10,year,2014,11.16
Brandenburg/Berlin,precip_ge10,year,2015,12.89
Brandenburg/Berlin,precip_ge10,year,2016,9.71
Brandenburg/Berlin,precip_ge10,year,2017,17
Brandenburg/Berlin,precip_ge10,year,2018,8.24
Brandenburg/Berlin,precip_ge10,year,2019,11.39
Brandenburg/Berlin,precip_ge10,year,2020,11.27
Brandenburg/Berlin,precip_ge10,year,2021,11.85
Brandenburg/Berlin,precip_ge10,year,2022,8.08
Brandenburg/Berlin,precip_ge10,year,2023,17.9
Brandenburg/Berlin,precip_ge10,year,2024,13.87
Brandenburg/Berlin,precip_ge10,year,2025,10.75
Brandenburg/Berlin,precip_ge20,year,1951,2.69
Brandenburg/Berlin,precip_ge20,year,1952,1.66
Brandenburg/Berlin,precip_ge20,year,1953,2.72
Brandenburg/Berlin,precip_ge20,year,1954,4.55
Brandenburg/Berlin,precip_ge20,year,1955,2.93
Brandenburg/Berlin,precip_ge20,year,1956,3.6
Brandenburg/Berlin,precip_ge20,year,1957,2.21
Brandenburg/Berlin,precip_ge20,year,1958,2.91
Brandenburg/Berlin,precip_ge20,year,1959,4.44
Brandenburg/Berlin,precip_ge20,year,1960,2.13
Brandenburg/Berlin,precip_ge20,year,1961,3.05
Brandenburg/Berlin,precip_ge20,year,1962,1
Brandenburg/Berlin,precip_ge20,year,1963,1.45
Brandenburg/Berlin,precip_ge20,year,1964,2.18
Brandenburg/Berlin,precip_ge20,year,1965,2.88
Brandenburg/Berlin,precip_ge20,year,1966,3.76
Brandenburg/Berlin,precip_ge20,year,1967,2.76
Brandenburg/Berlin,precip_ge20,year,1968,3.62
Brandenburg/Berlin,precip_ge20,year,1969,2.85
Brandenburg/Berlin,precip_ge20,year,1970,1.46
Brandenburg/Berlin,precip_ge20,year,1971,2.09
Brandenburg/Berlin,precip_ge20,year,1972,3.5
Brandenburg/Berlin,precip_ge20,year,1973,1.17
Brandenburg/Berlin,precip_ge20,year,1974,3.25
Brandenburg/Berlin,precip_ge20,year,1975,2.42
Brandenburg/Berlin,precip_ge20,year,1976,0.6
Brandenburg/Berlin,precip_ge20,year,1977,3.01
Brandenburg/Berlin,precip_ge20,year,1978,2.52
Brandenburg/Berlin,precip_ge20,year,1979,1.61
Brandenburg/Berlin,precip_ge20,year,1980,2.58
Brandenburg/Berlin,precip_ge20,year,1981,3.8
Brandenburg/Berlin,precip_ge20,year,1982,0.65
Brandenburg/Berlin,precip_ge20,year,1983,2.88
Brandenburg/Berlin,precip_ge20,year,1984,1.74
Brandenburg/Berlin,precip_ge20,year,1985,0.77
Brandenburg/Berlin,precip_ge20,year,1986,2.94
Brandenburg/Berlin,precip_ge20,year,1987,3.35
Brandenburg/Berlin,precip_ge20,year,1988,0.95
Brandenburg/Berlin,precip_ge20,year,1989,1.5
Brandenburg/Berlin,precip_ge20,year,1990,2.72
Brandenburg/Berlin,precip_ge20,year,1991,1.3
Brandenburg/Berlin,precip_ge20,year,1992,1.59
Brandenburg/Berlin,precip_ge20,year,1993,2.95
Brandenburg/Berlin,precip_ge20,year,1994,5.1
Brandenburg/Berlin,precip_ge20,year,1995,2.72
Brandenburg/Berlin,precip_ge20,year,1996,2.25
Brandenburg/Berlin,precip_ge20,year,1997,2.91
Brandenburg/Berlin,precip_ge20,year,1998,2.1
Brandenburg/Berlin,precip_ge20,year,1999,0.95
Brandenburg/Berlin,precip_ge20,year,2000,1.48
Brandenburg/Berlin,precip_ge20,year,2001,2.22
Brandenburg/Berlin,precip_ge20,year,2002,4.64
Brandenburg/Berlin,precip_ge20,year,2003,1.05
Brandenburg/Berlin,precip_ge20,year,2004,1.69
Brandenburg/Berlin,precip_ge20,year,2005,3.36
Brandenburg/Berlin,precip_ge20,year,2006,1
Brandenburg/Berlin,precip_ge20,year,2007,5.34
Brandenburg/Berlin,precip_ge20,year,2008,2.46
Brandenburg/Berlin,precip_ge20,year,2009,2.34
Brandenburg/Berlin,precip_ge20,year,2010,5.25
Brandenburg/Berlin,precip_ge20,year,2011,5.46
Brandenburg/Berlin,precip_ge20,year,2012,2.23
Brandenburg/Berlin,precip_ge20,year,2013,4.26
Brandenburg/Berlin,precip_ge20,year,2014,2.57
Brandenburg/Berlin,precip_ge20,year,2015,2.18
Brandenburg/Berlin,precip_ge20,year,2016,2.19
Brandenburg/Berlin,precip_ge20,year,2017,4.11
Brandenburg/Berlin,precip_ge20,year,2018,1.84
Brandenburg/Berlin,precip_ge20,year,2019,2.29
Brandenburg/Berlin,precip_ge20,year,2020,2.58
Brandenburg/Berlin,precip_ge20,year,2021,4.12
Brandenburg/Berlin,precip_ge20,year,2022,1.47
Brandenburg/Berlin,precip_ge20,year,2023,2.65
Brandenburg/Berlin,precip_ge20,year,2024,3.17
Brandenburg/Berlin,precip_ge20,year,2025,2.36
Brandenburg/Berlin,precipitation,year,1881,521.3
Brandenburg/Berlin,precipitation,year,1882,673.6
Brandenburg/Berlin,precipitation,year,1883,500.6
Brandenburg/Berlin,precipitation,year,1884,635.4
Brandenburg/Berlin,precipitation,year,1885,550.2
Brandenburg/Berlin,precipitation,year,1886,509.6
Brandenburg/Berlin,precipitation,year,1887,464.3
Brandenburg/Berlin,precipitation,year,1888,570.7
Brandenburg/Berlin,precipitation,year,1889,604.1
Brandenburg/Berlin,precipitation,year,1890,569.8
Brandenburg/Berlin,precipitation,year,1891,624.5
Brandenburg/Berlin,precipitation,year,1892,413.7
Brandenburg/Berlin,precipitation,year,1893,529.1
Brandenburg/Berlin,precipitation,year,1894,615.6
Brandenburg/Berlin,precipitation,year,1895,539.8
Brandenburg/Berlin,precipitation,year,1896,567.4
Brandenburg/Berlin,precipitation,year,1897,559.8
Brandenburg/Berlin,precipitation,year,1898,584.3
Brandenburg/Berlin,precipitation,year,1899,579.9
Brandenburg/Berlin,precipitation,year,1900,565.5
Brandenburg/Berlin,precipitation,year,1901,539.6
Brandenburg/Berlin,precipitation,year,1902,574.2
Brandenburg/Berlin,precipitation,year,1903,542.3
Brandenburg/Berlin,precipitation,year,1904,424.3
Brandenburg/Berlin,precipitation,year,1905,725.7
Brandenburg/Berlin,precipitation,year,1906,591.9
Brandenburg/Berlin,precipitation,year,1907,624.7
Brandenburg/Berlin,precipitation,year,1908,456.5
Brandenburg/Berlin,precipitation,year,1909,583
Brandenburg/Berlin,precipitation,year,1910,586.1
Brandenburg/Berlin,precipitation,year,1911,396.8
Brandenburg/Berlin,precipitation,year,1912,572.4
Brandenburg/Berlin,precipitation,year,1913,488.8
Brandenburg/Berlin,precipitation,year,1914,600
Brandenburg/Berlin,precipitation,year,1915,627.2
Brandenburg/Berlin,precipitation,year,1916,627.6
Brandenburg/Berlin,precipitation,year,1917,492.8
Brandenburg/Berlin,precipitation,year,1918,602.6
Brandenburg/Berlin,precipitation,year,1919,561.3
Brandenburg/Berlin,precipitation,year,1920,566.1
Brandenburg/Berlin,precipitation,year,1921,524.1
Brandenburg/Berlin,precipitation,year,1922,635.3
Brandenburg/Berlin,precipitation,year,1923,551.8
Brandenburg/Berlin,precipitation,year,1924,508.1
Brandenburg/Berlin,precipitation,year,1925,579.4
Brandenburg/Berlin,precipitation,year,1926,759.8
Brandenburg/Berlin,precipitation,year,1927,693.1
Brandenburg/Berlin,precipitation,year,1928,541
Brandenburg/Berlin,precipitation,year,1929,434.1
Brandenburg/Berlin,precipitation,year,1930,703
Brandenburg/Berlin,precipitation,year,1931,640.9
Brandenburg/Berlin,precipitation,year,1932,536.5
Brandenburg/Berlin,precipitation,year,1933,501.7
Brandenburg/Berlin,precipitation,year,1934,488.2
Brandenburg/Berlin,precipitation,year,1935,601.2
Brandenburg/Berlin,precipitation,year,1936,493.3
Brandenburg/Berlin,precipitation,year,1937,615.2
Brandenburg/Berlin,precipitation,year,1938,562.1
Brandenburg/Berlin,precipitation,year,1939,728.6
Brandenburg/Berlin,precipitation,year,1940,565.3
Brandenburg/Berlin,precipitation,year,1941,650.6
Brandenburg/Berlin,precipitation,year,1942,487.2
Brandenburg/Berlin,precipitation,year,1943,394.5
Brandenburg/Berlin,precipitation,year,1944,560.3
Brandenburg/Berlin,precipitation,year,1945,569.6
Brandenburg/Berlin,precipitation,year,1946,605.4
Brandenburg/Berlin,precipitation,year,1947,516.4
Brandenburg/Berlin,precipitation,year,1948,582.3
Brandenburg/Berlin,precipitation,year,1949,527.3
Brandenburg/Berlin,precipitation,year,1950,583.6
Brandenburg/Berlin,precipitation,year,1951,520.6
Brandenburg/Berlin,precipitation,year,1952,541.9
Brandenburg/Berlin,precipitation,year,1953,473.4
Brandenburg/Berlin,precipitation,year,1954,653.3
Brandenburg/Berlin,precipitation,year,1955,595.5
Brandenburg/Berlin,precipitation,year,1956,664.7
Brandenburg/Berlin,precipitation,year,1957,548.2
Brandenburg/Berlin,precipitation,year,1958,595.9
Brandenburg/Berlin,precipitation,year,1959,459.8
Brandenburg/Berlin,precipitation,year,1960,600
Brandenburg/Berlin,precipitation,year,1961,658.3
Brandenburg/Berlin,precipitation,year,1962,495.8
Brandenburg/Berlin,precipitation,year,1963,432.5
Brandenburg/Berlin,precipitation,year,1964,502.4
Brandenburg/Berlin,precipitation,year,1965,636.1
Brandenburg/Berlin,precipitation,year,1966,660.5
Brandenburg/Berlin,precipitation,year,1967,653.9
Brandenburg/Berlin,precipitation,year,1968,609.6
Brandenburg/Berlin,precipitation,year,1969,532.3
Brandenburg/Berlin,precipitation,year,1970,606.6
Brandenburg/Berlin,precipitation,year,1971,444.8
Brandenburg/Berlin,precipitation,year,1972,498.6
Brandenburg/Berlin,precipitation,year,1973,516.1
Brandenburg/Berlin,precipitation,year,1974,694.4
Brandenburg/Berlin,precipitation,year,1975,441
Brandenburg/Berlin,precipitation,year,1976,400.4
Brandenburg/Berlin,precipitation,year,1977,638.1
Brandenburg/Berlin,precipitation,year,1978,632.3
Brandenburg/Berlin,precipitation,year,1979,580.6
Brandenburg/Berlin,precipitation,year,1980,615.2
Brandenburg/Berlin,precipitation,year,1981,697.9
Brandenburg/Berlin,precipitation,year,1982,396.3
Brandenburg/Berlin,precipitation,year,1983,564.9
Brandenburg/Berlin,precipitation,year,1984,546.7
Brandenburg/Berlin,precipitation,year,1985,486.9
Brandenburg/Berlin,precipitation,year,1986,631.2
Brandenburg/Berlin,precipitation,year,1987,646
Brandenburg/Berlin,precipitation,year,1988,521.6
Brandenburg/Berlin,precipitation,year,1989,425.4
Brandenburg/Berlin,precipitation,year,1990,566
Brandenburg/Berlin,precipitation,year,1991,433.3
Brandenburg/Berlin,precipitation,year,1992,540.3
Brandenburg/Berlin,precipitation,year,1993,670.8
Brandenburg/Berlin,precipitation,year,1994,699.2
Brandenburg/Berlin,precipitation,year,1995,610.9
Brandenburg/Berlin,precipitation,year,1996,480.5
Brandenburg/Berlin,precipitation,year,1997,519.3
Brandenburg/Berlin,precipitation,year,1998,641.3
Brandenburg/Berlin,precipitation,year,1999,510.3
Brandenburg/Berlin,precipitation,year,2000,560
Brandenburg/Berlin,precipitation,year,2001,605.3
Brandenburg/Berlin,precipitation,year,2002,722.7
Brandenburg/Berlin,precipitation,year,2003,400.6
Brandenburg/Berlin,precipitation,year,2004,582.6
Brandenburg/Berlin,precipitation,year,2005,616.8
Brandenburg/Berlin,precipitation,year,2006,466.5
Brandenburg/Berlin,precipitation,year,2007,788.8
Brandenburg/Berlin,precipitation,year,2008,613.3
Brandenburg/Berlin,precipitation,year,2009,614.1
Brandenburg/Berlin,precipitation,year,2010,747.8
Brandenburg/Berlin,precipitation,year,2011,648.8
Brandenburg/Berlin,precipitation,year,2012,577
Brandenburg/Berlin,precipitation,year,2013,604.9
Brandenburg/Berlin,precipitation,year,2014,528.1
Brandenburg/Berlin,precipitation,year,2015,544.9
Brandenburg/Berlin,precipitation,year,2016,510.9
Brandenburg/Berlin,precipitation,year,2017,721.4
Brandenburg/Berlin,precipitation,year,2018,390.4
Brandenburg/Berlin,precipitation,year,2019,505.4
Brandenburg/Berlin,precipitation,year,2020,511.1
Brandenburg/Berlin,precipitation,year,2021,600.1
Brandenburg/Berlin,precipitation,year,2022,434.3
Brandenburg/Berlin,precipitation,year,2023,724.9
Brandenburg/Berlin,precipitation,year,2024,600.3
Brandenburg/Berlin,precipitation,year,2025,480.2
Brandenburg/Berlin,summer_days,year,1951,37.41
Brandenburg/Berlin,summer_days,year,1952,34.57
Brandenburg/Berlin,summer_days,year,1953,43.81
Brandenburg/Berlin,summer_days,year,1954,21.48
Brandenburg/Berlin,summer_days,year,1955,32.59
Brandenburg/Berlin,summer_days,year,1956,18.37
Brandenburg/Berlin,summer_days,year,1957,31.33
Brandenburg/Berlin,summer_days,year,1958,22.89
Brandenburg/Berlin,summer_days,year,1959,41.86
Brandenburg/Berlin,summer_days,year,1960,21.67
Brandenburg/Berlin,summer_days,year,1961,30.27
Brandenburg/Berlin,summer_days,year,1962,18.49
Brandenburg/Berlin,summer_days,year,1963,40.18
Brandenburg/Berlin,summer_days,year,1964,42.83
Brandenburg/Berlin,summer_days,year,1965,18.5
Brandenburg/Berlin,summer_days,year,1966,35.06
Brandenburg/Berlin,summer_days,year,1967,34.49
Brandenburg/Berlin,summer_days,year,1968,41.94
Brandenburg/Berlin,summer_days,year,1969,45.7
Brandenburg/Berlin,summer_days,year,1970,43.4
Brandenburg/Berlin,summer_days,year,1971,45.88
Brandenburg/Berlin,summer_days,year,1972,31.17
Brandenburg/Berlin,summer_days,year,1973,42.18
Brandenburg/Berlin,summer_days,year,1974,18.19
Brandenburg/Berlin,summer_days,year,1975,52.41
Brandenburg/Berlin,summer_days,year,1976,43.03
Brandenburg/Berlin,summer_days,year,1977,20.17
Brandenburg/Berlin,summer_days,year,1978,25.78
Brandenburg/Berlin,summer_days,year,1979,32.08
Brandenburg/Berlin,summer_days,year,1980,17.78
Brandenburg/Berlin,summer_days,year,1981,30.03
Brandenburg/Berlin,summer_days,year,1982,53.99
Brandenburg/Berlin,summer_days,year,1983,54.11
Brandenburg/Berlin,summer_days,year,1984,22.04
Brandenburg/Berlin,summer_days,year,1985,30.53
Brandenburg/Berlin,summer_days,year,1986,39.61
Brandenburg/Berlin,summer_days,year,1987,17.25
Brandenburg/Berlin,summer_days,year,1988,31.23
Brandenburg/Berlin,summer_days,year,1989,47.28
Brandenburg/Berlin,summer_days,year,1990,33.82
Brandenburg/Berlin,summer_days,year,1991,38.54
Brandenburg/Berlin,summer_days,year,1992,63.71
Brandenburg/Berlin,summer_days,year,1993,35.81
Brandenburg/Berlin,summer_days,year,1994,42.6
Brandenburg/Berlin,summer_days,year,1995,53.62
Brandenburg/Berlin,summer_days,year,1996,28.02
Brandenburg/Berlin,summer_days,year,1997,55.31
Brandenburg/Berlin,summer_days,year,1998,28.82
Brandenburg/Berlin,summer_days,year,1999,50.84
Brandenburg/Berlin,summer_days,year,2000,41.07
Brandenburg/Berlin,summer_days,year,2001,35.76
Brandenburg/Berlin,summer_days,year,2002,51.27
Brandenburg/Berlin,summer_days,year,2003,63.32
Brandenburg/Berlin,summer_days,year,2004,32.5
Brandenburg/Berlin,summer_days,year,2005,44.76
Brandenburg/Berlin,summer_days,year,2006,62.02
Brandenburg/Berlin,summer_days,year,2007,43.21
Brandenburg/Berlin,summer_days,year,2008,40.73
Brandenburg/Berlin,summer_days,year,2009,45.65
Brandenburg/Berlin,summer_days,year,2010,44.02
Brandenburg/Berlin,summer_days,year,2011,43.49
Brandenburg/Berlin,summer_days,year,2012,39.65
Brandenburg/Berlin,summer_days,year,2013,45.77
Brandenburg/Berlin,summer_days,year,2014,45.52
Brandenburg/Berlin,summer_days,year,2015,50.23
Brandenburg/Berlin,summer_days,year,2016,59.07
Brandenburg/Berlin,summer_days,year,2017,40.15
Brandenburg/Berlin,summer_days,year,2018,86.06
Brandenburg/Berlin,summer_days,year,2019,66.31
Brandenburg/Berlin,summer_days,year,2020,53.04
Brandenburg/Berlin,summer_days,year,2021,50.6
Brandenburg/Berlin,summer_days,year,2022,61.5
Brandenburg/Berlin,summer_days,year,2023,66.73
Brandenburg/Berlin,summer_days,year,2024,68.7
Brandenburg/Berlin,summer_days,year,2025,47.71
Brandenburg/Berlin,sunshine,year,1951,1892.6
Brandenburg/Berlin,sunshine,year,1952,1653.4
Brandenburg/Berlin,sunshine,year,1953,1919.9
Brandenburg/Berlin,sunshine,year,1954,1676.4
Brandenburg/Berlin,sunshine,year,1955,1734
Brandenburg/Berlin,sunshine,year,1956,1621.3
Brandenburg/Berlin,sunshine,year,1957,1695.3
Brandenburg/Berlin,sunshine,year,1958,1583.2
Brandenburg/Berlin,sunshine,year,1959,2007.3
Brandenburg/Berlin,sunshine,year,1960,1587
Brandenburg/Berlin,sunshine,year,1961,1637.5
Brandenburg/Berlin,sunshine,year,1962,1504.4
Brandenburg/Berlin,sunshine,year,1963,1783.8
Brandenburg/Berlin,sunshine,year,1964,1760.2
Brandenburg/Berlin,sunshine,year,1965,1583.5
Brandenburg/Berlin,sunshine,year,1966,1496
Brandenburg/Berlin,sunshine,year,1967,1694.9
Brandenburg/Berlin,sunshine,year,1968,1676.1
Brandenburg/Berlin,sunshine,year,1969,1677.2
Brandenburg/Berlin,sunshine,year,1970,1593.2
Brandenburg/Berlin,sunshine,year,1971,1762.8
Brandenburg/Berlin,sunshine,year,1972,1594.7
Brandenburg/Berlin,sunshine,year,1973,1683.1
Brandenburg/Berlin,sunshine,year,1974,1526.2
Brandenburg/Berlin,sunshine,year,1975,1740.7
Brandenburg/Berlin,sunshine,year,1976,1772.1
Brandenburg/Berlin,sunshine,year,1977,1410
Brandenburg/Berlin,sunshine,year,1978,1492.9
Brandenburg/Berlin,sunshine,year,1979,1558.2
Brandenburg/Berlin,sunshine,year,1980,1546.3
Brandenburg/Berlin,sunshine,year,1981,1492.5
Brandenburg/Berlin,sunshine,year,1982,1950.8
Brandenburg/Berlin,sunshine,year,1983,1640
Brandenburg/Berlin,sunshine,year,1984,1445.1
Brandenburg/Berlin,sunshine,year,1985,1524.7
Brandenburg/Berlin,sunshine,year,1986,1661.9
Brandenburg/Berlin,sunshine,year,1987,1491.9
Brandenburg/Berlin,sunshine,year,1988,1620.9
Brandenburg/Berlin,sunshine,year,1989,1907.6
Brandenburg/Berlin,sunshine,year,1990,1798.3
Brandenburg/Berlin,sunshine,year,1991,1783.2
Brandenburg/Berlin,sunshine,year,1992,1792.4
Brandenburg/Berlin,sunshine,year,1993,1574.7
Brandenburg/Berlin,sunshine,year,1994,1707.4
Brandenburg/Berlin,sunshine,year,1995,1752
Brandenburg/Berlin,sunshine,year,1996,1511.4
Brandenburg/Berlin,sunshine,year,1997,1803.6
Brandenburg/Berlin,sunshine,year,1998,1491.2
Brandenburg/Berlin,sunshine,year,1999,1742.6
Brandenburg/Berlin,sunshine,year,2000,1647.4
Brandenburg/Berlin,sunshine,year,2001,1502.5
Brandenburg/Berlin,sunshine,year,2002,1595.2
Brandenburg/Berlin,sunshine,year,2003,2033.1
Brandenburg/Berlin,sunshine,year,2004,1634.6
Brandenburg/Berlin,sunshine,year,2005,1858.9
Brandenburg/Berlin,sunshine,year,2006,1862.8
Brandenburg/Berlin,sunshine,year,2007,1724.6
Brandenburg/Berlin,sunshine,year,2008,1671
Brandenburg/Berlin,sunshine,year,2009,1781.4
Brandenburg/Berlin,sunshine,year,2010,1574
Brandenburg/Berlin,sunshine,year,2011,1952.1
Brandenburg/Berlin,sunshine,year,2012,1750.2
Brandenburg/Berlin,sunshine,year,2013,1583.3
Brandenburg/Berlin,sunshine,year,2014,1734
Brandenburg/Berlin,sunshine,year,2015,1848.5
Brandenburg/Berlin,sunshine,year,2016,1718.1
Brandenburg/Berlin,sunshine,year,2017,1593.4
Brandenburg/Berlin,sunshine,year,2018,2152.6
Brandenburg/Berlin,sunshine,year,2019,1926
Brandenburg/Berlin,sunshine,year,2020,1920.5
Brandenburg/Berlin,sunshine,year,2021,1638.4
Brandenburg/Berlin,sunshine,year,2022,2018.4
Brandenburg/Berlin,sunshine,year,2023,1754.4
Brandenburg/Berlin,sunshine,year,2024,1853
Brandenburg/Berlin,sunshine,year,2025,2009.4
Brandenburg/Berlin,temp_mean,year,1881,7.55
Brandenburg/Berlin,temp_mean,year,1882,8.99
Brandenburg/Berlin,temp_mean,year,1883,8.42
Brandenburg/Berlin,temp_mean,year,1884,9.11
Brandenburg/Berlin,temp_mean,year,1885,8.4
Brandenburg/Berlin,temp_mean,year,1886,8.51
Brandenburg/Berlin,temp_mean,year,1887,7.76
Brandenburg/Berlin,temp_mean,year,1888,7.4
Brandenburg/Berlin,temp_mean,year,1889,8.14
Brandenburg/Berlin,temp_mean,year,1890,8.13
Brandenburg/Berlin,temp_mean,year,1891,8.22
Brandenburg/Berlin,temp_mean,year,1892,7.95
Brandenburg/Berlin,temp_mean,year,1893,8.26
Brandenburg/Berlin,temp_mean,year,1894,8.71
Brandenburg/Berlin,temp_mean,year,1895,8.03
Brandenburg/Berlin,temp_mean,year,1896,8.33
Brandenburg/Berlin,temp_mean,year,1897,8.29
Brandenburg/Berlin,temp_mean,year,1898,9.05
Brandenburg/Berlin,temp_mean,year,1899,8.59
Brandenburg/Berlin,temp_mean,year,1900,8.83
Brandenburg/Berlin,temp_mean,year,1901,8.33
Brandenburg/Berlin,temp_mean,year,1902,7.26
Brandenburg/Berlin,temp_mean,year,1903,8.98
Brandenburg/Berlin,temp_mean,year,1904,8.84
Brandenburg/Berlin,temp_mean,year,1905,8.57
Brandenburg/Berlin,temp_mean,year,1906,9.08
Brandenburg/Berlin,temp_mean,year,1907,8.21
Brandenburg/Berlin,temp_mean,year,1908,8.04
Brandenburg/Berlin,temp_mean,year,1909,7.85
Brandenburg/Berlin,temp_mean,year,1910,9.03
Brandenburg/Berlin,temp_mean,year,1911,9.66
Brandenburg/Berlin,temp_mean,year,1912,8.19
Brandenburg/Berlin,temp_mean,year,1913,9.24
Brandenburg/Berlin,temp_mean,year,1914,9.26
Brandenburg/Berlin,temp_mean,year,1915,8.27
Brandenburg/Berlin,temp_mean,year,1916,8.99
Brandenburg/Berlin,temp_mean,year,1917,8.17
Brandenburg/Berlin,temp_mean,year,1918,9.15
Brandenburg/Berlin,temp_mean,year,1919,7.67
Brandenburg/Berlin,temp_mean,year,1920,8.99
Brandenburg/Berlin,temp_mean,year,1921,9.44
Brandenburg/Berlin,temp_mean,year,1922,7.38
Brandenburg/Berlin,temp_mean,year,1923,8.18
Brandenburg/Berlin,temp_mean,year,1924,7.97
Brandenburg/Berlin,temp_mean,year,1925,9.02
Brandenburg/Berlin,temp_mean,year,1926,9.25
Brandenburg/Berlin,temp_mean,year,1927,8.35
Brandenburg/Berlin,temp_mean,year,1928,8.58
Brandenburg/Berlin,temp_mean,year,1929,7.6
Brandenburg/Berlin,temp_mean,year,1930,9.17
Brandenburg/Berlin,temp_mean,year,1931,8.11
Brandenburg/Berlin,temp_mean,year,1932,8.95
Brandenburg/Berlin,temp_mean,year,1933,7.93
Brandenburg/Berlin,temp_mean,year,1934,10.38
Brandenburg/Berlin,temp_mean,year,1935,8.93
Brandenburg/Berlin,temp_mean,year,1936,8.92
Brandenburg/Berlin,temp_mean,year,1937,8.94
Brandenburg/Berlin,temp_mean,year,1938,9.34
Brandenburg/Berlin,temp_mean,year,1939,8.93
Brandenburg/Berlin,temp_mean,year,1940,6.68
Brandenburg/Berlin,temp_mean,year,1941,7.33
Brandenburg/Berlin,temp_mean,year,1942,7.56
Brandenburg/Berlin,temp_mean,year,1943,9.33
Brandenburg/Berlin,temp_mean,year,1944,9.05
Brandenburg/Berlin,temp_mean,year,1945,9.54
Brandenburg/Berlin,temp_mean,year,1946,8.85
Brandenburg/Berlin,temp_mean,year,1947,8.38
Brandenburg/Berlin,temp_mean,year,1948,9.6
Brandenburg/Berlin,temp_mean,year,1949,9.6
Brandenburg/Berlin,temp_mean,year,1950,8.98
Brandenburg/Berlin,temp_mean,year,1951,9.25
Brandenburg/Berlin,temp_mean,year,1952,8.16
Brandenburg/Berlin,temp_mean,year,1953,9.64
Brandenburg/Berlin,temp_mean,year,1954,7.99
Brandenburg/Berlin,temp_mean,year,1955,7.9
Brandenburg/Berlin,temp_mean,year,1956,7.17
Brandenburg/Berlin,temp_mean,year,1957,8.99
Brandenburg/Berlin,temp_mean,year,1958,8.55
Brandenburg/Berlin,temp_mean,year,1959,9.31
Brandenburg/Berlin,temp_mean,year,1960,8.73
Brandenburg/Berlin,temp_mean,year,1961,9.28
Brandenburg/Berlin,temp_mean,year,1962,7.67
Brandenburg/Berlin,temp_mean,year,1963,7.68
Brandenburg/Berlin,temp_mean,year,1964,8.43
Brandenburg/Berlin,temp_mean,year,1965,7.85
Brandenburg/Berlin,temp_mean,year,1966,8.82
Brandenburg/Berlin,temp_mean,year,1967,9.58
Brandenburg/Berlin,temp_mean,year,1968,8.72
Brandenburg/Berlin,temp_mean,year,1969,7.81
Brandenburg/Berlin,temp_mean,year,1970,7.91
Brandenburg/Berlin,temp_mean,year,1971,9.05
Brandenburg/Berlin,temp_mean,year,1972,8.3
Brandenburg/Berlin,temp_mean,year,1973,8.69
Brandenburg/Berlin,temp_mean,year,1974,9.32
Brandenburg/Berlin,temp_mean,year,1975,9.58
Brandenburg/Berlin,temp_mean,year,1976,8.63
Brandenburg/Berlin,temp_mean,year,1977,9.08
Brandenburg/Berlin,temp_mean,year,1978,8.41
Brandenburg/Berlin,temp_mean,year,1979,8.03
Brandenburg/Berlin,temp_mean,year,1980,7.74
Brandenburg/Berlin,temp_mean,year,1981,8.66
Brandenburg/Berlin,temp_mean,year,1982,9.46
Brandenburg/Berlin,temp_mean,year,1983,9.68
Brandenburg/Berlin,temp_mean,year,1984,8.41
Brandenburg/Berlin,temp_mean,year,1985,7.91
Brandenburg/Berlin,temp_mean,year,1986,8.26
Brandenburg/Berlin,temp_mean,year,1987,7.55
Brandenburg/Berlin,temp_mean,year,1988,9.5
Brandenburg/Berlin,temp_mean,year,1989,10.15
Brandenburg/Berlin,temp_mean,year,1990,10.12
Brandenburg/Berlin,temp_mean,year,1991,8.94
Brandenburg/Berlin,temp_mean,year,1992,9.91
Brandenburg/Berlin,temp_mean,year,1993,8.83
Brandenburg/Berlin,temp_mean,year,1994,9.9
Brandenburg/Berlin,temp_mean,year,1995,9.21
Brandenburg/Berlin,temp_mean,year,1996,7.36
Brandenburg/Berlin,temp_mean,year,1997,9.24
Brandenburg/Berlin,temp_mean,year,1998,9.49
Brandenburg/Berlin,temp_mean,year,1999,10.05
Brandenburg/Berlin,temp_mean,year,2000,10.41
Brandenburg/Berlin,temp_mean,year,2001,9.22
Brandenburg/Berlin,temp_mean,year,2002,9.76
Brandenburg/Berlin,temp_mean,year,2003,9.5
Brandenburg/Berlin,temp_mean,year,2004,9.3
Brandenburg/Berlin,temp_mean,year,2005,9.33
Brandenburg/Berlin,temp_mean,year,2006,9.98
Brandenburg/Berlin,temp_mean,year,2007,10.35
Brandenburg/Berlin,temp_mean,year,2008,10.12
Brandenburg/Berlin,temp_mean,year,2009,9.48
Brandenburg/Berlin,temp_mean,year,2010,8.09
Brandenburg/Berlin,temp_mean,year,2011,9.94
Brandenburg/Berlin,temp_mean,year,2012,9.36
Brandenburg/Berlin,temp_mean,year,2013,9.19
Brandenburg/Berlin,temp_mean,year,2014,10.67
Brandenburg/Berlin,temp_mean,year,2015,10.36
Brandenburg/Berlin,temp_mean,year,2016,10
Brandenburg/Berlin,temp_mean,year,2017,9.92
Brandenburg/Berlin,temp_mean,year,2018,10.84
Brandenburg/Berlin,temp_mean,year,2019,11.07
Brandenburg/Berlin,temp_mean,year,2020,10.95
Brandenburg/Berlin,temp_mean,year,2021,9.67
Brandenburg/Berlin,temp_mean,year,2022,10.76
Brandenburg/Berlin,temp_mean,year,2023,10.89
Brandenburg/Berlin,temp_mean,year,2024,11.54
Brandenburg/Berlin,temp_mean,year,2025,10.31
Brandenburg/Berlin,tropical_nights,year,1951,0.02
Brandenburg/Berlin,tropical_nights,year,1952,0.2
Brandenburg/Berlin,tropical_nights,year,1953,0.02
Brandenburg/Berlin,tropical_nights,year,1954,0.01
Brandenburg/Berlin,tropical_nights,year,1955,0
Brandenburg/Berlin,tropical_nights,year,1956,0
Brandenburg/Berlin,tropical_nights,year,1957,0.68
Brandenburg/Berlin,tropical_nights,year,1958,0
Brandenburg/Berlin,tropical_nights,year,1959,0.61
Brandenburg/Berlin,tropical_nights,year,1960,0
Brandenburg/Berlin,tropical_nights,year,1961,0.01
Brandenburg/Berlin,tropical_nights,year,1962,0
Brandenburg/Berlin,tropical_nights,year,1963,0.85
Brandenburg/Berlin,tropical_nights,year,1964,0.44
Brandenburg/Berlin,tropical_nights,year,1965,0
Brandenburg/Berlin,tropical_nights,year,1966,0.17
Brandenburg/Berlin,tropical_nights,year,1967,0.3
Brandenburg/Berlin,tropical_nights,year,1968,0.05
Brandenburg/Berlin,tropical_nights,year,1969,0.15
Brandenburg/Berlin,tropical_nights,year,1970,0.01
Brandenburg/Berlin,tropical_nights,year,1971,1.04
Brandenburg/Berlin,tropical_nights,year,1972,0.83
Brandenburg/Berlin,tropical_nights,year,1973,0.02
Brandenburg/Berlin,tropical_nights,year,1974,0.03
Brandenburg/Berlin,tropical_nights,year,1975,0.56
Brandenburg/Berlin,tropical_nights,year,1976,0.81
Brandenburg/Berlin,tropical_nights,year,1977,0
Brandenburg/Berlin,tropical_nights,year,1978,0.03
Brandenburg/Berlin,tropical_nights,year,1979,0.11
Brandenburg/Berlin,tropical_nights,year,1980,0
Brandenburg/Berlin,tropical_nights,year,1981,0.01
Brandenburg/Berlin,tropical_nights,year,1982,0.75
Brandenburg/Berlin,tropical_nights,year,1983,0.78
Brandenburg/Berlin,tropical_nights,year,1984,0.66
Brandenburg/Berlin,tropical_nights,year,1985,0.25
Brandenburg/Berlin,tropical_nights,year,1986,0.86
Brandenburg/Berlin,tropical_nights,year,1987,0.53
Brandenburg/Berlin,tropical_nights,year,1988,0.53
Brandenburg/Berlin,tropical_nights,year,1989,0.39
Brandenburg/Berlin,tropical_nights,year,1990,0.13
Brandenburg/Berlin,tropical_nights,year,1991,0.8
Brandenburg/Berlin,tropical_nights,year,1992,1.06
Brandenburg/Berlin,tropical_nights,year,1993,0
Brandenburg/Berlin,tropical_nights,year,1994,3.17
Brandenburg/Berlin,tropical_nights,year,1995,0.29
Brandenburg/Berlin,tropical_nights,year,1996,0
Brandenburg/Berlin,tropical_nights,year,1997,0.23
Brandenburg/Berlin,tropical_nights,year,1998,0.18
Brandenburg/Berlin,tropical_nights,year,1999,0.1
Brandenburg/Berlin,tropical_nights,year,2000,0.15
Brandenburg/Berlin,tropical_nights,year,2001,0.48
Brandenburg/Berlin,tropical_nights,year,2002,0.79
Brandenburg/Berlin,tropical_nights,year,2003,1.01
Brandenburg/Berlin,tropical_nights,year,2004,0.01
Brandenburg/Berlin,tropical_nights,year,2005,0.13
Brandenburg/Berlin,tropical_nights,year,2006,1.7
Brandenburg/Berlin,tropical_nights,year,2007,0.36
Brandenburg/Berlin,tropical_nights,year,2008,0.11
Brandenburg/Berlin,tropical_nights,year,2009,0
Brandenburg/Berlin,tropical_nights,year,2010,2.12
Brandenburg/Berlin,tropical_nights,year,2011,0
Brandenburg/Berlin,tropical_nights,year,2012,0.16
Brandenburg/Berlin,tropical_nights,year,2013,1.23
Brandenburg/Berlin,tropical_nights,year,2014,0.47
Brandenburg/Berlin,tropical_nights,year,2015,1.95
Brandenburg/Berlin,tropical_nights,year,2016,0.17
Brandenburg/Berlin,tropical_nights,year,2017,0
Brandenburg/Berlin,tropical_nights,year,2018,3
Brandenburg/Berlin,tropical_nights,year,2019,1.23
Brandenburg/Berlin,tropical_nights,year,2020,0.79
Brandenburg/Berlin,tropical_nights,year,2021,0.86
Brandenburg/Berlin,tropical_nights,year,2022,0.47
Brandenburg/Berlin,tropical_nights,year,2023,0.18
Brandenburg/Berlin,tropical_nights,year,2024,0.39
Brandenburg/Berlin,tropical_nights,year,2025,0
Deutschland,frost_days,year,1951,85.57
Deutschland,frost_days,year,1952,109.43
Deutschland,frost_days,year,1953,94.54
Deutschland,frost_days,year,1954,96.7
Deutschland,frost_days,year,1955,117.22
Deutschland,frost_days,year,1956,108.8
Deutschland,frost_days,year,1957,83.24
Deutschland,frost_days,year,1958,97.04
Deutschland,frost_days,year,1959,91.91
Deutschland,frost_days,year,1960,81.84
Deutschland,frost_days,year,1961,72.64
Deutschland,frost_days,year,1962,105.31
Deutschland,frost_days,year,1963,112.49
Deutschland,frost_days,year,1964,99.82
Deutschland,frost_days,year,1965,100.55
Deutschland,frost_days,year,1966,83.28
Deutschland,frost_days,year,1967,77.05
Deutschland,frost_days,year,1968,100.34
Deutschland,frost_days,year,1969,115.26
Deutschland,frost_days,year,1970,105.06
Deutschland,frost_days,year,1971,89.62
Deutschland,frost_days,year,1972,92.17
Deutschland,frost_days,year,1973,100.8
Deutschland,frost_days,year,1974,55.22
Deutschland,frost_days,year,1975,78.47
Deutschland,frost_days,year,1976,98.31
Deutschland,frost_days,year,1977,71.34
Deutschland,frost_days,year,1978,92.76
Deutschland,frost_days,year,1979,101.19
Deutschland,frost_days,year,1980,103.61
Deutschland,frost_days,year,1981,99.06
Deutschland,frost_days,year,1982,86.69
Deutschland,frost_days,year,1983,83.11
Deutschland,frost_days,year,1984,95.85
Deutschland,frost_days,year,1985,107.96
Deutschland,frost_days,year,1986,89.52
Deutschland,frost_days,year,1987,97.81
Deutschland,frost_days,year,1988,72.73
Deutschland,frost_days,year,1989,70.33
Deutschland,frost_days,year,1990,61.3
Deutschland,frost_days,year,1991,92.48
Deutschland,frost_days,year,1992,71.53
Deutschland,frost_days,year,1993,88
Deutschland,frost_days,year,1994,59.9
Deutschland,frost_days,year,1995,91.57
Deutschland,frost_days,year,1996,118.69
Deutschland,frost_days,year,1997,88.99
Deutschland,frost_days,year,1998,74.83
Deutschland,frost_days,year,1999,73.08
Deutschland,frost_days,year,2000,55.14
Deutschland,frost_days,year,2001,86.54
Deutschland,frost_days,year,2002,67.66
Deutschland,frost_days,year,2003,101.43
Deutschland,frost_days,year,2004,87.74
Deutschland,frost_days,year,2005,93.36
Deutschland,frost_days,year,2006,89.79
Deutschland,frost_days,year,2007,61.2
Deutschland,frost_days,year,2008,76.91
Deutschland,frost_days,year,2009,84.75
Deutschland,frost_days,year,2010,113.75
Deutschland,frost_days,year,2011,83.31
Deutschland,frost_days,year,2012,78.82
Deutschland,frost_days,year,2013,98.66
Deutschland,frost_days,year,2014,56.81
Deutschland,frost_days,year,2015,73.65
Deutschland,frost_days,year,2016,82.78
Deutschland,frost_days,year,2017,76.17
Deutschland,frost_days,year,2018,77.35
Deutschland,frost_days,year,2019,69.74
Deutschland,frost_days,year,2020,62.51
Deutschland,frost_days,year,2021,89.36
Deutschland,frost_days,year,2022,71.44
Deutschland,frost_days,year,2023,65.49
Deutschland,frost_days,year,2024,52.02
Deutschland,frost_days,year,2025,82.9
Deutschland,hot_days,year,1951,3.02
Deutschland,hot_days,year,1952,7.91
Deutschland,hot_days,year,1953,5.08
Deutschland,hot_days,year,1954,2.53
Deutschland,hot_days,year,1955,0.93
Deutschland,hot_days,year,1956,0.58
Deutschland,hot_days,year,1957,6.85
Deutschland,hot_days,year,1958,1.58
Deutschland,hot_days,year,1959,5.63
Deutschland,hot_days,year,1960,1.3
Deutschland,hot_days,year,1961,3.97
Deutschland,hot_days,year,1962,2.34
Deutschland,hot_days,year,1963,4.5
Deutschland,hot_days,year,1964,9.93
Deutschland,hot_days,year,1965,1.18
Deutschland,hot_days,year,1966,2.64
Deutschland,hot_days,year,1967,3.95
Deutschland,hot_days,year,1968,2.38
Deutschland,hot_days,year,1969,6.63
Deutschland,hot_days,year,1970,2.01
Deutschland,hot_days,year,1971,7.08
Deutschland,hot_days,year,1972,4.7
Deutschland,hot_days,year,1973,5.78
Deutschland,hot_days,year,1974,2.75
Deutschland,hot_days,year,1975,6.63
Deutschland,hot_days,year,1976,10.2
Deutschland,hot_days,year,1977,1.25
Deutschland,hot_days,year,1978,1.89
Deutschland,hot_days,year,1979,2.29
Deutschland,hot_days,year,1980,1.45
Deutschland,hot_days,year,1981,2.19
Deutschland,hot_days,year,1982,6.54
Deutschland,hot_days,year,1983,9.93
Deutschland,hot_days,year,1984,3.3
Deutschland,hot_days,year,1985,2.63
Deutschland,hot_days,year,1986,4.31
Deutschland,hot_days,year,1987,1.64
Deutschland,hot_days,year,1988,2.1
Deutschland,hot_days,year,1989,4.67
Deutschland,hot_days,year,1990,5.91
Deutschland,hot_days,year,1991,5.27
Deutschland,hot_days,year,1992,9.64
Deutschland,hot_days,year,1993,1.89
Deutschland,hot_days,year,1994,16.27
Deutschland,hot_days,year,1995,10.54
Deutschland,hot_days,year,1996,3
Deutschland,hot_days,year,1997,5.16
Deutschland,hot_days,year,1998,7.08
Deutschland,hot_days,year,1999,5.16
Deutschland,hot_days,year,2000,5.67
Deutschland,hot_days,year,2001,7.36
Deutschland,hot_days,year,2002,6.23
Deutschland,hot_days,year,2003,19.01
Deutschland,hot_days,year,2004,4.7
Deutschland,hot_days,year,2005,7.57
Deutschland,hot_days,year,2006,14.34
Deutschland,hot_days,year,2007,4.82
Deutschland,hot_days,year,2008,7.24
Deutschland,hot_days,year,2009,4.58
Deutschland,hot_days,year,2010,10.63
Deutschland,hot_days,year,2011,4.27
Deutschland,hot_days,year,2012,7.62
Deutschland,hot_days,year,2013,10.47
Deutschland,hot_days,year,2014,6.14
Deutschland,hot_days,year,2015,17.6
Deutschland,hot_days,year,2016,9.21
Deutschland,hot_days,year,2017,6.8
Deutschland,hot_days,year,2018,20.37
Deutschland,hot_days,year,2019,16.97
Deutschland,hot_days,year,2020,11.39
Deutschland,hot_days,year,2021,4.53
Deutschland,hot_days,year,2022,17.3
Deutschland,hot_days,year,2023,11.45
Deutschland,hot_days,year,2024,12.47
Deutschland,hot_days,year,2025,11.06
Deutschland,ice_days,year,1951,9.81
Deutschland,ice_days,year,1952,25.7
Deutschland,ice_days,year,1953,23.4
Deutschland,ice_days,year,1954,33.25
Deutschland,ice_days,year,1955,31.93
Deutschland,ice_days,year,1956,43.89
Deutschland,ice_days,year,1957,14.26
Deutschland,ice_days,year,1958,18.98
Deutschland,ice_days,year,1959,18.5
Deutschland,ice_days,year,1960,21.57
Deutschland,ice_days,year,1961,20.91
Deutschland,ice_days,year,1962,32.28
Deutschland,ice_days,year,1963,62.42
Deutschland,ice_days,year,1964,32.72
Deutschland,ice_days,year,1965,25.37
Deutschland,ice_days,year,1966,26.48
Deutschland,ice_days,year,1967,17.16
Deutschland,ice_days,year,1968,30.9
Deutschland,ice_days,year,1969,46.02
Deutschland,ice_days,year,1970,37.82
Deutschland,ice_days,year,1971,22.48
Deutschland,ice_days,year,1972,21.92
Deutschland,ice_days,year,1973,18.07
Deutschland,ice_days,year,1974,4.44
Deutschland,ice_days,year,1975,9.69
Deutschland,ice_days,year,1976,27.12
Deutschland,ice_days,year,1977,13.74
Deutschland,ice_days,year,1978,29.2
Deutschland,ice_days,year,1979,31.11
Deutschland,ice_days,year,1980,30.73
Deutschland,ice_days,year,1981,32.04
Deutschland,ice_days,year,1982,20.55
Deutschland,ice_days,year,1983,21.47
Deutschland,ice_days,year,1984,17.03
Deutschland,ice_days,year,1985,46.14
Deutschland,ice_days,year,1986,37.87
Deutschland,ice_days,year,1987,40.47
Deutschland,ice_days,year,1988,9.13
Deutschland,ice_days,year,1989,10.75
Deutschland,ice_days,year,1990,11.46
Deutschland,ice_days,year,1991,22.34
Deutschland,ice_days,year,1992,13.98
Deutschland,ice_days,year,1993,24.71
Deutschland,ice_days,year,1994,11.3
Deutschland,ice_days,year,1995,24.2
Deutschland,ice_days,year,1996,46.63
Deutschland,ice_days,year,1997,18.98
Deutschland,ice_days,year,1998,20.68
Deutschland,ice_days,year,1999,14.99
Deutschland,ice_days,year,2000,9.95
Deutschland,ice_days,year,2001,16.95
Deutschland,ice_days,year,2002,18.08
Deutschland,ice_days,year,2003,21.07
Deutschland,ice_days,year,2004,17.3
Deutschland,ice_days,year,2005,24.32
Deutschland,ice_days,year,2006,22.83
Deutschland,ice_days,year,2007,10.97
Deutschland,ice_days,year,2008,9.23
Deutschland,ice_days,year,2009,24.38
Deutschland,ice_days,year,2010,56.69
Deutschland,ice_days,year,2011,14.49
Deutschland,ice_days,year,2012,24.52
Deutschland,ice_days,year,2013,28.53
Deutschland,ice_days,year,2014,9.86
Deutschland,ice_days,year,2015,6.65
Deutschland,ice_days,year,2016,11.98
Deutschland,ice_days,year,2017,16.63
Deutschland,ice_days,year,2018,14.64
Deutschland,ice_days,year,2019,7.69
Deutschland,ice_days,year,2020,3.71
Deutschland,ice_days,year,2021,15.7
Deutschland,ice_days,year,2022,10.4
Deutschland,ice_days,year,2023,8.51
Deutschland,ice_days,year,2024,9.39
Deutschland,ice_days,year,2025,9.19
Deutschland,precip_ge10,year,1951,21.11
Deutschland,precip_ge10,year,1952,22.14
Deutschland,precip_ge10,year,1953,15.03
Deutschland,precip_ge10,year,1954,23.71
Deutschland,precip_ge10,year,1955,20.77
Deutschland,precip_ge10,year,1956,23.32
Deutschland,precip_ge10,year,1957,21.91
Deutschland,precip_ge10,year,1958,24.83
Deutschland,precip_ge10,year,1959,13.69
Deutschland,precip_ge10,year,1960,22.45
Deutschland,precip_ge10,year,1961,24.53
Deutschland,precip_ge10,year,1962,17.57
Deutschland,precip_ge10,year,1963,17.58
Deutschland,precip_ge10,year,1964,15.65
Deutschland,precip_ge10,year,1965,28.03
Deutschland,precip_ge10,year,1966,27.91
Deutschland,precip_ge10,year,1967,22.54
Deutschland,precip_ge10,year,1968,22.12
Deutschland,precip_ge10,year,1969,19.25
Deutschland,precip_ge10,year,1970,23.51
Deutschland,precip_ge10,year,1971,15.45
Deutschland,precip_ge10,year,1972,18.78
Deutschland,precip_ge10,year,1973,17.64
Deutschland,precip_ge10,year,1974,23.67
Deutschland,precip_ge10,year,1975,17.5
Deutschland,precip_ge10,year,1976,15.11
Deutschland,precip_ge10,year,1977,22.56
Deutschland,precip_ge10,year,1978,20.75
Deutschland,precip_ge10,year,1979,21.42
Deutschland,precip_ge10,year,1980,22.87
Deutschland,precip_ge10,year,1981,27.33
Deutschland,precip_ge10,year,1982,18.71
Deutschland,precip_ge10,year,1983,21.14
Deutschland,precip_ge10,year,1984,22.9
Deutschland,precip_ge10,year,1985,17.75
Deutschland,precip_ge10,year,1986,25.17
Deutschland,precip_ge10,year,1987,24.4
Deutschland,precip_ge10,year,1988,22.45
Deutschland,precip_ge10,year,1989,19
Deutschland,precip_ge10,year,1990,21.25
Deutschland,precip_ge10,year,1991,16.46
Deutschland,precip_ge10,year,1992,21.91
Deutschland,precip_ge10,year,1993,25.41
Deutschland,precip_ge10,year,1994,24.57
Deutschland,precip_ge10,year,1995,24.8
Deutschland,precip_ge10,year,1996,18.26
Deutschland,precip_ge10,year,1997,19.63
Deutschland,precip_ge10,year,1998,24.95
Deutschland,precip_ge10,year,1999,22.13
Deutschland,precip_ge10,year,2000,20.45
Deutschland,precip_ge10,year,2001,25.11
Deutschland,precip_ge10,year,2002,30.73
Deutschland,precip_ge10,year,2003,16.27
Deutschland,precip_ge10,year,2004,21.69
Deutschland,precip_ge10,year,2005,20.72
Deutschland,precip_ge10,year,2006,19.65
Deutschland,precip_ge10,year,2007,27.64
Deutschland,precip_ge10,year,2008,20.91
Deutschland,precip_ge10,year,2009,20.95
Deutschland,precip_ge10,year,2010,23.98
Deutschland,precip_ge10,year,2011,20.56
Deutschland,precip_ge10,year,2012,20.18
Deutschland,precip_ge10,year,2013,21.65
Deutschland,precip_ge10,year,2014,19.99
Deutschland,precip_ge10,year,2015,18.83
Deutschland,precip_ge10,year,2016,18.88
Deutschland,precip_ge10,year,2017,24.17
Deutschland,precip_ge10,year,2018,15.57
Deutschland,precip_ge10,year,2019,19.32
Deutschland,precip_ge10,year,2020,19.19
Deutschland,precip_ge10,year,2021,21.17
Deutschland,precip_ge10,year,2022,17.92
Deutschland,precip_ge10,year,2023,28.23
Deutschland,precip_ge10,year,2024,26.03
Deutschland,precip_ge10,year,2025,17.88
Deutschland,precip_ge20,year,1951,4.6
Deutschland,precip_ge20,year,1952,4.38
Deutschland,precip_ge20,year,1953,3.46
Deutschland,precip_ge20,year,1954,6.01
Deutschland,precip_ge20,year,1955,5.13
Deutschland,precip_ge20,year,1956,5.54
Deutschland,precip_ge20,year,1957,4.72
Deutschland,precip_ge20,year,1958,5.62
Deutschland,precip_ge20,year,1959,3.82
Deutschland,precip_ge20,year,1960,5.62
Deutschland,precip_ge20,year,1961,5.29
Deutschland,precip_ge20,year,1962,3.58
Deutschland,precip_ge20,year,1963,3.88
Deutschland,precip_ge20,year,1964,3.55
Deutschland,precip_ge20,year,1965,6.31
Deutschland,precip_ge20,year,1966,6.76
Deutschland,precip_ge20,year,1967,5.14
Deutschland,precip_ge20,year,1968,5.7
Deutschland,precip_ge20,year,1969,4.28
Deutschland,precip_ge20,year,1970,5.41
Deutschland,precip_ge20,year,1971,3.71
Deutschland,precip_ge20,year,1972,4.9
Deutschland,precip_ge20,year,1973,3.57
Deutschland,precip_ge20,year,1974,4.68
Deutschland,precip_ge20,year,1975,3.95
Deutschland,precip_ge20,year,1976,2.94
Deutschland,precip_ge20,year,1977,5.31
Deutschland,precip_ge20,year,1978,5.08
Deutschland,precip_ge20,year,1979,4.97
Deutschland,precip_ge20,year,1980,5.09
Deutschland,precip_ge20,year,1981,7.6
Deutschland,precip_ge20,year,1982,4.13
Deutschland,precip_ge20,year,1983,4.9
Deutschland,precip_ge20,year,1984,5.97
Deutschland,precip_ge20,year,1985,3.56
Deutschland,precip_ge20,year,1986,6.34
Deutschland,precip_ge20,year,1987,5.53
Deutschland,precip_ge20,year,1988,4.63
Deutschland,precip_ge20,year,1989,4.18
Deutschland,precip_ge20,year,1990,5.26
Deutschland,precip_ge20,year,1991,4.26
Deutschland,precip_ge20,year,1992,5.24
Deutschland,precip_ge20,year,1993,6.06
Deutschland,precip_ge20,year,1994,6.07
Deutschland,precip_ge20,year,1995,5.98
Deutschland,precip_ge20,year,1996,4.28
Deutschland,precip_ge20,year,1997,4.35
Deutschland,precip_ge20,year,1998,5.58
Deutschland,precip_ge20,year,1999,4.52
Deutschland,precip_ge20,year,2000,4.37
Deutschland,precip_ge20,year,2001,4.99
Deutschland,precip_ge20,year,2002,8.93
Deutschland,precip_ge20,year,2003,3.46
Deutschland,precip_ge20,year,2004,4.76
Deutschland,precip_ge20,year,2005,4.8
Deutschland,precip_ge20,year,2006,4.54
Deutschland,precip_ge20,year,2007,7.35
Deutschland,precip_ge20,year,2008,4.71
Deutschland,precip_ge20,year,2009,4.3
Deutschland,precip_ge20,year,2010,5.68
Deutschland,precip_ge20,year,2011,5.45
Deutschland,precip_ge20,year,2012,4.01
Deutschland,precip_ge20,year,2013,6.05
Deutschland,precip_ge20,year,2014,5.05
Deutschland,precip_ge20,year,2015,4.23
Deutschland,precip_ge20,year,2016,4.44
Deutschland,precip_ge20,year,2017,5.68
Deutschland,precip_ge20,year,2018,4.07
Deutschland,precip_ge20,year,2019,4.27
Deutschland,precip_ge20,year,2020,4.48
Deutschland,precip_ge20,year,2021,5.22
Deutschland,precip_ge20,year,2022,3.9
Deutschland,precip_ge20,year,2023,6.42
Deutschland,precip_ge20,year,2024,6.81
Deutschland,precip_ge20,year,2025,3.71
Deutschland,precipitation,year,1881,693.5
Deutschland,precipitation,year,1882,926.7
Deutschland,precipitation,year,1883,687.2
Deutschland,precipitation,year,1884,732.2
Deutschland,precipitation,year,1885,718.4
Deutschland,precipitation,year,1886,722.6
Deutschland,precipitation,year,1887,601.7
Deutschland,precipitation,year,1888,766.2
Deutschland,precipitation,year,1889,751.3
Deutschland,precipitation,year,1890,744.5
Deutschland,precipitation,year,1891,760.4
Deutschland,precipitation,year,1892,647.2
Deutschland,precipitation,year,1893,675.8
Deutschland,precipitation,year,1894,795.2
Deutschland,precipitation,year,1895,765.2
Deutschland,precipitation,year,1896,779.1
Deutschland,precipitation,year,1897,763.3
Deutschland,precipitation,year,1898,748.6
Deutschland,precipitation,year,1899,733.2
Deutschland,precipitation,year,1900,769.5
Deutschland,precipitation,year,1901,756.5
Deutschland,precipitation,year,1902,726.6
Deutschland,precipitation,year,1903,754.9
Deutschland,precipitation,year,1904,638.8
Deutschland,precipitation,year,1905,811.4
Deutschland,precipitation,year,1906,786.9
Deutschland,precipitation,year,1907,688.6
Deutschland,precipitation,year,1908,668.7
Deutschland,precipitation,year,1909,773.5
Deutschland,precipitation,year,1910,837.1
Deutschland,precipitation,year,1911,556.7
Deutschland,precipitation,year,1912,841.3
Deutschland,precipitation,year,1913,745.5
Deutschland,precipitation,year,1914,823.2
Deutschland,precipitation,year,1915,782.5
Deutschland,precipitation,year,1916,832.2
Deutschland,precipitation,year,1917,697.9
Deutschland,precipitation,year,1918,747.2
Deutschland,precipitation,year,1919,730.2
Deutschland,precipitation,year,1920,677.4
Deutschland,precipitation,year,1921,578.4
Deutschland,precipitation,year,1922,894
Deutschland,precipitation,year,1923,789.7
Deutschland,precipitation,year,1924,788.7
Deutschland,precipitation,year,1925,788
Deutschland,precipitation,year,1926,885
Deutschland,precipitation,year,1927,868.3
Deutschland,precipitation,year,1928,753.9
Deutschland,precipitation,year,1929,591.3
Deutschland,precipitation,year,1930,845.4
Deutschland,precipitation,year,1931,841.4
Deutschland,precipitation,year,1932,735.6
Deutschland,precipitation,year,1933,656.2
Deutschland,precipitation,year,1934,615.3
Deutschland,precipitation,year,1935,811.2
Deutschland,precipitation,year,1936,825.8
Deutschland,precipitation,year,1937,789.7
Deutschland,precipitation,year,1938,741.2
Deutschland,precipitation,year,1939,916.3
Deutschland,precipitation,year,1940,847.4
Deutschland,precipitation,year,1941,866.1
Deutschland,precipitation,year,1942,667.7
Deutschland,precipitation,year,1943,620.1
Deutschland,precipitation,year,1944,852.4
Deutschland,precipitation,year,1945,772.5
Deutschland,precipitation,year,1946,766.6
Deutschland,precipitation,year,1947,688.8
Deutschland,precipitation,year,1948,756.4
Deutschland,precipitation,year,1949,656.4
Deutschland,precipitation,year,1950,829.4
Deutschland,precipitation,year,1951,750.8
Deutschland,precipitation,year,1952,831
Deutschland,precipitation,year,1953,591.8
Deutschland,precipitation,year,1954,877.1
Deutschland,precipitation,year,1955,783.6
Deutschland,precipitation,year,1956,844.1
Deutschland,precipitation,year,1957,783.6
Deutschland,precipitation,year,1958,876.1
Deutschland,precipitation,year,1959,551.1
Deutschland,precipitation,year,1960,849
Deutschland,precipitation,year,1961,862.1
Deutschland,precipitation,year,1962,701.2
Deutschland,precipitation,year,1963,658.7
Deutschland,precipitation,year,1964,631.1
Deutschland,precipitation,year,1965,989.4
Deutschland,precipitation,year,1966,965.1
Deutschland,precipitation,year,1967,836.8
Deutschland,precipitation,year,1968,842.3
Deutschland,precipitation,year,1969,724.6
Deutschland,precipitation,year,1970,913.5
Deutschland,precipitation,year,1971,601.3
Deutschland,precipitation,year,1972,660
Deutschland,precipitation,year,1973,702.2
Deutschland,precipitation,year,1974,885.4
Deutschland,precipitation,year,1975,659.5
Deutschland,precipitation,year,1976,592
Deutschland,precipitation,year,1977,825.5
Deutschland,precipitation,year,1978,802.3
Deutschland,precipitation,year,1979,827.7
Deutschland,precipitation,year,1980,839.9
Deutschland,precipitation,year,1981,995.3
Deutschland,precipitation,year,1982,705.7
Deutschland,precipitation,year,1983,785.2
Deutschland,precipitation,year,1984,825.7
Deutschland,precipitation,year,1985,733.6
Deutschland,precipitation,year,1986,865.4
Deutschland,precipitation,year,1987,884.7
Deutschland,precipitation,year,1988,871.7
Deutschland,precipitation,year,1989,688.4
Deutschland,precipitation,year,1990,791.6
Deutschland,precipitation,year,1991,644.5
Deutschland,precipitation,year,1992,796
Deutschland,precipitation,year,1993,885.7
Deutschland,precipitation,year,1994,890.6
Deutschland,precipitation,year,1995,877.5
Deutschland,precipitation,year,1996,682.9
Deutschland,precipitation,year,1997,714.1
Deutschland,precipitation,year,1998,919.7
Deutschland,precipitation,year,1999,838
Deutschland,precipitation,year,2000,838
Deutschland,precipitation,year,2001,928.8
Deutschland,precipitation,year,2002,1018.1
Deutschland,precipitation,year,2003,608.2
Deutschland,precipitation,year,2004,811.9
Deutschland,precipitation,year,2005,785.1
Deutschland,precipitation,year,2006,750
Deutschland,precipitation,year,2007,969.5
Deutschland,precipitation,year,2008,778.3
Deutschland,precipitation,year,2009,812.7
Deutschland,precipitation,year,2010,868.5
Deutschland,precipitation,year,2011,732.9
Deutschland,precipitation,year,2012,767.5
Deutschland,precipitation,year,2013,778.7
Deutschland,precipitation,year,2014,727.1
Deutschland,precipitation,year,2015,701.3
Deutschland,precipitation,year,2016,733.1
Deutschland,precipitation,year,2017,858.7
Deutschland,precipitation,year,2018,586.3
Deutschland,precipitation,year,2019,735
Deutschland,precipitation,year,2020,704.9
Deutschland,precipitation,year,2021,801.1
Deutschland,precipitation,year,2022,669.1
Deutschland,precipitation,year,2023,958
Deutschland,precipitation,year,2024,901.6
Deutschland,precipitation,year,2025,642
Deutschland,summer_days,year,1951,27.53
Deutschland,summer_days,year,1952,30.7
Deutschland,summer_days,year,1953,32.96
Deutschland,summer_days,year,1954,17.18
Deutschland,summer_days,year,1955,21.4
Deutschland,summer_days,year,1956,13.5
Deutschland,summer_days,year,1957,23.67
Deutschland,summer_days,year,1958,23.68
Deutschland,summer_days,year,1959,41.17
Deutschland,summer_days,year,1960,16.43
Deutschland,summer_days,year,1961,26.75
Deutschland,summer_days,year,1962,19.34
Deutschland,summer_days,year,1963,24.59
Deutschland,summer_days,year,1964,38.45
Deutschland,summer_days,year,1965,13.46
Deutschland,summer_days,year,1966,25.16
Deutschland,summer_days,year,1967,27.3
Deutschland,summer_days,year,1968,24.31
Deutschland,summer_days,year,1969,34.26
Deutschland,summer_days,year,1970,28.98
Deutschland,summer_days,year,1971,33.11
Deutschland,summer_days,year,1972,21.23
Deutschland,summer_days,year,1973,35.75
Deutschland,summer_days,year,1974,16.37
Deutschland,summer_days,year,1975,38.25
Deutschland,summer_days,year,1976,40.8
Deutschland,summer_days,year,1977,16.28
Deutschland,summer_days,year,1978,18.11
Deutschland,summer_days,year,1979,24.04
Deutschland,summer_days,year,1980,16.18
Deutschland,summer_days,year,1981,23.59
Deutschland,summer_days,year,1982,40.9
Deutschland,summer_days,year,1983,47.3
Deutschland,summer_days,year,1984,17.97
Deutschland,summer_days,year,1985,24.59
Deutschland,summer_days,year,1986,32.94
Deutschland,summer_days,year,1987,19.34
Deutschland,summer_days,year,1988,23.83
Deutschland,summer_days,year,1989,36.04
Deutschland,summer_days,year,1990,31.03
Deutschland,summer_days,year,1991,32.93
Deutschland,summer_days,year,1992,44.33
Deutschland,summer_days,year,1993,28.53
Deutschland,summer_days,year,1994,41.13
Deutschland,summer_days,year,1995,43.41
Deutschland,summer_days,year,1996,24.42
Deutschland,summer_days,year,1997,39.84
Deutschland,summer_days,year,1998,27.12
Deutschland,summer_days,year,1999,39.89
Deutschland,summer_days,year,2000,32.13
Deutschland,summer_days,year,2001,34.47
Deutschland,summer_days,year,2002,35.49
Deutschland,summer_days,year,2003,62.07
Deutschland,summer_days,year,2004,31.06
Deutschland,summer_days,year,2005,39.25
Deutschland,summer_days,year,2006,50.73
Deutschland,summer_days,year,2007,33.87
Deutschland,summer_days,year,2008,34.02
Deutschland,summer_days,year,2009,36.36
Deutschland,summer_days,year,2010,35.22
Deutschland,summer_days,year,2011,38.37
Deutschland,summer_days,year,2012,36.8
Deutschland,summer_days,year,2013,37.83
Deutschland,summer_days,year,2014,34.15
Deutschland,summer_days,year,2015,43.3
Deutschland,summer_days,year,2016,45.41
Deutschland,summer_days,year,2017,39.01
Deutschland,summer_days,year,2018,74.72
Deutschland,summer_days,year,2019,52.29
Deutschland,summer_days,year,2020,45.37
Deutschland,summer_days,year,2021,37.06
Deutschland,summer_days,year,2022,58.89
Deutschland,summer_days,year,2023,56.53
Deutschland,summer_days,year,2024,51.95
Deutschland,summer_days,year,2025,43.08
Deutschland,sunshine,year,1951,1711.7
Deutschland,sunshine,year,1952,1576.7
Deutschland,sunshine,year,1953,1783.9
Deutschland,sunshine,year,1954,1560.4
Deutschland,sunshine,year,1955,1633.7
Deutschland,sunshine,year,1956,1528.5
Deutschland,sunshine,year,1957,1638.8
Deutschland,sunshine,year,1958,1526.2
Deutschland,sunshine,year,1959,1984
Deutschland,sunshine,year,1960,1482.4
Deutschland,sunshine,year,1961,1562.2
Deutschland,sunshine,year,1962,1558.1
Deutschland,sunshine,year,1963,1608.6
Deutschland,sunshine,year,1964,1675.6
Deutschland,sunshine,year,1965,1453.4
Deutschland,sunshine,year,1966,1436.7
Deutschland,sunshine,year,1967,1635.1
Deutschland,sunshine,year,1968,1543.1
Deutschland,sunshine,year,1969,1570.5
Deutschland,sunshine,year,1970,1480.6
Deutschland,sunshine,year,1971,1705.7
Deutschland,sunshine,year,1972,1532.9
Deutschland,sunshine,year,1973,1642.7
Deutschland,sunshine,year,1974,1452.3
Deutschland,sunshine,year,1975,1656.6
Deutschland,sunshine,year,1976,1754.1
Deutschland,sunshine,year,1977,1362.3
Deutschland,sunshine,year,1978,1382.6
Deutschland,sunshine,year,1979,1446.7
Deutschland,sunshine,year,1980,1443.9
Deutschland,sunshine,year,1981,1392.2
Deutschland,sunshine,year,1982,1718.6
Deutschland,sunshine,year,1983,1582.7
Deutschland,sunshine,year,1984,1401
Deutschland,sunshine,year,1985,1521.5
Deutschland,sunshine,year,1986,1555.3
Deutschland,sunshine,year,1987,1370.7
Deutschland,sunshine,year,1988,1451
Deutschland,sunshine,year,1989,1731.7
Deutschland,sunshine,year,1990,1691.5
Deutschland,sunshine,year,1991,1679.1
Deutschland,sunshine,year,1992,1623.3
Deutschland,sunshine,year,1993,1539.1
Deutschland,sunshine,year,1994,1612
Deutschland,sunshine,year,1995,1600.8
Deutschland,sunshine,year,1996,1503.6
Deutschland,sunshine,year,1997,1721.7
Deutschland,sunshine,year,1998,1437.9
Deutschland,sunshine,year,1999,1626
Deutschland,sunshine,year,2000,1546
Deutschland,sunshine,year,2001,1513.7
Deutschland,sunshine,year,2002,1533.2
Deutschland,sunshine,year,2003,2013.7
Deutschland,sunshine,year,2004,1589.4
Deutschland,sunshine,year,2005,1742.5
Deutschland,sunshine,year,2006,1770.8
Deutschland,sunshine,year,2007,1691.5
Deutschland,sunshine,year,2008,1634.9
Deutschland,sunshine,year,2009,1685.8
Deutschland,sunshine,year,2010,1538.2
Deutschland,sunshine,year,2011,1847.4
Deutschland,sunshine,year,2012,1673.5
Deutschland,sunshine,year,2013,1507.6
Deutschland,sunshine,year,2014,1620.9
Deutschland,sunshine,year,2015,1742.6
Deutschland,sunshine,year,2016,1607.4
Deutschland,sunshine,year,2017,1596.1
Deutschland,sunshine,year,2018,2015.4
Deutschland,sunshine,year,2019,1834.2
Deutschland,sunshine,year,2020,1896
Deutschland,sunshine,year,2021,1631.2
Deutschland,sunshine,year,2022,2024.1
Deutschland,sunshine,year,2023,1753.1
Deutschland,sunshine,year,2024,1675.3
Deutschland,sunshine,year,2025,1914
Deutschland,temp_mean,year,1881,7.31
Deutschland,temp_mean,year,1882,8.34
Deutschland,temp_mean,year,1883,7.88
Deutschland,temp_mean,year,1884,8.57
Deutschland,temp_mean,year,1885,7.74
Deutschland,temp_mean,year,1886,8.02
Deutschland,temp_mean,year,1887,6.95
Deutschland,temp_mean,year,1888,6.85
Deutschland,temp_mean,year,1889,7.38
Deutschland,temp_mean,year,1890,7.31
Deutschland,temp_mean,year,1891,7.43
Deutschland,temp_mean,year,1892,7.5
Deutschland,temp_mean,year,1893,7.91
Deutschland,temp_mean,year,1894,8.13
Deutschland,temp_mean,year,1895,7.31
Deutschland,temp_mean,year,1896,7.58
Deutschland,temp_mean,year,1897,7.95
Deutschland,temp_mean,year,1898,8.5
Deutschland,temp_mean,year,1899,8.09
Deutschland,temp_mean,year,1900,8.35
Deutschland,temp_mean,year,1901,7.64
Deutschland,temp_mean,year,1902,7.17
Deutschland,temp_mean,year,1903,8.35
Deutschland,temp_mean,year,1904,8.36
Deutschland,temp_mean,year,1905,7.95
Deutschland,temp_mean,year,1906,8.29
Deutschland,temp_mean,year,1907,7.8
Deutschland,temp_mean,year,1908,7.47
Deutschland,temp_mean,year,1909,7.35
Deutschland,temp_mean,year,1910,8.41
Deutschland,temp_mean,year,1911,9.05
Deutschland,temp_mean,year,1912,7.86
Deutschland,temp_mean,year,1913,8.53
Deutschland,temp_mean,year,1914,8.52
Deutschland,temp_mean,year,1915,7.91
Deutschland,temp_mean,year,1916,8.45
Deutschland,temp_mean,year,1917,7.54
Deutschland,temp_mean,year,1918,8.53
Deutschland,temp_mean,year,1919,7.32
Deutschland,temp_mean,year,1920,8.63
Deutschland,temp_mean,year,1921,9
Deutschland,temp_mean,year,1922,7.19
Deutschland,temp_mean,year,1923,7.99
Deutschland,temp_mean,year,1924,7.53
Deutschland,temp_mean,year,1925,8.32
Deutschland,temp_mean,year,1926,8.74
Deutschland,temp_mean,year,1927,8.04
Deutschland,temp_mean,year,1928,8.35
Deutschland,temp_mean,year,1929,7.36
Deutschland,temp_mean,year,1930,8.76
Deutschland,temp_mean,year,1931,7.55
Deutschland,temp_mean,year,1932,8.33
Deutschland,temp_mean,year,1933,7.62
Deutschland,temp_mean,year,1934,9.54
Deutschland,temp_mean,year,1935,8.42
Deutschland,temp_mean,year,1936,8.38
Deutschland,temp_mean,year,1937,8.59
Deutschland,temp_mean,year,1938,8.6
Deutschland,temp_mean,year,1939,8.3
Deutschland,temp_mean,year,1940,6.63
Deutschland,temp_mean,year,1941,7.16
Deutschland,temp_mean,year,1942,7.28
Deutschland,temp_mean,year,1943,8.88
Deutschland,temp_mean,year,1944,8.29
Deutschland,temp_mean,year,1945,8.98
Deutschland,temp_mean,year,1946,8.38
Deutschland,temp_mean,year,1947,8.51
Deutschland,temp_mean,year,1948,9.05
Deutschland,temp_mean,year,1949,9.14
Deutschland,temp_mean,year,1950,8.6
Deutschland,temp_mean,year,1951,8.72
Deutschland,temp_mean,year,1952,7.94
Deutschland,temp_mean,year,1953,8.94
Deutschland,temp_mean,year,1954,7.7
Deutschland,temp_mean,year,1955,7.54
Deutschland,temp_mean,year,1956,6.84
Deutschland,temp_mean,year,1957,8.58
Deutschland,temp_mean,year,1958,8.21
Deutschland,temp_mean,year,1959,9.03
Deutschland,temp_mean,year,1960,8.41
Deutschland,temp_mean,year,1961,8.94
Deutschland,temp_mean,year,1962,7.15
Deutschland,temp_mean,year,1963,7.1
Deutschland,temp_mean,year,1964,8.13
Deutschland,temp_mean,year,1965,7.48
Deutschland,temp_mean,year,1966,8.51
Deutschland,temp_mean,year,1967,8.89
Deutschland,temp_mean,year,1968,8.15
Deutschland,temp_mean,year,1969,7.75
Deutschland,temp_mean,year,1970,7.71
Deutschland,temp_mean,year,1971,8.43
Deutschland,temp_mean,year,1972,7.82
Deutschland,temp_mean,year,1973,8.21
Deutschland,temp_mean,year,1974,8.82
Deutschland,temp_mean,year,1975,8.93
Deutschland,temp_mean,year,1976,8.47
Deutschland,temp_mean,year,1977,8.67
Deutschland,temp_mean,year,1978,7.79
Deutschland,temp_mean,year,1979,7.72
Deutschland,temp_mean,year,1980,7.63
Deutschland,temp_mean,year,1981,8.19
Deutschland,temp_mean,year,1982,8.9
Deutschland,temp_mean,year,1983,9.04
Deutschland,temp_mean,year,1984,7.97
Deutschland,temp_mean,year,1985,7.42
Deutschland,temp_mean,year,1986,7.93
Deutschland,temp_mean,year,1987,7.44
Deutschland,temp_mean,year,1988,9.06
Deutschland,temp_mean,year,1989,9.47
Deutschland,temp_mean,year,1990,9.49
Deutschland,temp_mean,year,1991,8.35
Deutschland,temp_mean,year,1992,9.37
Deutschland,temp_mean,year,1993,8.47
Deutschland,temp_mean,year,1994,9.7
Deutschland,temp_mean,year,1995,8.9
Deutschland,temp_mean,year,1996,7.2
Deutschland,temp_mean,year,1997,8.89
Deutschland,temp_mean,year,1998,9.06
Deutschland,temp_mean,year,1999,9.49
Deutschland,temp_mean,year,2000,9.87
Deutschland,temp_mean,year,2001,9.02
Deutschland,temp_mean,year,2002,9.56
Deutschland,temp_mean,year,2003,9.38
Deutschland,temp_mean,year,2004,8.94
Deutschland,temp_mean,year,2005,8.99
Deutschland,temp_mean,year,2006,9.54
Deutschland,temp_mean,year,2007,9.85
Deutschland,temp_mean,year,2008,9.48
Deutschland,temp_mean,year,2009,9.18
Deutschland,temp_mean,year,2010,7.85
Deutschland,temp_mean,year,2011,9.64
Deutschland,temp_mean,year,2012,9.09
Deutschland,temp_mean,year,2013,8.71
Deutschland,temp_mean,year,2014,10.33
Deutschland,temp_mean,year,2015,9.94
Deutschland,temp_mean,year,2016,9.55
Deutschland,temp_mean,year,2017,9.58
Deutschland,temp_mean,year,2018,10.45
Deutschland,temp_mean,year,2019,10.28
Deutschland,temp_mean,year,2020,10.43
Deutschland,temp_mean,year,2021,9.16
Deutschland,temp_mean,year,2022,10.52
Deutschland,temp_mean,year,2023,10.63
Deutschland,temp_mean,year,2024,10.89
Deutschland,temp_mean,year,2025,10.03
Deutschland,tropical_nights,year,1951,0.01
Deutschland,tropical_nights,year,1952,0.75
Deutschland,tropical_nights,year,1953,0.01
Deutschland,tropical_nights,year,1954,0.01
Deutschland,tropical_nights,year,1955,0
Deutschland,tropical_nights,year,1956,0
Deutschland,tropical_nights,year,1957,0.63
Deutschland,tropical_nights,year,1958,0
Deutschland,tropical_nights,year,1959,0.32
Deutschland,tropical_nights,year,1960,0
Deutschland,tropical_nights,year,1961,0
Deutschland,tropical_nights,year,1962,0.01
Deutschland,tropical_nights,year,1963,0.15
Deutschland,tropical_nights,year,1964,0.27
Deutschland,tropical_nights,year,1965,0.01
Deutschland,tropical_nights,year,1966,0.04
Deutschland,tropical_nights,year,1967,0.07
Deutschland,tropical_nights,year,1968,0.03
Deutschland,tropical_nights,year,1969,0.43
Deutschland,tropical_nights,year,1970,0.01
Deutschland,tropical_nights,year,1971,0.2
Deutschland,tropical_nights,year,1972,0.2
Deutschland,tropical_nights,year,1973,0.1
Deutschland,tropical_nights,year,1974,0.08
Deutschland,tropical_nights,year,1975,0.22
Deutschland,tropical_nights,year,1976,0.51
Deutschland,tropical_nights,year,1977,0
Deutschland,tropical_nights,year,1978,0.03
Deutschland,tropical_nights,year,1979,0.02
Deutschland,tropical_nights,year,1980,0.02
Deutschland,tropical_nights,year,1981,0.03
Deutschland,tropical_nights,year,1982,0.22
Deutschland,tropical_nights,year,1983,0.66
Deutschland,tropical_nights,year,1984,0.29
Deutschland,tropical_nights,year,1985,0.04
Deutschland,tropical_nights,year,1986,0.22
Deutschland,tropical_nights,year,1987,0.19
Deutschland,tropical_nights,year,1988,0.12
Deutschland,tropical_nights,year,1989,0.17
Deutschland,tropical_nights,year,1990,0.12
Deutschland,tropical_nights,year,1991,0.48
Deutschland,tropical_nights,year,1992,0.64
Deutschland,tropical_nights,year,1993,0
Deutschland,tropical_nights,year,1994,1.7
Deutschland,tropical_nights,year,1995,0.19
Deutschland,tropical_nights,year,1996,0.01
Deutschland,tropical_nights,year,1997,0.21
Deutschland,tropical_nights,year,1998,0.25
Deutschland,tropical_nights,year,1999,0.07
Deutschland,tropical_nights,year,2000,0.1
Deutschland,tropical_nights,year,2001,0.28
Deutschland,tropical_nights,year,2002,0.28
Deutschland,tropical_nights,year,2003,1.54
Deutschland,tropical_nights,year,2004,0.08
Deutschland,tropical_nights,year,2005,0.17
Deutschland,tropical_nights,year,2006,1
Deutschland,tropical_nights,year,2007,0.18
Deutschland,tropical_nights,year,2008,0.03
Deutschland,tropical_nights,year,2009,0.01
Deutschland,tropical_nights,year,2010,0.84
Deutschland,tropical_nights,year,2011,0.06
Deutschland,tropical_nights,year,2012,0.2
Deutschland,tropical_nights,year,2013,0.5
Deutschland,tropical_nights,year,2014,0.22
Deutschland,tropical_nights,year,2015,1.3
Deutschland,tropical_nights,year,2016,0.08
Deutschland,tropical_nights,year,2017,0.04
Deutschland,tropical_nights,year,2018,1.35
Deutschland,tropical_nights,year,2019,0.82
Deutschland,tropical_nights,year,2020,0.74
Deutschland,tropical_nights,year,2021,0.29
Deutschland,tropical_nights,year,2022,0.26
Deutschland,tropical_nights,year,2023,0.21
Deutschland,tropical_nights,year,2024,0.14
Deutschland,tropical_nights,year,2025,0.17
Hessen,frost_days,year,1951,81.24
Hessen,frost_days,year,1952,105.71
Hessen,frost_days,year,1953,92.66
Hessen,frost_days,year,1954,91.58
Hessen,frost_days,year,1955,121.86
Hessen,frost_days,year,1956,106.64
Hessen,frost_days,year,1957,80.26
Hessen,frost_days,year,1958,91.49
Hessen,frost_days,year,1959,90.13
Hessen,frost_days,year,1960,75.92
Hessen,frost_days,year,1961,70.33
Hessen,frost_days,year,1962,107.98
Hessen,frost_days,year,1963,113.14
Hessen,frost_days,year,1964,97.3
Hessen,frost_days,year,1965,98.22
Hessen,frost_days,year,1966,75.2
Hessen,frost_days,year,1967,77.38
Hessen,frost_days,year,1968,101.31
Hessen,frost_days,year,1969,112.06
Hessen,frost_days,year,1970,102.65
Hessen,frost_days,year,1971,88.01
Hessen,frost_days,year,1972,94.03
Hessen,frost_days,year,1973,106.2
Hessen,frost_days,year,1974,50.98
Hessen,frost_days,year,1975,78.21
Hessen,frost_days,year,1976,95.37
Hessen,frost_days,year,1977,68.63
Hessen,frost_days,year,1978,88.04
Hessen,frost_days,year,1979,102
Hessen,frost_days,year,1980,94.89
Hessen,frost_days,year,1981,102.1
Hessen,frost_days,year,1982,88.76
Hessen,frost_days,year,1983,87.98
Hessen,frost_days,year,1984,89.9
Hessen,frost_days,year,1985,111.48
Hessen,frost_days,year,1986,86.05
Hessen,frost_days,year,1987,98.25
Hessen,frost_days,year,1988,72.34
Hessen,frost_days,year,1989,74.29
Hessen,frost_days,year,1990,61
Hessen,frost_days,year,1991,99.46
Hessen,frost_days,year,1992,73.09
Hessen,frost_days,year,1993,88.76
Hessen,frost_days,year,1994,62.12
Hessen,frost_days,year,1995,90.67
Hessen,frost_days,year,1996,110.27
Hessen,frost_days,year,1997,83.33
Hessen,frost_days,year,1998,77.22
Hessen,frost_days,year,1999,69.84
Hessen,frost_days,year,2000,54.75
Hessen,frost_days,year,2001,83.81
Hessen,frost_days,year,2002,61.35
Hessen,frost_days,year,2003,97.58
Hessen,frost_days,year,2004,89.46
Hessen,frost_days,year,2005,90.1
Hessen,frost_days,year,2006,88.98
Hessen,frost_days,year,2007,63.51
Hessen,frost_days,year,2008,85.22
Hessen,frost_days,year,2009,82.24
Hessen,frost_days,year,2010,112.27
Hessen,frost_days,year,2011,83.54
Hessen,frost_days,year,2012,76.44
Hessen,frost_days,year,2013,97.75
Hessen,frost_days,year,2014,54.68
Hessen,frost_days,year,2015,76.16
Hessen,frost_days,year,2016,81.58
Hessen,frost_days,year,2017,78.41
Hessen,frost_days,year,2018,78.53
Hessen,frost_days,year,2019,72.62
Hessen,frost_days,year,2020,64.93
Hessen,frost_days,year,2021,91.2
Hessen,frost_days,year,2022,68.77
Hessen,frost_days,year,2023,63.15
Hessen,frost_days,year,2024,52.32
Hessen,frost_days,year,2025,79.8
Hessen,hot_days,year,1951,3.42
Hessen,hot_days,year,1952,10.37
Hessen,hot_days,year,1953,6.44
Hessen,hot_days,year,1954,2.98
Hessen,hot_days,year,1955,1.54
Hessen,hot_days,year,1956,0.66
Hessen,hot_days,year,1957,8.32
Hessen,hot_days,year,1958,0.97
Hessen,hot_days,year,1959,7.67
Hessen,hot_days,year,1960,0.96
Hessen,hot_days,year,1961,4.09
Hessen,hot_days,year,1962,2.07
Hessen,hot_days,year,1963,4.24
Hessen,hot_days,year,1964,12.69
Hessen,hot_days,year,1965,0.78
Hessen,hot_days,year,1966,2.45
Hessen,hot_days,year,1967,4.54
Hessen,hot_days,year,1968,1.46
Hessen,hot_days,year,1969,6.41
Hessen,hot_days,year,1970,1.94
Hessen,hot_days,year,1971,6.21
Hessen,hot_days,year,1972,4.36
Hessen,hot_days,year,1973,7.3
Hessen,hot_days,year,1974,2.59
Hessen,hot_days,year,1975,7.29
Hessen,hot_days,year,1976,14.44
Hessen,hot_days,year,1977,1.19
Hessen,hot_days,year,1978,1.57
Hessen,hot_days,year,1979,1.82
Hessen,hot_days,year,1980,1.01
Hessen,hot_days,year,1981,2.16
Hessen,hot_days,year,1982,6.24
Hessen,hot_days,year,1983,10.09
Hessen,hot_days,year,1984,3.85
Hessen,hot_days,year,1985,1.78
Hessen,hot_days,year,1986,4.14
Hessen,hot_days,year,1987,1.53
Hessen,hot_days,year,1988,2.16
Hessen,hot_days,year,1989,4.46
Hessen,hot_days,year,1990,7.67
Hessen,hot_days,year,1991,6.82
Hessen,hot_days,year,1992,7.79
Hessen,hot_days,year,1993,2.73
Hessen,hot_days,year,1994,16.41
Hessen,hot_days,year,1995,10.85
Hessen,hot_days,year,1996,2.78
Hessen,hot_days,year,1997,5.37
Hessen,hot_days,year,1998,8.34
Hessen,hot_days,year,1999,5.15
Hessen,hot_days,year,2000,4.9
Hessen,hot_days,year,2001,9.26
Hessen,hot_days,year,2002,5.61
Hessen,hot_days,year,2003,20.31
Hessen,hot_days,year,2004,6.54
Hessen,hot_days,year,2005,9.65
Hessen,hot_days,year,2006,14.61
Hessen,hot_days,year,2007,3.89
Hessen,hot_days,year,2008,7.11
Hessen,hot_days,year,2009,5.27
Hessen,hot_days,year,2010,10.88
Hessen,hot_days,year,2011,4.03
Hessen,hot_days,year,2012,7.15
Hessen,hot_days,year,2013,10.95
Hessen,hot_days,year,2014,5.47
Hessen,hot_days,year,2015,19
Hessen,hot_days,year,2016,10.69
Hessen,hot_days,year,2017,7.52
Hessen,hot_days,year,2018,23.65
Hessen,hot_days,year,2019,17.44
Hessen,hot_days,year,2020,11.37
Hessen,hot_days,year,2021,4.07
Hessen,hot_days,year,2022,20.55
Hessen,hot_days,year,2023,10.89
Hessen,hot_days,year,2024,11.78
Hessen,hot_days,year,2025,12.47
Hessen,ice_days,year,1951,9.57
Hessen,ice_days,year,1952,26.79
Hessen,ice_days,year,1953,22.44
Hessen,ice_days,year,1954,30.32
Hessen,ice_days,year,1955,32.86
Hessen,ice_days,year,1956,44.65
Hessen,ice_days,year,1957,15.19
Hessen,ice_days,year,1958,19.84
Hessen,ice_days,year,1959,14.94
Hessen,ice_days,year,1960,21.17
Hessen,ice_days,year,1961,21.4
Hessen,ice_days,year,1962,33.35
Hessen,ice_days,year,1963,63.87
Hessen,ice_days,year,1964,32.28
Hessen,ice_days,year,1965,23.89
Hessen,ice_days,year,1966,22.16
Hessen,ice_days,year,1967,17.3
Hessen,ice_days,year,1968,31.85
Hessen,ice_days,year,1969,44.25
Hessen,ice_days,year,1970,35.53
Hessen,ice_days,year,1971,23.64
Hessen,ice_days,year,1972,21.33
Hessen,ice_days,year,1973,17.86
Hessen,ice_days,year,1974,4.43
Hessen,ice_days,year,1975,9.47
Hessen,ice_days,year,1976,26.3
Hessen,ice_days,year,1977,12.46
Hessen,ice_days,year,1978,28
Hessen,ice_days,year,1979,29.29
Hessen,ice_days,year,1980,29.03
Hessen,ice_days,year,1981,32.48
Hessen,ice_days,year,1982,20.44
Hessen,ice_days,year,1983,23.43
Hessen,ice_days,year,1984,11.89
Hessen,ice_days,year,1985,46.32
Hessen,ice_days,year,1986,36.19
Hessen,ice_days,year,1987,40
Hessen,ice_days,year,1988,7.71
Hessen,ice_days,year,1989,10.23
Hessen,ice_days,year,1990,12.34
Hessen,ice_days,year,1991,24.08
Hessen,ice_days,year,1992,12.93
Hessen,ice_days,year,1993,25.98
Hessen,ice_days,year,1994,9.79
Hessen,ice_days,year,1995,22.05
Hessen,ice_days,year,1996,44.74
Hessen,ice_days,year,1997,19.38
Hessen,ice_days,year,1998,19.85
Hessen,ice_days,year,1999,14.78
Hessen,ice_days,year,2000,9.25
Hessen,ice_days,year,2001,14.07
Hessen,ice_days,year,2002,18.16
Hessen,ice_days,year,2003,18.38
Hessen,ice_days,year,2004,16.18
Hessen,ice_days,year,2005,23.58
Hessen,ice_days,year,2006,20.67
Hessen,ice_days,year,2007,11.57
Hessen,ice_days,year,2008,9.87
Hessen,ice_days,year,2009,26.01
Hessen,ice_days,year,2010,56.07
Hessen,ice_days,year,2011,12.46
Hessen,ice_days,year,2012,22.61
Hessen,ice_days,year,2013,29.98
Hessen,ice_days,year,2014,5.68
Hessen,ice_days,year,2015,7.22
Hessen,ice_days,year,2016,12.38
Hessen,ice_days,year,2017,15.74
Hessen,ice_days,year,2018,15.99
Hessen,ice_days,year,2019,7.61
Hessen,ice_days,year,2020,3.74
Hessen,ice_days,year,2021,13.94
Hessen,ice_days,year,2022,11.44
Hessen,ice_days,year,2023,8.03
Hessen,ice_days,year,2024,11.29
Hessen,ice_days,year,2025,8.8
Hessen,precip_ge10,year,1951,19.54
Hessen,precip_ge10,year,1952,22.72
Hessen,precip_ge10,year,1953,13.06
Hessen,precip_ge10,year,1954,21.04
Hessen,precip_ge10,year,1955,19.16
Hessen,precip_ge10,year,1956,24.68
Hessen,precip_ge10,year,1957,21.8
Hessen,precip_ge10,year,1958,26.68
Hessen,precip_ge10,year,1959,11.99
Hessen,precip_ge10,year,1960,23.99
Hessen,precip_ge10,year,1961,27.52
Hessen,precip_ge10,year,1962,16.44
Hessen,precip_ge10,year,1963,17.49
Hessen,precip_ge10,year,1964,14.56
Hessen,precip_ge10,year,1965,30.06
Hessen,precip_ge10,year,1966,31.11
Hessen,precip_ge10,year,1967,24.53
Hessen,precip_ge10,year,1968,22.7
Hessen,precip_ge10,year,1969,19.13
Hessen,precip_ge10,year,1970,22.29
Hessen,precip_ge10,year,1971,16.03
Hessen,precip_ge10,year,1972,20.41
Hessen,precip_ge10,year,1973,15.78
Hessen,precip_ge10,year,1974,24.1
Hessen,precip_ge10,year,1975,17.44
Hessen,precip_ge10,year,1976,12.38
Hessen,precip_ge10,year,1977,22.67
Hessen,precip_ge10,year,1978,18.05
Hessen,precip_ge10,year,1979,22.32
Hessen,precip_ge10,year,1980,21.59
Hessen,precip_ge10,year,1981,29.05
Hessen,precip_ge10,year,1982,19.74
Hessen,precip_ge10,year,1983,20.27
Hessen,precip_ge10,year,1984,26.33
Hessen,precip_ge10,year,1985,17.02
Hessen,precip_ge10,year,1986,23.57
Hessen,precip_ge10,year,1987,25.98
Hessen,precip_ge10,year,1988,20.57
Hessen,precip_ge10,year,1989,21.3
Hessen,precip_ge10,year,1990,20.52
Hessen,precip_ge10,year,1991,14.69
Hessen,precip_ge10,year,1992,23.63
Hessen,precip_ge10,year,1993,22.47
Hessen,precip_ge10,year,1994,24.38
Hessen,precip_ge10,year,1995,24.5
Hessen,precip_ge10,year,1996,18.64
Hessen,precip_ge10,year,1997,16.44
Hessen,precip_ge10,year,1998,25.01
Hessen,precip_ge10,year,1999,20.61
Hessen,precip_ge10,year,2000,20.27
Hessen,precip_ge10,year,2001,22.12
Hessen,precip_ge10,year,2002,30.98
Hessen,precip_ge10,year,2003,15.22
Hessen,precip_ge10,year,2004,20.96
Hessen,precip_ge10,year,2005,18.59
Hessen,precip_ge10,year,2006,20.19
Hessen,precip_ge10,year,2007,27.88
Hessen,precip_ge10,year,2008,17.86
Hessen,precip_ge10,year,2009,22.43
Hessen,precip_ge10,year,2010,21.75
Hessen,precip_ge10,year,2011,16.31
Hessen,precip_ge10,year,2012,20.89
Hessen,precip_ge10,year,2013,22.06
Hessen,precip_ge10,year,2014,21.64
Hessen,precip_ge10,year,2015,14.96
Hessen,precip_ge10,year,2016,16.85
Hessen,precip_ge10,year,2017,24.57
Hessen,precip_ge10,year,2018,15.31
Hessen,precip_ge10,year,2019,18.69
Hessen,precip_ge10,year,2020,17.22
Hessen,precip_ge10,year,2021,18.04
Hessen,precip_ge10,year,2022,19.32
Hessen,precip_ge10,year,2023,28.51
Hessen,precip_ge10,year,2024,26.34
Hessen,precip_ge10,year,2025,17.06
Hessen,precip_ge20,year,1951,3.29
Hessen,precip_ge20,year,1952,3.29
Hessen,precip_ge20,year,1953,3.08
Hessen,precip_ge20,year,1954,3.63
Hessen,precip_ge20,year,1955,3.7
Hessen,precip_ge20,year,1956,5.59
Hessen,precip_ge20,year,1957,3.62
Hessen,precip_ge20,year,1958,4.8
Hessen,precip_ge20,year,1959,1.82
Hessen,precip_ge20,year,1960,5.68
Hessen,precip_ge20,year,1961,5.46
Hessen,precip_ge20,year,1962,3.43
Hessen,precip_ge20,year,1963,3.95
Hessen,precip_ge20,year,1964,2.68
Hessen,precip_ge20,year,1965,6.17
Hessen,precip_ge20,year,1966,7.22
Hessen,precip_ge20,year,1967,6.03
Hessen,precip_ge20,year,1968,4.98
Hessen,precip_ge20,year,1969,3.77
Hessen,precip_ge20,year,1970,3.53
Hessen,precip_ge20,year,1971,3.62
Hessen,precip_ge20,year,1972,5.94
Hessen,precip_ge20,year,1973,2.72
Hessen,precip_ge20,year,1974,3.42
Hessen,precip_ge20,year,1975,2.57
Hessen,precip_ge20,year,1976,1.97
Hessen,precip_ge20,year,1977,5.41
Hessen,precip_ge20,year,1978,3.75
Hessen,precip_ge20,year,1979,4.73
Hessen,precip_ge20,year,1980,3.9
Hessen,precip_ge20,year,1981,8.41
Hessen,precip_ge20,year,1982,4.61
Hessen,precip_ge20,year,1983,4.02
Hessen,precip_ge20,year,1984,7.73
Hessen,precip_ge20,year,1985,2.94
Hessen,precip_ge20,year,1986,6.06
Hessen,precip_ge20,year,1987,5.59
Hessen,precip_ge20,year,1988,3.89
Hessen,precip_ge20,year,1989,4.69
Hessen,precip_ge20,year,1990,4.88
Hessen,precip_ge20,year,1991,2.68
Hessen,precip_ge20,year,1992,5.55
Hessen,precip_ge20,year,1993,5.31
Hessen,precip_ge20,year,1994,4.77
Hessen,precip_ge20,year,1995,4.95
Hessen,precip_ge20,year,1996,3.63
Hessen,precip_ge20,year,1997,2.68
Hessen,precip_ge20,year,1998,4.99
Hessen,precip_ge20,year,1999,4.11
Hessen,precip_ge20,year,2000,2.99
Hessen,precip_ge20,year,2001,2.8
Hessen,precip_ge20,year,2002,8.74
Hessen,precip_ge20,year,2003,2.47
Hessen,precip_ge20,year,2004,5.68
Hessen,precip_ge20,year,2005,4.4
Hessen,precip_ge20,year,2006,4.26
Hessen,precip_ge20,year,2007,7.25
Hessen,precip_ge20,year,2008,3.12
Hessen,precip_ge20,year,2009,3.23
Hessen,precip_ge20,year,2010,4.18
Hessen,precip_ge20,year,2011,3.82
Hessen,precip_ge20,year,2012,3.15
Hessen,precip_ge20,year,2013,4.68
Hessen,precip_ge20,year,2014,5
Hessen,precip_ge20,year,2015,2.58
Hessen,precip_ge20,year,2016,3.47
Hessen,precip_ge20,year,2017,6
Hessen,precip_ge20,year,2018,3.74
Hessen,precip_ge20,year,2019,3.12
Hessen,precip_ge20,year,2020,3.14
Hessen,precip_ge20,year,2021,3.38
Hessen,precip_ge20,year,2022,3.51
Hessen,precip_ge20,year,2023,6.26
Hessen,precip_ge20,year,2024,6.23
Hessen,precip_ge20,year,2025,2.43
Hessen,precipitation,year,1881,649.5
Hessen,precipitation,year,1882,1005.1
Hessen,precipitation,year,1883,656.8
Hessen,precipitation,year,1884,699.4
Hessen,precipitation,year,1885,691.8
Hessen,precipitation,year,1886,745.3
Hessen,precipitation,year,1887,604.7
Hessen,precipitation,year,1888,698.6
Hessen,precipitation,year,1889,642.1
Hessen,precipitation,year,1890,690.6
Hessen,precipitation,year,1891,731.3
Hessen,precipitation,year,1892,527.8
Hessen,precipitation,year,1893,668.8
Hessen,precipitation,year,1894,784
Hessen,precipitation,year,1895,715.1
Hessen,precipitation,year,1896,689.2
Hessen,precipitation,year,1897,698
Hessen,precipitation,year,1898,731.6
Hessen,precipitation,year,1899,690.8
Hessen,precipitation,year,1900,804.2
Hessen,precipitation,year,1901,772.3
Hessen,precipitation,year,1902,674.4
Hessen,precipitation,year,1903,723.1
Hessen,precipitation,year,1904,668.7
Hessen,precipitation,year,1905,740.9
Hessen,precipitation,year,1906,796.2
Hessen,precipitation,year,1907,671.3
Hessen,precipitation,year,1908,690.2
Hessen,precipitation,year,1909,752.2
Hessen,precipitation,year,1910,786.1
Hessen,precipitation,year,1911,519.6
Hessen,precipitation,year,1912,837.1
Hessen,precipitation,year,1913,752
Hessen,precipitation,year,1914,821.1
Hessen,precipitation,year,1915,681.7
Hessen,precipitation,year,1916,870.5
Hessen,precipitation,year,1917,659.9
Hessen,precipitation,year,1918,697.4
Hessen,precipitation,year,1919,669.2
Hessen,precipitation,year,1920,621
Hessen,precipitation,year,1921,477.7
Hessen,precipitation,year,1922,907
Hessen,precipitation,year,1923,856.9
Hessen,precipitation,year,1924,845.1
Hessen,precipitation,year,1925,830.4
Hessen,precipitation,year,1926,804.5
Hessen,precipitation,year,1927,800.4
Hessen,precipitation,year,1928,766.2
Hessen,precipitation,year,1929,554.6
Hessen,precipitation,year,1930,805.8
Hessen,precipitation,year,1931,793.1
Hessen,precipitation,year,1932,721
Hessen,precipitation,year,1933,642.9
Hessen,precipitation,year,1934,614
Hessen,precipitation,year,1935,785.7
Hessen,precipitation,year,1936,834.7
Hessen,precipitation,year,1937,681.9
Hessen,precipitation,year,1938,741.7
Hessen,precipitation,year,1939,908.4
Hessen,precipitation,year,1940,816.1
Hessen,precipitation,year,1941,833.2
Hessen,precipitation,year,1942,635.2
Hessen,precipitation,year,1943,612.6
Hessen,precipitation,year,1944,800
Hessen,precipitation,year,1945,757.1
Hessen,precipitation,year,1946,769
Hessen,precipitation,year,1947,674.7
Hessen,precipitation,year,1948,768.8
Hessen,precipitation,year,1949,576.8
Hessen,precipitation,year,1950,895.7
Hessen,precipitation,year,1951,706
Hessen,precipitation,year,1952,834.3
Hessen,precipitation,year,1953,524.4
Hessen,precipitation,year,1954,794.1
Hessen,precipitation,year,1955,744.1
Hessen,precipitation,year,1956,870.6
Hessen,precipitation,year,1957,784.9
Hessen,precipitation,year,1958,911.5
Hessen,precipitation,year,1959,492.3
Hessen,precipitation,year,1960,905.8
Hessen,precipitation,year,1961,945.8
Hessen,precipitation,year,1962,694.4
Hessen,precipitation,year,1963,651.3
Hessen,precipitation,year,1964,560.8
Hessen,precipitation,year,1965,1074.3
Hessen,precipitation,year,1966,1027.5
Hessen,precipitation,year,1967,865.2
Hessen,precipitation,year,1968,869.9
Hessen,precipitation,year,1969,741.6
Hessen,precipitation,year,1970,885.5
Hessen,precipitation,year,1971,591
Hessen,precipitation,year,1972,688.9
Hessen,precipitation,year,1973,623.1
Hessen,precipitation,year,1974,877.6
Hessen,precipitation,year,1975,637.9
Hessen,precipitation,year,1976,511.7
Hessen,precipitation,year,1977,833.2
Hessen,precipitation,year,1978,694.3
Hessen,precipitation,year,1979,824.7
Hessen,precipitation,year,1980,810.9
Hessen,precipitation,year,1981,1084.5
Hessen,precipitation,year,1982,729.3
Hessen,precipitation,year,1983,779.1
Hessen,precipitation,year,1984,946.5
Hessen,precipitation,year,1985,721.4
Hessen,precipitation,year,1986,864.1
Hessen,precipitation,year,1987,915.1
Hessen,precipitation,year,1988,838
Hessen,precipitation,year,1989,742.7
Hessen,precipitation,year,1990,767.6
Hessen,precipitation,year,1991,583.3
Hessen,precipitation,year,1992,828.8
Hessen,precipitation,year,1993,817.6
Hessen,precipitation,year,1994,866.2
Hessen,precipitation,year,1995,855.1
Hessen,precipitation,year,1996,681.6
Hessen,precipitation,year,1997,650.1
Hessen,precipitation,year,1998,913.4
Hessen,precipitation,year,1999,793.2
Hessen,precipitation,year,2000,830.4
Hessen,precipitation,year,2001,876.3
Hessen,precipitation,year,2002,994.7
Hessen,precipitation,year,2003,583.7
Hessen,precipitation,year,2004,781.8
Hessen,precipitation,year,2005,737.4
Hessen,precipitation,year,2006,751.3
Hessen,precipitation,year,2007,958
Hessen,precipitation,year,2008,712.8
Hessen,precipitation,year,2009,808.7
Hessen,precipitation,year,2010,801.3
Hessen,precipitation,year,2011,655.2
Hessen,precipitation,year,2012,749.7
Hessen,precipitation,year,2013,765.5
Hessen,precipitation,year,2014,743.2
Hessen,precipitation,year,2015,618.8
Hessen,precipitation,year,2016,687.8
Hessen,precipitation,year,2017,836
Hessen,precipitation,year,2018,576.4
Hessen,precipitation,year,2019,728.8
Hessen,precipitation,year,2020,656.5
Hessen,precipitation,year,2021,743.1
Hessen,precipitation,year,2022,681.1
Hessen,precipitation,year,2023,953.1
Hessen,precipitation,year,2024,888.9
Hessen,precipitation,year,2025,618.9
Hessen,summer_days,year,1951,26.58
Hessen,summer_days,year,1952,32.6
Hessen,summer_days,year,1953,32.87
Hessen,summer_days,year,1954,17.23
Hessen,summer_days,year,1955,20.23
Hessen,summer_days,year,1956,11.4
Hessen,summer_days,year,1957,23.92
Hessen,summer_days,year,1958,23.82
Hessen,summer_days,year,1959,49.85
Hessen,summer_days,year,1960,15.14
Hessen,summer_days,year,1961,25.42
Hessen,summer_days,year,1962,20.24
Hessen,summer_days,year,1963,23.73
Hessen,summer_days,year,1964,44.24
Hessen,summer_days,year,1965,13.18
Hessen,summer_days,year,1966,25.58
Hessen,summer_days,year,1967,29.04
Hessen,summer_days,year,1968,19.65
Hessen,summer_days,year,1969,34.59
Hessen,summer_days,year,1970,26.51
Hessen,summer_days,year,1971,33.23
Hessen,summer_days,year,1972,17.94
Hessen,summer_days,year,1973,40.4
Hessen,summer_days,year,1974,17.55
Hessen,summer_days,year,1975,38.64
Hessen,summer_days,year,1976,47.5
Hessen,summer_days,year,1977,17.07
Hessen,summer_days,year,1978,16.88
Hessen,summer_days,year,1979,21.49
Hessen,summer_days,year,1980,16.24
Hessen,summer_days,year,1981,20.6
Hessen,summer_days,year,1982,43.99
Hessen,summer_days,year,1983,49.15
Hessen,summer_days,year,1984,18.46
Hessen,summer_days,year,1985,20.81
Hessen,summer_days,year,1986,33.39
Hessen,summer_days,year,1987,18.73
Hessen,summer_days,year,1988,25.81
Hessen,summer_days,year,1989,37.17
Hessen,summer_days,year,1990,33.89
Hessen,summer_days,year,1991,36.54
Hessen,summer_days,year,1992,41.55
Hessen,summer_days,year,1993,32.11
Hessen,summer_days,year,1994,42.63
Hessen,summer_days,year,1995,45.58
Hessen,summer_days,year,1996,23.92
Hessen,summer_days,year,1997,38.84
Hessen,summer_days,year,1998,28.16
Hessen,summer_days,year,1999,41.96
Hessen,summer_days,year,2000,32.46
Hessen,summer_days,year,2001,38.89
Hessen,summer_days,year,2002,32.07
Hessen,summer_days,year,2003,66.1
Hessen,summer_days,year,2004,33.9
Hessen,summer_days,year,2005,43.56
Hessen,summer_days,year,2006,50.41
Hessen,summer_days,year,2007,33.34
Hessen,summer_days,year,2008,34.46
Hessen,summer_days,year,2009,34.35
Hessen,summer_days,year,2010,36.59
Hessen,summer_days,year,2011,42.37
Hessen,summer_days,year,2012,36.57
Hessen,summer_days,year,2013,40.05
Hessen,summer_days,year,2014,33
Hessen,summer_days,year,2015,46.1
Hessen,summer_days,year,2016,45.05
Hessen,summer_days,year,2017,41.47
Hessen,summer_days,year,2018,79.81
Hessen,summer_days,year,2019,52.92
Hessen,summer_days,year,2020,49.99
Hessen,summer_days,year,2021,35.45
Hessen,summer_days,year,2022,67.35
Hessen,summer_days,year,2023,59.23
Hessen,summer_days,year,2024,51.13
Hessen,summer_days,year,2025,46.58
Hessen,sunshine,year,1951,1624.3
Hessen,sunshine,year,1952,1517.5
Hessen,sunshine,year,1953,1765
Hessen,sunshine,year,1954,1535.6
Hessen,sunshine,year,1955,1585.7
Hessen,sunshine,year,1956,1452.1
Hessen,sunshine,year,1957,1610
Hessen,sunshine,year,1958,1465.2
Hessen,sunshine,year,1959,2003.3
Hessen,sunshine,year,1960,1412.5
Hessen,sunshine,year,1961,1457.7
Hessen,sunshine,year,1962,1549.6
Hessen,sunshine,year,1963,1538.4
Hessen,sunshine,year,1964,1648.1
Hessen,sunshine,year,1965,1321.8
Hessen,sunshine,year,1966,1349.6
Hessen,sunshine,year,1967,1556.8
Hessen,sunshine,year,1968,1424.8
Hessen,sunshine,year,1969,1440.7
Hessen,sunshine,year,1970,1356.2
Hessen,sunshine,year,1971,1646.8
Hessen,sunshine,year,1972,1447.7
Hessen,sunshine,year,1973,1619.6
Hessen,sunshine,year,1974,1344.8
Hessen,sunshine,year,1975,1588.3
Hessen,sunshine,year,1976,1726.8
Hessen,sunshine,year,1977,1278.7
Hessen,sunshine,year,1978,1247
Hessen,sunshine,year,1979,1379.6
Hessen,sunshine,year,1980,1355.2
Hessen,sunshine,year,1981,1303.9
Hessen,sunshine,year,1982,1633.5
Hessen,sunshine,year,1983,1495.2
Hessen,sunshine,year,1984,1268.8
Hessen,sunshine,year,1985,1467.5
Hessen,sunshine,year,1986,1437.1
Hessen,sunshine,year,1987,1314.6
Hessen,sunshine,year,1988,1360.7
Hessen,sunshine,year,1989,1630.3
Hessen,sunshine,year,1990,1590.3
Hessen,sunshine,year,1991,1606
Hessen,sunshine,year,1992,1531.2
Hessen,sunshine,year,1993,1529.8
Hessen,sunshine,year,1994,1545.4
Hessen,sunshine,year,1995,1508.5
Hessen,sunshine,year,1996,1461.5
Hessen,sunshine,year,1997,1662.2
Hessen,sunshine,year,1998,1338.8
Hessen,sunshine,year,1999,1569
Hessen,sunshine,year,2000,1437.4
Hessen,sunshine,year,2001,1446.4
Hessen,sunshine,year,2002,1416.4
Hessen,sunshine,year,2003,2006
Hessen,sunshine,year,2004,1519.2
Hessen,sunshine,year,2005,1666.3
Hessen,sunshine,year,2006,1708.1
Hessen,sunshine,year,2007,1613
Hessen,sunshine,year,2008,1504.3
Hessen,sunshine,year,2009,1565.4
Hessen,sunshine,year,2010,1497
Hessen,sunshine,year,2011,1795
Hessen,sunshine,year,2012,1612.1
Hessen,sunshine,year,2013,1408.2
Hessen,sunshine,year,2014,1494.2
Hessen,sunshine,year,2015,1652.8
Hessen,sunshine,year,2016,1483
Hessen,sunshine,year,2017,1515.4
Hessen,sunshine,year,2018,1954.9
Hessen,sunshine,year,2019,1782.4
Hessen,sunshine,year,2020,1841.9
Hessen,sunshine,year,2021,1553.2
Hessen,sunshine,year,2022,2002.7
Hessen,sunshine,year,2023,1696.8
Hessen,sunshine,year,2024,1568.2
Hessen,sunshine,year,2025,1860.6
Hessen,temp_mean,year,1881,7.49
Hessen,temp_mean,year,1882,8.25
Hessen,temp_mean,year,1883,7.96
Hessen,temp_mean,year,1884,8.58
Hessen,temp_mean,year,1885,7.66
Hessen,temp_mean,year,1886,8.07
Hessen,temp_mean,year,1887,6.75
Hessen,temp_mean,year,1888,6.79
Hessen,temp_mean,year,1889,7.3
Hessen,temp_mean,year,1890,7.25
Hessen,temp_mean,year,1891,7.38
Hessen,temp_mean,year,1892,7.47
Hessen,temp_mean,year,1893,7.96
Hessen,temp_mean,year,1894,8.06
Hessen,temp_mean,year,1895,7.21
Hessen,temp_mean,year,1896,7.55
Hessen,temp_mean,year,1897,7.95
Hessen,temp_mean,year,1898,8.47
Hessen,temp_mean,year,1899,8.08
Hessen,temp_mean,year,1900,8.35
Hessen,temp_mean,year,1901,7.5
Hessen,temp_mean,year,1902,7.26
Hessen,temp_mean,year,1903,8.31
Hessen,temp_mean,year,1904,8.3
Hessen,temp_mean,year,1905,7.94
Hessen,temp_mean,year,1906,8.23
Hessen,temp_mean,year,1907,7.84
Hessen,temp_mean,year,1908,7.35
Hessen,temp_mean,year,1909,7.37
Hessen,temp_mean,year,1910,8.36
Hessen,temp_mean,year,1911,9.07
Hessen,temp_mean,year,1912,7.88
Hessen,temp_mean,year,1913,8.43
Hessen,temp_mean,year,1914,8.35
Hessen,temp_mean,year,1915,8.09
Hessen,temp_mean,year,1916,8.42
Hessen,temp_mean,year,1917,7.52
Hessen,temp_mean,year,1918,8.49
Hessen,temp_mean,year,1919,7.26
Hessen,temp_mean,year,1920,8.51
Hessen,temp_mean,year,1921,8.96
Hessen,temp_mean,year,1922,7.1
Hessen,temp_mean,year,1923,8.02
Hessen,temp_mean,year,1924,7.4
Hessen,temp_mean,year,1925,8.18
Hessen,temp_mean,year,1926,8.7
Hessen,temp_mean,year,1927,7.99
Hessen,temp_mean,year,1928,8.34
Hessen,temp_mean,year,1929,7.55
Hessen,temp_mean,year,1930,8.79
Hessen,temp_mean,year,1931,7.56
Hessen,temp_mean,year,1932,8.18
Hessen,temp_mean,year,1933,7.7
Hessen,temp_mean,year,1934,9.51
Hessen,temp_mean,year,1935,8.43
Hessen,temp_mean,year,1936,8.39
Hessen,temp_mean,year,1937,8.66
Hessen,temp_mean,year,1938,8.45
Hessen,temp_mean,year,1939,8.21
Hessen,temp_mean,year,1940,6.68
Hessen,temp_mean,year,1941,7.3
Hessen,temp_mean,year,1942,7.34
Hessen,temp_mean,year,1943,8.79
Hessen,temp_mean,year,1944,8.26
Hessen,temp_mean,year,1945,9.03
Hessen,temp_mean,year,1946,8.34
Hessen,temp_mean,year,1947,8.76
Hessen,temp_mean,year,1948,8.95
Hessen,temp_mean,year,1949,9.13
Hessen,temp_mean,year,1950,8.49
Hessen,temp_mean,year,1951,8.68
Hessen,temp_mean,year,1952,8.04
Hessen,temp_mean,year,1953,8.93
Hessen,temp_mean,year,1954,7.79
Hessen,temp_mean,year,1955,7.44
Hessen,temp_mean,year,1956,6.9
Hessen,temp_mean,year,1957,8.61
Hessen,temp_mean,year,1958,8.26
Hessen,temp_mean,year,1959,9.21
Hessen,temp_mean,year,1960,8.49
Hessen,temp_mean,year,1961,8.91
Hessen,temp_mean,year,1962,7.04
Hessen,temp_mean,year,1963,7.01
Hessen,temp_mean,year,1964,8.23
Hessen,temp_mean,year,1965,7.53
Hessen,temp_mean,year,1966,8.65
Hessen,temp_mean,year,1967,8.88
Hessen,temp_mean,year,1968,8.08
Hessen,temp_mean,year,1969,7.85
Hessen,temp_mean,year,1970,7.82
Hessen,temp_mean,year,1971,8.42
Hessen,temp_mean,year,1972,7.73
Hessen,temp_mean,year,1973,8.3
Hessen,temp_mean,year,1974,8.82
Hessen,temp_mean,year,1975,8.91
Hessen,temp_mean,year,1976,8.71
Hessen,temp_mean,year,1977,8.67
Hessen,temp_mean,year,1978,7.75
Hessen,temp_mean,year,1979,7.65
Hessen,temp_mean,year,1980,7.71
Hessen,temp_mean,year,1981,8.08
Hessen,temp_mean,year,1982,8.82
Hessen,temp_mean,year,1983,8.87
Hessen,temp_mean,year,1984,7.93
Hessen,temp_mean,year,1985,7.28
Hessen,temp_mean,year,1986,7.93
Hessen,temp_mean,year,1987,7.42
Hessen,temp_mean,year,1988,9.04
Hessen,temp_mean,year,1989,9.38
Hessen,temp_mean,year,1990,9.38
Hessen,temp_mean,year,1991,8.27
Hessen,temp_mean,year,1992,9.22
Hessen,temp_mean,year,1993,8.53
Hessen,temp_mean,year,1994,9.74
Hessen,temp_mean,year,1995,8.93
Hessen,temp_mean,year,1996,7.21
Hessen,temp_mean,year,1997,8.88
Hessen,temp_mean,year,1998,8.97
Hessen,temp_mean,year,1999,9.46
Hessen,temp_mean,year,2000,9.77
Hessen,temp_mean,year,2001,9.1
Hessen,temp_mean,year,2002,9.55
Hessen,temp_mean,year,2003,9.5
Hessen,temp_mean,year,2004,8.87
Hessen,temp_mean,year,2005,9.13
Hessen,temp_mean,year,2006,9.49
Hessen,temp_mean,year,2007,9.76
Hessen,temp_mean,year,2008,9.35
Hessen,temp_mean,year,2009,9.13
Hessen,temp_mean,year,2010,7.9
Hessen,temp_mean,year,2011,9.68
Hessen,temp_mean,year,2012,9.06
Hessen,temp_mean,year,2013,8.66
Hessen,temp_mean,year,2014,10.31
Hessen,temp_mean,year,2015,9.91
Hessen,temp_mean,year,2016,9.44
Hessen,temp_mean,year,2017,9.56
Hessen,temp_mean,year,2018,10.52
Hessen,temp_mean,year,2019,10.13
Hessen,temp_mean,year,2020,10.42
Hessen,temp_mean,year,2021,8.98
Hessen,temp_mean,year,2022,10.65
Hessen,temp_mean,year,2023,10.67
Hessen,temp_mean,year,2024,10.74
Hessen,temp_mean,year,2025,10.08
Hessen,tropical_nights,year,1951,0.03
Hessen,tropical_nights,year,1952,1.74
Hessen,tropical_nights,year,1953,0.05
Hessen,tropical_nights,year,1954,0
Hessen,tropical_nights,year,1955,0
Hessen,tropical_nights,year,1956,0
Hessen,tropical_nights,year,1957,1.05
Hessen,tropical_nights,year,1958,0.01
Hessen,tropical_nights,year,1959,0.27
Hessen,tropical_nights,year,1960,0
Hessen,tropical_nights,year,1961,0.01
Hessen,tropical_nights,year,1962,0
Hessen,tropical_nights,year,1963,0.07
Hessen,tropical_nights,year,1964,0.7
Hessen,tropical_nights,year,1965,0.02
Hessen,tropical_nights,year,1966,0.02
Hessen,tropical_nights,year,1967,0.07
Hessen,tropical_nights,year,1968,0.02
Hessen,tropical_nights,year,1969,0.81
Hessen,tropical_nights,year,1970,0.02
Hessen,tropical_nights,year,1971,0.04
Hessen,tropical_nights,year,1972,0.28
Hessen,tropical_nights,year,1973,0.22
Hessen,tropical_nights,year,1974,0.01
Hessen,tropical_nights,year,1975,0.27
Hessen,tropical_nights,year,1976,1.22
Hessen,tropical_nights,year,1977,0
Hessen,tropical_nights,year,1978,0.04
Hessen,tropical_nights,year,1979,0.01
Hessen,tropical_nights,year,1980,0.01
Hessen,tropical_nights,year,1981,0.04
Hessen,tropical_nights,year,1982,0.28
Hessen,tropical_nights,year,1983,0.85
Hessen,tropical_nights,year,1984,0.17
Hessen,tropical_nights,year,1985,0.01
Hessen,tropical_nights,year,1986,0.3
Hessen,tropical_nights,year,1987,0.28
Hessen,tropical_nights,year,1988,0.09
Hessen,tropical_nights,year,1989,0.06
Hessen,tropical_nights,year,1990,0.15
Hessen,tropical_nights,year,1991,0.66
Hessen,tropical_nights,year,1992,0.66
Hessen,tropical_nights,year,1993,0
Hessen,tropical_nights,year,1994,1.75
Hessen,tropical_nights,year,1995,0.23
Hessen,tropical_nights,year,1996,0
Hessen,tropical_nights,year,1997,0.08
Hessen,tropical_nights,year,1998,0.22
Hessen,tropical_nights,year,1999,0.09
Hessen,tropical_nights,year,2000,0.04
Hessen,tropical_nights,year,2001,0.46
Hessen,tropical_nights,year,2002,0.27
Hessen,tropical_nights,year,2003,2.67
Hessen,tropical_nights,year,2004,0.09
Hessen,tropical_nights,year,2005,0.31
Hessen,tropical_nights,year,2006,1.32
Hessen,tropical_nights,year,2007,0.23
Hessen,tropical_nights,year,2008,0.06
Hessen,tropical_nights,year,2009,0.02
Hessen,tropical_nights,year,2010,0.79
Hessen,tropical_nights,year,2011,0.02
Hessen,tropical_nights,year,2012,0.16
Hessen,tropical_nights,year,2013,0.74
Hessen,tropical_nights,year,2014,0.2
Hessen,tropical_nights,year,2015,2.2
Hessen,tropical_nights,year,2016,0.07
Hessen,tropical_nights,year,2017,0.04
Hessen,tropical_nights,year,2018,1.67
Hessen,tropical_nights,year,2019,1.31
Hessen,tropical_nights,year,2020,1.02
Hessen,tropical_nights,year,2021,0.19
Hessen,tropical_nights,year,2022,0.43
Hessen,tropical_nights,year,2023,0.38
Hessen,tropical_nights,year,2024,0.12
Hessen,tropical_nights,year,2025,0.42
Mecklenburg-Vorpommern,frost_days,year,1951,74.85
Mecklenburg-Vorpommern,frost_days,year,1952,105.55
Mecklenburg-Vorpommern,frost_days,year,1953,84.26
Mecklenburg-Vorpommern,frost_days,year,1954,95.34
Mecklenburg-Vorpommern,frost_days,year,1955,111.79
Mecklenburg-Vorpommern,frost_days,year,1956,103.5
Mecklenburg-Vorpommern,frost_days,year,1957,76.16
Mecklenburg-Vorpommern,frost_days,year,1958,95.62
Mecklenburg-Vorpommern,frost_days,year,1959,74.71
Mecklenburg-Vorpommern,frost_days,year,1960,76.27
Mecklenburg-Vorpommern,frost_days,year,1961,62.9
Mecklenburg-Vorpommern,frost_days,year,1962,87.57
Mecklenburg-Vorpommern,frost_days,year,1963,110.09
Mecklenburg-Vorpommern,frost_days,year,1964,98.66
Mecklenburg-Vorpommern,frost_days,year,1965,97.3
Mecklenburg-Vorpommern,frost_days,year,1966,83.6
Mecklenburg-Vorpommern,frost_days,year,1967,64.59
Mecklenburg-Vorpommern,frost_days,year,1968,86.39
Mecklenburg-Vorpommern,frost_days,year,1969,120.21
Mecklenburg-Vorpommern,frost_days,year,1970,107.58
Mecklenburg-Vorpommern,frost_days,year,1971,73.15
Mecklenburg-Vorpommern,frost_days,year,1972,77.32
Mecklenburg-Vorpommern,frost_days,year,1973,77.94
Mecklenburg-Vorpommern,frost_days,year,1974,44.92
Mecklenburg-Vorpommern,frost_days,year,1975,62.3
Mecklenburg-Vorpommern,frost_days,year,1976,98.16
Mecklenburg-Vorpommern,frost_days,year,1977,66.96
Mecklenburg-Vorpommern,frost_days,year,1978,84.65
Mecklenburg-Vorpommern,frost_days,year,1979,97.32
Mecklenburg-Vorpommern,frost_days,year,1980,112.41
Mecklenburg-Vorpommern,frost_days,year,1981,85.23
Mecklenburg-Vorpommern,frost_days,year,1982,75.02
Mecklenburg-Vorpommern,frost_days,year,1983,69.09
Mecklenburg-Vorpommern,frost_days,year,1984,87.33
Mecklenburg-Vorpommern,frost_days,year,1985,96.35
Mecklenburg-Vorpommern,frost_days,year,1986,81.02
Mecklenburg-Vorpommern,frost_days,year,1987,94.75
Mecklenburg-Vorpommern,frost_days,year,1988,67.1
Mecklenburg-Vorpommern,frost_days,year,1989,55.26
Mecklenburg-Vorpommern,frost_days,year,1990,40.9
Mecklenburg-Vorpommern,frost_days,year,1991,73.49
Mecklenburg-Vorpommern,frost_days,year,1992,58.68
Mecklenburg-Vorpommern,frost_days,year,1993,83.9
Mecklenburg-Vorpommern,frost_days,year,1994,55.35
Mecklenburg-Vorpommern,frost_days,year,1995,91.18
Mecklenburg-Vorpommern,frost_days,year,1996,128.94
Mecklenburg-Vorpommern,frost_days,year,1997,91.18
Mecklenburg-Vorpommern,frost_days,year,1998,64.85
Mecklenburg-Vorpommern,frost_days,year,1999,65.15
Mecklenburg-Vorpommern,frost_days,year,2000,46.69
Mecklenburg-Vorpommern,frost_days,year,2001,86.88
Mecklenburg-Vorpommern,frost_days,year,2002,72.13
Mecklenburg-Vorpommern,frost_days,year,2003,97.7
Mecklenburg-Vorpommern,frost_days,year,2004,76.56
Mecklenburg-Vorpommern,frost_days,year,2005,91.84
Mecklenburg-Vorpommern,frost_days,year,2006,77.65
Mecklenburg-Vorpommern,frost_days,year,2007,44.22
Mecklenburg-Vorpommern,frost_days,year,2008,56.87
Mecklenburg-Vorpommern,frost_days,year,2009,79.94
Mecklenburg-Vorpommern,frost_days,year,2010,114.91
Mecklenburg-Vorpommern,frost_days,year,2011,74.04
Mecklenburg-Vorpommern,frost_days,year,2012,75.49
Mecklenburg-Vorpommern,frost_days,year,2013,90.78
Mecklenburg-Vorpommern,frost_days,year,2014,47.88
Mecklenburg-Vorpommern,frost_days,year,2015,52.72
Mecklenburg-Vorpommern,frost_days,year,2016,75.31
Mecklenburg-Vorpommern,frost_days,year,2017,64.25
Mecklenburg-Vorpommern,frost_days,year,2018,69.99
Mecklenburg-Vorpommern,frost_days,year,2019,52.16
Mecklenburg-Vorpommern,frost_days,year,2020,39.96
Mecklenburg-Vorpommern,frost_days,year,2021,76.56
Mecklenburg-Vorpommern,frost_days,year,2022,63.13
Mecklenburg-Vorpommern,frost_days,year,2023,60.82
Mecklenburg-Vorpommern,frost_days,year,2024,43.18
Mecklenburg-Vorpommern,frost_days,year,2025,68.77
Mecklenburg-Vorpommern,hot_days,year,1951,2.21
Mecklenburg-Vorpommern,hot_days,year,1952,1.64
Mecklenburg-Vorpommern,hot_days,year,1953,3.91
Mecklenburg-Vorpommern,hot_days,year,1954,1.88
Mecklenburg-Vorpommern,hot_days,year,1955,0.24
Mecklenburg-Vorpommern,hot_days,year,1956,0.26
Mecklenburg-Vorpommern,hot_days,year,1957,3.48
Mecklenburg-Vorpommern,hot_days,year,1958,0.26
Mecklenburg-Vorpommern,hot_days,year,1959,4.31
Mecklenburg-Vorpommern,hot_days,year,1960,0.46
Mecklenburg-Vorpommern,hot_days,year,1961,1.52
Mecklenburg-Vorpommern,hot_days,year,1962,0.26
Mecklenburg-Vorpommern,hot_days,year,1963,4.86
Mecklenburg-Vorpommern,hot_days,year,1964,4.83
Mecklenburg-Vorpommern,hot_days,year,1965,0.21
Mecklenburg-Vorpommern,hot_days,year,1966,2.04
Mecklenburg-Vorpommern,hot_days,year,1967,0.98
Mecklenburg-Vorpommern,hot_days,year,1968,2.19
Mecklenburg-Vorpommern,hot_days,year,1969,6.2
Mecklenburg-Vorpommern,hot_days,year,1970,1.27
Mecklenburg-Vorpommern,hot_days,year,1971,4.84
Mecklenburg-Vorpommern,hot_days,year,1972,1.96
Mecklenburg-Vorpommern,hot_days,year,1973,4.7
Mecklenburg-Vorpommern,hot_days,year,1974,1.95
Mecklenburg-Vorpommern,hot_days,year,1975,6.35
Mecklenburg-Vorpommern,hot_days,year,1976,4.53
Mecklenburg-Vorpommern,hot_days,year,1977,0.61
Mecklenburg-Vorpommern,hot_days,year,1978,1.62
Mecklenburg-Vorpommern,hot_days,year,1979,2.01
Mecklenburg-Vorpommern,hot_days,year,1980,0.37
Mecklenburg-Vorpommern,hot_days,year,1981,0.99
Mecklenburg-Vorpommern,hot_days,year,1982,6.33
Mecklenburg-Vorpommern,hot_days,year,1983,3.88
Mecklenburg-Vorpommern,hot_days,year,1984,1.46
Mecklenburg-Vorpommern,hot_days,year,1985,0.74
Mecklenburg-Vorpommern,hot_days,year,1986,3.27
Mecklenburg-Vorpommern,hot_days,year,1987,0.91
Mecklenburg-Vorpommern,hot_days,year,1988,0.22
Mecklenburg-Vorpommern,hot_days,year,1989,4.98
Mecklenburg-Vorpommern,hot_days,year,1990,2.35
Mecklenburg-Vorpommern,hot_days,year,1991,2.78
Mecklenburg-Vorpommern,hot_days,year,1992,8.08
Mecklenburg-Vorpommern,hot_days,year,1993,0.14
Mecklenburg-Vorpommern,hot_days,year,1994,13.84
Mecklenburg-Vorpommern,hot_days,year,1995,7.18
Mecklenburg-Vorpommern,hot_days,year,1996,2.53
Mecklenburg-Vorpommern,hot_days,year,1997,5.99
Mecklenburg-Vorpommern,hot_days,year,1998,1.34
Mecklenburg-Vorpommern,hot_days,year,1999,3.66
Mecklenburg-Vorpommern,hot_days,year,2000,4.63
Mecklenburg-Vorpommern,hot_days,year,2001,4.14
Mecklenburg-Vorpommern,hot_days,year,2002,5.23
Mecklenburg-Vorpommern,hot_days,year,2003,8.07
Mecklenburg-Vorpommern,hot_days,year,2004,1.11
Mecklenburg-Vorpommern,hot_days,year,2005,3.56
Mecklenburg-Vorpommern,hot_days,year,2006,10.72
Mecklenburg-Vorpommern,hot_days,year,2007,2.5
Mecklenburg-Vorpommern,hot_days,year,2008,6.19
Mecklenburg-Vorpommern,hot_days,year,2009,3.02
Mecklenburg-Vorpommern,hot_days,year,2010,9.03
Mecklenburg-Vorpommern,hot_days,year,2011,1.44
Mecklenburg-Vorpommern,hot_days,year,2012,4.45
Mecklenburg-Vorpommern,hot_days,year,2013,5.69
Mecklenburg-Vorpommern,hot_days,year,2014,3.2
Mecklenburg-Vorpommern,hot_days,year,2015,7.7
Mecklenburg-Vorpommern,hot_days,year,2016,5.99
Mecklenburg-Vorpommern,hot_days,year,2017,0.7
Mecklenburg-Vorpommern,hot_days,year,2018,15.51
Mecklenburg-Vorpommern,hot_days,year,2019,13.15
Mecklenburg-Vorpommern,hot_days,year,2020,8.91
Mecklenburg-Vorpommern,hot_days,year,2021,4.72
Mecklenburg-Vorpommern,hot_days,year,2022,12.18
Mecklenburg-Vorpommern,hot_days,year,2023,5.37
Mecklenburg-Vorpommern,hot_days,year,2024,9.66
Mecklenburg-Vorpommern,hot_days,year,2025,5.04
Mecklenburg-Vorpommern,ice_days,year,1951,13.18
Mecklenburg-Vorpommern,ice_days,year,1952,14.72
Mecklenburg-Vorpommern,ice_days,year,1953,15.97
Mecklenburg-Vorpommern,ice_days,year,1954,35.19
Mecklenburg-Vorpommern,ice_days,year,1955,32.05
Mecklenburg-Vorpommern,ice_days,year,1956,38.96
Mecklenburg-Vorpommern,ice_days,year,1957,8.85
Mecklenburg-Vorpommern,ice_days,year,1958,19.57
Mecklenburg-Vorpommern,ice_days,year,1959,22.94
Mecklenburg-Vorpommern,ice_days,year,1960,20.74
Mecklenburg-Vorpommern,ice_days,year,1961,19.71
Mecklenburg-Vorpommern,ice_days,year,1962,28.89
Mecklenburg-Vorpommern,ice_days,year,1963,64.38
Mecklenburg-Vorpommern,ice_days,year,1964,31.82
Mecklenburg-Vorpommern,ice_days,year,1965,23.25
Mecklenburg-Vorpommern,ice_days,year,1966,32.65
Mecklenburg-Vorpommern,ice_days,year,1967,10.81
Mecklenburg-Vorpommern,ice_days,year,1968,27.33
Mecklenburg-Vorpommern,ice_days,year,1969,55.24
Mecklenburg-Vorpommern,ice_days,year,1970,43.62
Mecklenburg-Vorpommern,ice_days,year,1971,18.47
Mecklenburg-Vorpommern,ice_days,year,1972,24.5
Mecklenburg-Vorpommern,ice_days,year,1973,9.78
Mecklenburg-Vorpommern,ice_days,year,1974,1.64
Mecklenburg-Vorpommern,ice_days,year,1975,5.13
Mecklenburg-Vorpommern,ice_days,year,1976,28.37
Mecklenburg-Vorpommern,ice_days,year,1977,10.72
Mecklenburg-Vorpommern,ice_days,year,1978,28.92
Mecklenburg-Vorpommern,ice_days,year,1979,45.55
Mecklenburg-Vorpommern,ice_days,year,1980,34.8
Mecklenburg-Vorpommern,ice_days,year,1981,31.75
Mecklenburg-Vorpommern,ice_days,year,1982,27.04
Mecklenburg-Vorpommern,ice_days,year,1983,15.23
Mecklenburg-Vorpommern,ice_days,year,1984,18.62
Mecklenburg-Vorpommern,ice_days,year,1985,49.74
Mecklenburg-Vorpommern,ice_days,year,1986,40.35
Mecklenburg-Vorpommern,ice_days,year,1987,42.4
Mecklenburg-Vorpommern,ice_days,year,1988,6.54
Mecklenburg-Vorpommern,ice_days,year,1989,7.76
Mecklenburg-Vorpommern,ice_days,year,1990,5.17
Mecklenburg-Vorpommern,ice_days,year,1991,16.53
Mecklenburg-Vorpommern,ice_days,year,1992,11.07
Mecklenburg-Vorpommern,ice_days,year,1993,18.76
Mecklenburg-Vorpommern,ice_days,year,1994,12.37
Mecklenburg-Vorpommern,ice_days,year,1995,23.57
Mecklenburg-Vorpommern,ice_days,year,1996,54.22
Mecklenburg-Vorpommern,ice_days,year,1997,19.1
Mecklenburg-Vorpommern,ice_days,year,1998,18.36
Mecklenburg-Vorpommern,ice_days,year,1999,10.08
Mecklenburg-Vorpommern,ice_days,year,2000,9.51
Mecklenburg-Vorpommern,ice_days,year,2001,15.73
Mecklenburg-Vorpommern,ice_days,year,2002,18.98
Mecklenburg-Vorpommern,ice_days,year,2003,21.75
Mecklenburg-Vorpommern,ice_days,year,2004,13.52
Mecklenburg-Vorpommern,ice_days,year,2005,14.23
Mecklenburg-Vorpommern,ice_days,year,2006,22.36
Mecklenburg-Vorpommern,ice_days,year,2007,6.51
Mecklenburg-Vorpommern,ice_days,year,2008,4.78
Mecklenburg-Vorpommern,ice_days,year,2009,18.73
Mecklenburg-Vorpommern,ice_days,year,2010,61.51
Mecklenburg-Vorpommern,ice_days,year,2011,15.24
Mecklenburg-Vorpommern,ice_days,year,2012,25.41
Mecklenburg-Vorpommern,ice_days,year,2013,23.28
Mecklenburg-Vorpommern,ice_days,year,2014,17.28
Mecklenburg-Vorpommern,ice_days,year,2015,3.13
Mecklenburg-Vorpommern,ice_days,year,2016,11.91
Mecklenburg-Vorpommern,ice_days,year,2017,10.9
Mecklenburg-Vorpommern,ice_days,year,2018,12.24
Mecklenburg-Vorpommern,ice_days,year,2019,5.61
Mecklenburg-Vorpommern,ice_days,year,2020,0.6
Mecklenburg-Vorpommern,ice_days,year,2021,17.39
Mecklenburg-Vorpommern,ice_days,year,2022,9.66
Mecklenburg-Vorpommern,ice_days,year,2023,6.95
Mecklenburg-Vorpommern,ice_days,year,2024,5.16
Mecklenburg-Vorpommern,ice_days,year,2025,4.69
Mecklenburg-Vorpommern,precip_ge10,year,1951,15.75
Mecklenburg-Vorpommern,precip_ge10,year,1952,11.74
Mecklenburg-Vorpommern,precip_ge10,year,1953,10.37
Mecklenburg-Vorpommern,precip_ge10,year,1954,15.68
Mecklenburg-Vorpommern,precip_ge10,year,1955,13.37
Mecklenburg-Vorpommern,precip_ge10,year,1956,14.95
Mecklenburg-Vorpommern,precip_ge10,year,1957,11.42
Mecklenburg-Vorpommern,precip_ge10,year,1958,14.1
Mecklenburg-Vorpommern,precip_ge10,year,1959,8.84
Mecklenburg-Vorpommern,precip_ge10,year,1960,19.49
Mecklenburg-Vorpommern,precip_ge10,year,1961,16.07
Mecklenburg-Vorpommern,precip_ge10,year,1962,11.01
Mecklenburg-Vorpommern,precip_ge10,year,1963,12.5
Mecklenburg-Vorpommern,precip_ge10,year,1964,9.72
Mecklenburg-Vorpommern,precip_ge10,year,1965,17.98
Mecklenburg-Vorpommern,precip_ge10,year,1966,15.23
Mecklenburg-Vorpommern,precip_ge10,year,1967,16.22
Mecklenburg-Vorpommern,precip_ge10,year,1968,15.89
Mecklenburg-Vorpommern,precip_ge10,year,1969,11.14
Mecklenburg-Vorpommern,precip_ge10,year,1970,16.24
Mecklenburg-Vorpommern,precip_ge10,year,1971,7.7
Mecklenburg-Vorpommern,precip_ge10,year,1972,14.26
Mecklenburg-Vorpommern,precip_ge10,year,1973,11.39
Mecklenburg-Vorpommern,precip_ge10,year,1974,14.26
Mecklenburg-Vorpommern,precip_ge10,year,1975,10.23
Mecklenburg-Vorpommern,precip_ge10,year,1976,11.44
Mecklenburg-Vorpommern,precip_ge10,year,1977,12.55
Mecklenburg-Vorpommern,precip_ge10,year,1978,11.46
Mecklenburg-Vorpommern,precip_ge10,year,1979,11.05
Mecklenburg-Vorpommern,precip_ge10,year,1980,15.81
Mecklenburg-Vorpommern,precip_ge10,year,1981,15.55
Mecklenburg-Vorpommern,precip_ge10,year,1982,7.84
Mecklenburg-Vorpommern,precip_ge10,year,1983,14.69
Mecklenburg-Vorpommern,precip_ge10,year,1984,13.36
Mecklenburg-Vorpommern,precip_ge10,year,1985,8.78
Mecklenburg-Vorpommern,precip_ge10,year,1986,14.9
Mecklenburg-Vorpommern,precip_ge10,year,1987,11.61
Mecklenburg-Vorpommern,precip_ge10,year,1988,10.59
Mecklenburg-Vorpommern,precip_ge10,year,1989,9.44
Mecklenburg-Vorpommern,precip_ge10,year,1990,12.93
Mecklenburg-Vorpommern,precip_ge10,year,1991,10.04
Mecklenburg-Vorpommern,precip_ge10,year,1992,12.6
Mecklenburg-Vorpommern,precip_ge10,year,1993,18.97
Mecklenburg-Vorpommern,precip_ge10,year,1994,18.4
Mecklenburg-Vorpommern,precip_ge10,year,1995,13.61
Mecklenburg-Vorpommern,precip_ge10,year,1996,11.54
Mecklenburg-Vorpommern,precip_ge10,year,1997,13.01
Mecklenburg-Vorpommern,precip_ge10,year,1998,18.2
Mecklenburg-Vorpommern,precip_ge10,year,1999,13.09
Mecklenburg-Vorpommern,precip_ge10,year,2000,11.23
Mecklenburg-Vorpommern,precip_ge10,year,2001,14.17
Mecklenburg-Vorpommern,precip_ge10,year,2002,19.74
Mecklenburg-Vorpommern,precip_ge10,year,2003,9.68
Mecklenburg-Vorpommern,precip_ge10,year,2004,13.72
Mecklenburg-Vorpommern,precip_ge10,year,2005,14.85
Mecklenburg-Vorpommern,precip_ge10,year,2006,12.16
Mecklenburg-Vorpommern,precip_ge10,year,2007,20.3
Mecklenburg-Vorpommern,precip_ge10,year,2008,12.47
Mecklenburg-Vorpommern,precip_ge10,year,2009,11.58
Mecklenburg-Vorpommern,precip_ge10,year,2010,19.88
Mecklenburg-Vorpommern,precip_ge10,year,2011,19.45
Mecklenburg-Vorpommern,precip_ge10,year,2012,9.44
Mecklenburg-Vorpommern,precip_ge10,year,2013,16.5
Mecklenburg-Vorpommern,precip_ge10,year,2014,14.1
Mecklenburg-Vorpommern,precip_ge10,year,2015,14.32
Mecklenburg-Vorpommern,precip_ge10,year,2016,9.11
Mecklenburg-Vorpommern,precip_ge10,year,2017,18.76
Mecklenburg-Vorpommern,precip_ge10,year,2018,9.31
Mecklenburg-Vorpommern,precip_ge10,year,2019,13.4
Mecklenburg-Vorpommern,precip_ge10,year,2020,13.11
Mecklenburg-Vorpommern,precip_ge10,year,2021,13.79
Mecklenburg-Vorpommern,precip_ge10,year,2022,10.3
Mecklenburg-Vorpommern,precip_ge10,year,2023,15.27
Mecklenburg-Vorpommern,precip_ge10,year,2024,17.03
Mecklenburg-Vorpommern,precip_ge10,year,2025,11.37
Mecklenburg-Vorpommern,precip_ge20,year,1951,2.88
Mecklenburg-Vorpommern,precip_ge20,year,1952,1.63
Mecklenburg-Vorpommern,precip_ge20,year,1953,2.04
Mecklenburg-Vorpommern,precip_ge20,year,1954,3.33
Mecklenburg-Vorpommern,precip_ge20,year,1955,4.03
Mecklenburg-Vorpommern,precip_ge20,year,1956,2.4
Mecklenburg-Vorpommern,precip_ge20,year,1957,2.2
Mecklenburg-Vorpommern,precip_ge20,year,1958,2.04
Mecklenburg-Vorpommern,precip_ge20,year,1959,2.79
Mecklenburg-Vorpommern,precip_ge20,year,1960,3.68
Mecklenburg-Vorpommern,precip_ge20,year,1961,2.23
Mecklenburg-Vorpommern,precip_ge20,year,1962,1.33
Mecklenburg-Vorpommern,precip_ge20,year,1963,2.13
Mecklenburg-Vorpommern,precip_ge20,year,1964,1.37
Mecklenburg-Vorpommern,precip_ge20,year,1965,2.58
Mecklenburg-Vorpommern,precip_ge20,year,1966,3.2
Mecklenburg-Vorpommern,precip_ge20,year,1967,2.87
Mecklenburg-Vorpommern,precip_ge20,year,1968,4.21
Mecklenburg-Vorpommern,precip_ge20,year,1969,2.84
Mecklenburg-Vorpommern,precip_ge20,year,1970,2.66
Mecklenburg-Vorpommern,precip_ge20,year,1971,1.85
Mecklenburg-Vorpommern,precip_ge20,year,1972,3.71
Mecklenburg-Vorpommern,precip_ge20,year,1973,1.5
Mecklenburg-Vorpommern,precip_ge20,year,1974,1.4
Mecklenburg-Vorpommern,precip_ge20,year,1975,2.09
Mecklenburg-Vorpommern,precip_ge20,year,1976,1.73
Mecklenburg-Vorpommern,precip_ge20,year,1977,2.11
Mecklenburg-Vorpommern,precip_ge20,year,1978,2.11
Mecklenburg-Vorpommern,precip_ge20,year,1979,2.67
Mecklenburg-Vorpommern,precip_ge20,year,1980,3.29
Mecklenburg-Vorpommern,precip_ge20,year,1981,4.02
Mecklenburg-Vorpommern,precip_ge20,year,1982,0.64
Mecklenburg-Vorpommern,precip_ge20,year,1983,2.15
Mecklenburg-Vorpommern,precip_ge20,year,1984,2.61
Mecklenburg-Vorpommern,precip_ge20,year,1985,0.9
Mecklenburg-Vorpommern,precip_ge20,year,1986,2.22
Mecklenburg-Vorpommern,precip_ge20,year,1987,2.74
Mecklenburg-Vorpommern,precip_ge20,year,1988,1.32
Mecklenburg-Vorpommern,precip_ge20,year,1989,1.66
Mecklenburg-Vorpommern,precip_ge20,year,1990,2.58
Mecklenburg-Vorpommern,precip_ge20,year,1991,1.93
Mecklenburg-Vorpommern,precip_ge20,year,1992,1.38
Mecklenburg-Vorpommern,precip_ge20,year,1993,3.59
Mecklenburg-Vorpommern,precip_ge20,year,1994,3.36
Mecklenburg-Vorpommern,precip_ge20,year,1995,2.59
Mecklenburg-Vorpommern,precip_ge20,year,1996,2.47
Mecklenburg-Vorpommern,precip_ge20,year,1997,2.34
Mecklenburg-Vorpommern,precip_ge20,year,1998,3.4
Mecklenburg-Vorpommern,precip_ge20,year,1999,2.02
Mecklenburg-Vorpommern,precip_ge20,year,2000,2.03
Mecklenburg-Vorpommern,precip_ge20,year,2001,2.83
Mecklenburg-Vorpommern,precip_ge20,year,2002,4.19
Mecklenburg-Vorpommern,precip_ge20,year,2003,1.56
Mecklenburg-Vorpommern,precip_ge20,year,2004,1.52
Mecklenburg-Vorpommern,precip_ge20,year,2005,2.38
Mecklenburg-Vorpommern,precip_ge20,year,2006,2.25
Mecklenburg-Vorpommern,precip_ge20,year,2007,5.23
Mecklenburg-Vorpommern,precip_ge20,year,2008,2.56
Mecklenburg-Vorpommern,precip_ge20,year,2009,1.56
Mecklenburg-Vorpommern,precip_ge20,year,2010,4.29
Mecklenburg-Vorpommern,precip_ge20,year,2011,5.97
Mecklenburg-Vorpommern,precip_ge20,year,2012,1.52
Mecklenburg-Vorpommern,precip_ge20,year,2013,3.1
Mecklenburg-Vorpommern,precip_ge20,year,2014,3.29
Mecklenburg-Vorpommern,precip_ge20,year,2015,1.61
Mecklenburg-Vorpommern,precip_ge20,year,2016,1.41
Mecklenburg-Vorpommern,precip_ge20,year,2017,5.1
Mecklenburg-Vorpommern,precip_ge20,year,2018,1.97
Mecklenburg-Vorpommern,precip_ge20,year,2019,2.52
Mecklenburg-Vorpommern,precip_ge20,year,2020,2.32
Mecklenburg-Vorpommern,precip_ge20,year,2021,4.2
Mecklenburg-Vorpommern,precip_ge20,year,2022,2.43
Mecklenburg-Vorpommern,precip_ge20,year,2023,2.58
Mecklenburg-Vorpommern,precip_ge20,year,2024,3.93
Mecklenburg-Vorpommern,precip_ge20,year,2025,2.19
Mecklenburg-Vorpommern,precipitation,year,1881,494.5
Mecklenburg-Vorpommern,precipitation,year,1882,568.5
Mecklenburg-Vorpommern,precipitation,year,1883,518.9
Mecklenburg-Vorpommern,precipitation,year,1884,600.1
Mecklenburg-Vorpommern,precipitation,year,1885,537.9
Mecklenburg-Vorpommern,precipitation,year,1886,442.8
Mecklenburg-Vorpommern,precipitation,year,1887,464.3
Mecklenburg-Vorpommern,precipitation,year,1888,640.8
Mecklenburg-Vorpommern,precipitation,year,1889,585.3
Mecklenburg-Vorpommern,precipitation,year,1890,556.7
Mecklenburg-Vorpommern,precipitation,year,1891,617.6
Mecklenburg-Vorpommern,precipitation,year,1892,523.9
Mecklenburg-Vorpommern,precipitation,year,1893,571
Mecklenburg-Vorpommern,precipitation,year,1894,611.7
Mecklenburg-Vorpommern,precipitation,year,1895,609
Mecklenburg-Vorpommern,precipitation,year,1896,613.4
Mecklenburg-Vorpommern,precipitation,year,1897,561.1
Mecklenburg-Vorpommern,precipitation,year,1898,627.6
Mecklenburg-Vorpommern,precipitation,year,1899,527.6
Mecklenburg-Vorpommern,precipitation,year,1900,558.1
Mecklenburg-Vorpommern,precipitation,year,1901,564.8
Mecklenburg-Vorpommern,precipitation,year,1902,592.4
Mecklenburg-Vorpommern,precipitation,year,1903,673.3
Mecklenburg-Vorpommern,precipitation,year,1904,501
Mecklenburg-Vorpommern,precipitation,year,1905,658.5
Mecklenburg-Vorpommern,precipitation,year,1906,578.8
Mecklenburg-Vorpommern,precipitation,year,1907,568.2
Mecklenburg-Vorpommern,precipitation,year,1908,510.5
Mecklenburg-Vorpommern,precipitation,year,1909,618
Mecklenburg-Vorpommern,precipitation,year,1910,593.6
Mecklenburg-Vorpommern,precipitation,year,1911,447.2
Mecklenburg-Vorpommern,precipitation,year,1912,643.4
Mecklenburg-Vorpommern,precipitation,year,1913,550.4
Mecklenburg-Vorpommern,precipitation,year,1914,662.9
Mecklenburg-Vorpommern,precipitation,year,1915,551.6
Mecklenburg-Vorpommern,precipitation,year,1916,671.2
Mecklenburg-Vorpommern,precipitation,year,1917,528.8
Mecklenburg-Vorpommern,precipitation,year,1918,635.6
Mecklenburg-Vorpommern,precipitation,year,1919,582.2
Mecklenburg-Vorpommern,precipitation,year,1920,604.5
Mecklenburg-Vorpommern,precipitation,year,1921,566.3
Mecklenburg-Vorpommern,precipitation,year,1922,722.3
Mecklenburg-Vorpommern,precipitation,year,1923,575.6
Mecklenburg-Vorpommern,precipitation,year,1924,577.9
Mecklenburg-Vorpommern,precipitation,year,1925,605.2
Mecklenburg-Vorpommern,precipitation,year,1926,740.9
Mecklenburg-Vorpommern,precipitation,year,1927,753.2
Mecklenburg-Vorpommern,precipitation,year,1928,684.3
Mecklenburg-Vorpommern,precipitation,year,1929,483.7
Mecklenburg-Vorpommern,precipitation,year,1930,680.1
Mecklenburg-Vorpommern,precipitation,year,1931,723.6
Mecklenburg-Vorpommern,precipitation,year,1932,582.4
Mecklenburg-Vorpommern,precipitation,year,1933,515.9
Mecklenburg-Vorpommern,precipitation,year,1934,499
Mecklenburg-Vorpommern,precipitation,year,1935,663.4
Mecklenburg-Vorpommern,precipitation,year,1936,615.6
Mecklenburg-Vorpommern,precipitation,year,1937,672.8
Mecklenburg-Vorpommern,precipitation,year,1938,505.2
Mecklenburg-Vorpommern,precipitation,year,1939,666.1
Mecklenburg-Vorpommern,precipitation,year,1940,590.9
Mecklenburg-Vorpommern,precipitation,year,1941,645
Mecklenburg-Vorpommern,precipitation,year,1942,569.9
Mecklenburg-Vorpommern,precipitation,year,1943,455.3
Mecklenburg-Vorpommern,precipitation,year,1944,604.8
Mecklenburg-Vorpommern,precipitation,year,1945,602.9
Mecklenburg-Vorpommern,precipitation,year,1946,699.2
Mecklenburg-Vorpommern,precipitation,year,1947,573.2
Mecklenburg-Vorpommern,precipitation,year,1948,599.9
Mecklenburg-Vorpommern,precipitation,year,1949,618
Mecklenburg-Vorpommern,precipitation,year,1950,684.5
Mecklenburg-Vorpommern,precipitation,year,1951,605.4
Mecklenburg-Vorpommern,precipitation,year,1952,591.7
Mecklenburg-Vorpommern,precipitation,year,1953,523.7
Mecklenburg-Vorpommern,precipitation,year,1954,670.3
Mecklenburg-Vorpommern,precipitation,year,1955,618.4
Mecklenburg-Vorpommern,precipitation,year,1956,628
Mecklenburg-Vorpommern,precipitation,year,1957,570.2
Mecklenburg-Vorpommern,precipitation,year,1958,633.5
Mecklenburg-Vorpommern,precipitation,year,1959,428.1
Mecklenburg-Vorpommern,precipitation,year,1960,752.4
Mecklenburg-Vorpommern,precipitation,year,1961,652.3
Mecklenburg-Vorpommern,precipitation,year,1962,568.8
Mecklenburg-Vorpommern,precipitation,year,1963,528.5
Mecklenburg-Vorpommern,precipitation,year,1964,501.1
Mecklenburg-Vorpommern,precipitation,year,1965,679.9
Mecklenburg-Vorpommern,precipitation,year,1966,673.6
Mecklenburg-Vorpommern,precipitation,year,1967,679.9
Mecklenburg-Vorpommern,precipitation,year,1968,690.5
Mecklenburg-Vorpommern,precipitation,year,1969,544.7
Mecklenburg-Vorpommern,precipitation,year,1970,694.8
Mecklenburg-Vorpommern,precipitation,year,1971,446.2
Mecklenburg-Vorpommern,precipitation,year,1972,543.5
Mecklenburg-Vorpommern,precipitation,year,1973,541.7
Mecklenburg-Vorpommern,precipitation,year,1974,644
Mecklenburg-Vorpommern,precipitation,year,1975,467.2
Mecklenburg-Vorpommern,precipitation,year,1976,494
Mecklenburg-Vorpommern,precipitation,year,1977,621.7
Mecklenburg-Vorpommern,precipitation,year,1978,623.8
Mecklenburg-Vorpommern,precipitation,year,1979,596.3
Mecklenburg-Vorpommern,precipitation,year,1980,694.6
Mecklenburg-Vorpommern,precipitation,year,1981,743.1
Mecklenburg-Vorpommern,precipitation,year,1982,472.8
Mecklenburg-Vorpommern,precipitation,year,1983,638.7
Mecklenburg-Vorpommern,precipitation,year,1984,594
Mecklenburg-Vorpommern,precipitation,year,1985,576.5
Mecklenburg-Vorpommern,precipitation,year,1986,620.7
Mecklenburg-Vorpommern,precipitation,year,1987,643.6
Mecklenburg-Vorpommern,precipitation,year,1988,591
Mecklenburg-Vorpommern,precipitation,year,1989,466.4
Mecklenburg-Vorpommern,precipitation,year,1990,608.9
Mecklenburg-Vorpommern,precipitation,year,1991,510
Mecklenburg-Vorpommern,precipitation,year,1992,553.1
Mecklenburg-Vorpommern,precipitation,year,1993,738.7
Mecklenburg-Vorpommern,precipitation,year,1994,722.9
Mecklenburg-Vorpommern,precipitation,year,1995,619.6
Mecklenburg-Vorpommern,precipitation,year,1996,490.8
Mecklenburg-Vorpommern,precipitation,year,1997,528.3
Mecklenburg-Vorpommern,precipitation,year,1998,756.1
Mecklenburg-Vorpommern,precipitation,year,1999,629.8
Mecklenburg-Vorpommern,precipitation,year,2000,622
Mecklenburg-Vorpommern,precipitation,year,2001,678.5
Mecklenburg-Vorpommern,precipitation,year,2002,739.9
Mecklenburg-Vorpommern,precipitation,year,2003,460.2
Mecklenburg-Vorpommern,precipitation,year,2004,641.7
Mecklenburg-Vorpommern,precipitation,year,2005,604.2
Mecklenburg-Vorpommern,precipitation,year,2006,582.9
Mecklenburg-Vorpommern,precipitation,year,2007,815.3
Mecklenburg-Vorpommern,precipitation,year,2008,605.5
Mecklenburg-Vorpommern,precipitation,year,2009,585.1
Mecklenburg-Vorpommern,precipitation,year,2010,725.1
Mecklenburg-Vorpommern,precipitation,year,2011,734.9
Mecklenburg-Vorpommern,precipitation,year,2012,533.6
Mecklenburg-Vorpommern,precipitation,year,2013,607.8
Mecklenburg-Vorpommern,precipitation,year,2014,605.7
Mecklenburg-Vorpommern,precipitation,year,2015,606.5
Mecklenburg-Vorpommern,precipitation,year,2016,517.9
Mecklenburg-Vorpommern,precipitation,year,2017,801.5
Mecklenburg-Vorpommern,precipitation,year,2018,430.1
Mecklenburg-Vorpommern,precipitation,year,2019,580.8
Mecklenburg-Vorpommern,precipitation,year,2020,564.7
Mecklenburg-Vorpommern,precipitation,year,2021,652.4
Mecklenburg-Vorpommern,precipitation,year,2022,500.9
Mecklenburg-Vorpommern,precipitation,year,2023,713.8
Mecklenburg-Vorpommern,precipitation,year,2024,695.9
Mecklenburg-Vorpommern,precipitation,year,2025,512.7
Mecklenburg-Vorpommern,summer_days,year,1951,18.79
Mecklenburg-Vorpommern,summer_days,year,1952,15.08
Mecklenburg-Vorpommern,summer_days,year,1953,27.8
Mecklenburg-Vorpommern,summer_days,year,1954,9.95
Mecklenburg-Vorpommern,summer_days,year,1955,18.3
Mecklenburg-Vorpommern,summer_days,year,1956,7.66
Mecklenburg-Vorpommern,summer_days,year,1957,18.14
Mecklenburg-Vorpommern,summer_days,year,1958,11.16
Mecklenburg-Vorpommern,summer_days,year,1959,27.59
Mecklenburg-Vorpommern,summer_days,year,1960,9.71
Mecklenburg-Vorpommern,summer_days,year,1961,15.12
Mecklenburg-Vorpommern,summer_days,year,1962,4.48
Mecklenburg-Vorpommern,summer_days,year,1963,20.57
Mecklenburg-Vorpommern,summer_days,year,1964,24.66
Mecklenburg-Vorpommern,summer_days,year,1965,6.91
Mecklenburg-Vorpommern,summer_days,year,1966,20.3
Mecklenburg-Vorpommern,summer_days,year,1967,16.53
Mecklenburg-Vorpommern,summer_days,year,1968,22.11
Mecklenburg-Vorpommern,summer_days,year,1969,30.41
Mecklenburg-Vorpommern,summer_days,year,1970,21.66
Mecklenburg-Vorpommern,summer_days,year,1971,29.21
Mecklenburg-Vorpommern,summer_days,year,1972,19.07
Mecklenburg-Vorpommern,summer_days,year,1973,25.29
Mecklenburg-Vorpommern,summer_days,year,1974,9.23
Mecklenburg-Vorpommern,summer_days,year,1975,35.71
Mecklenburg-Vorpommern,summer_days,year,1976,26.58
Mecklenburg-Vorpommern,summer_days,year,1977,9.47
Mecklenburg-Vorpommern,summer_days,year,1978,17.29
Mecklenburg-Vorpommern,summer_days,year,1979,17.57
Mecklenburg-Vorpommern,summer_days,year,1980,7.85
Mecklenburg-Vorpommern,summer_days,year,1981,16.02
Mecklenburg-Vorpommern,summer_days,year,1982,31.47
Mecklenburg-Vorpommern,summer_days,year,1983,34.29
Mecklenburg-Vorpommern,summer_days,year,1984,13.23
Mecklenburg-Vorpommern,summer_days,year,1985,15.63
Mecklenburg-Vorpommern,summer_days,year,1986,22.37
Mecklenburg-Vorpommern,summer_days,year,1987,10.09
Mecklenburg-Vorpommern,summer_days,year,1988,16.69
Mecklenburg-Vorpommern,summer_days,year,1989,30.98
Mecklenburg-Vorpommern,summer_days,year,1990,20.57
Mecklenburg-Vorpommern,summer_days,year,1991,20.52
Mecklenburg-Vorpommern,summer_days,year,1992,36.28
Mecklenburg-Vorpommern,summer_days,year,1993,15.63
Mecklenburg-Vorpommern,summer_days,year,1994,31.07
Mecklenburg-Vorpommern,summer_days,year,1995,33.83
Mecklenburg-Vorpommern,summer_days,year,1996,20.18
Mecklenburg-Vorpommern,summer_days,year,1997,33.95
Mecklenburg-Vorpommern,summer_days,year,1998,13.5
Mecklenburg-Vorpommern,summer_days,year,1999,34.19
Mecklenburg-Vorpommern,summer_days,year,2000,19.1
Mecklenburg-Vorpommern,summer_days,year,2001,23.63
Mecklenburg-Vorpommern,summer_days,year,2002,34.95
Mecklenburg-Vorpommern,summer_days,year,2003,41.49
Mecklenburg-Vorpommern,summer_days,year,2004,18.04
Mecklenburg-Vorpommern,summer_days,year,2005,29.72
Mecklenburg-Vorpommern,summer_days,year,2006,44.07
Mecklenburg-Vorpommern,summer_days,year,2007,23.03
Mecklenburg-Vorpommern,summer_days,year,2008,23.72
Mecklenburg-Vorpommern,summer_days,year,2009,31.18
Mecklenburg-Vorpommern,summer_days,year,2010,30.32
Mecklenburg-Vorpommern,summer_days,year,2011,23.37
Mecklenburg-Vorpommern,summer_days,year,2012,22.45
Mecklenburg-Vorpommern,summer_days,year,2013,26.36
Mecklenburg-Vorpommern,summer_days,year,2014,30.87
Mecklenburg-Vorpommern,summer_days,year,2015,29.4
Mecklenburg-Vorpommern,summer_days,year,2016,35.9
Mecklenburg-Vorpommern,summer_days,year,2017,19.16
Mecklenburg-Vorpommern,summer_days,year,2018,58.58
Mecklenburg-Vorpommern,summer_days,year,2019,41.89
Mecklenburg-Vorpommern,summer_days,year,2020,33.31
Mecklenburg-Vorpommern,summer_days,year,2021,34.35
Mecklenburg-Vorpommern,summer_days,year,2022,38.69
Mecklenburg-Vorpommern,summer_days,year,2023,41.29
Mecklenburg-Vorpommern,summer_days,year,2024,39.78
Mecklenburg-Vorpommern,summer_days,year,2025,28.18
Mecklenburg-Vorpommern,sunshine,year,1951,1904
Mecklenburg-Vorpommern,sunshine,year,1952,1714.3
Mecklenburg-Vorpommern,sunshine,year,1953,1876.9
Mecklenburg-Vorpommern,sunshine,year,1954,1619.1
Mecklenburg-Vorpommern,sunshine,year,1955,1783.4
Mecklenburg-Vorpommern,sunshine,year,1956,1701.6
Mecklenburg-Vorpommern,sunshine,year,1957,1688.4
Mecklenburg-Vorpommern,sunshine,year,1958,1584.2
Mecklenburg-Vorpommern,sunshine,year,1959,2041.1
Mecklenburg-Vorpommern,sunshine,year,1960,1629
Mecklenburg-Vorpommern,sunshine,year,1961,1693.2
Mecklenburg-Vorpommern,sunshine,year,1962,1529.3
Mecklenburg-Vorpommern,sunshine,year,1963,1747.9
Mecklenburg-Vorpommern,sunshine,year,1964,1753.7
Mecklenburg-Vorpommern,sunshine,year,1965,1620.4
Mecklenburg-Vorpommern,sunshine,year,1966,1546.7
Mecklenburg-Vorpommern,sunshine,year,1967,1722
Mecklenburg-Vorpommern,sunshine,year,1968,1740
Mecklenburg-Vorpommern,sunshine,year,1969,1684.8
Mecklenburg-Vorpommern,sunshine,year,1970,1676.4
Mecklenburg-Vorpommern,sunshine,year,1971,1744.8
Mecklenburg-Vorpommern,sunshine,year,1972,1647.4
Mecklenburg-Vorpommern,sunshine,year,1973,1765.7
Mecklenburg-Vorpommern,sunshine,year,1974,1605.4
Mecklenburg-Vorpommern,sunshine,year,1975,1873.9
Mecklenburg-Vorpommern,sunshine,year,1976,1799
Mecklenburg-Vorpommern,sunshine,year,1977,1433.6
Mecklenburg-Vorpommern,sunshine,year,1978,1483.6
Mecklenburg-Vorpommern,sunshine,year,1979,1536
Mecklenburg-Vorpommern,sunshine,year,1980,1570.7
Mecklenburg-Vorpommern,sunshine,year,1981,1534.8
Mecklenburg-Vorpommern,sunshine,year,1982,1869.9
Mecklenburg-Vorpommern,sunshine,year,1983,1597.2
Mecklenburg-Vorpommern,sunshine,year,1984,1476.4
Mecklenburg-Vorpommern,sunshine,year,1985,1469.4
Mecklenburg-Vorpommern,sunshine,year,1986,1667.8
Mecklenburg-Vorpommern,sunshine,year,1987,1489.7
Mecklenburg-Vorpommern,sunshine,year,1988,1575.3
Mecklenburg-Vorpommern,sunshine,year,1989,1882.8
Mecklenburg-Vorpommern,sunshine,year,1990,1714.3
Mecklenburg-Vorpommern,sunshine,year,1991,1743.9
Mecklenburg-Vorpommern,sunshine,year,1992,1843.9
Mecklenburg-Vorpommern,sunshine,year,1993,1546.6
Mecklenburg-Vorpommern,sunshine,year,1994,1739.9
Mecklenburg-Vorpommern,sunshine,year,1995,1815
Mecklenburg-Vorpommern,sunshine,year,1996,1586.1
Mecklenburg-Vorpommern,sunshine,year,1997,1785.3
Mecklenburg-Vorpommern,sunshine,year,1998,1432
Mecklenburg-Vorpommern,sunshine,year,1999,1751
Mecklenburg-Vorpommern,sunshine,year,2000,1572.3
Mecklenburg-Vorpommern,sunshine,year,2001,1522.6
Mecklenburg-Vorpommern,sunshine,year,2002,1583.4
Mecklenburg-Vorpommern,sunshine,year,2003,1992.8
Mecklenburg-Vorpommern,sunshine,year,2004,1632.4
Mecklenburg-Vorpommern,sunshine,year,2005,1859.6
Mecklenburg-Vorpommern,sunshine,year,2006,1785.5
Mecklenburg-Vorpommern,sunshine,year,2007,1657.7
Mecklenburg-Vorpommern,sunshine,year,2008,1749.3
Mecklenburg-Vorpommern,sunshine,year,2009,1817.3
Mecklenburg-Vorpommern,sunshine,year,2010,1577.2
Mecklenburg-Vorpommern,sunshine,year,2011,1806.3
Mecklenburg-Vorpommern,sunshine,year,2012,1658.6
Mecklenburg-Vorpommern,sunshine,year,2013,1701.9
Mecklenburg-Vorpommern,sunshine,year,2014,1736
Mecklenburg-Vorpommern,sunshine,year,2015,1746.1
Mecklenburg-Vorpommern,sunshine,year,2016,1696.7
Mecklenburg-Vorpommern,sunshine,year,2017,1531.7
Mecklenburg-Vorpommern,sunshine,year,2018,2107.8
Mecklenburg-Vorpommern,sunshine,year,2019,1804.9
Mecklenburg-Vorpommern,sunshine,year,2020,1874.2
Mecklenburg-Vorpommern,sunshine,year,2021,1617.1
Mecklenburg-Vorpommern,sunshine,year,2022,1994
Mecklenburg-Vorpommern,sunshine,year,2023,1785
Mecklenburg-Vorpommern,sunshine,year,2024,1762.1
Mecklenburg-Vorpommern,sunshine,year,2025,1970.4
Mecklenburg-Vorpommern,temp_mean,year,1881,6.96
Mecklenburg-Vorpommern,temp_mean,year,1882,8.54
Mecklenburg-Vorpommern,temp_mean,year,1883,7.95
Mecklenburg-Vorpommern,temp_mean,year,1884,8.73
Mecklenburg-Vorpommern,temp_mean,year,1885,7.68
Mecklenburg-Vorpommern,temp_mean,year,1886,7.87
Mecklenburg-Vorpommern,temp_mean,year,1887,7.36
Mecklenburg-Vorpommern,temp_mean,year,1888,6.75
Mecklenburg-Vorpommern,temp_mean,year,1889,7.59
Mecklenburg-Vorpommern,temp_mean,year,1890,7.56
Mecklenburg-Vorpommern,temp_mean,year,1891,7.59
Mecklenburg-Vorpommern,temp_mean,year,1892,7.17
Mecklenburg-Vorpommern,temp_mean,year,1893,7.62
Mecklenburg-Vorpommern,temp_mean,year,1894,8.19
Mecklenburg-Vorpommern,temp_mean,year,1895,7.37
Mecklenburg-Vorpommern,temp_mean,year,1896,7.94
Mecklenburg-Vorpommern,temp_mean,year,1897,7.86
Mecklenburg-Vorpommern,temp_mean,year,1898,8.36
Mecklenburg-Vorpommern,temp_mean,year,1899,8.13
Mecklenburg-Vorpommern,temp_mean,year,1900,8.25
Mecklenburg-Vorpommern,temp_mean,year,1901,7.76
Mecklenburg-Vorpommern,temp_mean,year,1902,6.58
Mecklenburg-Vorpommern,temp_mean,year,1903,8.23
Mecklenburg-Vorpommern,temp_mean,year,1904,8.02
Mecklenburg-Vorpommern,temp_mean,year,1905,7.93
Mecklenburg-Vorpommern,temp_mean,year,1906,8.39
Mecklenburg-Vorpommern,temp_mean,year,1907,7.5
Mecklenburg-Vorpommern,temp_mean,year,1908,7.57
Mecklenburg-Vorpommern,temp_mean,year,1909,7.25
Mecklenburg-Vorpommern,temp_mean,year,1910,8.59
Mecklenburg-Vorpommern,temp_mean,year,1911,9.02
Mecklenburg-Vorpommern,temp_mean,year,1912,7.71
Mecklenburg-Vorpommern,temp_mean,year,1913,8.79
Mecklenburg-Vorpommern,temp_mean,year,1914,9.15
Mecklenburg-Vorpommern,temp_mean,year,1915,7.63
Mecklenburg-Vorpommern,temp_mean,year,1916,8.33
Mecklenburg-Vorpommern,temp_mean,year,1917,7.62
Mecklenburg-Vorpommern,temp_mean,year,1918,8.47
Mecklenburg-Vorpommern,temp_mean,year,1919,7.27
Mecklenburg-Vorpommern,temp_mean,year,1920,8.54
Mecklenburg-Vorpommern,temp_mean,year,1921,9.04
Mecklenburg-Vorpommern,temp_mean,year,1922,7.1
Mecklenburg-Vorpommern,temp_mean,year,1923,7.61
Mecklenburg-Vorpommern,temp_mean,year,1924,7.46
Mecklenburg-Vorpommern,temp_mean,year,1925,8.55
Mecklenburg-Vorpommern,temp_mean,year,1926,8.74
Mecklenburg-Vorpommern,temp_mean,year,1927,7.92
Mecklenburg-Vorpommern,temp_mean,year,1928,8.03
Mecklenburg-Vorpommern,temp_mean,year,1929,6.99
Mecklenburg-Vorpommern,temp_mean,year,1930,8.64
Mecklenburg-Vorpommern,temp_mean,year,1931,7.6
Mecklenburg-Vorpommern,temp_mean,year,1932,8.58
Mecklenburg-Vorpommern,temp_mean,year,1933,7.78
Mecklenburg-Vorpommern,temp_mean,year,1934,9.72
Mecklenburg-Vorpommern,temp_mean,year,1935,8.49
Mecklenburg-Vorpommern,temp_mean,year,1936,8.31
Mecklenburg-Vorpommern,temp_mean,year,1937,8.41
Mecklenburg-Vorpommern,temp_mean,year,1938,8.99
Mecklenburg-Vorpommern,temp_mean,year,1939,8.51
Mecklenburg-Vorpommern,temp_mean,year,1940,6.2
Mecklenburg-Vorpommern,temp_mean,year,1941,6.92
Mecklenburg-Vorpommern,temp_mean,year,1942,6.91
Mecklenburg-Vorpommern,temp_mean,year,1943,8.93
Mecklenburg-Vorpommern,temp_mean,year,1944,8.56
Mecklenburg-Vorpommern,temp_mean,year,1945,9.3
Mecklenburg-Vorpommern,temp_mean,year,1946,8.8
Mecklenburg-Vorpommern,temp_mean,year,1947,7.75
Mecklenburg-Vorpommern,temp_mean,year,1948,8.96
Mecklenburg-Vorpommern,temp_mean,year,1949,9.16
Mecklenburg-Vorpommern,temp_mean,year,1950,8.46
Mecklenburg-Vorpommern,temp_mean,year,1951,8.64
Mecklenburg-Vorpommern,temp_mean,year,1952,7.64
Mecklenburg-Vorpommern,temp_mean,year,1953,9.12
Mecklenburg-Vorpommern,temp_mean,year,1954,7.54
Mecklenburg-Vorpommern,temp_mean,year,1955,7.59
Mecklenburg-Vorpommern,temp_mean,year,1956,6.93
Mecklenburg-Vorpommern,temp_mean,year,1957,8.51
Mecklenburg-Vorpommern,temp_mean,year,1958,7.98
Mecklenburg-Vorpommern,temp_mean,year,1959,8.93
Mecklenburg-Vorpommern,temp_mean,year,1960,8.17
Mecklenburg-Vorpommern,temp_mean,year,1961,8.82
Mecklenburg-Vorpommern,temp_mean,year,1962,7.22
Mecklenburg-Vorpommern,temp_mean,year,1963,7.1
Mecklenburg-Vorpommern,temp_mean,year,1964,7.95
Mecklenburg-Vorpommern,temp_mean,year,1965,7.34
Mecklenburg-Vorpommern,temp_mean,year,1966,8.19
Mecklenburg-Vorpommern,temp_mean,year,1967,9.08
Mecklenburg-Vorpommern,temp_mean,year,1968,8.27
Mecklenburg-Vorpommern,temp_mean,year,1969,7.34
Mecklenburg-Vorpommern,temp_mean,year,1970,7.33
Mecklenburg-Vorpommern,temp_mean,year,1971,8.56
Mecklenburg-Vorpommern,temp_mean,year,1972,7.86
Mecklenburg-Vorpommern,temp_mean,year,1973,8.41
Mecklenburg-Vorpommern,temp_mean,year,1974,8.78
Mecklenburg-Vorpommern,temp_mean,year,1975,9.05
Mecklenburg-Vorpommern,temp_mean,year,1976,8.01
Mecklenburg-Vorpommern,temp_mean,year,1977,8.46
Mecklenburg-Vorpommern,temp_mean,year,1978,7.83
Mecklenburg-Vorpommern,temp_mean,year,1979,7.31
Mecklenburg-Vorpommern,temp_mean,year,1980,7.33
Mecklenburg-Vorpommern,temp_mean,year,1981,8.13
Mecklenburg-Vorpommern,temp_mean,year,1982,8.68
Mecklenburg-Vorpommern,temp_mean,year,1983,9.07
Mecklenburg-Vorpommern,temp_mean,year,1984,8.02
Mecklenburg-Vorpommern,temp_mean,year,1985,7.24
Mecklenburg-Vorpommern,temp_mean,year,1986,7.75
Mecklenburg-Vorpommern,temp_mean,year,1987,7.08
Mecklenburg-Vorpommern,temp_mean,year,1988,8.99
Mecklenburg-Vorpommern,temp_mean,year,1989,9.7
Mecklenburg-Vorpommern,temp_mean,year,1990,9.76
Mecklenburg-Vorpommern,temp_mean,year,1991,8.42
Mecklenburg-Vorpommern,temp_mean,year,1992,9.34
Mecklenburg-Vorpommern,temp_mean,year,1993,8.15
Mecklenburg-Vorpommern,temp_mean,year,1994,9.23
Mecklenburg-Vorpommern,temp_mean,year,1995,8.65
Mecklenburg-Vorpommern,temp_mean,year,1996,6.93
Mecklenburg-Vorpommern,temp_mean,year,1997,8.78
Mecklenburg-Vorpommern,temp_mean,year,1998,8.89
Mecklenburg-Vorpommern,temp_mean,year,1999,9.55
Mecklenburg-Vorpommern,temp_mean,year,2000,9.74
Mecklenburg-Vorpommern,temp_mean,year,2001,8.78
Mecklenburg-Vorpommern,temp_mean,year,2002,9.42
Mecklenburg-Vorpommern,temp_mean,year,2003,9.04
Mecklenburg-Vorpommern,temp_mean,year,2004,8.95
Mecklenburg-Vorpommern,temp_mean,year,2005,9.06
Mecklenburg-Vorpommern,temp_mean,year,2006,9.66
Mecklenburg-Vorpommern,temp_mean,year,2007,9.95
Mecklenburg-Vorpommern,temp_mean,year,2008,9.71
Mecklenburg-Vorpommern,temp_mean,year,2009,9.08
Mecklenburg-Vorpommern,temp_mean,year,2010,7.69
Mecklenburg-Vorpommern,temp_mean,year,2011,9.44
Mecklenburg-Vorpommern,temp_mean,year,2012,8.85
Mecklenburg-Vorpommern,temp_mean,year,2013,8.89
Mecklenburg-Vorpommern,temp_mean,year,2014,10.24
Mecklenburg-Vorpommern,temp_mean,year,2015,9.76
Mecklenburg-Vorpommern,temp_mean,year,2016,9.62
Mecklenburg-Vorpommern,temp_mean,year,2017,9.47
Mecklenburg-Vorpommern,temp_mean,year,2018,10.2
Mecklenburg-Vorpommern,temp_mean,year,2019,10.45
Mecklenburg-Vorpommern,temp_mean,year,2020,10.43
Mecklenburg-Vorpommern,temp_mean,year,2021,9.45
Mecklenburg-Vorpommern,temp_mean,year,2022,10.21
Mecklenburg-Vorpommern,temp_mean,year,2023,10.32
Mecklenburg-Vorpommern,temp_mean,year,2024,10.96
Mecklenburg-Vorpommern,temp_mean,year,2025,10
Mecklenburg-Vorpommern,tropical_nights,year,1951,0
Mecklenburg-Vorpommern,tropical_nights,year,1952,0
Mecklenburg-Vorpommern,tropical_nights,year,1953,0.02
Mecklenburg-Vorpommern,tropical_nights,year,1954,0
Mecklenburg-Vorpommern,tropical_nights,year,1955,0
Mecklenburg-Vorpommern,tropical_nights,year,1956,0
Mecklenburg-Vorpommern,tropical_nights,year,1957,0
Mecklenburg-Vorpommern,tropical_nights,year,1958,0
Mecklenburg-Vorpommern,tropical_nights,year,1959,0.3
Mecklenburg-Vorpommern,tropical_nights,year,1960,0
Mecklenburg-Vorpommern,tropical_nights,year,1961,0
Mecklenburg-Vorpommern,tropical_nights,year,1962,0
Mecklenburg-Vorpommern,tropical_nights,year,1963,0.43
Mecklenburg-Vorpommern,tropical_nights,year,1964,0
Mecklenburg-Vorpommern,tropical_nights,year,1965,0
Mecklenburg-Vorpommern,tropical_nights,year,1966,0
Mecklenburg-Vorpommern,tropical_nights,year,1967,0
Mecklenburg-Vorpommern,tropical_nights,year,1968,0
Mecklenburg-Vorpommern,tropical_nights,year,1969,0.55
Mecklenburg-Vorpommern,tropical_nights,year,1970,0
Mecklenburg-Vorpommern,tropical_nights,year,1971,0.11
Mecklenburg-Vorpommern,tropical_nights,year,1972,0.14
Mecklenburg-Vorpommern,tropical_nights,year,1973,0.07
Mecklenburg-Vorpommern,tropical_nights,year,1974,0
Mecklenburg-Vorpommern,tropical_nights,year,1975,0.05
Mecklenburg-Vorpommern,tropical_nights,year,1976,0.42
Mecklenburg-Vorpommern,tropical_nights,year,1977,0
Mecklenburg-Vorpommern,tropical_nights,year,1978,0
Mecklenburg-Vorpommern,tropical_nights,year,1979,0
Mecklenburg-Vorpommern,tropical_nights,year,1980,0
Mecklenburg-Vorpommern,tropical_nights,year,1981,0
Mecklenburg-Vorpommern,tropical_nights,year,1982,0.02
Mecklenburg-Vorpommern,tropical_nights,year,1983,0.15
Mecklenburg-Vorpommern,tropical_nights,year,1984,0
Mecklenburg-Vorpommern,tropical_nights,year,1985,0
Mecklenburg-Vorpommern,tropical_nights,year,1986,0.34
Mecklenburg-Vorpommern,tropical_nights,year,1987,0.05
Mecklenburg-Vorpommern,tropical_nights,year,1988,0.07
Mecklenburg-Vorpommern,tropical_nights,year,1989,0
Mecklenburg-Vorpommern,tropical_nights,year,1990,0.09
Mecklenburg-Vorpommern,tropical_nights,year,1991,0.02
Mecklenburg-Vorpommern,tropical_nights,year,1992,0.43
Mecklenburg-Vorpommern,tropical_nights,year,1993,0
Mecklenburg-Vorpommern,tropical_nights,year,1994,2.03
Mecklenburg-Vorpommern,tropical_nights,year,1995,0
Mecklenburg-Vorpommern,tropical_nights,year,1996,0
Mecklenburg-Vorpommern,tropical_nights,year,1997,0.33
Mecklenburg-Vorpommern,tropical_nights,year,1998,0.01
Mecklenburg-Vorpommern,tropical_nights,year,1999,0.03
Mecklenburg-Vorpommern,tropical_nights,year,2000,0.1
Mecklenburg-Vorpommern,tropical_nights,year,2001,0.06
Mecklenburg-Vorpommern,tropical_nights,year,2002,0.09
Mecklenburg-Vorpommern,tropical_nights,year,2003,0.17
Mecklenburg-Vorpommern,tropical_nights,year,2004,0
Mecklenburg-Vorpommern,tropical_nights,year,2005,0
Mecklenburg-Vorpommern,tropical_nights,year,2006,0.85
Mecklenburg-Vorpommern,tropical_nights,year,2007,0.01
Mecklenburg-Vorpommern,tropical_nights,year,2008,0
Mecklenburg-Vorpommern,tropical_nights,year,2009,0
Mecklenburg-Vorpommern,tropical_nights,year,2010,1.77
Mecklenburg-Vorpommern,tropical_nights,year,2011,0
Mecklenburg-Vorpommern,tropical_nights,year,2012,0
Mecklenburg-Vorpommern,tropical_nights,year,2013,0.33
Mecklenburg-Vorpommern,tropical_nights,year,2014,0.15
Mecklenburg-Vorpommern,tropical_nights,year,2015,0.3
Mecklenburg-Vorpommern,tropical_nights,year,2016,0.03
Mecklenburg-Vorpommern,tropical_nights,year,2017,0
Mecklenburg-Vorpommern,tropical_nights,year,2018,2.19
Mecklenburg-Vorpommern,tropical_nights,year,2019,0.15
Mecklenburg-Vorpommern,tropical_nights,year,2020,0.09
Mecklenburg-Vorpommern,tropical_nights,year,2021,0.88
Mecklenburg-Vorpommern,tropical_nights,year,2022,0.09
Mecklenburg-Vorpommern,tropical_nights,year,2023,0
Mecklenburg-Vorpommern,tropical_nights,year,2024,0.11
Mecklenburg-Vorpommern,tropical_nights,year,2025,0
Niedersachsen,frost_days,year,1951,71.65
Niedersachsen,frost_days,year,1952,98.45
Niedersachsen,frost_days,year,1953,73.49
Niedersachsen,frost_days,year,1954,84.46
Niedersachsen,frost_days,year,1955,104.62
Niedersachsen,frost_days,year,1956,95.55
Niedersachsen,frost_days,year,1957,64.21
Niedersachsen,frost_days,year,1958,86.05
Niedersachsen,frost_days,year,1959,77.34
Niedersachsen,frost_days,year,1960,69.02
Niedersachsen,frost_days,year,1961,59.24
Niedersachsen,frost_days,year,1962,86.64
Niedersachsen,frost_days,year,1963,103.13
Niedersachsen,frost_days,year,1964,89
Niedersachsen,frost_days,year,1965,86.48
Niedersachsen,frost_days,year,1966,73.52
Niedersachsen,frost_days,year,1967,52.99
Niedersachsen,frost_days,year,1968,85.8
Niedersachsen,frost_days,year,1969,107.7
Niedersachsen,frost_days,year,1970,94.04
Niedersachsen,frost_days,year,1971,69.8
Niedersachsen,frost_days,year,1972,74.45
Niedersachsen,frost_days,year,1973,71.34
Niedersachsen,frost_days,year,1974,34.75
Niedersachsen,frost_days,year,1975,58.64
Niedersachsen,frost_days,year,1976,88.41
Niedersachsen,frost_days,year,1977,55.75
Niedersachsen,frost_days,year,1978,80.01
Niedersachsen,frost_days,year,1979,91.55
Niedersachsen,frost_days,year,1980,91.44
Niedersachsen,frost_days,year,1981,86.62
Niedersachsen,frost_days,year,1982,72
Niedersachsen,frost_days,year,1983,64.91
Niedersachsen,frost_days,year,1984,79.81
Niedersachsen,frost_days,year,1985,92.17
Niedersachsen,frost_days,year,1986,75.36
Niedersachsen,frost_days,year,1987,85.7
Niedersachsen,frost_days,year,1988,52.67
Niedersachsen,frost_days,year,1989,52.03
Niedersachsen,frost_days,year,1990,38.98
Niedersachsen,frost_days,year,1991,74.86
Niedersachsen,frost_days,year,1992,47.87
Niedersachsen,frost_days,year,1993,73.47
Niedersachsen,frost_days,year,1994,46.61
Niedersachsen,frost_days,year,1995,78.68
Niedersachsen,frost_days,year,1996,108.86
Niedersachsen,frost_days,year,1997,68.97
Niedersachsen,frost_days,year,1998,53.98
Niedersachsen,frost_days,year,1999,52.73
Niedersachsen,frost_days,year,2000,38.23
Niedersachsen,frost_days,year,2001,75.88
Niedersachsen,frost_days,year,2002,58.09
Niedersachsen,frost_days,year,2003,85.59
Niedersachsen,frost_days,year,2004,67.34
Niedersachsen,frost_days,year,2005,71.9
Niedersachsen,frost_days,year,2006,77.38
Niedersachsen,frost_days,year,2007,38.9
Niedersachsen,frost_days,year,2008,54.35
Niedersachsen,frost_days,year,2009,69.18
Niedersachsen,frost_days,year,2010,105.59
Niedersachsen,frost_days,year,2011,67.06
Niedersachsen,frost_days,year,2012,62.63
Niedersachsen,frost_days,year,2013,87.07
Niedersachsen,frost_days,year,2014,43.8
Niedersachsen,frost_days,year,2015,45.63
Niedersachsen,frost_days,year,2016,70.89
Niedersachsen,frost_days,year,2017,52.92
Niedersachsen,frost_days,year,2018,64.69
Niedersachsen,frost_days,year,2019,50.07
Niedersachsen,frost_days,year,2020,33.8
Niedersachsen,frost_days,year,2021,64.85
Niedersachsen,frost_days,year,2022,52.53
Niedersachsen,frost_days,year,2023,53.07
Niedersachsen,frost_days,year,2024,35.49
Niedersachsen,frost_days,year,2025,69.5
Niedersachsen,hot_days,year,1951,1.71
Niedersachsen,hot_days,year,1952,2.55
Niedersachsen,hot_days,year,1953,4.08
Niedersachsen,hot_days,year,1954,1.52
Niedersachsen,hot_days,year,1955,0.48
Niedersachsen,hot_days,year,1956,0.25
Niedersachsen,hot_days,year,1957,5.39
Niedersachsen,hot_days,year,1958,0.25
Niedersachsen,hot_days,year,1959,5.59
Niedersachsen,hot_days,year,1960,0.61
Niedersachsen,hot_days,year,1961,2.86
Niedersachsen,hot_days,year,1962,0.2
Niedersachsen,hot_days,year,1963,2.88
Niedersachsen,hot_days,year,1964,6.17
Niedersachsen,hot_days,year,1965,0.17
Niedersachsen,hot_days,year,1966,2.13
Niedersachsen,hot_days,year,1967,0.85
Niedersachsen,hot_days,year,1968,1.69
Niedersachsen,hot_days,year,1969,6.28
Niedersachsen,hot_days,year,1970,1.76
Niedersachsen,hot_days,year,1971,3.43
Niedersachsen,hot_days,year,1972,3.95
Niedersachsen,hot_days,year,1973,5.07
Niedersachsen,hot_days,year,1974,1.34
Niedersachsen,hot_days,year,1975,8.78
Niedersachsen,hot_days,year,1976,8.02
Niedersachsen,hot_days,year,1977,0.74
Niedersachsen,hot_days,year,1978,1.98
Niedersachsen,hot_days,year,1979,1.46
Niedersachsen,hot_days,year,1980,0.58
Niedersachsen,hot_days,year,1981,2.22
Niedersachsen,hot_days,year,1982,7.52
Niedersachsen,hot_days,year,1983,8.74
Niedersachsen,hot_days,year,1984,2.18
Niedersachsen,hot_days,year,1985,2.01
Niedersachsen,hot_days,year,1986,4.56
Niedersachsen,hot_days,year,1987,1.25
Niedersachsen,hot_days,year,1988,0.32
Niedersachsen,hot_days,year,1989,3.7
Niedersachsen,hot_days,year,1990,4.57
Niedersachsen,hot_days,year,1991,3.41
Niedersachsen,hot_days,year,1992,6.12
Niedersachsen,hot_days,year,1993,0.24
Niedersachsen,hot_days,year,1994,15.83
Niedersachsen,hot_days,year,1995,11.46
Niedersachsen,hot_days,year,1996,3.55
Niedersachsen,hot_days,year,1997,6.04
Niedersachsen,hot_days,year,1998,4.31
Niedersachsen,hot_days,year,1999,6.55
Niedersachsen,hot_days,year,2000,4.17
Niedersachsen,hot_days,year,2001,4.99
Niedersachsen,hot_days,year,2002,6.14
Niedersachsen,hot_days,year,2003,13.53
Niedersachsen,hot_days,year,2004,4.59
Niedersachsen,hot_days,year,2005,5.62
Niedersachsen,hot_days,year,2006,13.08
Niedersachsen,hot_days,year,2007,4.03
Niedersachsen,hot_days,year,2008,7.05
Niedersachsen,hot_days,year,2009,4.22
Niedersachsen,hot_days,year,2010,10.36
Niedersachsen,hot_days,year,2011,2.46
Niedersachsen,hot_days,year,2012,4.54
Niedersachsen,hot_days,year,2013,7.94
Niedersachsen,hot_days,year,2014,3.69
Niedersachsen,hot_days,year,2015,8.8
Niedersachsen,hot_days,year,2016,8.79
Niedersachsen,hot_days,year,2017,2.28
Niedersachsen,hot_days,year,2018,18.95
Niedersachsen,hot_days,year,2019,15.41
Niedersachsen,hot_days,year,2020,10.09
Niedersachsen,hot_days,year,2021,2.86
Niedersachsen,hot_days,year,2022,15.51
Niedersachsen,hot_days,year,2023,7.11
Niedersachsen,hot_days,year,2024,7.43
Niedersachsen,hot_days,year,2025,6.85
Niedersachsen,ice_days,year,1951,4.57
Niedersachsen,ice_days,year,1952,15.65
Niedersachsen,ice_days,year,1953,14.28
Niedersachsen,ice_days,year,1954,28.44
Niedersachsen,ice_days,year,1955,26.8
Niedersachsen,ice_days,year,1956,35.83
Niedersachsen,ice_days,year,1957,8.07
Niedersachsen,ice_days,year,1958,11.8
Niedersachsen,ice_days,year,1959,16.11
Niedersachsen,ice_days,year,1960,15.24
Niedersachsen,ice_days,year,1961,17.34
Niedersachsen,ice_days,year,1962,25.35
Niedersachsen,ice_days,year,1963,60.71
Niedersachsen,ice_days,year,1964,26.81
Niedersachsen,ice_days,year,1965,18.12
Niedersachsen,ice_days,year,1966,27.23
Niedersachsen,ice_days,year,1967,8.92
Niedersachsen,ice_days,year,1968,22.87
Niedersachsen,ice_days,year,1969,40.82
Niedersachsen,ice_days,year,1970,33.52
Niedersachsen,ice_days,year,1971,15.79
Niedersachsen,ice_days,year,1972,16.39
Niedersachsen,ice_days,year,1973,7.36
Niedersachsen,ice_days,year,1974,1.23
Niedersachsen,ice_days,year,1975,2.96
Niedersachsen,ice_days,year,1976,20.15
Niedersachsen,ice_days,year,1977,7.33
Niedersachsen,ice_days,year,1978,24.57
Niedersachsen,ice_days,year,1979,31.98
Niedersachsen,ice_days,year,1980,23.39
Niedersachsen,ice_days,year,1981,24.36
Niedersachsen,ice_days,year,1982,14.21
Niedersachsen,ice_days,year,1983,12.83
Niedersachsen,ice_days,year,1984,10.19
Niedersachsen,ice_days,year,1985,39.7
Niedersachsen,ice_days,year,1986,34
Niedersachsen,ice_days,year,1987,32.93
Niedersachsen,ice_days,year,1988,4.12
Niedersachsen,ice_days,year,1989,5.67
Niedersachsen,ice_days,year,1990,4.43
Niedersachsen,ice_days,year,1991,14.58
Niedersachsen,ice_days,year,1992,9.51
Niedersachsen,ice_days,year,1993,17.17
Niedersachsen,ice_days,year,1994,9.71
Niedersachsen,ice_days,year,1995,19.4
Niedersachsen,ice_days,year,1996,45.44
Niedersachsen,ice_days,year,1997,14.5
Niedersachsen,ice_days,year,1998,12.83
Niedersachsen,ice_days,year,1999,6.2
Niedersachsen,ice_days,year,2000,6.11
Niedersachsen,ice_days,year,2001,13.43
Niedersachsen,ice_days,year,2002,14.15
Niedersachsen,ice_days,year,2003,15.02
Niedersachsen,ice_days,year,2004,6.59
Niedersachsen,ice_days,year,2005,13.32
Niedersachsen,ice_days,year,2006,13.16
Niedersachsen,ice_days,year,2007,6.77
Niedersachsen,ice_days,year,2008,5.5
Niedersachsen,ice_days,year,2009,16.6
Niedersachsen,ice_days,year,2010,54.36
Niedersachsen,ice_days,year,2011,9.8
Niedersachsen,ice_days,year,2012,19.3
Niedersachsen,ice_days,year,2013,22.23
Niedersachsen,ice_days,year,2014,10.49
Niedersachsen,ice_days,year,2015,2.45
Niedersachsen,ice_days,year,2016,9.55
Niedersachsen,ice_days,year,2017,9.92
Niedersachsen,ice_days,year,2018,9.68
Niedersachsen,ice_days,year,2019,3.44
Niedersachsen,ice_days,year,2020,1.02
Niedersachsen,ice_days,year,2021,13.09
Niedersachsen,ice_days,year,2022,6.54
Niedersachsen,ice_days,year,2023,3.97
Niedersachsen,ice_days,year,2024,4.81
Niedersachsen,ice_days,year,2025,5.74
Niedersachsen,precip_ge10,year,1951,20.49
Niedersachsen,precip_ge10,year,1952,16.94
Niedersachsen,precip_ge10,year,1953,13.21
Niedersachsen,precip_ge10,year,1954,23.04
Niedersachsen,precip_ge10,year,1955,17.2
Niedersachsen,precip_ge10,year,1956,20.68
Niedersachsen,precip_ge10,year,1957,22.14
Niedersachsen,precip_ge10,year,1958,20.6
Niedersachsen,precip_ge10,year,1959,7.32
Niedersachsen,precip_ge10,year,1960,20.1
Niedersachsen,precip_ge10,year,1961,27.53
Niedersachsen,precip_ge10,year,1962,15.69
Niedersachsen,precip_ge10,year,1963,14.3
Niedersachsen,precip_ge10,year,1964,11.67
Niedersachsen,precip_ge10,year,1965,22.43
Niedersachsen,precip_ge10,year,1966,24.11
Niedersachsen,precip_ge10,year,1967,19.58
Niedersachsen,precip_ge10,year,1968,18.44
Niedersachsen,precip_ge10,year,1969,16.63
Niedersachsen,precip_ge10,year,1970,20.06
Niedersachsen,precip_ge10,year,1971,11.81
Niedersachsen,precip_ge10,year,1972,16.98
Niedersachsen,precip_ge10,year,1973,15.15
Niedersachsen,precip_ge10,year,1974,16.68
Niedersachsen,precip_ge10,year,1975,14.11
Niedersachsen,precip_ge10,year,1976,13.51
Niedersachsen,precip_ge10,year,1977,17.42
Niedersachsen,precip_ge10,year,1978,18.54
Niedersachsen,precip_ge10,year,1979,17.02
Niedersachsen,precip_ge10,year,1980,19.35
Niedersachsen,precip_ge10,year,1981,23.31
Niedersachsen,precip_ge10,year,1982,14.97
Niedersachsen,precip_ge10,year,1983,18.75
Niedersachsen,precip_ge10,year,1984,20.8
Niedersachsen,precip_ge10,year,1985,15.12
Niedersachsen,precip_ge10,year,1986,21.26
Niedersachsen,precip_ge10,year,1987,20.11
Niedersachsen,precip_ge10,year,1988,18.4
Niedersachsen,precip_ge10,year,1989,16.63
Niedersachsen,precip_ge10,year,1990,20
Niedersachsen,precip_ge10,year,1991,14.85
Niedersachsen,precip_ge10,year,1992,19.33
Niedersachsen,precip_ge10,year,1993,28.11
Niedersachsen,precip_ge10,year,1994,26.18
Niedersachsen,precip_ge10,year,1995,21.52
Niedersachsen,precip_ge10,year,1996,14.89
Niedersachsen,precip_ge10,year,1997,18.47
Niedersachsen,precip_ge10,year,1998,26.87
Niedersachsen,precip_ge10,year,1999,17.17
Niedersachsen,precip_ge10,year,2000,15.05
Niedersachsen,precip_ge10,year,2001,24.64
Niedersachsen,precip_ge10,year,2002,29.05
Niedersachsen,precip_ge10,year,2003,15.67
Niedersachsen,precip_ge10,year,2004,22.28
Niedersachsen,precip_ge10,year,2005,17.55
Niedersachsen,precip_ge10,year,2006,14.61
Niedersachsen,precip_ge10,year,2007,28.69
Niedersachsen,precip_ge10,year,2008,21.06
Niedersachsen,precip_ge10,year,2009,15.93
Niedersachsen,precip_ge10,year,2010,19.68
Niedersachsen,precip_ge10,year,2011,18.06
Niedersachsen,precip_ge10,year,2012,16.77
Niedersachsen,precip_ge10,year,2013,17.25
Niedersachsen,precip_ge10,year,2014,16.89
Niedersachsen,precip_ge10,year,2015,21.37
Niedersachsen,precip_ge10,year,2016,14.84
Niedersachsen,precip_ge10,year,2017,23.67
Niedersachsen,precip_ge10,year,2018,12.01
Niedersachsen,precip_ge10,year,2019,16.53
Niedersachsen,precip_ge10,year,2020,16.8
Niedersachsen,precip_ge10,year,2021,19.31
Niedersachsen,precip_ge10,year,2022,15.85
Niedersachsen,precip_ge10,year,2023,32.06
Niedersachsen,precip_ge10,year,2024,25.46
Niedersachsen,precip_ge10,year,2025,14.16
Niedersachsen,precip_ge20,year,1951,4.45
Niedersachsen,precip_ge20,year,1952,2.55
Niedersachsen,precip_ge20,year,1953,2.22
Niedersachsen,precip_ge20,year,1954,5.29
Niedersachsen,precip_ge20,year,1955,4.19
Niedersachsen,precip_ge20,year,1956,4.33
Niedersachsen,precip_ge20,year,1957,4.28
Niedersachsen,precip_ge20,year,1958,3.65
Niedersachsen,precip_ge20,year,1959,1.12
Niedersachsen,precip_ge20,year,1960,5.77
Niedersachsen,precip_ge20,year,1961,5.74
Niedersachsen,precip_ge20,year,1962,2.85
Niedersachsen,precip_ge20,year,1963,2.85
Niedersachsen,precip_ge20,year,1964,2.06
Niedersachsen,precip_ge20,year,1965,4.32
Niedersachsen,precip_ge20,year,1966,4.78
Niedersachsen,precip_ge20,year,1967,4.28
Niedersachsen,precip_ge20,year,1968,4.42
Niedersachsen,precip_ge20,year,1969,3.17
Niedersachsen,precip_ge20,year,1970,4.39
Niedersachsen,precip_ge20,year,1971,2.66
Niedersachsen,precip_ge20,year,1972,3.6
Niedersachsen,precip_ge20,year,1973,1.92
Niedersachsen,precip_ge20,year,1974,2.31
Niedersachsen,precip_ge20,year,1975,2.4
Niedersachsen,precip_ge20,year,1976,1.93
Niedersachsen,precip_ge20,year,1977,3.57
Niedersachsen,precip_ge20,year,1978,2.83
Niedersachsen,precip_ge20,year,1979,2.31
Niedersachsen,precip_ge20,year,1980,3.25
Niedersachsen,precip_ge20,year,1981,5.23
Niedersachsen,precip_ge20,year,1982,2.29
Niedersachsen,precip_ge20,year,1983,3.46
Niedersachsen,precip_ge20,year,1984,4.34
Niedersachsen,precip_ge20,year,1985,1.67
Niedersachsen,precip_ge20,year,1986,4.28
Niedersachsen,precip_ge20,year,1987,2.87
Niedersachsen,precip_ge20,year,1988,2.55
Niedersachsen,precip_ge20,year,1989,3.65
Niedersachsen,precip_ge20,year,1990,3.75
Niedersachsen,precip_ge20,year,1991,3.67
Niedersachsen,precip_ge20,year,1992,4.16
Niedersachsen,precip_ge20,year,1993,6
Niedersachsen,precip_ge20,year,1994,6.39
Niedersachsen,precip_ge20,year,1995,3.46
Niedersachsen,precip_ge20,year,1996,2.81
Niedersachsen,precip_ge20,year,1997,3.4
Niedersachsen,precip_ge20,year,1998,4.59
Niedersachsen,precip_ge20,year,1999,2.2
Niedersachsen,precip_ge20,year,2000,2.78
Niedersachsen,precip_ge20,year,2001,4.38
Niedersachsen,precip_ge20,year,2002,6.91
Niedersachsen,precip_ge20,year,2003,3.34
Niedersachsen,precip_ge20,year,2004,3.4
Niedersachsen,precip_ge20,year,2005,3.18
Niedersachsen,precip_ge20,year,2006,2.52
Niedersachsen,precip_ge20,year,2007,6.24
Niedersachsen,precip_ge20,year,2008,5.82
Niedersachsen,precip_ge20,year,2009,3.08
Niedersachsen,precip_ge20,year,2010,3.88
Niedersachsen,precip_ge20,year,2011,3.91
Niedersachsen,precip_ge20,year,2012,2.47
Niedersachsen,precip_ge20,year,2013,4.07
Niedersachsen,precip_ge20,year,2014,3.26
Niedersachsen,precip_ge20,year,2015,4.05
Niedersachsen,precip_ge20,year,2016,2.96
Niedersachsen,precip_ge20,year,2017,4.71
Niedersachsen,precip_ge20,year,2018,1.73
Niedersachsen,precip_ge20,year,2019,3.31
Niedersachsen,precip_ge20,year,2020,3.17
Niedersachsen,precip_ge20,year,2021,3.12
Niedersachsen,precip_ge20,year,2022,2.36
Niedersachsen,precip_ge20,year,2023,6.92
Niedersachsen,precip_ge20,year,2024,5.94
Niedersachsen,precip_ge20,year,2025,2.34
Niedersachsen,precipitation,year,1881,643.5
Niedersachsen,precipitation,year,1882,758.8
Niedersachsen,precipitation,year,1883,620.4
Niedersachsen,precipitation,year,1884,755.2
Niedersachsen,precipitation,year,1885,646.7
Niedersachsen,precipitation,year,1886,611.6
Niedersachsen,precipitation,year,1887,537.6
Niedersachsen,precipitation,year,1888,723.9
Niedersachsen,precipitation,year,1889,709
Niedersachsen,precipitation,year,1890,693.4
Niedersachsen,precipitation,year,1891,723.9
Niedersachsen,precipitation,year,1892,586
Niedersachsen,precipitation,year,1893,626.1
Niedersachsen,precipitation,year,1894,768
Niedersachsen,precipitation,year,1895,740.9
Niedersachsen,precipitation,year,1896,712.2
Niedersachsen,precipitation,year,1897,656.2
Niedersachsen,precipitation,year,1898,738
Niedersachsen,precipitation,year,1899,664.7
Niedersachsen,precipitation,year,1900,695.1
Niedersachsen,precipitation,year,1901,733.3
Niedersachsen,precipitation,year,1902,696.2
Niedersachsen,precipitation,year,1903,854.2
Niedersachsen,precipitation,year,1904,595
Niedersachsen,precipitation,year,1905,799
Niedersachsen,precipitation,year,1906,762.8
Niedersachsen,precipitation,year,1907,610.7
Niedersachsen,precipitation,year,1908,614.8
Niedersachsen,precipitation,year,1909,794
Niedersachsen,precipitation,year,1910,758.7
Niedersachsen,precipitation,year,1911,539.5
Niedersachsen,precipitation,year,1912,816.2
Niedersachsen,precipitation,year,1913,675.7
Niedersachsen,precipitation,year,1914,785.5
Niedersachsen,precipitation,year,1915,746.9
Niedersachsen,precipitation,year,1916,790.6
Niedersachsen,precipitation,year,1917,647.8
Niedersachsen,precipitation,year,1918,756.7
Niedersachsen,precipitation,year,1919,621.7
Niedersachsen,precipitation,year,1920,604.2
Niedersachsen,precipitation,year,1921,575.5
Niedersachsen,precipitation,year,1922,712.4
Niedersachsen,precipitation,year,1923,747.9
Niedersachsen,precipitation,year,1924,691.7
Niedersachsen,precipitation,year,1925,756.2
Niedersachsen,precipitation,year,1926,896.5
Niedersachsen,precipitation,year,1927,844.1
Niedersachsen,precipitation,year,1928,774.1
Niedersachsen,precipitation,year,1929,539
Niedersachsen,precipitation,year,1930,725.8
Niedersachsen,precipitation,year,1931,823.3
Niedersachsen,precipitation,year,1932,737
Niedersachsen,precipitation,year,1933,587.1
Niedersachsen,precipitation,year,1934,566.4
Niedersachsen,precipitation,year,1935,754.8
Niedersachsen,precipitation,year,1936,771.7
Niedersachsen,precipitation,year,1937,755.5
Niedersachsen,precipitation,year,1938,705
Niedersachsen,precipitation,year,1939,797.1
Niedersachsen,precipitation,year,1940,794.3
Niedersachsen,precipitation,year,1941,751.1
Niedersachsen,precipitation,year,1942,639
Niedersachsen,precipitation,year,1943,618
Niedersachsen,precipitation,year,1944,771.4
Niedersachsen,precipitation,year,1945,734.9
Niedersachsen,precipitation,year,1946,706.6
Niedersachsen,precipitation,year,1947,664.9
Niedersachsen,precipitation,year,1948,711.5
Niedersachsen,precipitation,year,1949,702.2
Niedersachsen,precipitation,year,1950,780.9
Niedersachsen,precipitation,year,1951,778.1
Niedersachsen,precipitation,year,1952,751.6
Niedersachsen,precipitation,year,1953,582.9
Niedersachsen,precipitation,year,1954,875.6
Niedersachsen,precipitation,year,1955,726.4
Niedersachsen,precipitation,year,1956,795.4
Niedersachsen,precipitation,year,1957,794.1
Niedersachsen,precipitation,year,1958,827.4
Niedersachsen,precipitation,year,1959,403.8
Niedersachsen,precipitation,year,1960,844
Niedersachsen,precipitation,year,1961,940
Niedersachsen,precipitation,year,1962,717.7
Niedersachsen,precipitation,year,1963,625.1
Niedersachsen,precipitation,year,1964,581.1
Niedersachsen,precipitation,year,1965,885.8
Niedersachsen,precipitation,year,1966,899.5
Niedersachsen,precipitation,year,1967,853.4
Niedersachsen,precipitation,year,1968,756.9
Niedersachsen,precipitation,year,1969,684.7
Niedersachsen,precipitation,year,1970,856.8
Niedersachsen,precipitation,year,1971,554
Niedersachsen,precipitation,year,1972,634.5
Niedersachsen,precipitation,year,1973,677.6
Niedersachsen,precipitation,year,1974,781.6
Niedersachsen,precipitation,year,1975,605.1
Niedersachsen,precipitation,year,1976,575.2
Niedersachsen,precipitation,year,1977,728.4
Niedersachsen,precipitation,year,1978,747.6
Niedersachsen,precipitation,year,1979,749
Niedersachsen,precipitation,year,1980,798
Niedersachsen,precipitation,year,1981,936.8
Niedersachsen,precipitation,year,1982,648.5
Niedersachsen,precipitation,year,1983,761.6
Niedersachsen,precipitation,year,1984,787.9
Niedersachsen,precipitation,year,1985,721.7
Niedersachsen,precipitation,year,1986,783.4
Niedersachsen,precipitation,year,1987,824.4
Niedersachsen,precipitation,year,1988,822.6
Niedersachsen,precipitation,year,1989,641.6
Niedersachsen,precipitation,year,1990,790.5
Niedersachsen,precipitation,year,1991,623.7
Niedersachsen,precipitation,year,1992,769
Niedersachsen,precipitation,year,1993,926.2
Niedersachsen,precipitation,year,1994,917
Niedersachsen,precipitation,year,1995,768.2
Niedersachsen,precipitation,year,1996,597.3
Niedersachsen,precipitation,year,1997,691.1
Niedersachsen,precipitation,year,1998,1004.2
Niedersachsen,precipitation,year,1999,742
Niedersachsen,precipitation,year,2000,744.5
Niedersachsen,precipitation,year,2001,893.2
Niedersachsen,precipitation,year,2002,991.3
Niedersachsen,precipitation,year,2003,611.4
Niedersachsen,precipitation,year,2004,838.1
Niedersachsen,precipitation,year,2005,753.6
Niedersachsen,precipitation,year,2006,692.2
Niedersachsen,precipitation,year,2007,1006.8
Niedersachsen,precipitation,year,2008,786.4
Niedersachsen,precipitation,year,2009,749.5
Niedersachsen,precipitation,year,2010,774.8
Niedersachsen,precipitation,year,2011,691.1
Niedersachsen,precipitation,year,2012,694.4
Niedersachsen,precipitation,year,2013,685.5
Niedersachsen,precipitation,year,2014,683.1
Niedersachsen,precipitation,year,2015,793.8
Niedersachsen,precipitation,year,2016,652.9
Niedersachsen,precipitation,year,2017,890
Niedersachsen,precipitation,year,2018,512.2
Niedersachsen,precipitation,year,2019,718.2
Niedersachsen,precipitation,year,2020,688.8
Niedersachsen,precipitation,year,2021,748.3
Niedersachsen,precipitation,year,2022,641.7
Niedersachsen,precipitation,year,2023,1074.1
Niedersachsen,precipitation,year,2024,920.7
Niedersachsen,precipitation,year,2025,588.6
Niedersachsen,summer_days,year,1951,20.05
Niedersachsen,summer_days,year,1952,19.93
Niedersachsen,summer_days,year,1953,27.07
Niedersachsen,summer_days,year,1954,14.07
Niedersachsen,summer_days,year,1955,20.74
Niedersachsen,summer_days,year,1956,9.14
Niedersachsen,summer_days,year,1957,19.15
Niedersachsen,summer_days,year,1958,17.91
Niedersachsen,summer_days,year,1959,43.96
Niedersachsen,summer_days,year,1960,12.07
Niedersachsen,summer_days,year,1961,18.67
Niedersachsen,summer_days,year,1962,6.64
Niedersachsen,summer_days,year,1963,17.98
Niedersachsen,summer_days,year,1964,30.21
Niedersachsen,summer_days,year,1965,7.67
Niedersachsen,summer_days,year,1966,22.62
Niedersachsen,summer_days,year,1967,17.57
Niedersachsen,summer_days,year,1968,23.47
Niedersachsen,summer_days,year,1969,31.67
Niedersachsen,summer_days,year,1970,25.12
Niedersachsen,summer_days,year,1971,26.7
Niedersachsen,summer_days,year,1972,17.53
Niedersachsen,summer_days,year,1973,29.85
Niedersachsen,summer_days,year,1974,10.92
Niedersachsen,summer_days,year,1975,37.45
Niedersachsen,summer_days,year,1976,39.4
Niedersachsen,summer_days,year,1977,12.23
Niedersachsen,summer_days,year,1978,17.77
Niedersachsen,summer_days,year,1979,17.75
Niedersachsen,summer_days,year,1980,14.36
Niedersachsen,summer_days,year,1981,18.96
Niedersachsen,summer_days,year,1982,35.26
Niedersachsen,summer_days,year,1983,42.94
Niedersachsen,summer_days,year,1984,15.84
Niedersachsen,summer_days,year,1985,16.4
Niedersachsen,summer_days,year,1986,26.16
Niedersachsen,summer_days,year,1987,12.25
Niedersachsen,summer_days,year,1988,16.09
Niedersachsen,summer_days,year,1989,34.1
Niedersachsen,summer_days,year,1990,25.98
Niedersachsen,summer_days,year,1991,24.98
Niedersachsen,summer_days,year,1992,41.26
Niedersachsen,summer_days,year,1993,19.48
Niedersachsen,summer_days,year,1994,34.22
Niedersachsen,summer_days,year,1995,43.62
Niedersachsen,summer_days,year,1996,21.27
Niedersachsen,summer_days,year,1997,35.34
Niedersachsen,summer_days,year,1998,18.33
Niedersachsen,summer_days,year,1999,39.94
Niedersachsen,summer_days,year,2000,21.16
Niedersachsen,summer_days,year,2001,28.04
Niedersachsen,summer_days,year,2002,29.58
Niedersachsen,summer_days,year,2003,47.95
Niedersachsen,summer_days,year,2004,25.7
Niedersachsen,summer_days,year,2005,33.17
Niedersachsen,summer_days,year,2006,51.21
Niedersachsen,summer_days,year,2007,25.94
Niedersachsen,summer_days,year,2008,27.66
Niedersachsen,summer_days,year,2009,32.65
Niedersachsen,summer_days,year,2010,31.32
Niedersachsen,summer_days,year,2011,30.49
Niedersachsen,summer_days,year,2012,29.31
Niedersachsen,summer_days,year,2013,31.16
Niedersachsen,summer_days,year,2014,32.73
Niedersachsen,summer_days,year,2015,30.8
Niedersachsen,summer_days,year,2016,38.52
Niedersachsen,summer_days,year,2017,24.6
Niedersachsen,summer_days,year,2018,70.34
Niedersachsen,summer_days,year,2019,43.51
Niedersachsen,summer_days,year,2020,36.3
Niedersachsen,summer_days,year,2021,33.1
Niedersachsen,summer_days,year,2022,48.07
Niedersachsen,summer_days,year,2023,45.35
Niedersachsen,summer_days,year,2024,43.13
Niedersachsen,summer_days,year,2025,33.18
Niedersachsen,sunshine,year,1951,1643.4
Niedersachsen,sunshine,year,1952,1484.9
Niedersachsen,sunshine,year,1953,1609.5
Niedersachsen,sunshine,year,1954,1483.9
Niedersachsen,sunshine,year,1955,1626.2
Niedersachsen,sunshine,year,1956,1428.5
Niedersachsen,sunshine,year,1957,1548.1
Niedersachsen,sunshine,year,1958,1387.4
Niedersachsen,sunshine,year,1959,1898.7
Niedersachsen,sunshine,year,1960,1329.4
Niedersachsen,sunshine,year,1961,1356.2
Niedersachsen,sunshine,year,1962,1301.7
Niedersachsen,sunshine,year,1963,1488.1
Niedersachsen,sunshine,year,1964,1561.2
Niedersachsen,sunshine,year,1965,1404
Niedersachsen,sunshine,year,1966,1347
Niedersachsen,sunshine,year,1967,1492.2
Niedersachsen,sunshine,year,1968,1490.7
Niedersachsen,sunshine,year,1969,1453
Niedersachsen,sunshine,year,1970,1432.5
Niedersachsen,sunshine,year,1971,1540.9
Niedersachsen,sunshine,year,1972,1468
Niedersachsen,sunshine,year,1973,1544.7
Niedersachsen,sunshine,year,1974,1436.5
Niedersachsen,sunshine,year,1975,1672.1
Niedersachsen,sunshine,year,1976,1703.7
Niedersachsen,sunshine,year,1977,1327.2
Niedersachsen,sunshine,year,1978,1289.1
Niedersachsen,sunshine,year,1979,1328.1
Niedersachsen,sunshine,year,1980,1448.7
Niedersachsen,sunshine,year,1981,1310.7
Niedersachsen,sunshine,year,1982,1659.1
Niedersachsen,sunshine,year,1983,1502.5
Niedersachsen,sunshine,year,1984,1311.1
Niedersachsen,sunshine,year,1985,1382.4
Niedersachsen,sunshine,year,1986,1514.6
Niedersachsen,sunshine,year,1987,1294
Niedersachsen,sunshine,year,1988,1342.5
Niedersachsen,sunshine,year,1989,1697
Niedersachsen,sunshine,year,1990,1578.7
Niedersachsen,sunshine,year,1991,1605.7
Niedersachsen,sunshine,year,1992,1562.8
Niedersachsen,sunshine,year,1993,1427.1
Niedersachsen,sunshine,year,1994,1559.3
Niedersachsen,sunshine,year,1995,1665.1
Niedersachsen,sunshine,year,1996,1468.3
Niedersachsen,sunshine,year,1997,1662.3
Niedersachsen,sunshine,year,1998,1287.9
Niedersachsen,sunshine,year,1999,1627.2
Niedersachsen,sunshine,year,2000,1421.9
Niedersachsen,sunshine,year,2001,1411.2
Niedersachsen,sunshine,year,2002,1449.2
Niedersachsen,sunshine,year,2003,1913
Niedersachsen,sunshine,year,2004,1513.5
Niedersachsen,sunshine,year,2005,1674.4
Niedersachsen,sunshine,year,2006,1661.9
Niedersachsen,sunshine,year,2007,1537
Niedersachsen,sunshine,year,2008,1597.5
Niedersachsen,sunshine,year,2009,1681.4
Niedersachsen,sunshine,year,2010,1513.5
Niedersachsen,sunshine,year,2011,1670
Niedersachsen,sunshine,year,2012,1508.5
Niedersachsen,sunshine,year,2013,1483.6
Niedersachsen,sunshine,year,2014,1573.7
Niedersachsen,sunshine,year,2015,1627
Niedersachsen,sunshine,year,2016,1574.3
Niedersachsen,sunshine,year,2017,1425
Niedersachsen,sunshine,year,2018,1960.4
Niedersachsen,sunshine,year,2019,1710.1
Niedersachsen,sunshine,year,2020,1778.9
Niedersachsen,sunshine,year,2021,1467.3
Niedersachsen,sunshine,year,2022,1944.8
Niedersachsen,sunshine,year,2023,1654.4
Niedersachsen,sunshine,year,2024,1602.7
Niedersachsen,sunshine,year,2025,1826.9
Niedersachsen,temp_mean,year,1881,7.54
Niedersachsen,temp_mean,year,1882,8.88
Niedersachsen,temp_mean,year,1883,8.39
Niedersachsen,temp_mean,year,1884,9.09
Niedersachsen,temp_mean,year,1885,7.94
Niedersachsen,temp_mean,year,1886,8.21
Niedersachsen,temp_mean,year,1887,7.42
Niedersachsen,temp_mean,year,1888,7.11
Niedersachsen,temp_mean,year,1889,7.96
Niedersachsen,temp_mean,year,1890,7.68
Niedersachsen,temp_mean,year,1891,7.84
Niedersachsen,temp_mean,year,1892,7.63
Niedersachsen,temp_mean,year,1893,8.29
Niedersachsen,temp_mean,year,1894,8.6
Niedersachsen,temp_mean,year,1895,7.64
Niedersachsen,temp_mean,year,1896,8.16
Niedersachsen,temp_mean,year,1897,8.25
Niedersachsen,temp_mean,year,1898,8.86
Niedersachsen,temp_mean,year,1899,8.55
Niedersachsen,temp_mean,year,1900,8.75
Niedersachsen,temp_mean,year,1901,8.11
Niedersachsen,temp_mean,year,1902,7.34
Niedersachsen,temp_mean,year,1903,8.82
Niedersachsen,temp_mean,year,1904,8.6
Niedersachsen,temp_mean,year,1905,8.28
Niedersachsen,temp_mean,year,1906,8.79
Niedersachsen,temp_mean,year,1907,8.06
Niedersachsen,temp_mean,year,1908,7.98
Niedersachsen,temp_mean,year,1909,7.7
Niedersachsen,temp_mean,year,1910,8.98
Niedersachsen,temp_mean,year,1911,9.49
Niedersachsen,temp_mean,year,1912,8.33
Niedersachsen,temp_mean,year,1913,8.99
Niedersachsen,temp_mean,year,1914,9.23
Niedersachsen,temp_mean,year,1915,8.07
Niedersachsen,temp_mean,year,1916,8.57
Niedersachsen,temp_mean,year,1917,7.93
Niedersachsen,temp_mean,year,1918,8.88
Niedersachsen,temp_mean,year,1919,7.48
Niedersachsen,temp_mean,year,1920,8.95
Niedersachsen,temp_mean,year,1921,9.33
Niedersachsen,temp_mean,year,1922,7.44
Niedersachsen,temp_mean,year,1923,8.02
Niedersachsen,temp_mean,year,1924,7.96
Niedersachsen,temp_mean,year,1925,8.82
Niedersachsen,temp_mean,year,1926,9.07
Niedersachsen,temp_mean,year,1927,8.28
Niedersachsen,temp_mean,year,1928,8.47
Niedersachsen,temp_mean,year,1929,7.5
Niedersachsen,temp_mean,year,1930,9.05
Niedersachsen,temp_mean,year,1931,8.08
Niedersachsen,temp_mean,year,1932,8.89
Niedersachsen,temp_mean,year,1933,8.16
Niedersachsen,temp_mean,year,1934,9.96
Niedersachsen,temp_mean,year,1935,8.93
Niedersachsen,temp_mean,year,1936,8.79
Niedersachsen,temp_mean,year,1937,8.85
Niedersachsen,temp_mean,year,1938,9.22
Niedersachsen,temp_mean,year,1939,8.9
Niedersachsen,temp_mean,year,1940,6.95
Niedersachsen,temp_mean,year,1941,7.58
Niedersachsen,temp_mean,year,1942,7.46
Niedersachsen,temp_mean,year,1943,9.2
Niedersachsen,temp_mean,year,1944,8.87
Niedersachsen,temp_mean,year,1945,9.38
Niedersachsen,temp_mean,year,1946,8.64
Niedersachsen,temp_mean,year,1947,8.55
Niedersachsen,temp_mean,year,1948,9.53
Niedersachsen,temp_mean,year,1949,9.5
Niedersachsen,temp_mean,year,1950,8.87
Niedersachsen,temp_mean,year,1951,8.99
Niedersachsen,temp_mean,year,1952,8.1
Niedersachsen,temp_mean,year,1953,9.4
Niedersachsen,temp_mean,year,1954,8.12
Niedersachsen,temp_mean,year,1955,7.97
Niedersachsen,temp_mean,year,1956,7.32
Niedersachsen,temp_mean,year,1957,9.04
Niedersachsen,temp_mean,year,1958,8.57
Niedersachsen,temp_mean,year,1959,9.45
Niedersachsen,temp_mean,year,1960,8.81
Niedersachsen,temp_mean,year,1961,9.23
Niedersachsen,temp_mean,year,1962,7.42
Niedersachsen,temp_mean,year,1963,7.32
Niedersachsen,temp_mean,year,1964,8.35
Niedersachsen,temp_mean,year,1965,7.86
Niedersachsen,temp_mean,year,1966,8.69
Niedersachsen,temp_mean,year,1967,9.39
Niedersachsen,temp_mean,year,1968,8.61
Niedersachsen,temp_mean,year,1969,8.2
Niedersachsen,temp_mean,year,1970,8.07
Niedersachsen,temp_mean,year,1971,8.94
Niedersachsen,temp_mean,year,1972,8.24
Niedersachsen,temp_mean,year,1973,8.77
Niedersachsen,temp_mean,year,1974,9.29
Niedersachsen,temp_mean,year,1975,9.49
Niedersachsen,temp_mean,year,1976,8.84
Niedersachsen,temp_mean,year,1977,9.06
Niedersachsen,temp_mean,year,1978,8.28
Niedersachsen,temp_mean,year,1979,7.77
Niedersachsen,temp_mean,year,1980,8.16
Niedersachsen,temp_mean,year,1981,8.55
Niedersachsen,temp_mean,year,1982,9.3
Niedersachsen,temp_mean,year,1983,9.53
Niedersachsen,temp_mean,year,1984,8.5
Niedersachsen,temp_mean,year,1985,7.8
Niedersachsen,temp_mean,year,1986,8.24
Niedersachsen,temp_mean,year,1987,7.73
Niedersachsen,temp_mean,year,1988,9.51
Niedersachsen,temp_mean,year,1989,9.99
Niedersachsen,temp_mean,year,1990,10.08
Niedersachsen,temp_mean,year,1991,8.8
Niedersachsen,temp_mean,year,1992,9.89
Niedersachsen,temp_mean,year,1993,8.64
Niedersachsen,temp_mean,year,1994,9.84
Niedersachsen,temp_mean,year,1995,9.32
Niedersachsen,temp_mean,year,1996,7.46
Niedersachsen,temp_mean,year,1997,9.35
Niedersachsen,temp_mean,year,1998,9.48
Niedersachsen,temp_mean,year,1999,10.21
Niedersachsen,temp_mean,year,2000,10.27
Niedersachsen,temp_mean,year,2001,9.41
Niedersachsen,temp_mean,year,2002,9.88
Niedersachsen,temp_mean,year,2003,9.66
Niedersachsen,temp_mean,year,2004,9.53
Niedersachsen,temp_mean,year,2005,9.64
Niedersachsen,temp_mean,year,2006,10.22
Niedersachsen,temp_mean,year,2007,10.41
Niedersachsen,temp_mean,year,2008,9.99
Niedersachsen,temp_mean,year,2009,9.71
Niedersachsen,temp_mean,year,2010,8.11
Niedersachsen,temp_mean,year,2011,9.99
Niedersachsen,temp_mean,year,2012,9.45
Niedersachsen,temp_mean,year,2013,9.06
Niedersachsen,temp_mean,year,2014,10.79
Niedersachsen,temp_mean,year,2015,10.15
Niedersachsen,temp_mean,year,2016,9.94
Niedersachsen,temp_mean,year,2017,9.97
Niedersachsen,temp_mean,year,2018,10.73
Niedersachsen,temp_mean,year,2019,10.67
Niedersachsen,temp_mean,year,2020,10.86
Niedersachsen,temp_mean,year,2021,9.69
Niedersachsen,temp_mean,year,2022,10.78
Niedersachsen,temp_mean,year,2023,10.89
Niedersachsen,temp_mean,year,2024,11.26
Niedersachsen,temp_mean,year,2025,10.43
Niedersachsen,tropical_nights,year,1951,0
Niedersachsen,tropical_nights,year,1952,0.03
Niedersachsen,tropical_nights,year,1953,0
Niedersachsen,tropical_nights,year,1954,0
Niedersachsen,tropical_nights,year,1955,0
Niedersachsen,tropical_nights,year,1956,0
Niedersachsen,tropical_nights,year,1957,0.04
Niedersachsen,tropical_nights,year,1958,0
Niedersachsen,tropical_nights,year,1959,0.08
Niedersachsen,tropical_nights,year,1960,0
Niedersachsen,tropical_nights,year,1961,0
Niedersachsen,tropical_nights,year,1962,0
Niedersachsen,tropical_nights,year,1963,0
Niedersachsen,tropical_nights,year,1964,0.03
Niedersachsen,tropical_nights,year,1965,0
Niedersachsen,tropical_nights,year,1966,0
Niedersachsen,tropical_nights,year,1967,0
Niedersachsen,tropical_nights,year,1968,0
Niedersachsen,tropical_nights,year,1969,0.56
Niedersachsen,tropical_nights,year,1970,0
Niedersachsen,tropical_nights,year,1971,0
Niedersachsen,tropical_nights,year,1972,0.02
Niedersachsen,tropical_nights,year,1973,0.02
Niedersachsen,tropical_nights,year,1974,0
Niedersachsen,tropical_nights,year,1975,0.38
Niedersachsen,tropical_nights,year,1976,0.1
Niedersachsen,tropical_nights,year,1977,0
Niedersachsen,tropical_nights,year,1978,0
Niedersachsen,tropical_nights,year,1979,0.01
Niedersachsen,tropical_nights,year,1980,0
Niedersachsen,tropical_nights,year,1981,0.01
Niedersachsen,tropical_nights,year,1982,0.05
Niedersachsen,tropical_nights,year,1983,0.11
Niedersachsen,tropical_nights,year,1984,0.21
Niedersachsen,tropical_nights,year,1985,0
Niedersachsen,tropical_nights,year,1986,0.23
Niedersachsen,tropical_nights,year,1987,0.02
Niedersachsen,tropical_nights,year,1988,0
Niedersachsen,tropical_nights,year,1989,0.01
Niedersachsen,tropical_nights,year,1990,0.02
Niedersachsen,tropical_nights,year,1991,0.19
Niedersachsen,tropical_nights,year,1992,0.41
Niedersachsen,tropical_nights,year,1993,0
Niedersachsen,tropical_nights,year,1994,1.87
Niedersachsen,tropical_nights,year,1995,0.06
Niedersachsen,tropical_nights,year,1996,0.02
Niedersachsen,tropical_nights,year,1997,0.44
Niedersachsen,tropical_nights,year,1998,0.33
Niedersachsen,tropical_nights,year,1999,0.04
Niedersachsen,tropical_nights,year,2000,0.14
Niedersachsen,tropical_nights,year,2001,0.12
Niedersachsen,tropical_nights,year,2002,0.12
Niedersachsen,tropical_nights,year,2003,0.66
Niedersachsen,tropical_nights,year,2004,0.04
Niedersachsen,tropical_nights,year,2005,0.04
Niedersachsen,tropical_nights,year,2006,0.95
Niedersachsen,tropical_nights,year,2007,0.16
Niedersachsen,tropical_nights,year,2008,0
Niedersachsen,tropical_nights,year,2009,0
Niedersachsen,tropical_nights,year,2010,1.07
Niedersachsen,tropical_nights,year,2011,0
Niedersachsen,tropical_nights,year,2012,0.15
Niedersachsen,tropical_nights,year,2013,0.12
Niedersachsen,tropical_nights,year,2014,0.33
Niedersachsen,tropical_nights,year,2015,0
Niedersachsen,tropical_nights,year,2016,0
Niedersachsen,tropical_nights,year,2017,0
Niedersachsen,tropical_nights,year,2018,1.15
Niedersachsen,tropical_nights,year,2019,0.72
Niedersachsen,tropical_nights,year,2020,1.04
Niedersachsen,tropical_nights,year,2021,0.1
Niedersachsen,tropical_nights,year,2022,0.13
Niedersachsen,tropical_nights,year,2023,0
Niedersachsen,tropical_nights,year,2024,0.04
Niedersachsen,tropical_nights,year,2025,0
Niedersachsen/Hamburg/Bremen,frost_days,year,1951,71.51
Niedersachsen/Hamburg/Bremen,frost_days,year,1952,98.32
Niedersachsen/Hamburg/Bremen,frost_days,year,1953,73.31
Niedersachsen/Hamburg/Bremen,frost_days,year,1954,84.37
Niedersachsen/Hamburg/Bremen,frost_days,year,1955,104.56
Niedersachsen/Hamburg/Bremen,frost_days,year,1956,95.4
Niedersachsen/Hamburg/Bremen,frost_days,year,1957,64.02
Niedersachsen/Hamburg/Bremen,frost_days,year,1958,85.99
Niedersachsen/Hamburg/Bremen,frost_days,year,1959,77.15
Niedersachsen/Hamburg/Bremen,frost_days,year,1960,68.92
Niedersachsen/Hamburg/Bremen,frost_days,year,1961,59.16
Niedersachsen/Hamburg/Bremen,frost_days,year,1962,86.48
Niedersachsen/Hamburg/Bremen,frost_days,year,1963,103.05
Niedersachsen/Hamburg/Bremen,frost_days,year,1964,88.93
Niedersachsen/Hamburg/Bremen,frost_days,year,1965,86.37
Niedersachsen/Hamburg/Bremen,frost_days,year,1966,73.46
Niedersachsen/Hamburg/Bremen,frost_days,year,1967,52.85
Niedersachsen/Hamburg/Bremen,frost_days,year,1968,85.66
Niedersachsen/Hamburg/Bremen,frost_days,year,1969,107.67
Niedersachsen/Hamburg/Bremen,frost_days,year,1970,93.99
Niedersachsen/Hamburg/Bremen,frost_days,year,1971,69.53
Niedersachsen/Hamburg/Bremen,frost_days,year,1972,74.22
Niedersachsen/Hamburg/Bremen,frost_days,year,1973,71.01
Niedersachsen/Hamburg/Bremen,frost_days,year,1974,34.56
Niedersachsen/Hamburg/Bremen,frost_days,year,1975,58.45
Niedersachsen/Hamburg/Bremen,frost_days,year,1976,88.27
Niedersachsen/Hamburg/Bremen,frost_days,year,1977,55.63
Niedersachsen/Hamburg/Bremen,frost_days,year,1978,79.86
Niedersachsen/Hamburg/Bremen,frost_days,year,1979,91.47
Niedersachsen/Hamburg/Bremen,frost_days,year,1980,91.45
Niedersachsen/Hamburg/Bremen,frost_days,year,1981,86.53
Niedersachsen/Hamburg/Bremen,frost_days,year,1982,71.94
Niedersachsen/Hamburg/Bremen,frost_days,year,1983,64.84
Niedersachsen/Hamburg/Bremen,frost_days,year,1984,79.72
Niedersachsen/Hamburg/Bremen,frost_days,year,1985,92.04
Niedersachsen/Hamburg/Bremen,frost_days,year,1986,75.33
Niedersachsen/Hamburg/Bremen,frost_days,year,1987,85.63
Niedersachsen/Hamburg/Bremen,frost_days,year,1988,52.55
Niedersachsen/Hamburg/Bremen,frost_days,year,1989,51.89
Niedersachsen/Hamburg/Bremen,frost_days,year,1990,38.79
Niedersachsen/Hamburg/Bremen,frost_days,year,1991,74.65
Niedersachsen/Hamburg/Bremen,frost_days,year,1992,47.77
Niedersachsen/Hamburg/Bremen,frost_days,year,1993,73.38
Niedersachsen/Hamburg/Bremen,frost_days,year,1994,46.49
Niedersachsen/Hamburg/Bremen,frost_days,year,1995,78.58
Niedersachsen/Hamburg/Bremen,frost_days,year,1996,108.79
Niedersachsen/Hamburg/Bremen,frost_days,year,1997,68.94
Niedersachsen/Hamburg/Bremen,frost_days,year,1998,53.89
Niedersachsen/Hamburg/Bremen,frost_days,year,1999,52.63
Niedersachsen/Hamburg/Bremen,frost_days,year,2000,38.15
Niedersachsen/Hamburg/Bremen,frost_days,year,2001,75.88
Niedersachsen/Hamburg/Bremen,frost_days,year,2002,58.08
Niedersachsen/Hamburg/Bremen,frost_days,year,2003,85.59
Niedersachsen/Hamburg/Bremen,frost_days,year,2004,67.24
Niedersachsen/Hamburg/Bremen,frost_days,year,2005,71.89
Niedersachsen/Hamburg/Bremen,frost_days,year,2006,77.3
Niedersachsen/Hamburg/Bremen,frost_days,year,2007,38.84
Niedersachsen/Hamburg/Bremen,frost_days,year,2008,54.2
Niedersachsen/Hamburg/Bremen,frost_days,year,2009,69.07
Niedersachsen/Hamburg/Bremen,frost_days,year,2010,105.6
Niedersachsen/Hamburg/Bremen,frost_days,year,2011,67.02
Niedersachsen/Hamburg/Bremen,frost_days,year,2012,62.61
Niedersachsen/Hamburg/Bremen,frost_days,year,2013,87.04
Niedersachsen/Hamburg/Bremen,frost_days,year,2014,43.74
Niedersachsen/Hamburg/Bremen,frost_days,year,2015,45.51
Niedersachsen/Hamburg/Bremen,frost_days,year,2016,70.89
Niedersachsen/Hamburg/Bremen,frost_days,year,2017,52.74
Niedersachsen/Hamburg/Bremen,frost_days,year,2018,64.6
Niedersachsen/Hamburg/Bremen,frost_days,year,2019,50.01
Niedersachsen/Hamburg/Bremen,frost_days,year,2020,33.65
Niedersachsen/Hamburg/Bremen,frost_days,year,2021,64.8
Niedersachsen/Hamburg/Bremen,frost_days,year,2022,52.39
Niedersachsen/Hamburg/Bremen,frost_days,year,2023,53.02
Niedersachsen/Hamburg/Bremen,frost_days,year,2024,35.42
Niedersachsen/Hamburg/Bremen,frost_days,year,2025,69.4
Niedersachsen/Hamburg/Bremen,hot_days,year,1951,1.71
Niedersachsen/Hamburg/Bremen,hot_days,year,1952,2.52
Niedersachsen/Hamburg/Bremen,hot_days,year,1953,4.09
Niedersachsen/Hamburg/Bremen,hot_days,year,1954,1.51
Niedersachsen/Hamburg/Bremen,hot_days,year,1955,0.47
Niedersachsen/Hamburg/Bremen,hot_days,year,1956,0.25
Niedersachsen/Hamburg/Bremen,hot_days,year,1957,5.37
Niedersachsen/Hamburg/Bremen,hot_days,year,1958,0.24
Niedersachsen/Hamburg/Bremen,hot_days,year,1959,5.59
Niedersachsen/Hamburg/Bremen,hot_days,year,1960,0.61
Niedersachsen/Hamburg/Bremen,hot_days,year,1961,2.86
Niedersachsen/Hamburg/Bremen,hot_days,year,1962,0.2
Niedersachsen/Hamburg/Bremen,hot_days,year,1963,2.9
Niedersachsen/Hamburg/Bremen,hot_days,year,1964,6.11
Niedersachsen/Hamburg/Bremen,hot_days,year,1965,0.17
Niedersachsen/Hamburg/Bremen,hot_days,year,1966,2.13
Niedersachsen/Hamburg/Bremen,hot_days,year,1967,0.84
Niedersachsen/Hamburg/Bremen,hot_days,year,1968,1.71
Niedersachsen/Hamburg/Bremen,hot_days,year,1969,6.31
Niedersachsen/Hamburg/Bremen,hot_days,year,1970,1.76
Niedersachsen/Hamburg/Bremen,hot_days,year,1971,3.41
Niedersachsen/Hamburg/Bremen,hot_days,year,1972,3.94
Niedersachsen/Hamburg/Bremen,hot_days,year,1973,5.08
Niedersachsen/Hamburg/Bremen,hot_days,year,1974,1.34
Niedersachsen/Hamburg/Bremen,hot_days,year,1975,8.78
Niedersachsen/Hamburg/Bremen,hot_days,year,1976,8.03
Niedersachsen/Hamburg/Bremen,hot_days,year,1977,0.74
Niedersachsen/Hamburg/Bremen,hot_days,year,1978,1.97
Niedersachsen/Hamburg/Bremen,hot_days,year,1979,1.46
Niedersachsen/Hamburg/Bremen,hot_days,year,1980,0.57
Niedersachsen/Hamburg/Bremen,hot_days,year,1981,2.21
Niedersachsen/Hamburg/Bremen,hot_days,year,1982,7.55
Niedersachsen/Hamburg/Bremen,hot_days,year,1983,8.72
Niedersachsen/Hamburg/Bremen,hot_days,year,1984,2.16
Niedersachsen/Hamburg/Bremen,hot_days,year,1985,2
Niedersachsen/Hamburg/Bremen,hot_days,year,1986,4.55
Niedersachsen/Hamburg/Bremen,hot_days,year,1987,1.24
Niedersachsen/Hamburg/Bremen,hot_days,year,1988,0.31
Niedersachsen/Hamburg/Bremen,hot_days,year,1989,3.66
Niedersachsen/Hamburg/Bremen,hot_days,year,1990,4.54
Niedersachsen/Hamburg/Bremen,hot_days,year,1991,3.39
Niedersachsen/Hamburg/Bremen,hot_days,year,1992,6.08
Niedersachsen/Hamburg/Bremen,hot_days,year,1993,0.23
Niedersachsen/Hamburg/Bremen,hot_days,year,1994,15.84
Niedersachsen/Hamburg/Bremen,hot_days,year,1995,11.45
Niedersachsen/Hamburg/Bremen,hot_days,year,1996,3.56
Niedersachsen/Hamburg/Bremen,hot_days,year,1997,6.05
Niedersachsen/Hamburg/Bremen,hot_days,year,1998,4.26
Niedersachsen/Hamburg/Bremen,hot_days,year,1999,6.52
Niedersachsen/Hamburg/Bremen,hot_days,year,2000,4.17
Niedersachsen/Hamburg/Bremen,hot_days,year,2001,4.95
Niedersachsen/Hamburg/Bremen,hot_days,year,2002,6.13
Niedersachsen/Hamburg/Bremen,hot_days,year,2003,13.46
Niedersachsen/Hamburg/Bremen,hot_days,year,2004,4.57
Niedersachsen/Hamburg/Bremen,hot_days,year,2005,5.57
Niedersachsen/Hamburg/Bremen,hot_days,year,2006,13.06
Niedersachsen/Hamburg/Bremen,hot_days,year,2007,4.01
Niedersachsen/Hamburg/Bremen,hot_days,year,2008,7.07
Niedersachsen/Hamburg/Bremen,hot_days,year,2009,4.18
Niedersachsen/Hamburg/Bremen,hot_days,year,2010,10.35
Niedersachsen/Hamburg/Bremen,hot_days,year,2011,2.44
Niedersachsen/Hamburg/Bremen,hot_days,year,2012,4.52
Niedersachsen/Hamburg/Bremen,hot_days,year,2013,7.9
Niedersachsen/Hamburg/Bremen,hot_days,year,2014,3.68
Niedersachsen/Hamburg/Bremen,hot_days,year,2015,8.76
Niedersachsen/Hamburg/Bremen,hot_days,year,2016,8.74
Niedersachsen/Hamburg/Bremen,hot_days,year,2017,2.23
Niedersachsen/Hamburg/Bremen,hot_days,year,2018,18.93
Niedersachsen/Hamburg/Bremen,hot_days,year,2019,15.37
Niedersachsen/Hamburg/Bremen,hot_days,year,2020,10.13
Niedersachsen/Hamburg/Bremen,hot_days,year,2021,2.86
Niedersachsen/Hamburg/Bremen,hot_days,year,2022,15.43
Niedersachsen/Hamburg/Bremen,hot_days,year,2023,7.09
Niedersachsen/Hamburg/Bremen,hot_days,year,2024,7.41
Niedersachsen/Hamburg/Bremen,hot_days,year,2025,6.83
Niedersachsen/Hamburg/Bremen,ice_days,year,1951,4.55
Niedersachsen/Hamburg/Bremen,ice_days,year,1952,15.57
Niedersachsen/Hamburg/Bremen,ice_days,year,1953,14.23
Niedersachsen/Hamburg/Bremen,ice_days,year,1954,28.46
Niedersachsen/Hamburg/Bremen,ice_days,year,1955,26.77
Niedersachsen/Hamburg/Bremen,ice_days,year,1956,35.78
Niedersachsen/Hamburg/Bremen,ice_days,year,1957,8.01
Niedersachsen/Hamburg/Bremen,ice_days,year,1958,11.81
Niedersachsen/Hamburg/Bremen,ice_days,year,1959,16.16
Niedersachsen/Hamburg/Bremen,ice_days,year,1960,15.22
Niedersachsen/Hamburg/Bremen,ice_days,year,1961,17.34
Niedersachsen/Hamburg/Bremen,ice_days,year,1962,25.27
Niedersachsen/Hamburg/Bremen,ice_days,year,1963,60.65
Niedersachsen/Hamburg/Bremen,ice_days,year,1964,26.75
Niedersachsen/Hamburg/Bremen,ice_days,year,1965,18
Niedersachsen/Hamburg/Bremen,ice_days,year,1966,27.26
Niedersachsen/Hamburg/Bremen,ice_days,year,1967,8.89
Niedersachsen/Hamburg/Bremen,ice_days,year,1968,22.77
Niedersachsen/Hamburg/Bremen,ice_days,year,1969,40.86
Niedersachsen/Hamburg/Bremen,ice_days,year,1970,33.53
Niedersachsen/Hamburg/Bremen,ice_days,year,1971,15.77
Niedersachsen/Hamburg/Bremen,ice_days,year,1972,16.41
Niedersachsen/Hamburg/Bremen,ice_days,year,1973,7.34
Niedersachsen/Hamburg/Bremen,ice_days,year,1974,1.21
Niedersachsen/Hamburg/Bremen,ice_days,year,1975,2.92
Niedersachsen/Hamburg/Bremen,ice_days,year,1976,20.1
Niedersachsen/Hamburg/Bremen,ice_days,year,1977,7.31
Niedersachsen/Hamburg/Bremen,ice_days,year,1978,24.54
Niedersachsen/Hamburg/Bremen,ice_days,year,1979,32.01
Niedersachsen/Hamburg/Bremen,ice_days,year,1980,23.4
Niedersachsen/Hamburg/Bremen,ice_days,year,1981,24.34
Niedersachsen/Hamburg/Bremen,ice_days,year,1982,14.29
Niedersachsen/Hamburg/Bremen,ice_days,year,1983,12.77
Niedersachsen/Hamburg/Bremen,ice_days,year,1984,10.19
Niedersachsen/Hamburg/Bremen,ice_days,year,1985,39.68
Niedersachsen/Hamburg/Bremen,ice_days,year,1986,33.97
Niedersachsen/Hamburg/Bremen,ice_days,year,1987,32.86
Niedersachsen/Hamburg/Bremen,ice_days,year,1988,4.1
Niedersachsen/Hamburg/Bremen,ice_days,year,1989,5.7
Niedersachsen/Hamburg/Bremen,ice_days,year,1990,4.41
Niedersachsen/Hamburg/Bremen,ice_days,year,1991,14.55
Niedersachsen/Hamburg/Bremen,ice_days,year,1992,9.46
Niedersachsen/Hamburg/Bremen,ice_days,year,1993,17.1
Niedersachsen/Hamburg/Bremen,ice_days,year,1994,9.7
Niedersachsen/Hamburg/Bremen,ice_days,year,1995,19.38
Niedersachsen/Hamburg/Bremen,ice_days,year,1996,45.39
Niedersachsen/Hamburg/Bremen,ice_days,year,1997,14.51
Niedersachsen/Hamburg/Bremen,ice_days,year,1998,12.79
Niedersachsen/Hamburg/Bremen,ice_days,year,1999,6.15
Niedersachsen/Hamburg/Bremen,ice_days,year,2000,6.11
Niedersachsen/Hamburg/Bremen,ice_days,year,2001,13.47
Niedersachsen/Hamburg/Bremen,ice_days,year,2002,14.17
Niedersachsen/Hamburg/Bremen,ice_days,year,2003,15
Niedersachsen/Hamburg/Bremen,ice_days,year,2004,6.59
Niedersachsen/Hamburg/Bremen,ice_days,year,2005,13.26
Niedersachsen/Hamburg/Bremen,ice_days,year,2006,13.15
Niedersachsen/Hamburg/Bremen,ice_days,year,2007,6.74
Niedersachsen/Hamburg/Bremen,ice_days,year,2008,5.48
Niedersachsen/Hamburg/Bremen,ice_days,year,2009,16.53
Niedersachsen/Hamburg/Bremen,ice_days,year,2010,54.34
Niedersachsen/Hamburg/Bremen,ice_days,year,2011,9.8
Niedersachsen/Hamburg/Bremen,ice_days,year,2012,19.31
Niedersachsen/Hamburg/Bremen,ice_days,year,2013,22.15
Niedersachsen/Hamburg/Bremen,ice_days,year,2014,10.54
Niedersachsen/Hamburg/Bremen,ice_days,year,2015,2.43
Niedersachsen/Hamburg/Bremen,ice_days,year,2016,9.57
Niedersachsen/Hamburg/Bremen,ice_days,year,2017,9.86
Niedersachsen/Hamburg/Bremen,ice_days,year,2018,9.64
Niedersachsen/Hamburg/Bremen,ice_days,year,2019,3.43
Niedersachsen/Hamburg/Bremen,ice_days,year,2020,1
Niedersachsen/Hamburg/Bremen,ice_days,year,2021,13.05
Niedersachsen/Hamburg/Bremen,ice_days,year,2022,6.53
Niedersachsen/Hamburg/Bremen,ice_days,year,2023,3.96
Niedersachsen/Hamburg/Bremen,ice_days,year,2024,4.79
Niedersachsen/Hamburg/Bremen,ice_days,year,2025,5.69
Niedersachsen/Hamburg/Bremen,precip_ge10,year,1951,20.55
Niedersachsen/Hamburg/Bremen,precip_ge10,year,1952,16.87
Niedersachsen/Hamburg/Bremen,precip_ge10,year,1953,13.18
Niedersachsen/Hamburg/Bremen,precip_ge10,year,1954,23.08
Niedersachsen/Hamburg/Bremen,precip_ge10,year,1955,17.18
Niedersachsen/Hamburg/Bremen,precip_ge10,year,1956,20.63
Niedersachsen/Hamburg/Bremen,precip_ge10,year,1957,22.09
Niedersachsen/Hamburg/Bremen,precip_ge10,year,1958,20.56
Niedersachsen/Hamburg/Bremen,precip_ge10,year,1959,7.36
Niedersachsen/Hamburg/Bremen,precip_ge10,year,1960,20.07
Niedersachsen/Hamburg/Bremen,precip_ge10,year,1961,27.45
Niedersachsen/Hamburg/Bremen,precip_ge10,year,1962,15.66
Niedersachsen/Hamburg/Bremen,precip_ge10,year,1963,14.27
Niedersachsen/Hamburg/Bremen,precip_ge10,year,1964,11.64
Niedersachsen/Hamburg/Bremen,precip_ge10,year,1965,22.47
Niedersachsen/Hamburg/Bremen,precip_ge10,year,1966,24.05
Niedersachsen/Hamburg/Bremen,precip_ge10,year,1967,19.52
Niedersachsen/Hamburg/Bremen,precip_ge10,year,1968,18.47
Niedersachsen/Hamburg/Bremen,precip_ge10,year,1969,16.64
Niedersachsen/Hamburg/Bremen,precip_ge10,year,1970,20.07
Niedersachsen/Hamburg/Bremen,precip_ge10,year,1971,11.78
Niedersachsen/Hamburg/Bremen,precip_ge10,year,1972,16.98
Niedersachsen/Hamburg/Bremen,precip_ge10,year,1973,15.19
Niedersachsen/Hamburg/Bremen,precip_ge10,year,1974,16.73
Niedersachsen/Hamburg/Bremen,precip_ge10,year,1975,14.1
Niedersachsen/Hamburg/Bremen,precip_ge10,year,1976,13.5
Niedersachsen/Hamburg/Bremen,precip_ge10,year,1977,17.45
Niedersachsen/Hamburg/Bremen,precip_ge10,year,1978,18.53
Niedersachsen/Hamburg/Bremen,precip_ge10,year,1979,17.02
Niedersachsen/Hamburg/Bremen,precip_ge10,year,1980,19.38
Niedersachsen/Hamburg/Bremen,precip_ge10,year,1981,23.3
Niedersachsen/Hamburg/Bremen,precip_ge10,year,1982,14.92
Niedersachsen/Hamburg/Bremen,precip_ge10,year,1983,18.79
Niedersachsen/Hamburg/Bremen,precip_ge10,year,1984,20.75
Niedersachsen/Hamburg/Bremen,precip_ge10,year,1985,15.13
Niedersachsen/Hamburg/Bremen,precip_ge10,year,1986,21.2
Niedersachsen/Hamburg/Bremen,precip_ge10,year,1987,20.05
Niedersachsen/Hamburg/Bremen,precip_ge10,year,1988,18.39
Niedersachsen/Hamburg/Bremen,precip_ge10,year,1989,16.66
Niedersachsen/Hamburg/Bremen,precip_ge10,year,1990,20.03
Niedersachsen/Hamburg/Bremen,precip_ge10,year,1991,14.88
Niedersachsen/Hamburg/Bremen,precip_ge10,year,1992,19.28
Niedersachsen/Hamburg/Bremen,precip_ge10,year,1993,28.13
Niedersachsen/Hamburg/Bremen,precip_ge10,year,1994,26.21
Niedersachsen/Hamburg/Bremen,precip_ge10,year,1995,21.54
Niedersachsen/Hamburg/Bremen,precip_ge10,year,1996,14.83
Niedersachsen/Hamburg/Bremen,precip_ge10,year,1997,18.45
Niedersachsen/Hamburg/Bremen,precip_ge10,year,1998,26.9
Niedersachsen/Hamburg/Bremen,precip_ge10,year,1999,17.13
Niedersachsen/Hamburg/Bremen,precip_ge10,year,2000,15.03
Niedersachsen/Hamburg/Bremen,precip_ge10,year,2001,24.7
Niedersachsen/Hamburg/Bremen,precip_ge10,year,2002,29.04
Niedersachsen/Hamburg/Bremen,precip_ge10,year,2003,15.67
Niedersachsen/Hamburg/Bremen,precip_ge10,year,2004,22.28
Niedersachsen/Hamburg/Bremen,precip_ge10,year,2005,17.61
Niedersachsen/Hamburg/Bremen,precip_ge10,year,2006,14.61
Niedersachsen/Hamburg/Bremen,precip_ge10,year,2007,28.69
Niedersachsen/Hamburg/Bremen,precip_ge10,year,2008,21.05
Niedersachsen/Hamburg/Bremen,precip_ge10,year,2009,15.94
Niedersachsen/Hamburg/Bremen,precip_ge10,year,2010,19.71
Niedersachsen/Hamburg/Bremen,precip_ge10,year,2011,18.13
Niedersachsen/Hamburg/Bremen,precip_ge10,year,2012,16.75
Niedersachsen/Hamburg/Bremen,precip_ge10,year,2013,17.32
Niedersachsen/Hamburg/Bremen,precip_ge10,year,2014,16.85
Niedersachsen/Hamburg/Bremen,precip_ge10,year,2015,21.39
Niedersachsen/Hamburg/Bremen,precip_ge10,year,2016,14.89
Niedersachsen/Hamburg/Bremen,precip_ge10,year,2017,23.68
Niedersachsen/Hamburg/Bremen,precip_ge10,year,2018,12
Niedersachsen/Hamburg/Bremen,precip_ge10,year,2019,16.53
Niedersachsen/Hamburg/Bremen,precip_ge10,year,2020,16.78
Niedersachsen/Hamburg/Bremen,precip_ge10,year,2021,19.33
Niedersachsen/Hamburg/Bremen,precip_ge10,year,2022,15.87
Niedersachsen/Hamburg/Bremen,precip_ge10,year,2023,31.97
Niedersachsen/Hamburg/Bremen,precip_ge10,year,2024,25.48
Niedersachsen/Hamburg/Bremen,precip_ge10,year,2025,14.16
Niedersachsen/Hamburg/Bremen,precip_ge20,year,1951,4.47
Niedersachsen/Hamburg/Bremen,precip_ge20,year,1952,2.53
Niedersachsen/Hamburg/Bremen,precip_ge20,year,1953,2.21
Niedersachsen/Hamburg/Bremen,precip_ge20,year,1954,5.3
Niedersachsen/Hamburg/Bremen,precip_ge20,year,1955,4.22
Niedersachsen/Hamburg/Bremen,precip_ge20,year,1956,4.28
Niedersachsen/Hamburg/Bremen,precip_ge20,year,1957,4.25
Niedersachsen/Hamburg/Bremen,precip_ge20,year,1958,3.65
Niedersachsen/Hamburg/Bremen,precip_ge20,year,1959,1.12
Niedersachsen/Hamburg/Bremen,precip_ge20,year,1960,5.76
Niedersachsen/Hamburg/Bremen,precip_ge20,year,1961,5.71
Niedersachsen/Hamburg/Bremen,precip_ge20,year,1962,2.84
Niedersachsen/Hamburg/Bremen,precip_ge20,year,1963,2.86
Niedersachsen/Hamburg/Bremen,precip_ge20,year,1964,2.04
Niedersachsen/Hamburg/Bremen,precip_ge20,year,1965,4.34
Niedersachsen/Hamburg/Bremen,precip_ge20,year,1966,4.75
Niedersachsen/Hamburg/Bremen,precip_ge20,year,1967,4.28
Niedersachsen/Hamburg/Bremen,precip_ge20,year,1968,4.43
Niedersachsen/Hamburg/Bremen,precip_ge20,year,1969,3.16
Niedersachsen/Hamburg/Bremen,precip_ge20,year,1970,4.4
Niedersachsen/Hamburg/Bremen,precip_ge20,year,1971,2.67
Niedersachsen/Hamburg/Bremen,precip_ge20,year,1972,3.58
Niedersachsen/Hamburg/Bremen,precip_ge20,year,1973,1.91
Niedersachsen/Hamburg/Bremen,precip_ge20,year,1974,2.31
Niedersachsen/Hamburg/Bremen,precip_ge20,year,1975,2.39
Niedersachsen/Hamburg/Bremen,precip_ge20,year,1976,1.94
Niedersachsen/Hamburg/Bremen,precip_ge20,year,1977,3.56
Niedersachsen/Hamburg/Bremen,precip_ge20,year,1978,2.85
Niedersachsen/Hamburg/Bremen,precip_ge20,year,1979,2.29
Niedersachsen/Hamburg/Bremen,precip_ge20,year,1980,3.25
Niedersachsen/Hamburg/Bremen,precip_ge20,year,1981,5.21
Niedersachsen/Hamburg/Bremen,precip_ge20,year,1982,2.27
Niedersachsen/Hamburg/Bremen,precip_ge20,year,1983,3.44
Niedersachsen/Hamburg/Bremen,precip_ge20,year,1984,4.32
Niedersachsen/Hamburg/Bremen,precip_ge20,year,1985,1.67
Niedersachsen/Hamburg/Bremen,precip_ge20,year,1986,4.26
Niedersachsen/Hamburg/Bremen,precip_ge20,year,1987,2.85
Niedersachsen/Hamburg/Bremen,precip_ge20,year,1988,2.53
Niedersachsen/Hamburg/Bremen,precip_ge20,year,1989,3.66
Niedersachsen/Hamburg/Bremen,precip_ge20,year,1990,3.77
Niedersachsen/Hamburg/Bremen,precip_ge20,year,1991,3.68
Niedersachsen/Hamburg/Bremen,precip_ge20,year,1992,4.15
Niedersachsen/Hamburg/Bremen,precip_ge20,year,1993,6.01
Niedersachsen/Hamburg/Bremen,precip_ge20,year,1994,6.35
Niedersachsen/Hamburg/Bremen,precip_ge20,year,1995,3.46
Niedersachsen/Hamburg/Bremen,precip_ge20,year,1996,2.79
Niedersachsen/Hamburg/Bremen,precip_ge20,year,1997,3.39
Niedersachsen/Hamburg/Bremen,precip_ge20,year,1998,4.59
Niedersachsen/Hamburg/Bremen,precip_ge20,year,1999,2.19
Niedersachsen/Hamburg/Bremen,precip_ge20,year,2000,2.76
Niedersachsen/Hamburg/Bremen,precip_ge20,year,2001,4.41
Niedersachsen/Hamburg/Bremen,precip_ge20,year,2002,6.93
Niedersachsen/Hamburg/Bremen,precip_ge20,year,2003,3.31
Niedersachsen/Hamburg/Bremen,precip_ge20,year,2004,3.41
Niedersachsen/Hamburg/Bremen,precip_ge20,year,2005,3.19
Niedersachsen/Hamburg/Bremen,precip_ge20,year,2006,2.52
Niedersachsen/Hamburg/Bremen,precip_ge20,year,2007,6.24
Niedersachsen/Hamburg/Bremen,precip_ge20,year,2008,5.83
Niedersachsen/Hamburg/Bremen,precip_ge20,year,2009,3.08
Niedersachsen/Hamburg/Bremen,precip_ge20,year,2010,3.88
Niedersachsen/Hamburg/Bremen,precip_ge20,year,2011,3.92
Niedersachsen/Hamburg/Bremen,precip_ge20,year,2012,2.46
Niedersachsen/Hamburg/Bremen,precip_ge20,year,2013,4.08
Niedersachsen/Hamburg/Bremen,precip_ge20,year,2014,3.26
Niedersachsen/Hamburg/Bremen,precip_ge20,year,2015,4.06
Niedersachsen/Hamburg/Bremen,precip_ge20,year,2016,2.96
Niedersachsen/Hamburg/Bremen,precip_ge20,year,2017,4.72
Niedersachsen/Hamburg/Bremen,precip_ge20,year,2018,1.74
Niedersachsen/Hamburg/Bremen,precip_ge20,year,2019,3.3
Niedersachsen/Hamburg/Bremen,precip_ge20,year,2020,3.16
Niedersachsen/Hamburg/Bremen,precip_ge20,year,2021,3.11
Niedersachsen/Hamburg/Bremen,precip_ge20,year,2022,2.38
Niedersachsen/Hamburg/Bremen,precip_ge20,year,2023,6.91
Niedersachsen/Hamburg/Bremen,precip_ge20,year,2024,5.96
Niedersachsen/Hamburg/Bremen,precip_ge20,year,2025,2.36
Niedersachsen/Hamburg/Bremen,precipitation,year,1881,643.4
Niedersachsen/Hamburg/Bremen,precipitation,year,1882,757.3
Niedersachsen/Hamburg/Bremen,precipitation,year,1883,619.9
Niedersachsen/Hamburg/Bremen,precipitation,year,1884,754.6
Niedersachsen/Hamburg/Bremen,precipitation,year,1885,646.1
Niedersachsen/Hamburg/Bremen,precipitation,year,1886,610.9
Niedersachsen/Hamburg/Bremen,precipitation,year,1887,536.6
Niedersachsen/Hamburg/Bremen,precipitation,year,1888,724.5
Niedersachsen/Hamburg/Bremen,precipitation,year,1889,709.6
Niedersachsen/Hamburg/Bremen,precipitation,year,1890,693.7
Niedersachsen/Hamburg/Bremen,precipitation,year,1891,724.2
Niedersachsen/Hamburg/Bremen,precipitation,year,1892,585.1
Niedersachsen/Hamburg/Bremen,precipitation,year,1893,626.2
Niedersachsen/Hamburg/Bremen,precipitation,year,1894,767.8
Niedersachsen/Hamburg/Bremen,precipitation,year,1895,740.4
Niedersachsen/Hamburg/Bremen,precipitation,year,1896,711.7
Niedersachsen/Hamburg/Bremen,precipitation,year,1897,656.5
Niedersachsen/Hamburg/Bremen,precipitation,year,1898,738.1
Niedersachsen/Hamburg/Bremen,precipitation,year,1899,663.1
Niedersachsen/Hamburg/Bremen,precipitation,year,1900,693.7
Niedersachsen/Hamburg/Bremen,precipitation,year,1901,732.6
Niedersachsen/Hamburg/Bremen,precipitation,year,1902,695.8
Niedersachsen/Hamburg/Bremen,precipitation,year,1903,854.1
Niedersachsen/Hamburg/Bremen,precipitation,year,1904,594.7
Niedersachsen/Hamburg/Bremen,precipitation,year,1905,797
Niedersachsen/Hamburg/Bremen,precipitation,year,1906,761.7
Niedersachsen/Hamburg/Bremen,precipitation,year,1907,609
Niedersachsen/Hamburg/Bremen,precipitation,year,1908,614.3
Niedersachsen/Hamburg/Bremen,precipitation,year,1909,792.5
Niedersachsen/Hamburg/Bremen,precipitation,year,1910,759.1
Niedersachsen/Hamburg/Bremen,precipitation,year,1911,540.7
Niedersachsen/Hamburg/Bremen,precipitation,year,1912,815.7
Niedersachsen/Hamburg/Bremen,precipitation,year,1913,673.8
Niedersachsen/Hamburg/Bremen,precipitation,year,1914,785.7
Niedersachsen/Hamburg/Bremen,precipitation,year,1915,746.2
Niedersachsen/Hamburg/Bremen,precipitation,year,1916,791.6
Niedersachsen/Hamburg/Bremen,precipitation,year,1917,646.7
Niedersachsen/Hamburg/Bremen,precipitation,year,1918,757.5
Niedersachsen/Hamburg/Bremen,precipitation,year,1919,621.1
Niedersachsen/Hamburg/Bremen,precipitation,year,1920,604.6
Niedersachsen/Hamburg/Bremen,precipitation,year,1921,576.4
Niedersachsen/Hamburg/Bremen,precipitation,year,1922,710.8
Niedersachsen/Hamburg/Bremen,precipitation,year,1923,747.2
Niedersachsen/Hamburg/Bremen,precipitation,year,1924,691.5
Niedersachsen/Hamburg/Bremen,precipitation,year,1925,756.9
Niedersachsen/Hamburg/Bremen,precipitation,year,1926,895.4
Niedersachsen/Hamburg/Bremen,precipitation,year,1927,844.8
Niedersachsen/Hamburg/Bremen,precipitation,year,1928,774.3
Niedersachsen/Hamburg/Bremen,precipitation,year,1929,538.8
Niedersachsen/Hamburg/Bremen,precipitation,year,1930,725.8
Niedersachsen/Hamburg/Bremen,precipitation,year,1931,824.3
Niedersachsen/Hamburg/Bremen,precipitation,year,1932,736.7
Niedersachsen/Hamburg/Bremen,precipitation,year,1933,586.8
Niedersachsen/Hamburg/Bremen,precipitation,year,1934,565.9
Niedersachsen/Hamburg/Bremen,precipitation,year,1935,755.6
Niedersachsen/Hamburg/Bremen,precipitation,year,1936,771.2
Niedersachsen/Hamburg/Bremen,precipitation,year,1937,756.1
Niedersachsen/Hamburg/Bremen,precipitation,year,1938,703.7
Niedersachsen/Hamburg/Bremen,precipitation,year,1939,796.6
Niedersachsen/Hamburg/Bremen,precipitation,year,1940,793.3
Niedersachsen/Hamburg/Bremen,precipitation,year,1941,750.5
Niedersachsen/Hamburg/Bremen,precipitation,year,1942,638.6
Niedersachsen/Hamburg/Bremen,precipitation,year,1943,617.7
Niedersachsen/Hamburg/Bremen,precipitation,year,1944,770.6
Niedersachsen/Hamburg/Bremen,precipitation,year,1945,735.2
Niedersachsen/Hamburg/Bremen,precipitation,year,1946,705.7
Niedersachsen/Hamburg/Bremen,precipitation,year,1947,664.4
Niedersachsen/Hamburg/Bremen,precipitation,year,1948,712.2
Niedersachsen/Hamburg/Bremen,precipitation,year,1949,703.3
Niedersachsen/Hamburg/Bremen,precipitation,year,1950,780.9
Niedersachsen/Hamburg/Bremen,precipitation,year,1951,779.1
Niedersachsen/Hamburg/Bremen,precipitation,year,1952,750.5
Niedersachsen/Hamburg/Bremen,precipitation,year,1953,583.3
Niedersachsen/Hamburg/Bremen,precipitation,year,1954,876.1
Niedersachsen/Hamburg/Bremen,precipitation,year,1955,726.3
Niedersachsen/Hamburg/Bremen,precipitation,year,1956,793.2
Niedersachsen/Hamburg/Bremen,precipitation,year,1957,793
Niedersachsen/Hamburg/Bremen,precipitation,year,1958,826.7
Niedersachsen/Hamburg/Bremen,precipitation,year,1959,404.2
Niedersachsen/Hamburg/Bremen,precipitation,year,1960,843.8
Niedersachsen/Hamburg/Bremen,precipitation,year,1961,938.6
Niedersachsen/Hamburg/Bremen,precipitation,year,1962,717.2
Niedersachsen/Hamburg/Bremen,precipitation,year,1963,625.7
Niedersachsen/Hamburg/Bremen,precipitation,year,1964,581.5
Niedersachsen/Hamburg/Bremen,precipitation,year,1965,885.6
Niedersachsen/Hamburg/Bremen,precipitation,year,1966,898.3
Niedersachsen/Hamburg/Bremen,precipitation,year,1967,852.7
Niedersachsen/Hamburg/Bremen,precipitation,year,1968,757.5
Niedersachsen/Hamburg/Bremen,precipitation,year,1969,684.4
Niedersachsen/Hamburg/Bremen,precipitation,year,1970,856.8
Niedersachsen/Hamburg/Bremen,precipitation,year,1971,553.9
Niedersachsen/Hamburg/Bremen,precipitation,year,1972,634.4
Niedersachsen/Hamburg/Bremen,precipitation,year,1973,678.3
Niedersachsen/Hamburg/Bremen,precipitation,year,1974,782.2
Niedersachsen/Hamburg/Bremen,precipitation,year,1975,604.6
Niedersachsen/Hamburg/Bremen,precipitation,year,1976,575.1
Niedersachsen/Hamburg/Bremen,precipitation,year,1977,728.6
Niedersachsen/Hamburg/Bremen,precipitation,year,1978,748.9
Niedersachsen/Hamburg/Bremen,precipitation,year,1979,748.8
Niedersachsen/Hamburg/Bremen,precipitation,year,1980,798.9
Niedersachsen/Hamburg/Bremen,precipitation,year,1981,936
Niedersachsen/Hamburg/Bremen,precipitation,year,1982,648
Niedersachsen/Hamburg/Bremen,precipitation,year,1983,761.5
Niedersachsen/Hamburg/Bremen,precipitation,year,1984,786.7
Niedersachsen/Hamburg/Bremen,precipitation,year,1985,721.9
Niedersachsen/Hamburg/Bremen,precipitation,year,1986,782.2
Niedersachsen/Hamburg/Bremen,precipitation,year,1987,823.8
Niedersachsen/Hamburg/Bremen,precipitation,year,1988,822.3
Niedersachsen/Hamburg/Bremen,precipitation,year,1989,642.5
Niedersachsen/Hamburg/Bremen,precipitation,year,1990,791.3
Niedersachsen/Hamburg/Bremen,precipitation,year,1991,624.8
Niedersachsen/Hamburg/Bremen,precipitation,year,1992,768.1
Niedersachsen/Hamburg/Bremen,precipitation,year,1993,926.1
Niedersachsen/Hamburg/Bremen,precipitation,year,1994,916.6
Niedersachsen/Hamburg/Bremen,precipitation,year,1995,767.9
Niedersachsen/Hamburg/Bremen,precipitation,year,1996,595.5
Niedersachsen/Hamburg/Bremen,precipitation,year,1997,690.9
Niedersachsen/Hamburg/Bremen,precipitation,year,1998,1004.1
Niedersachsen/Hamburg/Bremen,precipitation,year,1999,740.6
Niedersachsen/Hamburg/Bremen,precipitation,year,2000,743.6
Niedersachsen/Hamburg/Bremen,precipitation,year,2001,893.9
Niedersachsen/Hamburg/Bremen,precipitation,year,2002,991.8
Niedersachsen/Hamburg/Bremen,precipitation,year,2003,610.6
Niedersachsen/Hamburg/Bremen,precipitation,year,2004,838
Niedersachsen/Hamburg/Bremen,precipitation,year,2005,753.7
Niedersachsen/Hamburg/Bremen,precipitation,year,2006,692.3
Niedersachsen/Hamburg/Bremen,precipitation,year,2007,1006.8
Niedersachsen/Hamburg/Bremen,precipitation,year,2008,786.7
Niedersachsen/Hamburg/Bremen,precipitation,year,2009,749.1
Niedersachsen/Hamburg/Bremen,precipitation,year,2010,774.6
Niedersachsen/Hamburg/Bremen,precipitation,year,2011,692.5
Niedersachsen/Hamburg/Bremen,precipitation,year,2012,694.4
Niedersachsen/Hamburg/Bremen,precipitation,year,2013,686.1
Niedersachsen/Hamburg/Bremen,precipitation,year,2014,682.7
Niedersachsen/Hamburg/Bremen,precipitation,year,2015,794.4
Niedersachsen/Hamburg/Bremen,precipitation,year,2016,653.4
Niedersachsen/Hamburg/Bremen,precipitation,year,2017,890.8
Niedersachsen/Hamburg/Bremen,precipitation,year,2018,512.3
Niedersachsen/Hamburg/Bremen,precipitation,year,2019,718.5
Niedersachsen/Hamburg/Bremen,precipitation,year,2020,688.4
Niedersachsen/Hamburg/Bremen,precipitation,year,2021,748.5
Niedersachsen/Hamburg/Bremen,precipitation,year,2022,643
Niedersachsen/Hamburg/Bremen,precipitation,year,2023,1073.6
Niedersachsen/Hamburg/Bremen,precipitation,year,2024,921.3
Niedersachsen/Hamburg/Bremen,precipitation,year,2025,589.3
Niedersachsen/Hamburg/Bremen,summer_days,year,1951,20
Niedersachsen/Hamburg/Bremen,summer_days,year,1952,19.87
Niedersachsen/Hamburg/Bremen,summer_days,year,1953,27.06
Niedersachsen/Hamburg/Bremen,summer_days,year,1954,14.02
Niedersachsen/Hamburg/Bremen,summer_days,year,1955,20.75
Niedersachsen/Hamburg/Bremen,summer_days,year,1956,9.16
Niedersachsen/Hamburg/Bremen,summer_days,year,1957,19.13
Niedersachsen/Hamburg/Bremen,summer_days,year,1958,17.83
Niedersachsen/Hamburg/Bremen,summer_days,year,1959,43.86
Niedersachsen/Hamburg/Bremen,summer_days,year,1960,12.06
Niedersachsen/Hamburg/Bremen,summer_days,year,1961,18.63
Niedersachsen/Hamburg/Bremen,summer_days,year,1962,6.6
Niedersachsen/Hamburg/Bremen,summer_days,year,1963,17.98
Niedersachsen/Hamburg/Bremen,summer_days,year,1964,30.09
Niedersachsen/Hamburg/Bremen,summer_days,year,1965,7.62
Niedersachsen/Hamburg/Bremen,summer_days,year,1966,22.58
Niedersachsen/Hamburg/Bremen,summer_days,year,1967,17.48
Niedersachsen/Hamburg/Bremen,summer_days,year,1968,23.47
Niedersachsen/Hamburg/Bremen,summer_days,year,1969,31.78
Niedersachsen/Hamburg/Bremen,summer_days,year,1970,25.12
Niedersachsen/Hamburg/Bremen,summer_days,year,1971,26.69
Niedersachsen/Hamburg/Bremen,summer_days,year,1972,17.53
Niedersachsen/Hamburg/Bremen,summer_days,year,1973,29.85
Niedersachsen/Hamburg/Bremen,summer_days,year,1974,10.87
Niedersachsen/Hamburg/Bremen,summer_days,year,1975,37.46
Niedersachsen/Hamburg/Bremen,summer_days,year,1976,39.43
Niedersachsen/Hamburg/Bremen,summer_days,year,1977,12.24
Niedersachsen/Hamburg/Bremen,summer_days,year,1978,17.76
Niedersachsen/Hamburg/Bremen,summer_days,year,1979,17.72
Niedersachsen/Hamburg/Bremen,summer_days,year,1980,14.33
Niedersachsen/Hamburg/Bremen,summer_days,year,1981,18.92
Niedersachsen/Hamburg/Bremen,summer_days,year,1982,35.15
Niedersachsen/Hamburg/Bremen,summer_days,year,1983,42.91
Niedersachsen/Hamburg/Bremen,summer_days,year,1984,15.83
Niedersachsen/Hamburg/Bremen,summer_days,year,1985,16.37
Niedersachsen/Hamburg/Bremen,summer_days,year,1986,26.11
Niedersachsen/Hamburg/Bremen,summer_days,year,1987,12.19
Niedersachsen/Hamburg/Bremen,summer_days,year,1988,15.98
Niedersachsen/Hamburg/Bremen,summer_days,year,1989,34.02
Niedersachsen/Hamburg/Bremen,summer_days,year,1990,25.89
Niedersachsen/Hamburg/Bremen,summer_days,year,1991,24.91
Niedersachsen/Hamburg/Bremen,summer_days,year,1992,41.22
Niedersachsen/Hamburg/Bremen,summer_days,year,1993,19.43
Niedersachsen/Hamburg/Bremen,summer_days,year,1994,34.2
Niedersachsen/Hamburg/Bremen,summer_days,year,1995,43.59
Niedersachsen/Hamburg/Bremen,summer_days,year,1996,21.27
Niedersachsen/Hamburg/Bremen,summer_days,year,1997,35.38
Niedersachsen/Hamburg/Bremen,summer_days,year,1998,18.25
Niedersachsen/Hamburg/Bremen,summer_days,year,1999,39.94
Niedersachsen/Hamburg/Bremen,summer_days,year,2000,21.09
Niedersachsen/Hamburg/Bremen,summer_days,year,2001,28
Niedersachsen/Hamburg/Bremen,summer_days,year,2002,29.64
Niedersachsen/Hamburg/Bremen,summer_days,year,2003,47.92
Niedersachsen/Hamburg/Bremen,summer_days,year,2004,25.64
Niedersachsen/Hamburg/Bremen,summer_days,year,2005,33.12
Niedersachsen/Hamburg/Bremen,summer_days,year,2006,51.14
Niedersachsen/Hamburg/Bremen,summer_days,year,2007,25.87
Niedersachsen/Hamburg/Bremen,summer_days,year,2008,27.66
Niedersachsen/Hamburg/Bremen,summer_days,year,2009,32.51
Niedersachsen/Hamburg/Bremen,summer_days,year,2010,31.26
Niedersachsen/Hamburg/Bremen,summer_days,year,2011,30.37
Niedersachsen/Hamburg/Bremen,summer_days,year,2012,29.21
Niedersachsen/Hamburg/Bremen,summer_days,year,2013,31.1
Niedersachsen/Hamburg/Bremen,summer_days,year,2014,32.76
Niedersachsen/Hamburg/Bremen,summer_days,year,2015,30.67
Niedersachsen/Hamburg/Bremen,summer_days,year,2016,38.43
Niedersachsen/Hamburg/Bremen,summer_days,year,2017,24.46
Niedersachsen/Hamburg/Bremen,summer_days,year,2018,70.27
Niedersachsen/Hamburg/Bremen,summer_days,year,2019,43.39
Niedersachsen/Hamburg/Bremen,summer_days,year,2020,36.26
Niedersachsen/Hamburg/Bremen,summer_days,year,2021,33.09
Niedersachsen/Hamburg/Bremen,summer_days,year,2022,47.91
Niedersachsen/Hamburg/Bremen,summer_days,year,2023,45.25
Niedersachsen/Hamburg/Bremen,summer_days,year,2024,43.05
Niedersachsen/Hamburg/Bremen,summer_days,year,2025,32.98
Niedersachsen/Hamburg/Bremen,sunshine,year,1951,1645.9
Niedersachsen/Hamburg/Bremen,sunshine,year,1952,1486.5
Niedersachsen/Hamburg/Bremen,sunshine,year,1953,1610.1
Niedersachsen/Hamburg/Bremen,sunshine,year,1954,1483.6
Niedersachsen/Hamburg/Bremen,sunshine,year,1955,1627.8
Niedersachsen/Hamburg/Bremen,sunshine,year,1956,1430.7
Niedersachsen/Hamburg/Bremen,sunshine,year,1957,1549.5
Niedersachsen/Hamburg/Bremen,sunshine,year,1958,1388.6
Niedersachsen/Hamburg/Bremen,sunshine,year,1959,1899.6
Niedersachsen/Hamburg/Bremen,sunshine,year,1960,1331.1
Niedersachsen/Hamburg/Bremen,sunshine,year,1961,1358.1
Niedersachsen/Hamburg/Bremen,sunshine,year,1962,1301.7
Niedersachsen/Hamburg/Bremen,sunshine,year,1963,1487.1
Niedersachsen/Hamburg/Bremen,sunshine,year,1964,1560.7
Niedersachsen/Hamburg/Bremen,sunshine,year,1965,1405.3
Niedersachsen/Hamburg/Bremen,sunshine,year,1966,1347.8
Niedersachsen/Hamburg/Bremen,sunshine,year,1967,1492.5
Niedersachsen/Hamburg/Bremen,sunshine,year,1968,1492.9
Niedersachsen/Hamburg/Bremen,sunshine,year,1969,1454.2
Niedersachsen/Hamburg/Bremen,sunshine,year,1970,1434.4
Niedersachsen/Hamburg/Bremen,sunshine,year,1971,1541.3
Niedersachsen/Hamburg/Bremen,sunshine,year,1972,1469.9
Niedersachsen/Hamburg/Bremen,sunshine,year,1973,1547
Niedersachsen/Hamburg/Bremen,sunshine,year,1974,1438.9
Niedersachsen/Hamburg/Bremen,sunshine,year,1975,1674.4
Niedersachsen/Hamburg/Bremen,sunshine,year,1976,1705.3
Niedersachsen/Hamburg/Bremen,sunshine,year,1977,1328.5
Niedersachsen/Hamburg/Bremen,sunshine,year,1978,1290.3
Niedersachsen/Hamburg/Bremen,sunshine,year,1979,1329.5
Niedersachsen/Hamburg/Bremen,sunshine,year,1980,1450.4
Niedersachsen/Hamburg/Bremen,sunshine,year,1981,1312
Niedersachsen/Hamburg/Bremen,sunshine,year,1982,1659
Niedersachsen/Hamburg/Bremen,sunshine,year,1983,1502.6
Niedersachsen/Hamburg/Bremen,sunshine,year,1984,1312
Niedersachsen/Hamburg/Bremen,sunshine,year,1985,1382.4
Niedersachsen/Hamburg/Bremen,sunshine,year,1986,1515.8
Niedersachsen/Hamburg/Bremen,sunshine,year,1987,1294.9
Niedersachsen/Hamburg/Bremen,sunshine,year,1988,1342.7
Niedersachsen/Hamburg/Bremen,sunshine,year,1989,1697
Niedersachsen/Hamburg/Bremen,sunshine,year,1990,1578.1
Niedersachsen/Hamburg/Bremen,sunshine,year,1991,1606.2
Niedersachsen/Hamburg/Bremen,sunshine,year,1992,1563.9
Niedersachsen/Hamburg/Bremen,sunshine,year,1993,1427
Niedersachsen/Hamburg/Bremen,sunshine,year,1994,1560.1
Niedersachsen/Hamburg/Bremen,sunshine,year,1995,1667
Niedersachsen/Hamburg/Bremen,sunshine,year,1996,1469.6
Niedersachsen/Hamburg/Bremen,sunshine,year,1997,1662.3
Niedersachsen/Hamburg/Bremen,sunshine,year,1998,1288.3
Niedersachsen/Hamburg/Bremen,sunshine,year,1999,1628.2
Niedersachsen/Hamburg/Bremen,sunshine,year,2000,1422.2
Niedersachsen/Hamburg/Bremen,sunshine,year,2001,1411.4
Niedersachsen/Hamburg/Bremen,sunshine,year,2002,1450.3
Niedersachsen/Hamburg/Bremen,sunshine,year,2003,1913.3
Niedersachsen/Hamburg/Bremen,sunshine,year,2004,1513.8
Niedersachsen/Hamburg/Bremen,sunshine,year,2005,1676.1
Niedersachsen/Hamburg/Bremen,sunshine,year,2006,1661.4
Niedersachsen/Hamburg/Bremen,sunshine,year,2007,1537.3
Niedersachsen/Hamburg/Bremen,sunshine,year,2008,1598.2
Niedersachsen/Hamburg/Bremen,sunshine,year,2009,1682.6
Niedersachsen/Hamburg/Bremen,sunshine,year,2010,1514.3
Niedersachsen/Hamburg/Bremen,sunshine,year,2011,1669.3
Niedersachsen/Hamburg/Bremen,sunshine,year,2012,1508.3
Niedersachsen/Hamburg/Bremen,sunshine,year,2013,1485.1
Niedersachsen/Hamburg/Bremen,sunshine,year,2014,1575.5
Niedersachsen/Hamburg/Bremen,sunshine,year,2015,1627.1
Niedersachsen/Hamburg/Bremen,sunshine,year,2016,1574.1
Niedersachsen/Hamburg/Bremen,sunshine,year,2017,1426
Niedersachsen/Hamburg/Bremen,sunshine,year,2018,1960.8
Niedersachsen/Hamburg/Bremen,sunshine,year,2019,1709.8
Niedersachsen/Hamburg/Bremen,sunshine,year,2020,1780
Niedersachsen/Hamburg/Bremen,sunshine,year,2021,1468
Niedersachsen/Hamburg/Bremen,sunshine,year,2022,1945.3
Niedersachsen/Hamburg/Bremen,sunshine,year,2023,1655.4
Niedersachsen/Hamburg/Bremen,sunshine,year,2024,1603.6
Niedersachsen/Hamburg/Bremen,sunshine,year,2025,1827
Niedersachsen/Hamburg/Bremen,temp_mean,year,1881,7.54
Niedersachsen/Hamburg/Bremen,temp_mean,year,1882,8.88
Niedersachsen/Hamburg/Bremen,temp_mean,year,1883,8.39
Niedersachsen/Hamburg/Bremen,temp_mean,year,1884,9.1
Niedersachsen/Hamburg/Bremen,temp_mean,year,1885,7.94
Niedersachsen/Hamburg/Bremen,temp_mean,year,1886,8.21
Niedersachsen/Hamburg/Bremen,temp_mean,year,1887,7.42
Niedersachsen/Hamburg/Bremen,temp_mean,year,1888,7.12
Niedersachsen/Hamburg/Bremen,temp_mean,year,1889,7.96
Niedersachsen/Hamburg/Bremen,temp_mean,year,1890,7.68
Niedersachsen/Hamburg/Bremen,temp_mean,year,1891,7.85
Niedersachsen/Hamburg/Bremen,temp_mean,year,1892,7.63
Niedersachsen/Hamburg/Bremen,temp_mean,year,1893,8.29
Niedersachsen/Hamburg/Bremen,temp_mean,year,1894,8.61
Niedersachsen/Hamburg/Bremen,temp_mean,year,1895,7.65
Niedersachsen/Hamburg/Bremen,temp_mean,year,1896,8.16
Niedersachsen/Hamburg/Bremen,temp_mean,year,1897,8.25
Niedersachsen/Hamburg/Bremen,temp_mean,year,1898,8.87
Niedersachsen/Hamburg/Bremen,temp_mean,year,1899,8.56
Niedersachsen/Hamburg/Bremen,temp_mean,year,1900,8.75
Niedersachsen/Hamburg/Bremen,temp_mean,year,1901,8.12
Niedersachsen/Hamburg/Bremen,temp_mean,year,1902,7.34
Niedersachsen/Hamburg/Bremen,temp_mean,year,1903,8.82
Niedersachsen/Hamburg/Bremen,temp_mean,year,1904,8.6
Niedersachsen/Hamburg/Bremen,temp_mean,year,1905,8.29
Niedersachsen/Hamburg/Bremen,temp_mean,year,1906,8.8
Niedersachsen/Hamburg/Bremen,temp_mean,year,1907,8.06
Niedersachsen/Hamburg/Bremen,temp_mean,year,1908,7.99
Niedersachsen/Hamburg/Bremen,temp_mean,year,1909,7.71
Niedersachsen/Hamburg/Bremen,temp_mean,year,1910,8.99
Niedersachsen/Hamburg/Bremen,temp_mean,year,1911,9.5
Niedersachsen/Hamburg/Bremen,temp_mean,year,1912,8.34
Niedersachsen/Hamburg/Bremen,temp_mean,year,1913,9
Niedersachsen/Hamburg/Bremen,temp_mean,year,1914,9.24
Niedersachsen/Hamburg/Bremen,temp_mean,year,1915,8.08
Niedersachsen/Hamburg/Bremen,temp_mean,year,1916,8.57
Niedersachsen/Hamburg/Bremen,temp_mean,year,1917,7.94
Niedersachsen/Hamburg/Bremen,temp_mean,year,1918,8.88
Niedersachsen/Hamburg/Bremen,temp_mean,year,1919,7.48
Niedersachsen/Hamburg/Bremen,temp_mean,year,1920,8.96
Niedersachsen/Hamburg/Bremen,temp_mean,year,1921,9.33
Niedersachsen/Hamburg/Bremen,temp_mean,year,1922,7.44
Niedersachsen/Hamburg/Bremen,temp_mean,year,1923,8.02
Niedersachsen/Hamburg/Bremen,temp_mean,year,1924,7.97
Niedersachsen/Hamburg/Bremen,temp_mean,year,1925,8.83
Niedersachsen/Hamburg/Bremen,temp_mean,year,1926,9.07
Niedersachsen/Hamburg/Bremen,temp_mean,year,1927,8.28
Niedersachsen/Hamburg/Bremen,temp_mean,year,1928,8.47
Niedersachsen/Hamburg/Bremen,temp_mean,year,1929,7.5
Niedersachsen/Hamburg/Bremen,temp_mean,year,1930,9.05
Niedersachsen/Hamburg/Bremen,temp_mean,year,1931,8.08
Niedersachsen/Hamburg/Bremen,temp_mean,year,1932,8.89
Niedersachsen/Hamburg/Bremen,temp_mean,year,1933,8.17
Niedersachsen/Hamburg/Bremen,temp_mean,year,1934,9.96
Niedersachsen/Hamburg/Bremen,temp_mean,year,1935,8.93
Niedersachsen/Hamburg/Bremen,temp_mean,year,1936,8.79
Niedersachsen/Hamburg/Bremen,temp_mean,year,1937,8.85
Niedersachsen/Hamburg/Bremen,temp_mean,year,1938,9.23
Niedersachsen/Hamburg/Bremen,temp_mean,year,1939,8.9
Niedersachsen/Hamburg/Bremen,temp_mean,year,1940,6.94
Niedersachsen/Hamburg/Bremen,temp_mean,year,1941,7.58
Niedersachsen/Hamburg/Bremen,temp_mean,year,1942,7.46
Niedersachsen/Hamburg/Bremen,temp_mean,year,1943,9.2
Niedersachsen/Hamburg/Bremen,temp_mean,year,1944,8.87
Niedersachsen/Hamburg/Bremen,temp_mean,year,1945,9.38
Niedersachsen/Hamburg/Bremen,temp_mean,year,1946,8.65
Niedersachsen/Hamburg/Bremen,temp_mean,year,1947,8.55
Niedersachsen/Hamburg/Bremen,temp_mean,year,1948,9.53
Niedersachsen/Hamburg/Bremen,temp_mean,year,1949,9.5
Niedersachsen/Hamburg/Bremen,temp_mean,year,1950,8.88
Niedersachsen/Hamburg/Bremen,temp_mean,year,1951,8.99
Niedersachsen/Hamburg/Bremen,temp_mean,year,1952,8.1
Niedersachsen/Hamburg/Bremen,temp_mean,year,1953,9.4
Niedersachsen/Hamburg/Bremen,temp_mean,year,1954,8.12
Niedersachsen/Hamburg/Bremen,temp_mean,year,1955,7.98
Niedersachsen/Hamburg/Bremen,temp_mean,year,1956,7.33
Niedersachsen/Hamburg/Bremen,temp_mean,year,1957,9.05
Niedersachsen/Hamburg/Bremen,temp_mean,year,1958,8.57
Niedersachsen/Hamburg/Bremen,temp_mean,year,1959,9.45
Niedersachsen/Hamburg/Bremen,temp_mean,year,1960,8.81
Niedersachsen/Hamburg/Bremen,temp_mean,year,1961,9.23
Niedersachsen/Hamburg/Bremen,temp_mean,year,1962,7.43
Niedersachsen/Hamburg/Bremen,temp_mean,year,1963,7.33
Niedersachsen/Hamburg/Bremen,temp_mean,year,1964,8.35
Niedersachsen/Hamburg/Bremen,temp_mean,year,1965,7.86
Niedersachsen/Hamburg/Bremen,temp_mean,year,1966,8.69
Niedersachsen/Hamburg/Bremen,temp_mean,year,1967,9.39
Niedersachsen/Hamburg/Bremen,temp_mean,year,1968,8.62
Niedersachsen/Hamburg/Bremen,temp_mean,year,1969,8.2
Niedersachsen/Hamburg/Bremen,temp_mean,year,1970,8.07
Niedersachsen/Hamburg/Bremen,temp_mean,year,1971,8.94
Niedersachsen/Hamburg/Bremen,temp_mean,year,1972,8.24
Niedersachsen/Hamburg/Bremen,temp_mean,year,1973,8.78
Niedersachsen/Hamburg/Bremen,temp_mean,year,1974,9.3
Niedersachsen/Hamburg/Bremen,temp_mean,year,1975,9.5
Niedersachsen/Hamburg/Bremen,temp_mean,year,1976,8.84
Niedersachsen/Hamburg/Bremen,temp_mean,year,1977,9.07
Niedersachsen/Hamburg/Bremen,temp_mean,year,1978,8.28
Niedersachsen/Hamburg/Bremen,temp_mean,year,1979,7.77
Niedersachsen/Hamburg/Bremen,temp_mean,year,1980,8.16
Niedersachsen/Hamburg/Bremen,temp_mean,year,1981,8.55
Niedersachsen/Hamburg/Bremen,temp_mean,year,1982,9.3
Niedersachsen/Hamburg/Bremen,temp_mean,year,1983,9.53
Niedersachsen/Hamburg/Bremen,temp_mean,year,1984,8.5
Niedersachsen/Hamburg/Bremen,temp_mean,year,1985,7.81
Niedersachsen/Hamburg/Bremen,temp_mean,year,1986,8.24
Niedersachsen/Hamburg/Bremen,temp_mean,year,1987,7.73
Niedersachsen/Hamburg/Bremen,temp_mean,year,1988,9.51
Niedersachsen/Hamburg/Bremen,temp_mean,year,1989,9.99
Niedersachsen/Hamburg/Bremen,temp_mean,year,1990,10.08
Niedersachsen/Hamburg/Bremen,temp_mean,year,1991,8.8
Niedersachsen/Hamburg/Bremen,temp_mean,year,1992,9.9
Niedersachsen/Hamburg/Bremen,temp_mean,year,1993,8.64
Niedersachsen/Hamburg/Bremen,temp_mean,year,1994,9.84
Niedersachsen/Hamburg/Bremen,temp_mean,year,1995,9.32
Niedersachsen/Hamburg/Bremen,temp_mean,year,1996,7.47
Niedersachsen/Hamburg/Bremen,temp_mean,year,1997,9.36
Niedersachsen/Hamburg/Bremen,temp_mean,year,1998,9.48
Niedersachsen/Hamburg/Bremen,temp_mean,year,1999,10.22
Niedersachsen/Hamburg/Bremen,temp_mean,year,2000,10.27
Niedersachsen/Hamburg/Bremen,temp_mean,year,2001,9.41
Niedersachsen/Hamburg/Bremen,temp_mean,year,2002,9.88
Niedersachsen/Hamburg/Bremen,temp_mean,year,2003,9.66
Niedersachsen/Hamburg/Bremen,temp_mean,year,2004,9.54
Niedersachsen/Hamburg/Bremen,temp_mean,year,2005,9.64
Niedersachsen/Hamburg/Bremen,temp_mean,year,2006,10.23
Niedersachsen/Hamburg/Bremen,temp_mean,year,2007,10.41
Niedersachsen/Hamburg/Bremen,temp_mean,year,2008,9.99
Niedersachsen/Hamburg/Bremen,temp_mean,year,2009,9.71
Niedersachsen/Hamburg/Bremen,temp_mean,year,2010,8.11
Niedersachsen/Hamburg/Bremen,temp_mean,year,2011,9.98
Niedersachsen/Hamburg/Bremen,temp_mean,year,2012,9.45
Niedersachsen/Hamburg/Bremen,temp_mean,year,2013,9.06
Niedersachsen/Hamburg/Bremen,temp_mean,year,2014,10.8
Niedersachsen/Hamburg/Bremen,temp_mean,year,2015,10.15
Niedersachsen/Hamburg/Bremen,temp_mean,year,2016,9.94
Niedersachsen/Hamburg/Bremen,temp_mean,year,2017,9.97
Niedersachsen/Hamburg/Bremen,temp_mean,year,2018,10.73
Niedersachsen/Hamburg/Bremen,temp_mean,year,2019,10.67
Niedersachsen/Hamburg/Bremen,temp_mean,year,2020,10.87
Niedersachsen/Hamburg/Bremen,temp_mean,year,2021,9.69
Niedersachsen/Hamburg/Bremen,temp_mean,year,2022,10.78
Niedersachsen/Hamburg/Bremen,temp_mean,year,2023,10.89
Niedersachsen/Hamburg/Bremen,temp_mean,year,2024,11.26
Niedersachsen/Hamburg/Bremen,temp_mean,year,2025,10.43
Niedersachsen/Hamburg/Bremen,tropical_nights,year,1951,0
Niedersachsen/Hamburg/Bremen,tropical_nights,year,1952,0.03
Niedersachsen/Hamburg/Bremen,tropical_nights,year,1953,0
Niedersachsen/Hamburg/Bremen,tropical_nights,year,1954,0
Niedersachsen/Hamburg/Bremen,tropical_nights,year,1955,0
Niedersachsen/Hamburg/Bremen,tropical_nights,year,1956,0
Niedersachsen/Hamburg/Bremen,tropical_nights,year,1957,0.04
Niedersachsen/Hamburg/Bremen,tropical_nights,year,1958,0
Niedersachsen/Hamburg/Bremen,tropical_nights,year,1959,0.08
Niedersachsen/Hamburg/Bremen,tropical_nights,year,1960,0
Niedersachsen/Hamburg/Bremen,tropical_nights,year,1961,0
Niedersachsen/Hamburg/Bremen,tropical_nights,year,1962,0
Niedersachsen/Hamburg/Bremen,tropical_nights,year,1963,0
Niedersachsen/Hamburg/Bremen,tropical_nights,year,1964,0.03
Niedersachsen/Hamburg/Bremen,tropical_nights,year,1965,0
Niedersachsen/Hamburg/Bremen,tropical_nights,year,1966,0
Niedersachsen/Hamburg/Bremen,tropical_nights,year,1967,0
Niedersachsen/Hamburg/Bremen,tropical_nights,year,1968,0
Niedersachsen/Hamburg/Bremen,tropical_nights,year,1969,0.58
Niedersachsen/Hamburg/Bremen,tropical_nights,year,1970,0
Niedersachsen/Hamburg/Bremen,tropical_nights,year,1971,0
Niedersachsen/Hamburg/Bremen,tropical_nights,year,1972,0.02
Niedersachsen/Hamburg/Bremen,tropical_nights,year,1973,0.02
Niedersachsen/Hamburg/Bremen,tropical_nights,year,1974,0
Niedersachsen/Hamburg/Bremen,tropical_nights,year,1975,0.39
Niedersachsen/Hamburg/Bremen,tropical_nights,year,1976,0.11
Niedersachsen/Hamburg/Bremen,tropical_nights,year,1977,0
Niedersachsen/Hamburg/Bremen,tropical_nights,year,1978,0
Niedersachsen/Hamburg/Bremen,tropical_nights,year,1979,0.01
Niedersachsen/Hamburg/Bremen,tropical_nights,year,1980,0
Niedersachsen/Hamburg/Bremen,tropical_nights,year,1981,0.01
Niedersachsen/Hamburg/Bremen,tropical_nights,year,1982,0.06
Niedersachsen/Hamburg/Bremen,tropical_nights,year,1983,0.11
Niedersachsen/Hamburg/Bremen,tropical_nights,year,1984,0.21
Niedersachsen/Hamburg/Bremen,tropical_nights,year,1985,0
Niedersachsen/Hamburg/Bremen,tropical_nights,year,1986,0.23
Niedersachsen/Hamburg/Bremen,tropical_nights,year,1987,0.02
Niedersachsen/Hamburg/Bremen,tropical_nights,year,1988,0
Niedersachsen/Hamburg/Bremen,tropical_nights,year,1989,0.01
Niedersachsen/Hamburg/Bremen,tropical_nights,year,1990,0.02
Niedersachsen/Hamburg/Bremen,tropical_nights,year,1991,0.2
Niedersachsen/Hamburg/Bremen,tropical_nights,year,1992,0.42
Niedersachsen/Hamburg/Bremen,tropical_nights,year,1993,0
Niedersachsen/Hamburg/Bremen,tropical_nights,year,1994,1.92
Niedersachsen/Hamburg/Bremen,tropical_nights,year,1995,0.06
Niedersachsen/Hamburg/Bremen,tropical_nights,year,1996,0.02
Niedersachsen/Hamburg/Bremen,tropical_nights,year,1997,0.45
Niedersachsen/Hamburg/Bremen,tropical_nights,year,1998,0.33
Niedersachsen/Hamburg/Bremen,tropical_nights,year,1999,0.04
Niedersachsen/Hamburg/Bremen,tropical_nights,year,2000,0.14
Niedersachsen/Hamburg/Bremen,tropical_nights,year,2001,0.12
Niedersachsen/Hamburg/Bremen,tropical_nights,year,2002,0.12
Niedersachsen/Hamburg/Bremen,tropical_nights,year,2003,0.67
Niedersachsen/Hamburg/Bremen,tropical_nights,year,2004,0.04
Niedersachsen/Hamburg/Bremen,tropical_nights,year,2005,0.04
Niedersachsen/Hamburg/Bremen,tropical_nights,year,2006,0.97
Niedersachsen/Hamburg/Bremen,tropical_nights,year,2007,0.16
Niedersachsen/Hamburg/Bremen,tropical_nights,year,2008,0
Niedersachsen/Hamburg/Bremen,tropical_nights,year,2009,0
Niedersachsen/Hamburg/Bremen,tropical_nights,year,2010,1.09
Niedersachsen/Hamburg/Bremen,tropical_nights,year,2011,0
Niedersachsen/Hamburg/Bremen,tropical_nights,year,2012,0.15
Niedersachsen/Hamburg/Bremen,tropical_nights,year,2013,0.12
Niedersachsen/Hamburg/Bremen,tropical_nights,year,2014,0.32
Niedersachsen/Hamburg/Bremen,tropical_nights,year,2015,0
Niedersachsen/Hamburg/Bremen,tropical_nights,year,2016,0
Niedersachsen/Hamburg/Bremen,tropical_nights,year,2017,0
Niedersachsen/Hamburg/Bremen,tropical_nights,year,2018,1.15
Niedersachsen/Hamburg/Bremen,tropical_nights,year,2019,0.73
Niedersachsen/Hamburg/Bremen,tropical_nights,year,2020,1.03
Niedersachsen/Hamburg/Bremen,tropical_nights,year,2021,0.1
Niedersachsen/Hamburg/Bremen,tropical_nights,year,2022,0.14
Niedersachsen/Hamburg/Bremen,tropical_nights,year,2023,0
Niedersachsen/Hamburg/Bremen,tropical_nights,year,2024,0.04
Niedersachsen/Hamburg/Bremen,tropical_nights,year,2025,0
Nordrhein-Westfalen,frost_days,year,1951,56.23
Nordrhein-Westfalen,frost_days,year,1952,86.7
Nordrhein-Westfalen,frost_days,year,1953,68.27
Nordrhein-Westfalen,frost_days,year,1954,71.62
Nordrhein-Westfalen,frost_days,year,1955,100.34
Nordrhein-Westfalen,frost_days,year,1956,90.29
Nordrhein-Westfalen,frost_days,year,1957,57.56
Nordrhein-Westfalen,frost_days,year,1958,78.23
Nordrhein-Westfalen,frost_days,year,1959,69.71
Nordrhein-Westfalen,frost_days,year,1960,59.33
Nordrhein-Westfalen,frost_days,year,1961,52.95
Nordrhein-Westfalen,frost_days,year,1962,86.01
Nordrhein-Westfalen,frost_days,year,1963,102.12
Nordrhein-Westfalen,frost_days,year,1964,81.66
Nordrhein-Westfalen,frost_days,year,1965,77.63
Nordrhein-Westfalen,frost_days,year,1966,64.5
Nordrhein-Westfalen,frost_days,year,1967,53.99
Nordrhein-Westfalen,frost_days,year,1968,83.45
Nordrhein-Westfalen,frost_days,year,1969,94.23
Nordrhein-Westfalen,frost_days,year,1970,81.54
Nordrhein-Westfalen,frost_days,year,1971,66.91
Nordrhein-Westfalen,frost_days,year,1972,66.22
Nordrhein-Westfalen,frost_days,year,1973,72.12
Nordrhein-Westfalen,frost_days,year,1974,35.27
Nordrhein-Westfalen,frost_days,year,1975,57.34
Nordrhein-Westfalen,frost_days,year,1976,77.18
Nordrhein-Westfalen,frost_days,year,1977,53.39
Nordrhein-Westfalen,frost_days,year,1978,74.1
Nordrhein-Westfalen,frost_days,year,1979,87.14
Nordrhein-Westfalen,frost_days,year,1980,76.94
Nordrhein-Westfalen,frost_days,year,1981,83.03
Nordrhein-Westfalen,frost_days,year,1982,65.63
Nordrhein-Westfalen,frost_days,year,1983,66.76
Nordrhein-Westfalen,frost_days,year,1984,64.77
Nordrhein-Westfalen,frost_days,year,1985,93.49
Nordrhein-Westfalen,frost_days,year,1986,73.41
Nordrhein-Westfalen,frost_days,year,1987,83.12
Nordrhein-Westfalen,frost_days,year,1988,45.79
Nordrhein-Westfalen,frost_days,year,1989,51.8
Nordrhein-Westfalen,frost_days,year,1990,40.87
Nordrhein-Westfalen,frost_days,year,1991,74.67
Nordrhein-Westfalen,frost_days,year,1992,46
Nordrhein-Westfalen,frost_days,year,1993,70.59
Nordrhein-Westfalen,frost_days,year,1994,43.73
Nordrhein-Westfalen,frost_days,year,1995,69.84
Nordrhein-Westfalen,frost_days,year,1996,98.4
Nordrhein-Westfalen,frost_days,year,1997,60.4
Nordrhein-Westfalen,frost_days,year,1998,53.34
Nordrhein-Westfalen,frost_days,year,1999,48.88
Nordrhein-Westfalen,frost_days,year,2000,39.49
Nordrhein-Westfalen,frost_days,year,2001,66.31
Nordrhein-Westfalen,frost_days,year,2002,47.5
Nordrhein-Westfalen,frost_days,year,2003,78.47
Nordrhein-Westfalen,frost_days,year,2004,74.13
Nordrhein-Westfalen,frost_days,year,2005,68.76
Nordrhein-Westfalen,frost_days,year,2006,75.08
Nordrhein-Westfalen,frost_days,year,2007,42.22
Nordrhein-Westfalen,frost_days,year,2008,61.99
Nordrhein-Westfalen,frost_days,year,2009,68.18
Nordrhein-Westfalen,frost_days,year,2010,99.89
Nordrhein-Westfalen,frost_days,year,2011,61.21
Nordrhein-Westfalen,frost_days,year,2012,58.21
Nordrhein-Westfalen,frost_days,year,2013,82.44
Nordrhein-Westfalen,frost_days,year,2014,35.87
Nordrhein-Westfalen,frost_days,year,2015,51.66
Nordrhein-Westfalen,frost_days,year,2016,65.48
Nordrhein-Westfalen,frost_days,year,2017,56.08
Nordrhein-Westfalen,frost_days,year,2018,62.83
Nordrhein-Westfalen,frost_days,year,2019,54.3
Nordrhein-Westfalen,frost_days,year,2020,40.73
Nordrhein-Westfalen,frost_days,year,2021,68.32
Nordrhein-Westfalen,frost_days,year,2022,49.56
Nordrhein-Westfalen,frost_days,year,2023,49.81
Nordrhein-Westfalen,frost_days,year,2024,34.47
Nordrhein-Westfalen,frost_days,year,2025,63.11
Nordrhein-Westfalen,hot_days,year,1951,1.73
Nordrhein-Westfalen,hot_days,year,1952,6.71
Nordrhein-Westfalen,hot_days,year,1953,3.73
Nordrhein-Westfalen,hot_days,year,1954,1.37
Nordrhein-Westfalen,hot_days,year,1955,1.21
Nordrhein-Westfalen,hot_days,year,1956,0.41
Nordrhein-Westfalen,hot_days,year,1957,8.14
Nordrhein-Westfalen,hot_days,year,1958,0.73
Nordrhein-Westfalen,hot_days,year,1959,6.78
Nordrhein-Westfalen,hot_days,year,1960,0.65
Nordrhein-Westfalen,hot_days,year,1961,4.72
Nordrhein-Westfalen,hot_days,year,1962,0.5
Nordrhein-Westfalen,hot_days,year,1963,2.71
Nordrhein-Westfalen,hot_days,year,1964,8.91
Nordrhein-Westfalen,hot_days,year,1965,0.29
Nordrhein-Westfalen,hot_days,year,1966,2.97
Nordrhein-Westfalen,hot_days,year,1967,2.26
Nordrhein-Westfalen,hot_days,year,1968,2.1
Nordrhein-Westfalen,hot_days,year,1969,5.9
Nordrhein-Westfalen,hot_days,year,1970,1.32
Nordrhein-Westfalen,hot_days,year,1971,3.1
Nordrhein-Westfalen,hot_days,year,1972,3.85
Nordrhein-Westfalen,hot_days,year,1973,7.02
Nordrhein-Westfalen,hot_days,year,1974,1.92
Nordrhein-Westfalen,hot_days,year,1975,8.67
Nordrhein-Westfalen,hot_days,year,1976,14.2
Nordrhein-Westfalen,hot_days,year,1977,0.82
Nordrhein-Westfalen,hot_days,year,1978,2.13
Nordrhein-Westfalen,hot_days,year,1979,1.35
Nordrhein-Westfalen,hot_days,year,1980,1.46
Nordrhein-Westfalen,hot_days,year,1981,2.94
Nordrhein-Westfalen,hot_days,year,1982,6.64
Nordrhein-Westfalen,hot_days,year,1983,9.45
Nordrhein-Westfalen,hot_days,year,1984,4.1
Nordrhein-Westfalen,hot_days,year,1985,2.33
Nordrhein-Westfalen,hot_days,year,1986,4.44
Nordrhein-Westfalen,hot_days,year,1987,2.27
Nordrhein-Westfalen,hot_days,year,1988,0.98
Nordrhein-Westfalen,hot_days,year,1989,5.09
Nordrhein-Westfalen,hot_days,year,1990,6.57
Nordrhein-Westfalen,hot_days,year,1991,5.33
Nordrhein-Westfalen,hot_days,year,1992,6.88
Nordrhein-Westfalen,hot_days,year,1993,0.89
Nordrhein-Westfalen,hot_days,year,1994,16.24
Nordrhein-Westfalen,hot_days,year,1995,12.99
Nordrhein-Westfalen,hot_days,year,1996,3.16
Nordrhein-Westfalen,hot_days,year,1997,5.37
Nordrhein-Westfalen,hot_days,year,1998,6.51
Nordrhein-Westfalen,hot_days,year,1999,7.34
Nordrhein-Westfalen,hot_days,year,2000,4.36
Nordrhein-Westfalen,hot_days,year,2001,7.35
Nordrhein-Westfalen,hot_days,year,2002,6.14
Nordrhein-Westfalen,hot_days,year,2003,16.39
Nordrhein-Westfalen,hot_days,year,2004,4.77
Nordrhein-Westfalen,hot_days,year,2005,6.42
Nordrhein-Westfalen,hot_days,year,2006,14.48
Nordrhein-Westfalen,hot_days,year,2007,3.77
Nordrhein-Westfalen,hot_days,year,2008,4.33
Nordrhein-Westfalen,hot_days,year,2009,4.07
Nordrhein-Westfalen,hot_days,year,2010,11.13
Nordrhein-Westfalen,hot_days,year,2011,2.99
Nordrhein-Westfalen,hot_days,year,2012,4.73
Nordrhein-Westfalen,hot_days,year,2013,9.54
Nordrhein-Westfalen,hot_days,year,2014,3.81
Nordrhein-Westfalen,hot_days,year,2015,11.9
Nordrhein-Westfalen,hot_days,year,2016,10.32
Nordrhein-Westfalen,hot_days,year,2017,5.81
Nordrhein-Westfalen,hot_days,year,2018,17.45
Nordrhein-Westfalen,hot_days,year,2019,15.73
Nordrhein-Westfalen,hot_days,year,2020,11.93
Nordrhein-Westfalen,hot_days,year,2021,2.92
Nordrhein-Westfalen,hot_days,year,2022,17.67
Nordrhein-Westfalen,hot_days,year,2023,8.83
Nordrhein-Westfalen,hot_days,year,2024,8.31
Nordrhein-Westfalen,hot_days,year,2025,9.3
Nordrhein-Westfalen,ice_days,year,1951,3.03
Nordrhein-Westfalen,ice_days,year,1952,11.78
Nordrhein-Westfalen,ice_days,year,1953,15.71
Nordrhein-Westfalen,ice_days,year,1954,21.28
Nordrhein-Westfalen,ice_days,year,1955,20.32
Nordrhein-Westfalen,ice_days,year,1956,33.72
Nordrhein-Westfalen,ice_days,year,1957,8.2
Nordrhein-Westfalen,ice_days,year,1958,10.72
Nordrhein-Westfalen,ice_days,year,1959,9.49
Nordrhein-Westfalen,ice_days,year,1960,13.85
Nordrhein-Westfalen,ice_days,year,1961,15.25
Nordrhein-Westfalen,ice_days,year,1962,23
Nordrhein-Westfalen,ice_days,year,1963,54.2
Nordrhein-Westfalen,ice_days,year,1964,18.19
Nordrhein-Westfalen,ice_days,year,1965,16.47
Nordrhein-Westfalen,ice_days,year,1966,16.99
Nordrhein-Westfalen,ice_days,year,1967,11.02
Nordrhein-Westfalen,ice_days,year,1968,20.32
Nordrhein-Westfalen,ice_days,year,1969,28.22
Nordrhein-Westfalen,ice_days,year,1970,26.04
Nordrhein-Westfalen,ice_days,year,1971,16.22
Nordrhein-Westfalen,ice_days,year,1972,11.11
Nordrhein-Westfalen,ice_days,year,1973,7.69
Nordrhein-Westfalen,ice_days,year,1974,2.28
Nordrhein-Westfalen,ice_days,year,1975,4.93
Nordrhein-Westfalen,ice_days,year,1976,16.65
Nordrhein-Westfalen,ice_days,year,1977,5.97
Nordrhein-Westfalen,ice_days,year,1978,19.79
Nordrhein-Westfalen,ice_days,year,1979,25.39
Nordrhein-Westfalen,ice_days,year,1980,18.62
Nordrhein-Westfalen,ice_days,year,1981,19.12
Nordrhein-Westfalen,ice_days,year,1982,10.7
Nordrhein-Westfalen,ice_days,year,1983,11.72
Nordrhein-Westfalen,ice_days,year,1984,5.64
Nordrhein-Westfalen,ice_days,year,1985,39
Nordrhein-Westfalen,ice_days,year,1986,29.01
Nordrhein-Westfalen,ice_days,year,1987,30.23
Nordrhein-Westfalen,ice_days,year,1988,3.46
Nordrhein-Westfalen,ice_days,year,1989,3.08
Nordrhein-Westfalen,ice_days,year,1990,4.46
Nordrhein-Westfalen,ice_days,year,1991,15.04
Nordrhein-Westfalen,ice_days,year,1992,6.9
Nordrhein-Westfalen,ice_days,year,1993,15.35
Nordrhein-Westfalen,ice_days,year,1994,6.39
Nordrhein-Westfalen,ice_days,year,1995,14.94
Nordrhein-Westfalen,ice_days,year,1996,34.93
Nordrhein-Westfalen,ice_days,year,1997,14.13
Nordrhein-Westfalen,ice_days,year,1998,10.58
Nordrhein-Westfalen,ice_days,year,1999,6.83
Nordrhein-Westfalen,ice_days,year,2000,3.88
Nordrhein-Westfalen,ice_days,year,2001,8.31
Nordrhein-Westfalen,ice_days,year,2002,7.73
Nordrhein-Westfalen,ice_days,year,2003,12.96
Nordrhein-Westfalen,ice_days,year,2004,8.42
Nordrhein-Westfalen,ice_days,year,2005,15.56
Nordrhein-Westfalen,ice_days,year,2006,10.95
Nordrhein-Westfalen,ice_days,year,2007,5.65
Nordrhein-Westfalen,ice_days,year,2008,5.11
Nordrhein-Westfalen,ice_days,year,2009,16.03
Nordrhein-Westfalen,ice_days,year,2010,47.43
Nordrhein-Westfalen,ice_days,year,2011,6.44
Nordrhein-Westfalen,ice_days,year,2012,17.6
Nordrhein-Westfalen,ice_days,year,2013,22.72
Nordrhein-Westfalen,ice_days,year,2014,3.36
Nordrhein-Westfalen,ice_days,year,2015,3.27
Nordrhein-Westfalen,ice_days,year,2016,4.88
Nordrhein-Westfalen,ice_days,year,2017,8.46
Nordrhein-Westfalen,ice_days,year,2018,9.8
Nordrhein-Westfalen,ice_days,year,2019,4.36
Nordrhein-Westfalen,ice_days,year,2020,1.94
Nordrhein-Westfalen,ice_days,year,2021,9.67
Nordrhein-Westfalen,ice_days,year,2022,6.46
Nordrhein-Westfalen,ice_days,year,2023,4.34
Nordrhein-Westfalen,ice_days,year,2024,6.42
Nordrhein-Westfalen,ice_days,year,2025,5.33
Nordrhein-Westfalen,precip_ge10,year,1951,25.35
Nordrhein-Westfalen,precip_ge10,year,1952,23.55
Nordrhein-Westfalen,precip_ge10,year,1953,16.06
Nordrhein-Westfalen,precip_ge10,year,1954,27.95
Nordrhein-Westfalen,precip_ge10,year,1955,21.29
Nordrhein-Westfalen,precip_ge10,year,1956,27.22
Nordrhein-Westfalen,precip_ge10,year,1957,28.58
Nordrhein-Westfalen,precip_ge10,year,1958,28.44
Nordrhein-Westfalen,precip_ge10,year,1959,11.25
Nordrhein-Westfalen,precip_ge10,year,1960,27.87
Nordrhein-Westfalen,precip_ge10,year,1961,33.26
Nordrhein-Westfalen,precip_ge10,year,1962,20.91
Nordrhein-Westfalen,precip_ge10,year,1963,18.17
Nordrhein-Westfalen,precip_ge10,year,1964,16.55
Nordrhein-Westfalen,precip_ge10,year,1965,32.82
Nordrhein-Westfalen,precip_ge10,year,1966,34.38
Nordrhein-Westfalen,precip_ge10,year,1967,24.33
Nordrhein-Westfalen,precip_ge10,year,1968,22.62
Nordrhein-Westfalen,precip_ge10,year,1969,21.08
Nordrhein-Westfalen,precip_ge10,year,1970,27.15
Nordrhein-Westfalen,precip_ge10,year,1971,16.46
Nordrhein-Westfalen,precip_ge10,year,1972,20.85
Nordrhein-Westfalen,precip_ge10,year,1973,17.98
Nordrhein-Westfalen,precip_ge10,year,1974,27.88
Nordrhein-Westfalen,precip_ge10,year,1975,18.36
Nordrhein-Westfalen,precip_ge10,year,1976,15.14
Nordrhein-Westfalen,precip_ge10,year,1977,22.52
Nordrhein-Westfalen,precip_ge10,year,1978,22.57
Nordrhein-Westfalen,precip_ge10,year,1979,23.67
Nordrhein-Westfalen,precip_ge10,year,1980,24.05
Nordrhein-Westfalen,precip_ge10,year,1981,30.69
Nordrhein-Westfalen,precip_ge10,year,1982,21.9
Nordrhein-Westfalen,precip_ge10,year,1983,22.71
Nordrhein-Westfalen,precip_ge10,year,1984,29.72
Nordrhein-Westfalen,precip_ge10,year,1985,20.85
Nordrhein-Westfalen,precip_ge10,year,1986,29.27
Nordrhein-Westfalen,precip_ge10,year,1987,28.97
Nordrhein-Westfalen,precip_ge10,year,1988,25.57
Nordrhein-Westfalen,precip_ge10,year,1989,22.27
Nordrhein-Westfalen,precip_ge10,year,1990,22.13
Nordrhein-Westfalen,precip_ge10,year,1991,21.51
Nordrhein-Westfalen,precip_ge10,year,1992,25.86
Nordrhein-Westfalen,precip_ge10,year,1993,33.22
Nordrhein-Westfalen,precip_ge10,year,1994,30.47
Nordrhein-Westfalen,precip_ge10,year,1995,24.44
Nordrhein-Westfalen,precip_ge10,year,1996,19.65
Nordrhein-Westfalen,precip_ge10,year,1997,22.4
Nordrhein-Westfalen,precip_ge10,year,1998,32.35
Nordrhein-Westfalen,precip_ge10,year,1999,26.2
Nordrhein-Westfalen,precip_ge10,year,2000,23.46
Nordrhein-Westfalen,precip_ge10,year,2001,28.19
Nordrhein-Westfalen,precip_ge10,year,2002,33.73
Nordrhein-Westfalen,precip_ge10,year,2003,22.88
Nordrhein-Westfalen,precip_ge10,year,2004,27.18
Nordrhein-Westfalen,precip_ge10,year,2005,23.27
Nordrhein-Westfalen,precip_ge10,year,2006,23.13
Nordrhein-Westfalen,precip_ge10,year,2007,34.01
Nordrhein-Westfalen,precip_ge10,year,2008,23.7
Nordrhein-Westfalen,precip_ge10,year,2009,24.09
Nordrhein-Westfalen,precip_ge10,year,2010,23.72
Nordrhein-Westfalen,precip_ge10,year,2011,21.22
Nordrhein-Westfalen,precip_ge10,year,2012,21.86
Nordrhein-Westfalen,precip_ge10,year,2013,18.58
Nordrhein-Westfalen,precip_ge10,year,2014,22.58
Nordrhein-Westfalen,precip_ge10,year,2015,22.48
Nordrhein-Westfalen,precip_ge10,year,2016,19.72
Nordrhein-Westfalen,precip_ge10,year,2017,23.56
Nordrhein-Westfalen,precip_ge10,year,2018,16.51
Nordrhein-Westfalen,precip_ge10,year,2019,20.93
Nordrhein-Westfalen,precip_ge10,year,2020,18.19
Nordrhein-Westfalen,precip_ge10,year,2021,20.73
Nordrhein-Westfalen,precip_ge10,year,2022,20.81
Nordrhein-Westfalen,precip_ge10,year,2023,38.43
Nordrhein-Westfalen,precip_ge10,year,2024,30.14
Nordrhein-Westfalen,precip_ge10,year,2025,19.11
Nordrhein-Westfalen,precip_ge20,year,1951,4.84
Nordrhein-Westfalen,precip_ge20,year,1952,5.11
Nordrhein-Westfalen,precip_ge20,year,1953,3.77
Nordrhein-Westfalen,precip_ge20,year,1954,7.08
Nordrhein-Westfalen,precip_ge20,year,1955,3.57
Nordrhein-Westfalen,precip_ge20,year,1956,6.77
Nordrhein-Westfalen,precip_ge20,year,1957,5.48
Nordrhein-Westfalen,precip_ge20,year,1958,5.92
Nordrhein-Westfalen,precip_ge20,year,1959,2.04
Nordrhein-Westfalen,precip_ge20,year,1960,7.83
Nordrhein-Westfalen,precip_ge20,year,1961,6.29
Nordrhein-Westfalen,precip_ge20,year,1962,3.9
Nordrhein-Westfalen,precip_ge20,year,1963,3.38
Nordrhein-Westfalen,precip_ge20,year,1964,3.37
Nordrhein-Westfalen,precip_ge20,year,1965,7.06
Nordrhein-Westfalen,precip_ge20,year,1966,8.67
Nordrhein-Westfalen,precip_ge20,year,1967,5.05
Nordrhein-Westfalen,precip_ge20,year,1968,5.52
Nordrhein-Westfalen,precip_ge20,year,1969,4.22
Nordrhein-Westfalen,precip_ge20,year,1970,5.82
Nordrhein-Westfalen,precip_ge20,year,1971,3.06
Nordrhein-Westfalen,precip_ge20,year,1972,4.5
Nordrhein-Westfalen,precip_ge20,year,1973,2.76
Nordrhein-Westfalen,precip_ge20,year,1974,5
Nordrhein-Westfalen,precip_ge20,year,1975,2.64
Nordrhein-Westfalen,precip_ge20,year,1976,2.65
Nordrhein-Westfalen,precip_ge20,year,1977,3.91
Nordrhein-Westfalen,precip_ge20,year,1978,4.65
Nordrhein-Westfalen,precip_ge20,year,1979,5.38
Nordrhein-Westfalen,precip_ge20,year,1980,5.69
Nordrhein-Westfalen,precip_ge20,year,1981,7.77
Nordrhein-Westfalen,precip_ge20,year,1982,4.58
Nordrhein-Westfalen,precip_ge20,year,1983,4.55
Nordrhein-Westfalen,precip_ge20,year,1984,9.87
Nordrhein-Westfalen,precip_ge20,year,1985,3.33
Nordrhein-Westfalen,precip_ge20,year,1986,7.87
Nordrhein-Westfalen,precip_ge20,year,1987,5.83
Nordrhein-Westfalen,precip_ge20,year,1988,5.26
Nordrhein-Westfalen,precip_ge20,year,1989,4.25
Nordrhein-Westfalen,precip_ge20,year,1990,5.79
Nordrhein-Westfalen,precip_ge20,year,1991,5.56
Nordrhein-Westfalen,precip_ge20,year,1992,6.19
Nordrhein-Westfalen,precip_ge20,year,1993,8.66
Nordrhein-Westfalen,precip_ge20,year,1994,7.74
Nordrhein-Westfalen,precip_ge20,year,1995,4.82
Nordrhein-Westfalen,precip_ge20,year,1996,5.13
Nordrhein-Westfalen,precip_ge20,year,1997,4.34
Nordrhein-Westfalen,precip_ge20,year,1998,7.64
Nordrhein-Westfalen,precip_ge20,year,1999,4.86
Nordrhein-Westfalen,precip_ge20,year,2000,4.92
Nordrhein-Westfalen,precip_ge20,year,2001,4.71
Nordrhein-Westfalen,precip_ge20,year,2002,10.41
Nordrhein-Westfalen,precip_ge20,year,2003,5.09
Nordrhein-Westfalen,precip_ge20,year,2004,6.4
Nordrhein-Westfalen,precip_ge20,year,2005,5.74
Nordrhein-Westfalen,precip_ge20,year,2006,3.87
Nordrhein-Westfalen,precip_ge20,year,2007,9.6
Nordrhein-Westfalen,precip_ge20,year,2008,5.34
Nordrhein-Westfalen,precip_ge20,year,2009,4.45
Nordrhein-Westfalen,precip_ge20,year,2010,5.14
Nordrhein-Westfalen,precip_ge20,year,2011,3.92
Nordrhein-Westfalen,precip_ge20,year,2012,4.25
Nordrhein-Westfalen,precip_ge20,year,2013,3.98
Nordrhein-Westfalen,precip_ge20,year,2014,5.45
Nordrhein-Westfalen,precip_ge20,year,2015,5.52
Nordrhein-Westfalen,precip_ge20,year,2016,3.73
Nordrhein-Westfalen,precip_ge20,year,2017,4.78
Nordrhein-Westfalen,precip_ge20,year,2018,3.18
Nordrhein-Westfalen,precip_ge20,year,2019,4.09
Nordrhein-Westfalen,precip_ge20,year,2020,3.53
Nordrhein-Westfalen,precip_ge20,year,2021,4.42
Nordrhein-Westfalen,precip_ge20,year,2022,3.51
Nordrhein-Westfalen,precip_ge20,year,2023,9.26
Nordrhein-Westfalen,precip_ge20,year,2024,7.17
Nordrhein-Westfalen,precip_ge20,year,2025,3.36
Nordrhein-Westfalen,precipitation,year,1881,792.1
Nordrhein-Westfalen,precipitation,year,1882,1032.1
Nordrhein-Westfalen,precipitation,year,1883,754.6
Nordrhein-Westfalen,precipitation,year,1884,808.3
Nordrhein-Westfalen,precipitation,year,1885,734.6
Nordrhein-Westfalen,precipitation,year,1886,764.7
Nordrhein-Westfalen,precipitation,year,1887,621.4
Nordrhein-Westfalen,precipitation,year,1888,815.2
Nordrhein-Westfalen,precipitation,year,1889,768.4
Nordrhein-Westfalen,precipitation,year,1890,824.2
Nordrhein-Westfalen,precipitation,year,1891,803.1
Nordrhein-Westfalen,precipitation,year,1892,658.9
Nordrhein-Westfalen,precipitation,year,1893,706.2
Nordrhein-Westfalen,precipitation,year,1894,891.3
Nordrhein-Westfalen,precipitation,year,1895,839.4
Nordrhein-Westfalen,precipitation,year,1896,780.8
Nordrhein-Westfalen,precipitation,year,1897,805.8
Nordrhein-Westfalen,precipitation,year,1898,829.6
Nordrhein-Westfalen,precipitation,year,1899,770.1
Nordrhein-Westfalen,precipitation,year,1900,863.9
Nordrhein-Westfalen,precipitation,year,1901,867.8
Nordrhein-Westfalen,precipitation,year,1902,842.5
Nordrhein-Westfalen,precipitation,year,1903,895.2
Nordrhein-Westfalen,precipitation,year,1904,681.8
Nordrhein-Westfalen,precipitation,year,1905,943.4
Nordrhein-Westfalen,precipitation,year,1906,894.5
Nordrhein-Westfalen,precipitation,year,1907,735.6
Nordrhein-Westfalen,precipitation,year,1908,756.7
Nordrhein-Westfalen,precipitation,year,1909,863.9
Nordrhein-Westfalen,precipitation,year,1910,893.1
Nordrhein-Westfalen,precipitation,year,1911,602.6
Nordrhein-Westfalen,precipitation,year,1912,954.1
Nordrhein-Westfalen,precipitation,year,1913,833.1
Nordrhein-Westfalen,precipitation,year,1914,901.6
Nordrhein-Westfalen,precipitation,year,1915,857.9
Nordrhein-Westfalen,precipitation,year,1916,885.7
Nordrhein-Westfalen,precipitation,year,1917,789
Nordrhein-Westfalen,precipitation,year,1918,822.5
Nordrhein-Westfalen,precipitation,year,1919,764
Nordrhein-Westfalen,precipitation,year,1920,708
Nordrhein-Westfalen,precipitation,year,1921,568
Nordrhein-Westfalen,precipitation,year,1922,891.5
Nordrhein-Westfalen,precipitation,year,1923,909.5
Nordrhein-Westfalen,precipitation,year,1924,890
Nordrhein-Westfalen,precipitation,year,1925,939.8
Nordrhein-Westfalen,precipitation,year,1926,1011.5
Nordrhein-Westfalen,precipitation,year,1927,893.3
Nordrhein-Westfalen,precipitation,year,1928,871.8
Nordrhein-Westfalen,precipitation,year,1929,615.2
Nordrhein-Westfalen,precipitation,year,1930,879.6
Nordrhein-Westfalen,precipitation,year,1931,864.2
Nordrhein-Westfalen,precipitation,year,1932,793.4
Nordrhein-Westfalen,precipitation,year,1933,659.9
Nordrhein-Westfalen,precipitation,year,1934,699.7
Nordrhein-Westfalen,precipitation,year,1935,852.7
Nordrhein-Westfalen,precipitation,year,1936,905.5
Nordrhein-Westfalen,precipitation,year,1937,790.2
Nordrhein-Westfalen,precipitation,year,1938,838.9
Nordrhein-Westfalen,precipitation,year,1939,891.7
Nordrhein-Westfalen,precipitation,year,1940,894.1
Nordrhein-Westfalen,precipitation,year,1941,860.3
Nordrhein-Westfalen,precipitation,year,1942,711.1
Nordrhein-Westfalen,precipitation,year,1943,737.9
Nordrhein-Westfalen,precipitation,year,1944,992.9
Nordrhein-Westfalen,precipitation,year,1945,880.9
Nordrhein-Westfalen,precipitation,year,1946,838.1
Nordrhein-Westfalen,precipitation,year,1947,757.7
Nordrhein-Westfalen,precipitation,year,1948,865.8
Nordrhein-Westfalen,precipitation,year,1949,742.1
Nordrhein-Westfalen,precipitation,year,1950,886.3
Nordrhein-Westfalen,precipitation,year,1951,897.3
Nordrhein-Westfalen,precipitation,year,1952,906.2
Nordrhein-Westfalen,precipitation,year,1953,649.8
Nordrhein-Westfalen,precipitation,year,1954,984.2
Nordrhein-Westfalen,precipitation,year,1955,788.8
Nordrhein-Westfalen,precipitation,year,1956,973.5
Nordrhein-Westfalen,precipitation,year,1957,946.8
Nordrhein-Westfalen,precipitation,year,1958,1000.7
Nordrhein-Westfalen,precipitation,year,1959,501.3
Nordrhein-Westfalen,precipitation,year,1960,1024.7
Nordrhein-Westfalen,precipitation,year,1961,1055.6
Nordrhein-Westfalen,precipitation,year,1962,828.7
Nordrhein-Westfalen,precipitation,year,1963,696.6
Nordrhein-Westfalen,precipitation,year,1964,647.5
Nordrhein-Westfalen,precipitation,year,1965,1133
Nordrhein-Westfalen,precipitation,year,1966,1138.2
Nordrhein-Westfalen,precipitation,year,1967,927.8
Nordrhein-Westfalen,precipitation,year,1968,904
Nordrhein-Westfalen,precipitation,year,1969,782.4
Nordrhein-Westfalen,precipitation,year,1970,1020.2
Nordrhein-Westfalen,precipitation,year,1971,642.9
Nordrhein-Westfalen,precipitation,year,1972,720.9
Nordrhein-Westfalen,precipitation,year,1973,734.3
Nordrhein-Westfalen,precipitation,year,1974,1003.6
Nordrhein-Westfalen,precipitation,year,1975,696.7
Nordrhein-Westfalen,precipitation,year,1976,627.5
Nordrhein-Westfalen,precipitation,year,1977,851.3
Nordrhein-Westfalen,precipitation,year,1978,819.4
Nordrhein-Westfalen,precipitation,year,1979,896.1
Nordrhein-Westfalen,precipitation,year,1980,906.2
Nordrhein-Westfalen,precipitation,year,1981,1111.4
Nordrhein-Westfalen,precipitation,year,1982,805.3
Nordrhein-Westfalen,precipitation,year,1983,865.3
Nordrhein-Westfalen,precipitation,year,1984,1022.7
Nordrhein-Westfalen,precipitation,year,1985,842.5
Nordrhein-Westfalen,precipitation,year,1986,969.8
Nordrhein-Westfalen,precipitation,year,1987,987.1
Nordrhein-Westfalen,precipitation,year,1988,982.3
Nordrhein-Westfalen,precipitation,year,1989,763.5
Nordrhein-Westfalen,precipitation,year,1990,870.3
Nordrhein-Westfalen,precipitation,year,1991,734.7
Nordrhein-Westfalen,precipitation,year,1992,916.9
Nordrhein-Westfalen,precipitation,year,1993,1042.2
Nordrhein-Westfalen,precipitation,year,1994,1006.6
Nordrhein-Westfalen,precipitation,year,1995,874.9
Nordrhein-Westfalen,precipitation,year,1996,733.1
Nordrhein-Westfalen,precipitation,year,1997,778.9
Nordrhein-Westfalen,precipitation,year,1998,1126.4
Nordrhein-Westfalen,precipitation,year,1999,925.7
Nordrhein-Westfalen,precipitation,year,2000,919
Nordrhein-Westfalen,precipitation,year,2001,1001.9
Nordrhein-Westfalen,precipitation,year,2002,1085
Nordrhein-Westfalen,precipitation,year,2003,761.9
Nordrhein-Westfalen,precipitation,year,2004,957.6
Nordrhein-Westfalen,precipitation,year,2005,885.6
Nordrhein-Westfalen,precipitation,year,2006,842.3
Nordrhein-Westfalen,precipitation,year,2007,1128.2
Nordrhein-Westfalen,precipitation,year,2008,851.4
Nordrhein-Westfalen,precipitation,year,2009,877.9
Nordrhein-Westfalen,precipitation,year,2010,870
Nordrhein-Westfalen,precipitation,year,2011,753.8
Nordrhein-Westfalen,precipitation,year,2012,816.5
Nordrhein-Westfalen,precipitation,year,2013,720.9
Nordrhein-Westfalen,precipitation,year,2014,820.1
Nordrhein-Westfalen,precipitation,year,2015,835
Nordrhein-Westfalen,precipitation,year,2016,770.7
Nordrhein-Westfalen,precipitation,year,2017,875.3
Nordrhein-Westfalen,precipitation,year,2018,617.7
Nordrhein-Westfalen,precipitation,year,2019,815
Nordrhein-Westfalen,precipitation,year,2020,740.7
Nordrhein-Westfalen,precipitation,year,2021,840.7
Nordrhein-Westfalen,precipitation,year,2022,715.8
Nordrhein-Westfalen,precipitation,year,2023,1197.9
Nordrhein-Westfalen,precipitation,year,2024,1028.3
Nordrhein-Westfalen,precipitation,year,2025,673.4
Nordrhein-Westfalen,summer_days,year,1951,22.99
Nordrhein-Westfalen,summer_days,year,1952,24.63
Nordrhein-Westfalen,summer_days,year,1953,26.95
Nordrhein-Westfalen,summer_days,year,1954,16.3
Nordrhein-Westfalen,summer_days,year,1955,21.86
Nordrhein-Westfalen,summer_days,year,1956,9.45
Nordrhein-Westfalen,summer_days,year,1957,20.86
Nordrhein-Westfalen,summer_days,year,1958,23.78
Nordrhein-Westfalen,summer_days,year,1959,50.57
Nordrhein-Westfalen,summer_days,year,1960,13.55
Nordrhein-Westfalen,summer_days,year,1961,23.64
Nordrhein-Westfalen,summer_days,year,1962,10.33
Nordrhein-Westfalen,summer_days,year,1963,17.38
Nordrhein-Westfalen,summer_days,year,1964,37.47
Nordrhein-Westfalen,summer_days,year,1965,9.14
Nordrhein-Westfalen,summer_days,year,1966,24.2
Nordrhein-Westfalen,summer_days,year,1967,24.52
Nordrhein-Westfalen,summer_days,year,1968,20.01
Nordrhein-Westfalen,summer_days,year,1969,33.38
Nordrhein-Westfalen,summer_days,year,1970,26.23
Nordrhein-Westfalen,summer_days,year,1971,27.7
Nordrhein-Westfalen,summer_days,year,1972,16.31
Nordrhein-Westfalen,summer_days,year,1973,36.61
Nordrhein-Westfalen,summer_days,year,1974,13.49
Nordrhein-Westfalen,summer_days,year,1975,35.68
Nordrhein-Westfalen,summer_days,year,1976,45.21
Nordrhein-Westfalen,summer_days,year,1977,13.25
Nordrhein-Westfalen,summer_days,year,1978,16.34
Nordrhein-Westfalen,summer_days,year,1979,19.28
Nordrhein-Westfalen,summer_days,year,1980,17.4
Nordrhein-Westfalen,summer_days,year,1981,19.91
Nordrhein-Westfalen,summer_days,year,1982,39.44
Nordrhein-Westfalen,summer_days,year,1983,47.16
Nordrhein-Westfalen,summer_days,year,1984,17.59
Nordrhein-Westfalen,summer_days,year,1985,19.52
Nordrhein-Westfalen,summer_days,year,1986,30.91
Nordrhein-Westfalen,summer_days,year,1987,17.13
Nordrhein-Westfalen,summer_days,year,1988,18.58
Nordrhein-Westfalen,summer_days,year,1989,40.11
Nordrhein-Westfalen,summer_days,year,1990,32.73
Nordrhein-Westfalen,summer_days,year,1991,28.47
Nordrhein-Westfalen,summer_days,year,1992,41.1
Nordrhein-Westfalen,summer_days,year,1993,23.46
Nordrhein-Westfalen,summer_days,year,1994,38.28
Nordrhein-Westfalen,summer_days,year,1995,47.64
Nordrhein-Westfalen,summer_days,year,1996,21.16
Nordrhein-Westfalen,summer_days,year,1997,33.28
Nordrhein-Westfalen,summer_days,year,1998,22.54
Nordrhein-Westfalen,summer_days,year,1999,42.63
Nordrhein-Westfalen,summer_days,year,2000,25.94
Nordrhein-Westfalen,summer_days,year,2001,35.05
Nordrhein-Westfalen,summer_days,year,2002,26.93
Nordrhein-Westfalen,summer_days,year,2003,53.26
Nordrhein-Westfalen,summer_days,year,2004,29.94
Nordrhein-Westfalen,summer_days,year,2005,39.47
Nordrhein-Westfalen,summer_days,year,2006,52.06
Nordrhein-Westfalen,summer_days,year,2007,27.72
Nordrhein-Westfalen,summer_days,year,2008,27.11
Nordrhein-Westfalen,summer_days,year,2009,34.04
Nordrhein-Westfalen,summer_days,year,2010,34.74
Nordrhein-Westfalen,summer_days,year,2011,34.55
Nordrhein-Westfalen,summer_days,year,2012,31.07
Nordrhein-Westfalen,summer_days,year,2013,35.34
Nordrhein-Westfalen,summer_days,year,2014,29.76
Nordrhein-Westfalen,summer_days,year,2015,35.6
Nordrhein-Westfalen,summer_days,year,2016,38.41
Nordrhein-Westfalen,summer_days,year,2017,34.19
Nordrhein-Westfalen,summer_days,year,2018,75.85
Nordrhein-Westfalen,summer_days,year,2019,48.71
Nordrhein-Westfalen,summer_days,year,2020,41.89
Nordrhein-Westfalen,summer_days,year,2021,30.99
Nordrhein-Westfalen,summer_days,year,2022,55.69
Nordrhein-Westfalen,summer_days,year,2023,47.57
Nordrhein-Westfalen,summer_days,year,2024,42.69
Nordrhein-Westfalen,summer_days,year,2025,41.12
Nordrhein-Westfalen,sunshine,year,1951,1567.6
Nordrhein-Westfalen,sunshine,year,1952,1432.2
Nordrhein-Westfalen,sunshine,year,1953,1562.3
Nordrhein-Westfalen,sunshine,year,1954,1448.8
Nordrhein-Westfalen,sunshine,year,1955,1538.5
Nordrhein-Westfalen,sunshine,year,1956,1302.9
Nordrhein-Westfalen,sunshine,year,1957,1512.8
Nordrhein-Westfalen,sunshine,year,1958,1392.5
Nordrhein-Westfalen,sunshine,year,1959,1953.4
Nordrhein-Westfalen,sunshine,year,1960,1319.4
Nordrhein-Westfalen,sunshine,year,1961,1337.2
Nordrhein-Westfalen,sunshine,year,1962,1279.8
Nordrhein-Westfalen,sunshine,year,1963,1456.2
Nordrhein-Westfalen,sunshine,year,1964,1588.2
Nordrhein-Westfalen,sunshine,year,1965,1330.2
Nordrhein-Westfalen,sunshine,year,1966,1299.9
Nordrhein-Westfalen,sunshine,year,1967,1514.3
Nordrhein-Westfalen,sunshine,year,1968,1375.9
Nordrhein-Westfalen,sunshine,year,1969,1457.8
Nordrhein-Westfalen,sunshine,year,1970,1410.9
Nordrhein-Westfalen,sunshine,year,1971,1615.2
Nordrhein-Westfalen,sunshine,year,1972,1438.6
Nordrhein-Westfalen,sunshine,year,1973,1565.8
Nordrhein-Westfalen,sunshine,year,1974,1359.7
Nordrhein-Westfalen,sunshine,year,1975,1591.1
Nordrhein-Westfalen,sunshine,year,1976,1751.4
Nordrhein-Westfalen,sunshine,year,1977,1319.8
Nordrhein-Westfalen,sunshine,year,1978,1287.9
Nordrhein-Westfalen,sunshine,year,1979,1320.6
Nordrhein-Westfalen,sunshine,year,1980,1387.2
Nordrhein-Westfalen,sunshine,year,1981,1233.9
Nordrhein-Westfalen,sunshine,year,1982,1614.6
Nordrhein-Westfalen,sunshine,year,1983,1501.7
Nordrhein-Westfalen,sunshine,year,1984,1293.8
Nordrhein-Westfalen,sunshine,year,1985,1438.6
Nordrhein-Westfalen,sunshine,year,1986,1511.1
Nordrhein-Westfalen,sunshine,year,1987,1288.3
Nordrhein-Westfalen,sunshine,year,1988,1303.6
Nordrhein-Westfalen,sunshine,year,1989,1723.3
Nordrhein-Westfalen,sunshine,year,1990,1600.9
Nordrhein-Westfalen,sunshine,year,1991,1589.3
Nordrhein-Westfalen,sunshine,year,1992,1540.7
Nordrhein-Westfalen,sunshine,year,1993,1488.6
Nordrhein-Westfalen,sunshine,year,1994,1509.2
Nordrhein-Westfalen,sunshine,year,1995,1563.2
Nordrhein-Westfalen,sunshine,year,1996,1462.2
Nordrhein-Westfalen,sunshine,year,1997,1643.7
Nordrhein-Westfalen,sunshine,year,1998,1268.8
Nordrhein-Westfalen,sunshine,year,1999,1593.7
Nordrhein-Westfalen,sunshine,year,2000,1415.1
Nordrhein-Westfalen,sunshine,year,2001,1444.3
Nordrhein-Westfalen,sunshine,year,2002,1430.1
Nordrhein-Westfalen,sunshine,year,2003,1974.2
Nordrhein-Westfalen,sunshine,year,2004,1498.8
Nordrhein-Westfalen,sunshine,year,2005,1647.4
Nordrhein-Westfalen,sunshine,year,2006,1664.7
Nordrhein-Westfalen,sunshine,year,2007,1527.9
Nordrhein-Westfalen,sunshine,year,2008,1516.3
Nordrhein-Westfalen,sunshine,year,2009,1597.6
Nordrhein-Westfalen,sunshine,year,2010,1468.9
Nordrhein-Westfalen,sunshine,year,2011,1738.1
Nordrhein-Westfalen,sunshine,year,2012,1500.1
Nordrhein-Westfalen,sunshine,year,2013,1416.3
Nordrhein-Westfalen,sunshine,year,2014,1536.2
Nordrhein-Westfalen,sunshine,year,2015,1660.7
Nordrhein-Westfalen,sunshine,year,2016,1564
Nordrhein-Westfalen,sunshine,year,2017,1458.6
Nordrhein-Westfalen,sunshine,year,2018,1941.6
Nordrhein-Westfalen,sunshine,year,2019,1717
Nordrhein-Westfalen,sunshine,year,2020,1802.7
Nordrhein-Westfalen,sunshine,year,2021,1508.4
Nordrhein-Westfalen,sunshine,year,2022,1984
Nordrhein-Westfalen,sunshine,year,2023,1652.9
Nordrhein-Westfalen,sunshine,year,2024,1499.7
Nordrhein-Westfalen,sunshine,year,2025,1820.6
Nordrhein-Westfalen,temp_mean,year,1881,8.14
Nordrhein-Westfalen,temp_mean,year,1882,9.03
Nordrhein-Westfalen,temp_mean,year,1883,8.71
Nordrhein-Westfalen,temp_mean,year,1884,9.39
Nordrhein-Westfalen,temp_mean,year,1885,8.31
Nordrhein-Westfalen,temp_mean,year,1886,8.71
Nordrhein-Westfalen,temp_mean,year,1887,7.6
Nordrhein-Westfalen,temp_mean,year,1888,7.44
Nordrhein-Westfalen,temp_mean,year,1889,8.05
Nordrhein-Westfalen,temp_mean,year,1890,7.78
Nordrhein-Westfalen,temp_mean,year,1891,8.07
Nordrhein-Westfalen,temp_mean,year,1892,8.17
Nordrhein-Westfalen,temp_mean,year,1893,8.82
Nordrhein-Westfalen,temp_mean,year,1894,8.86
Nordrhein-Westfalen,temp_mean,year,1895,7.91
Nordrhein-Westfalen,temp_mean,year,1896,8.25
Nordrhein-Westfalen,temp_mean,year,1897,8.59
Nordrhein-Westfalen,temp_mean,year,1898,9.1
Nordrhein-Westfalen,temp_mean,year,1899,8.77
Nordrhein-Westfalen,temp_mean,year,1900,8.88
Nordrhein-Westfalen,temp_mean,year,1901,8.27
Nordrhein-Westfalen,temp_mean,year,1902,7.73
Nordrhein-Westfalen,temp_mean,year,1903,8.89
Nordrhein-Westfalen,temp_mean,year,1904,8.79
Nordrhein-Westfalen,temp_mean,year,1905,8.46
Nordrhein-Westfalen,temp_mean,year,1906,8.81
Nordrhein-Westfalen,temp_mean,year,1907,8.42
Nordrhein-Westfalen,temp_mean,year,1908,8.15
Nordrhein-Westfalen,temp_mean,year,1909,7.94
Nordrhein-Westfalen,temp_mean,year,1910,9.09
Nordrhein-Westfalen,temp_mean,year,1911,9.74
Nordrhein-Westfalen,temp_mean,year,1912,8.76
Nordrhein-Westfalen,temp_mean,year,1913,9.22
Nordrhein-Westfalen,temp_mean,year,1914,9.23
Nordrhein-Westfalen,temp_mean,year,1915,8.54
Nordrhein-Westfalen,temp_mean,year,1916,8.9
Nordrhein-Westfalen,temp_mean,year,1917,7.99
Nordrhein-Westfalen,temp_mean,year,1918,9.13
Nordrhein-Westfalen,temp_mean,year,1919,7.85
Nordrhein-Westfalen,temp_mean,year,1920,9.22
Nordrhein-Westfalen,temp_mean,year,1921,9.62
Nordrhein-Westfalen,temp_mean,year,1922,7.8
Nordrhein-Westfalen,temp_mean,year,1923,8.46
Nordrhein-Westfalen,temp_mean,year,1924,8.15
Nordrhein-Westfalen,temp_mean,year,1925,8.84
Nordrhein-Westfalen,temp_mean,year,1926,9.31
Nordrhein-Westfalen,temp_mean,year,1927,8.59
Nordrhein-Westfalen,temp_mean,year,1928,8.89
Nordrhein-Westfalen,temp_mean,year,1929,8.16
Nordrhein-Westfalen,temp_mean,year,1930,9.43
Nordrhein-Westfalen,temp_mean,year,1931,8.28
Nordrhein-Westfalen,temp_mean,year,1932,8.99
Nordrhein-Westfalen,temp_mean,year,1933,8.43
Nordrhein-Westfalen,temp_mean,year,1934,10.05
Nordrhein-Westfalen,temp_mean,year,1935,9.14
Nordrhein-Westfalen,temp_mean,year,1936,8.95
Nordrhein-Westfalen,temp_mean,year,1937,9.22
Nordrhein-Westfalen,temp_mean,year,1938,9.21
Nordrhein-Westfalen,temp_mean,year,1939,9.08
Nordrhein-Westfalen,temp_mean,year,1940,7.52
Nordrhein-Westfalen,temp_mean,year,1941,8.11
Nordrhein-Westfalen,temp_mean,year,1942,8
Nordrhein-Westfalen,temp_mean,year,1943,9.47
Nordrhein-Westfalen,temp_mean,year,1944,8.9
Nordrhein-Westfalen,temp_mean,year,1945,9.63
Nordrhein-Westfalen,temp_mean,year,1946,8.87
Nordrhein-Westfalen,temp_mean,year,1947,9.31
Nordrhein-Westfalen,temp_mean,year,1948,9.73
Nordrhein-Westfalen,temp_mean,year,1949,9.77
Nordrhein-Westfalen,temp_mean,year,1950,9.17
Nordrhein-Westfalen,temp_mean,year,1951,9.32
Nordrhein-Westfalen,temp_mean,year,1952,8.53
Nordrhein-Westfalen,temp_mean,year,1953,9.51
Nordrhein-Westfalen,temp_mean,year,1954,8.53
Nordrhein-Westfalen,temp_mean,year,1955,8.26
Nordrhein-Westfalen,temp_mean,year,1956,7.58
Nordrhein-Westfalen,temp_mean,year,1957,9.38
Nordrhein-Westfalen,temp_mean,year,1958,8.93
Nordrhein-Westfalen,temp_mean,year,1959,9.93
Nordrhein-Westfalen,temp_mean,year,1960,9.16
Nordrhein-Westfalen,temp_mean,year,1961,9.59
Nordrhein-Westfalen,temp_mean,year,1962,7.63
Nordrhein-Westfalen,temp_mean,year,1963,7.65
Nordrhein-Westfalen,temp_mean,year,1964,8.9
Nordrhein-Westfalen,temp_mean,year,1965,8.16
Nordrhein-Westfalen,temp_mean,year,1966,9.2
Nordrhein-Westfalen,temp_mean,year,1967,9.51
Nordrhein-Westfalen,temp_mean,year,1968,8.82
Nordrhein-Westfalen,temp_mean,year,1969,8.73
Nordrhein-Westfalen,temp_mean,year,1970,8.55
Nordrhein-Westfalen,temp_mean,year,1971,9.16
Nordrhein-Westfalen,temp_mean,year,1972,8.52
Nordrhein-Westfalen,temp_mean,year,1973,9
Nordrhein-Westfalen,temp_mean,year,1974,9.43
Nordrhein-Westfalen,temp_mean,year,1975,9.59
Nordrhein-Westfalen,temp_mean,year,1976,9.41
Nordrhein-Westfalen,temp_mean,year,1977,9.31
Nordrhein-Westfalen,temp_mean,year,1978,8.48
Nordrhein-Westfalen,temp_mean,year,1979,8.22
Nordrhein-Westfalen,temp_mean,year,1980,8.62
Nordrhein-Westfalen,temp_mean,year,1981,8.86
Nordrhein-Westfalen,temp_mean,year,1982,9.69
Nordrhein-Westfalen,temp_mean,year,1983,9.7
Nordrhein-Westfalen,temp_mean,year,1984,8.86
Nordrhein-Westfalen,temp_mean,year,1985,8.03
Nordrhein-Westfalen,temp_mean,year,1986,8.6
Nordrhein-Westfalen,temp_mean,year,1987,8.23
Nordrhein-Westfalen,temp_mean,year,1988,9.75
Nordrhein-Westfalen,temp_mean,year,1989,10.26
Nordrhein-Westfalen,temp_mean,year,1990,10.2
Nordrhein-Westfalen,temp_mean,year,1991,9.01
Nordrhein-Westfalen,temp_mean,year,1992,9.97
Nordrhein-Westfalen,temp_mean,year,1993,9.08
Nordrhein-Westfalen,temp_mean,year,1994,10.26
Nordrhein-Westfalen,temp_mean,year,1995,9.77
Nordrhein-Westfalen,temp_mean,year,1996,7.93
Nordrhein-Westfalen,temp_mean,year,1997,9.65
Nordrhein-Westfalen,temp_mean,year,1998,9.69
Nordrhein-Westfalen,temp_mean,year,1999,10.35
Nordrhein-Westfalen,temp_mean,year,2000,10.5
Nordrhein-Westfalen,temp_mean,year,2001,9.85
Nordrhein-Westfalen,temp_mean,year,2002,10.28
Nordrhein-Westfalen,temp_mean,year,2003,10.14
Nordrhein-Westfalen,temp_mean,year,2004,9.58
Nordrhein-Westfalen,temp_mean,year,2005,9.88
Nordrhein-Westfalen,temp_mean,year,2006,10.35
Nordrhein-Westfalen,temp_mean,year,2007,10.48
Nordrhein-Westfalen,temp_mean,year,2008,9.87
Nordrhein-Westfalen,temp_mean,year,2009,9.81
Nordrhein-Westfalen,temp_mean,year,2010,8.43
Nordrhein-Westfalen,temp_mean,year,2011,10.38
Nordrhein-Westfalen,temp_mean,year,2012,9.66
Nordrhein-Westfalen,temp_mean,year,2013,9.2
Nordrhein-Westfalen,temp_mean,year,2014,10.95
Nordrhein-Westfalen,temp_mean,year,2015,10.35
Nordrhein-Westfalen,temp_mean,year,2016,10.11
Nordrhein-Westfalen,temp_mean,year,2017,10.31
Nordrhein-Westfalen,temp_mean,year,2018,11.02
Nordrhein-Westfalen,temp_mean,year,2019,10.74
Nordrhein-Westfalen,temp_mean,year,2020,11.13
Nordrhein-Westfalen,temp_mean,year,2021,9.79
Nordrhein-Westfalen,temp_mean,year,2022,11.21
Nordrhein-Westfalen,temp_mean,year,2023,11.23
Nordrhein-Westfalen,temp_mean,year,2024,11.32
Nordrhein-Westfalen,temp_mean,year,2025,10.79
Nordrhein-Westfalen,tropical_nights,year,1951,0
Nordrhein-Westfalen,tropical_nights,year,1952,1.02
Nordrhein-Westfalen,tropical_nights,year,1953,0.02
Nordrhein-Westfalen,tropical_nights,year,1954,0.01
Nordrhein-Westfalen,tropical_nights,year,1955,0.01
Nordrhein-Westfalen,tropical_nights,year,1956,0
Nordrhein-Westfalen,tropical_nights,year,1957,1.21
Nordrhein-Westfalen,tropical_nights,year,1958,0
Nordrhein-Westfalen,tropical_nights,year,1959,0.81
Nordrhein-Westfalen,tropical_nights,year,1960,0
Nordrhein-Westfalen,tropical_nights,year,1961,0
Nordrhein-Westfalen,tropical_nights,year,1962,0
Nordrhein-Westfalen,tropical_nights,year,1963,0.01
Nordrhein-Westfalen,tropical_nights,year,1964,0.36
Nordrhein-Westfalen,tropical_nights,year,1965,0
Nordrhein-Westfalen,tropical_nights,year,1966,0.02
Nordrhein-Westfalen,tropical_nights,year,1967,0.18
Nordrhein-Westfalen,tropical_nights,year,1968,0.06
Nordrhein-Westfalen,tropical_nights,year,1969,0.68
Nordrhein-Westfalen,tropical_nights,year,1970,0
Nordrhein-Westfalen,tropical_nights,year,1971,0.01
Nordrhein-Westfalen,tropical_nights,year,1972,0.29
Nordrhein-Westfalen,tropical_nights,year,1973,0.37
Nordrhein-Westfalen,tropical_nights,year,1974,0.27
Nordrhein-Westfalen,tropical_nights,year,1975,0.59
Nordrhein-Westfalen,tropical_nights,year,1976,0.75
Nordrhein-Westfalen,tropical_nights,year,1977,0
Nordrhein-Westfalen,tropical_nights,year,1978,0.17
Nordrhein-Westfalen,tropical_nights,year,1979,0.01
Nordrhein-Westfalen,tropical_nights,year,1980,0.03
Nordrhein-Westfalen,tropical_nights,year,1981,0.02
Nordrhein-Westfalen,tropical_nights,year,1982,0.21
Nordrhein-Westfalen,tropical_nights,year,1983,0.67
Nordrhein-Westfalen,tropical_nights,year,1984,0.76
Nordrhein-Westfalen,tropical_nights,year,1985,0
Nordrhein-Westfalen,tropical_nights,year,1986,0.27
Nordrhein-Westfalen,tropical_nights,year,1987,0.35
Nordrhein-Westfalen,tropical_nights,year,1988,0.05
Nordrhein-Westfalen,tropical_nights,year,1989,0.62
Nordrhein-Westfalen,tropical_nights,year,1990,0.4
Nordrhein-Westfalen,tropical_nights,year,1991,1
Nordrhein-Westfalen,tropical_nights,year,1992,0.97
Nordrhein-Westfalen,tropical_nights,year,1993,0
Nordrhein-Westfalen,tropical_nights,year,1994,2.3
Nordrhein-Westfalen,tropical_nights,year,1995,0.62
Nordrhein-Westfalen,tropical_nights,year,1996,0.03
Nordrhein-Westfalen,tropical_nights,year,1997,0.5
Nordrhein-Westfalen,tropical_nights,year,1998,0.26
Nordrhein-Westfalen,tropical_nights,year,1999,0.1
Nordrhein-Westfalen,tropical_nights,year,2000,0.18
Nordrhein-Westfalen,tropical_nights,year,2001,0.66
Nordrhein-Westfalen,tropical_nights,year,2002,0.41
Nordrhein-Westfalen,tropical_nights,year,2003,2.09
Nordrhein-Westfalen,tropical_nights,year,2004,0.42
Nordrhein-Westfalen,tropical_nights,year,2005,0.46
Nordrhein-Westfalen,tropical_nights,year,2006,1.32
Nordrhein-Westfalen,tropical_nights,year,2007,0.07
Nordrhein-Westfalen,tropical_nights,year,2008,0.07
Nordrhein-Westfalen,tropical_nights,year,2009,0
Nordrhein-Westfalen,tropical_nights,year,2010,1.01
Nordrhein-Westfalen,tropical_nights,year,2011,0.11
Nordrhein-Westfalen,tropical_nights,year,2012,0.41
Nordrhein-Westfalen,tropical_nights,year,2013,0.73
Nordrhein-Westfalen,tropical_nights,year,2014,0.45
Nordrhein-Westfalen,tropical_nights,year,2015,1.5
Nordrhein-Westfalen,tropical_nights,year,2016,0.37
Nordrhein-Westfalen,tropical_nights,year,2017,0.01
Nordrhein-Westfalen,tropical_nights,year,2018,0.75
Nordrhein-Westfalen,tropical_nights,year,2019,1.59
Nordrhein-Westfalen,tropical_nights,year,2020,2.06
Nordrhein-Westfalen,tropical_nights,year,2021,0.48
Nordrhein-Westfalen,tropical_nights,year,2022,0.26
Nordrhein-Westfalen,tropical_nights,year,2023,0.09
Nordrhein-Westfalen,tropical_nights,year,2024,0.17
Nordrhein-Westfalen,tropical_nights,year,2025,0.11
Rheinland-Pfalz,frost_days,year,1951,70.74
Rheinland-Pfalz,frost_days,year,1952,99.27
Rheinland-Pfalz,frost_days,year,1953,87.28
Rheinland-Pfalz,frost_days,year,1954,84.88
Rheinland-Pfalz,frost_days,year,1955,118.47
Rheinland-Pfalz,frost_days,year,1956,103.77
Rheinland-Pfalz,frost_days,year,1957,77.72
Rheinland-Pfalz,frost_days,year,1958,88.68
Rheinland-Pfalz,frost_days,year,1959,81.77
Rheinland-Pfalz,frost_days,year,1960,69.29
Rheinland-Pfalz,frost_days,year,1961,67.87
Rheinland-Pfalz,frost_days,year,1962,102.8
Rheinland-Pfalz,frost_days,year,1963,108.9
Rheinland-Pfalz,frost_days,year,1964,92.2
Rheinland-Pfalz,frost_days,year,1965,90.84
Rheinland-Pfalz,frost_days,year,1966,69.6
Rheinland-Pfalz,frost_days,year,1967,78.18
Rheinland-Pfalz,frost_days,year,1968,97.2
Rheinland-Pfalz,frost_days,year,1969,102.96
Rheinland-Pfalz,frost_days,year,1970,95.53
Rheinland-Pfalz,frost_days,year,1971,86.99
Rheinland-Pfalz,frost_days,year,1972,84.96
Rheinland-Pfalz,frost_days,year,1973,99.57
Rheinland-Pfalz,frost_days,year,1974,48.03
Rheinland-Pfalz,frost_days,year,1975,77.86
Rheinland-Pfalz,frost_days,year,1976,87.21
Rheinland-Pfalz,frost_days,year,1977,64.77
Rheinland-Pfalz,frost_days,year,1978,84.77
Rheinland-Pfalz,frost_days,year,1979,93.96
Rheinland-Pfalz,frost_days,year,1980,86.71
Rheinland-Pfalz,frost_days,year,1981,94.5
Rheinland-Pfalz,frost_days,year,1982,78.91
Rheinland-Pfalz,frost_days,year,1983,83.05
Rheinland-Pfalz,frost_days,year,1984,79.6
Rheinland-Pfalz,frost_days,year,1985,107.16
Rheinland-Pfalz,frost_days,year,1986,85.76
Rheinland-Pfalz,frost_days,year,1987,92.91
Rheinland-Pfalz,frost_days,year,1988,62.84
Rheinland-Pfalz,frost_days,year,1989,69.67
Rheinland-Pfalz,frost_days,year,1990,56.89
Rheinland-Pfalz,frost_days,year,1991,88.78
Rheinland-Pfalz,frost_days,year,1992,61.71
Rheinland-Pfalz,frost_days,year,1993,79.49
Rheinland-Pfalz,frost_days,year,1994,53
Rheinland-Pfalz,frost_days,year,1995,77.28
Rheinland-Pfalz,frost_days,year,1996,102.63
Rheinland-Pfalz,frost_days,year,1997,75.75
Rheinland-Pfalz,frost_days,year,1998,72.96
Rheinland-Pfalz,frost_days,year,1999,65.48
Rheinland-Pfalz,frost_days,year,2000,47.34
Rheinland-Pfalz,frost_days,year,2001,75.74
Rheinland-Pfalz,frost_days,year,2002,53.9
Rheinland-Pfalz,frost_days,year,2003,88.32
Rheinland-Pfalz,frost_days,year,2004,82.34
Rheinland-Pfalz,frost_days,year,2005,81.63
Rheinland-Pfalz,frost_days,year,2006,83.56
Rheinland-Pfalz,frost_days,year,2007,52.29
Rheinland-Pfalz,frost_days,year,2008,77.79
Rheinland-Pfalz,frost_days,year,2009,75
Rheinland-Pfalz,frost_days,year,2010,104.61
Rheinland-Pfalz,frost_days,year,2011,69.87
Rheinland-Pfalz,frost_days,year,2012,65.98
Rheinland-Pfalz,frost_days,year,2013,93.29
Rheinland-Pfalz,frost_days,year,2014,41.58
Rheinland-Pfalz,frost_days,year,2015,67.24
Rheinland-Pfalz,frost_days,year,2016,71.19
Rheinland-Pfalz,frost_days,year,2017,69.29
Rheinland-Pfalz,frost_days,year,2018,68.23
Rheinland-Pfalz,frost_days,year,2019,65
Rheinland-Pfalz,frost_days,year,2020,51.11
Rheinland-Pfalz,frost_days,year,2021,75.34
Rheinland-Pfalz,frost_days,year,2022,57.82
Rheinland-Pfalz,frost_days,year,2023,56.74
Rheinland-Pfalz,frost_days,year,2024,44.26
Rheinland-Pfalz,frost_days,year,2025,68.31
Rheinland-Pfalz,hot_days,year,1951,1.97
Rheinland-Pfalz,hot_days,year,1952,10.95
Rheinland-Pfalz,hot_days,year,1953,6.21
Rheinland-Pfalz,hot_days,year,1954,3.02
Rheinland-Pfalz,hot_days,year,1955,1.5
Rheinland-Pfalz,hot_days,year,1956,0.87
Rheinland-Pfalz,hot_days,year,1957,7.84
Rheinland-Pfalz,hot_days,year,1958,1.05
Rheinland-Pfalz,hot_days,year,1959,9.03
Rheinland-Pfalz,hot_days,year,1960,0.77
Rheinland-Pfalz,hot_days,year,1961,5.46
Rheinland-Pfalz,hot_days,year,1962,3.28
Rheinland-Pfalz,hot_days,year,1963,3.35
Rheinland-Pfalz,hot_days,year,1964,13.76
Rheinland-Pfalz,hot_days,year,1965,0.95
Rheinland-Pfalz,hot_days,year,1966,2.9
Rheinland-Pfalz,hot_days,year,1967,5.27
Rheinland-Pfalz,hot_days,year,1968,1.9
Rheinland-Pfalz,hot_days,year,1969,5.54
Rheinland-Pfalz,hot_days,year,1970,1.58
Rheinland-Pfalz,hot_days,year,1971,6.32
Rheinland-Pfalz,hot_days,year,1972,3.96
Rheinland-Pfalz,hot_days,year,1973,9.74
Rheinland-Pfalz,hot_days,year,1974,2.52
Rheinland-Pfalz,hot_days,year,1975,7.42
Rheinland-Pfalz,hot_days,year,1976,18.33
Rheinland-Pfalz,hot_days,year,1977,1.22
Rheinland-Pfalz,hot_days,year,1978,1.53
Rheinland-Pfalz,hot_days,year,1979,1.88
Rheinland-Pfalz,hot_days,year,1980,1.21
Rheinland-Pfalz,hot_days,year,1981,2.63
Rheinland-Pfalz,hot_days,year,1982,7.46
Rheinland-Pfalz,hot_days,year,1983,12.16
Rheinland-Pfalz,hot_days,year,1984,4.59
Rheinland-Pfalz,hot_days,year,1985,2.33
Rheinland-Pfalz,hot_days,year,1986,3.97
Rheinland-Pfalz,hot_days,year,1987,2.11
Rheinland-Pfalz,hot_days,year,1988,2.13
Rheinland-Pfalz,hot_days,year,1989,5.04
Rheinland-Pfalz,hot_days,year,1990,9.2
Rheinland-Pfalz,hot_days,year,1991,8.54
Rheinland-Pfalz,hot_days,year,1992,8.98
Rheinland-Pfalz,hot_days,year,1993,3.14
Rheinland-Pfalz,hot_days,year,1994,15.82
Rheinland-Pfalz,hot_days,year,1995,12.29
Rheinland-Pfalz,hot_days,year,1996,3.39
Rheinland-Pfalz,hot_days,year,1997,5.86
Rheinland-Pfalz,hot_days,year,1998,9.7
Rheinland-Pfalz,hot_days,year,1999,6.49
Rheinland-Pfalz,hot_days,year,2000,3.78
Rheinland-Pfalz,hot_days,year,2001,10.13
Rheinland-Pfalz,hot_days,year,2002,5.92
Rheinland-Pfalz,hot_days,year,2003,22.01
Rheinland-Pfalz,hot_days,year,2004,6.22
Rheinland-Pfalz,hot_days,year,2005,11.56
Rheinland-Pfalz,hot_days,year,2006,15.77
Rheinland-Pfalz,hot_days,year,2007,4.94
Rheinland-Pfalz,hot_days,year,2008,5.45
Rheinland-Pfalz,hot_days,year,2009,5.84
Rheinland-Pfalz,hot_days,year,2010,11.39
Rheinland-Pfalz,hot_days,year,2011,5.02
Rheinland-Pfalz,hot_days,year,2012,7.6
Rheinland-Pfalz,hot_days,year,2013,10.58
Rheinland-Pfalz,hot_days,year,2014,5.98
Rheinland-Pfalz,hot_days,year,2015,19.5
Rheinland-Pfalz,hot_days,year,2016,10.32
Rheinland-Pfalz,hot_days,year,2017,10.65
Rheinland-Pfalz,hot_days,year,2018,19.61
Rheinland-Pfalz,hot_days,year,2019,18.35
Rheinland-Pfalz,hot_days,year,2020,15.07
Rheinland-Pfalz,hot_days,year,2021,3.98
Rheinland-Pfalz,hot_days,year,2022,22.53
Rheinland-Pfalz,hot_days,year,2023,11.95
Rheinland-Pfalz,hot_days,year,2024,11.49
Rheinland-Pfalz,hot_days,year,2025,13.91
Rheinland-Pfalz,ice_days,year,1951,8.04
Rheinland-Pfalz,ice_days,year,1952,21.26
Rheinland-Pfalz,ice_days,year,1953,20.31
Rheinland-Pfalz,ice_days,year,1954,27.91
Rheinland-Pfalz,ice_days,year,1955,26.83
Rheinland-Pfalz,ice_days,year,1956,40.03
Rheinland-Pfalz,ice_days,year,1957,13.16
Rheinland-Pfalz,ice_days,year,1958,15.48
Rheinland-Pfalz,ice_days,year,1959,11.94
Rheinland-Pfalz,ice_days,year,1960,18.04
Rheinland-Pfalz,ice_days,year,1961,18.34
Rheinland-Pfalz,ice_days,year,1962,25.27
Rheinland-Pfalz,ice_days,year,1963,59.77
Rheinland-Pfalz,ice_days,year,1964,26.73
Rheinland-Pfalz,ice_days,year,1965,18.69
Rheinland-Pfalz,ice_days,year,1966,18.61
Rheinland-Pfalz,ice_days,year,1967,16.55
Rheinland-Pfalz,ice_days,year,1968,26.14
Rheinland-Pfalz,ice_days,year,1969,37.33
Rheinland-Pfalz,ice_days,year,1970,28.98
Rheinland-Pfalz,ice_days,year,1971,19.9
Rheinland-Pfalz,ice_days,year,1972,17.79
Rheinland-Pfalz,ice_days,year,1973,14.2
Rheinland-Pfalz,ice_days,year,1974,4.29
Rheinland-Pfalz,ice_days,year,1975,7.69
Rheinland-Pfalz,ice_days,year,1976,21.26
Rheinland-Pfalz,ice_days,year,1977,11.38
Rheinland-Pfalz,ice_days,year,1978,24.47
Rheinland-Pfalz,ice_days,year,1979,27.66
Rheinland-Pfalz,ice_days,year,1980,23.55
Rheinland-Pfalz,ice_days,year,1981,22.92
Rheinland-Pfalz,ice_days,year,1982,18.43
Rheinland-Pfalz,ice_days,year,1983,18.76
Rheinland-Pfalz,ice_days,year,1984,8.22
Rheinland-Pfalz,ice_days,year,1985,43.2
Rheinland-Pfalz,ice_days,year,1986,31.96
Rheinland-Pfalz,ice_days,year,1987,33.7
Rheinland-Pfalz,ice_days,year,1988,5.52
Rheinland-Pfalz,ice_days,year,1989,8.15
Rheinland-Pfalz,ice_days,year,1990,9.82
Rheinland-Pfalz,ice_days,year,1991,21.26
Rheinland-Pfalz,ice_days,year,1992,10.58
Rheinland-Pfalz,ice_days,year,1993,22.61
Rheinland-Pfalz,ice_days,year,1994,7.54
Rheinland-Pfalz,ice_days,year,1995,16.3
Rheinland-Pfalz,ice_days,year,1996,36.8
Rheinland-Pfalz,ice_days,year,1997,18.83
Rheinland-Pfalz,ice_days,year,1998,16.09
Rheinland-Pfalz,ice_days,year,1999,11.83
Rheinland-Pfalz,ice_days,year,2000,6.62
Rheinland-Pfalz,ice_days,year,2001,10.77
Rheinland-Pfalz,ice_days,year,2002,15.84
Rheinland-Pfalz,ice_days,year,2003,15.59
Rheinland-Pfalz,ice_days,year,2004,15.86
Rheinland-Pfalz,ice_days,year,2005,22.38
Rheinland-Pfalz,ice_days,year,2006,18.08
Rheinland-Pfalz,ice_days,year,2007,8.51
Rheinland-Pfalz,ice_days,year,2008,8.8
Rheinland-Pfalz,ice_days,year,2009,20.19
Rheinland-Pfalz,ice_days,year,2010,47.64
Rheinland-Pfalz,ice_days,year,2011,9.95
Rheinland-Pfalz,ice_days,year,2012,19.39
Rheinland-Pfalz,ice_days,year,2013,24.59
Rheinland-Pfalz,ice_days,year,2014,3.66
Rheinland-Pfalz,ice_days,year,2015,5.97
Rheinland-Pfalz,ice_days,year,2016,7.57
Rheinland-Pfalz,ice_days,year,2017,13.47
Rheinland-Pfalz,ice_days,year,2018,12.59
Rheinland-Pfalz,ice_days,year,2019,7.32
Rheinland-Pfalz,ice_days,year,2020,2.6
Rheinland-Pfalz,ice_days,year,2021,11.08
Rheinland-Pfalz,ice_days,year,2022,9.4
Rheinland-Pfalz,ice_days,year,2023,6.58
Rheinland-Pfalz,ice_days,year,2024,11.5
Rheinland-Pfalz,ice_days,year,2025,6.82
Rheinland-Pfalz,precip_ge10,year,1951,24.03
Rheinland-Pfalz,precip_ge10,year,1952,26.07
Rheinland-Pfalz,precip_ge10,year,1953,12.53
Rheinland-Pfalz,precip_ge10,year,1954,20.93
Rheinland-Pfalz,precip_ge10,year,1955,18.75
Rheinland-Pfalz,precip_ge10,year,1956,22.13
Rheinland-Pfalz,precip_ge10,year,1957,20.17
Rheinland-Pfalz,precip_ge10,year,1958,26.13
Rheinland-Pfalz,precip_ge10,year,1959,13.73
Rheinland-Pfalz,precip_ge10,year,1960,21.39
Rheinland-Pfalz,precip_ge10,year,1961,22.68
Rheinland-Pfalz,precip_ge10,year,1962,16.46
Rheinland-Pfalz,precip_ge10,year,1963,16.35
Rheinland-Pfalz,precip_ge10,year,1964,16.55
Rheinland-Pfalz,precip_ge10,year,1965,30.84
Rheinland-Pfalz,precip_ge10,year,1966,29.38
Rheinland-Pfalz,precip_ge10,year,1967,24.88
Rheinland-Pfalz,precip_ge10,year,1968,23.84
Rheinland-Pfalz,precip_ge10,year,1969,19.09
Rheinland-Pfalz,precip_ge10,year,1970,22
Rheinland-Pfalz,precip_ge10,year,1971,15.88
Rheinland-Pfalz,precip_ge10,year,1972,17.93
Rheinland-Pfalz,precip_ge10,year,1973,16.13
Rheinland-Pfalz,precip_ge10,year,1974,21.06
Rheinland-Pfalz,precip_ge10,year,1975,18.28
Rheinland-Pfalz,precip_ge10,year,1976,14.74
Rheinland-Pfalz,precip_ge10,year,1977,23.35
Rheinland-Pfalz,precip_ge10,year,1978,21.49
Rheinland-Pfalz,precip_ge10,year,1979,25.56
Rheinland-Pfalz,precip_ge10,year,1980,25.99
Rheinland-Pfalz,precip_ge10,year,1981,29.15
Rheinland-Pfalz,precip_ge10,year,1982,24.27
Rheinland-Pfalz,precip_ge10,year,1983,22.22
Rheinland-Pfalz,precip_ge10,year,1984,28.42
Rheinland-Pfalz,precip_ge10,year,1985,17.46
Rheinland-Pfalz,precip_ge10,year,1986,24.87
Rheinland-Pfalz,precip_ge10,year,1987,27.33
Rheinland-Pfalz,precip_ge10,year,1988,24.76
Rheinland-Pfalz,precip_ge10,year,1989,23.62
Rheinland-Pfalz,precip_ge10,year,1990,22.04
Rheinland-Pfalz,precip_ge10,year,1991,17.58
Rheinland-Pfalz,precip_ge10,year,1992,22.81
Rheinland-Pfalz,precip_ge10,year,1993,23.64
Rheinland-Pfalz,precip_ge10,year,1994,21.35
Rheinland-Pfalz,precip_ge10,year,1995,27.53
Rheinland-Pfalz,precip_ge10,year,1996,16.6
Rheinland-Pfalz,precip_ge10,year,1997,20.22
Rheinland-Pfalz,precip_ge10,year,1998,23.4
Rheinland-Pfalz,precip_ge10,year,1999,23.69
Rheinland-Pfalz,precip_ge10,year,2000,27.94
Rheinland-Pfalz,precip_ge10,year,2001,27.08
Rheinland-Pfalz,precip_ge10,year,2002,30.21
Rheinland-Pfalz,precip_ge10,year,2003,17.72
Rheinland-Pfalz,precip_ge10,year,2004,20.34
Rheinland-Pfalz,precip_ge10,year,2005,17.05
Rheinland-Pfalz,precip_ge10,year,2006,21.67
Rheinland-Pfalz,precip_ge10,year,2007,24.18
Rheinland-Pfalz,precip_ge10,year,2008,20.08
Rheinland-Pfalz,precip_ge10,year,2009,23.35
Rheinland-Pfalz,precip_ge10,year,2010,22.68
Rheinland-Pfalz,precip_ge10,year,2011,17.16
Rheinland-Pfalz,precip_ge10,year,2012,21.38
Rheinland-Pfalz,precip_ge10,year,2013,23.52
Rheinland-Pfalz,precip_ge10,year,2014,22.43
Rheinland-Pfalz,precip_ge10,year,2015,16.33
Rheinland-Pfalz,precip_ge10,year,2016,21.64
Rheinland-Pfalz,precip_ge10,year,2017,22.75
Rheinland-Pfalz,precip_ge10,year,2018,18.24
Rheinland-Pfalz,precip_ge10,year,2019,20
Rheinland-Pfalz,precip_ge10,year,2020,19.51
Rheinland-Pfalz,precip_ge10,year,2021,20.41
Rheinland-Pfalz,precip_ge10,year,2022,21.05
Rheinland-Pfalz,precip_ge10,year,2023,28.95
Rheinland-Pfalz,precip_ge10,year,2024,28.6
Rheinland-Pfalz,precip_ge10,year,2025,21.62
Rheinland-Pfalz,precip_ge20,year,1951,4.06
Rheinland-Pfalz,precip_ge20,year,1952,5.54
Rheinland-Pfalz,precip_ge20,year,1953,2.48
Rheinland-Pfalz,precip_ge20,year,1954,3.26
Rheinland-Pfalz,precip_ge20,year,1955,3.81
Rheinland-Pfalz,precip_ge20,year,1956,4.19
Rheinland-Pfalz,precip_ge20,year,1957,3.77
Rheinland-Pfalz,precip_ge20,year,1958,4.42
Rheinland-Pfalz,precip_ge20,year,1959,2.46
Rheinland-Pfalz,precip_ge20,year,1960,4.36
Rheinland-Pfalz,precip_ge20,year,1961,4.81
Rheinland-Pfalz,precip_ge20,year,1962,3.81
Rheinland-Pfalz,precip_ge20,year,1963,3.72
Rheinland-Pfalz,precip_ge20,year,1964,3.08
Rheinland-Pfalz,precip_ge20,year,1965,5.94
Rheinland-Pfalz,precip_ge20,year,1966,6.18
Rheinland-Pfalz,precip_ge20,year,1967,6.5
Rheinland-Pfalz,precip_ge20,year,1968,5.99
Rheinland-Pfalz,precip_ge20,year,1969,3.34
Rheinland-Pfalz,precip_ge20,year,1970,4.82
Rheinland-Pfalz,precip_ge20,year,1971,3.14
Rheinland-Pfalz,precip_ge20,year,1972,4.77
Rheinland-Pfalz,precip_ge20,year,1973,2.48
Rheinland-Pfalz,precip_ge20,year,1974,3.26
Rheinland-Pfalz,precip_ge20,year,1975,3.56
Rheinland-Pfalz,precip_ge20,year,1976,2.57
Rheinland-Pfalz,precip_ge20,year,1977,4.31
Rheinland-Pfalz,precip_ge20,year,1978,4.64
Rheinland-Pfalz,precip_ge20,year,1979,5.94
Rheinland-Pfalz,precip_ge20,year,1980,4.99
Rheinland-Pfalz,precip_ge20,year,1981,8.43
Rheinland-Pfalz,precip_ge20,year,1982,5.87
Rheinland-Pfalz,precip_ge20,year,1983,4.45
Rheinland-Pfalz,precip_ge20,year,1984,7.89
Rheinland-Pfalz,precip_ge20,year,1985,2.48
Rheinland-Pfalz,precip_ge20,year,1986,6.91
Rheinland-Pfalz,precip_ge20,year,1987,5.1
Rheinland-Pfalz,precip_ge20,year,1988,4.22
Rheinland-Pfalz,precip_ge20,year,1989,4.54
Rheinland-Pfalz,precip_ge20,year,1990,5.93
Rheinland-Pfalz,precip_ge20,year,1991,3.46
Rheinland-Pfalz,precip_ge20,year,1992,4.54
Rheinland-Pfalz,precip_ge20,year,1993,6.11
Rheinland-Pfalz,precip_ge20,year,1994,4.17
Rheinland-Pfalz,precip_ge20,year,1995,5.71
Rheinland-Pfalz,precip_ge20,year,1996,3.6
Rheinland-Pfalz,precip_ge20,year,1997,3.88
Rheinland-Pfalz,precip_ge20,year,1998,4.57
Rheinland-Pfalz,precip_ge20,year,1999,5.21
Rheinland-Pfalz,precip_ge20,year,2000,5.88
Rheinland-Pfalz,precip_ge20,year,2001,4.36
Rheinland-Pfalz,precip_ge20,year,2002,8.28
Rheinland-Pfalz,precip_ge20,year,2003,3.83
Rheinland-Pfalz,precip_ge20,year,2004,4.62
Rheinland-Pfalz,precip_ge20,year,2005,3.28
Rheinland-Pfalz,precip_ge20,year,2006,4.8
Rheinland-Pfalz,precip_ge20,year,2007,5.08
Rheinland-Pfalz,precip_ge20,year,2008,3.93
Rheinland-Pfalz,precip_ge20,year,2009,3.97
Rheinland-Pfalz,precip_ge20,year,2010,4.1
Rheinland-Pfalz,precip_ge20,year,2011,4.06
Rheinland-Pfalz,precip_ge20,year,2012,3.31
Rheinland-Pfalz,precip_ge20,year,2013,4.9
Rheinland-Pfalz,precip_ge20,year,2014,5.02
Rheinland-Pfalz,precip_ge20,year,2015,3.36
Rheinland-Pfalz,precip_ge20,year,2016,4.36
Rheinland-Pfalz,precip_ge20,year,2017,4.38
Rheinland-Pfalz,precip_ge20,year,2018,5.07
Rheinland-Pfalz,precip_ge20,year,2019,3.22
Rheinland-Pfalz,precip_ge20,year,2020,3.78
Rheinland-Pfalz,precip_ge20,year,2021,3.48
Rheinland-Pfalz,precip_ge20,year,2022,4.4
Rheinland-Pfalz,precip_ge20,year,2023,6.22
Rheinland-Pfalz,precip_ge20,year,2024,7.68
Rheinland-Pfalz,precip_ge20,year,2025,3.94
Rheinland-Pfalz,precipitation,year,1881,711.2
Rheinland-Pfalz,precipitation,year,1882,1078.9
Rheinland-Pfalz,precipitation,year,1883,713.6
Rheinland-Pfalz,precipitation,year,1884,700.3
Rheinland-Pfalz,precipitation,year,1885,793.3
Rheinland-Pfalz,precipitation,year,1886,784.9
Rheinland-Pfalz,precipitation,year,1887,634.1
Rheinland-Pfalz,precipitation,year,1888,743.4
Rheinland-Pfalz,precipitation,year,1889,689.5
Rheinland-Pfalz,precipitation,year,1890,700.6
Rheinland-Pfalz,precipitation,year,1891,744
Rheinland-Pfalz,precipitation,year,1892,599.3
Rheinland-Pfalz,precipitation,year,1893,673.5
Rheinland-Pfalz,precipitation,year,1894,738.1
Rheinland-Pfalz,precipitation,year,1895,748.8
Rheinland-Pfalz,precipitation,year,1896,754.6
Rheinland-Pfalz,precipitation,year,1897,706.9
Rheinland-Pfalz,precipitation,year,1898,720
Rheinland-Pfalz,precipitation,year,1899,698.9
Rheinland-Pfalz,precipitation,year,1900,787.1
Rheinland-Pfalz,precipitation,year,1901,791.8
Rheinland-Pfalz,precipitation,year,1902,654.4
Rheinland-Pfalz,precipitation,year,1903,737.5
Rheinland-Pfalz,precipitation,year,1904,703.6
Rheinland-Pfalz,precipitation,year,1905,753.7
Rheinland-Pfalz,precipitation,year,1906,744
Rheinland-Pfalz,precipitation,year,1907,675.5
Rheinland-Pfalz,precipitation,year,1908,728.6
Rheinland-Pfalz,precipitation,year,1909,730.6
Rheinland-Pfalz,precipitation,year,1910,890.2
Rheinland-Pfalz,precipitation,year,1911,595.9
Rheinland-Pfalz,precipitation,year,1912,731
Rheinland-Pfalz,precipitation,year,1913,776.3
Rheinland-Pfalz,precipitation,year,1914,836.9
Rheinland-Pfalz,precipitation,year,1915,717.5
Rheinland-Pfalz,precipitation,year,1916,810.4
Rheinland-Pfalz,precipitation,year,1917,721.6
Rheinland-Pfalz,precipitation,year,1918,716
Rheinland-Pfalz,precipitation,year,1919,739.5
Rheinland-Pfalz,precipitation,year,1920,633.4
Rheinland-Pfalz,precipitation,year,1921,401.5
Rheinland-Pfalz,precipitation,year,1922,956.2
Rheinland-Pfalz,precipitation,year,1923,843.7
Rheinland-Pfalz,precipitation,year,1924,818.2
Rheinland-Pfalz,precipitation,year,1925,821.5
Rheinland-Pfalz,precipitation,year,1926,783.8
Rheinland-Pfalz,precipitation,year,1927,845.4
Rheinland-Pfalz,precipitation,year,1928,758.5
Rheinland-Pfalz,precipitation,year,1929,606.7
Rheinland-Pfalz,precipitation,year,1930,878.5
Rheinland-Pfalz,precipitation,year,1931,838.6
Rheinland-Pfalz,precipitation,year,1932,772.7
Rheinland-Pfalz,precipitation,year,1933,571.9
Rheinland-Pfalz,precipitation,year,1934,619.4
Rheinland-Pfalz,precipitation,year,1935,790.5
Rheinland-Pfalz,precipitation,year,1936,851.6
Rheinland-Pfalz,precipitation,year,1937,748.7
Rheinland-Pfalz,precipitation,year,1938,736.3
Rheinland-Pfalz,precipitation,year,1939,899.5
Rheinland-Pfalz,precipitation,year,1940,833.6
Rheinland-Pfalz,precipitation,year,1941,804.1
Rheinland-Pfalz,precipitation,year,1942,669.5
Rheinland-Pfalz,precipitation,year,1943,670.3
Rheinland-Pfalz,precipitation,year,1944,778.1
Rheinland-Pfalz,precipitation,year,1945,770.9
Rheinland-Pfalz,precipitation,year,1946,731.4
Rheinland-Pfalz,precipitation,year,1947,684
Rheinland-Pfalz,precipitation,year,1948,765.1
Rheinland-Pfalz,precipitation,year,1949,578.7
Rheinland-Pfalz,precipitation,year,1950,923.9
Rheinland-Pfalz,precipitation,year,1951,807.1
Rheinland-Pfalz,precipitation,year,1952,919.5
Rheinland-Pfalz,precipitation,year,1953,513.5
Rheinland-Pfalz,precipitation,year,1954,798.2
Rheinland-Pfalz,precipitation,year,1955,712.5
Rheinland-Pfalz,precipitation,year,1956,798.5
Rheinland-Pfalz,precipitation,year,1957,739.7
Rheinland-Pfalz,precipitation,year,1958,891.2
Rheinland-Pfalz,precipitation,year,1959,542.7
Rheinland-Pfalz,precipitation,year,1960,829.2
Rheinland-Pfalz,precipitation,year,1961,842.1
Rheinland-Pfalz,precipitation,year,1962,667.4
Rheinland-Pfalz,precipitation,year,1963,627.5
Rheinland-Pfalz,precipitation,year,1964,596.2
Rheinland-Pfalz,precipitation,year,1965,1053.5
Rheinland-Pfalz,precipitation,year,1966,984.2
Rheinland-Pfalz,precipitation,year,1967,878.9
Rheinland-Pfalz,precipitation,year,1968,918.9
Rheinland-Pfalz,precipitation,year,1969,749.9
Rheinland-Pfalz,precipitation,year,1970,896.2
Rheinland-Pfalz,precipitation,year,1971,579.2
Rheinland-Pfalz,precipitation,year,1972,660.7
Rheinland-Pfalz,precipitation,year,1973,633.5
Rheinland-Pfalz,precipitation,year,1974,855.3
Rheinland-Pfalz,precipitation,year,1975,670.4
Rheinland-Pfalz,precipitation,year,1976,561.9
Rheinland-Pfalz,precipitation,year,1977,848.2
Rheinland-Pfalz,precipitation,year,1978,797.1
Rheinland-Pfalz,precipitation,year,1979,893.2
Rheinland-Pfalz,precipitation,year,1980,877.2
Rheinland-Pfalz,precipitation,year,1981,1034.2
Rheinland-Pfalz,precipitation,year,1982,846.1
Rheinland-Pfalz,precipitation,year,1983,802.6
Rheinland-Pfalz,precipitation,year,1984,959.9
Rheinland-Pfalz,precipitation,year,1985,695.3
Rheinland-Pfalz,precipitation,year,1986,887.4
Rheinland-Pfalz,precipitation,year,1987,920.4
Rheinland-Pfalz,precipitation,year,1988,908.7
Rheinland-Pfalz,precipitation,year,1989,764.4
Rheinland-Pfalz,precipitation,year,1990,807.7
Rheinland-Pfalz,precipitation,year,1991,614.1
Rheinland-Pfalz,precipitation,year,1992,803.8
Rheinland-Pfalz,precipitation,year,1993,867
Rheinland-Pfalz,precipitation,year,1994,832.9
Rheinland-Pfalz,precipitation,year,1995,929.7
Rheinland-Pfalz,precipitation,year,1996,634.9
Rheinland-Pfalz,precipitation,year,1997,742.7
Rheinland-Pfalz,precipitation,year,1998,873.5
Rheinland-Pfalz,precipitation,year,1999,844.2
Rheinland-Pfalz,precipitation,year,2000,966
Rheinland-Pfalz,precipitation,year,2001,883.5
Rheinland-Pfalz,precipitation,year,2002,912.1
Rheinland-Pfalz,precipitation,year,2003,597.4
Rheinland-Pfalz,precipitation,year,2004,755.7
Rheinland-Pfalz,precipitation,year,2005,694.9
Rheinland-Pfalz,precipitation,year,2006,757.4
Rheinland-Pfalz,precipitation,year,2007,846.4
Rheinland-Pfalz,precipitation,year,2008,758.5
Rheinland-Pfalz,precipitation,year,2009,808.8
Rheinland-Pfalz,precipitation,year,2010,834.5
Rheinland-Pfalz,precipitation,year,2011,643.3
Rheinland-Pfalz,precipitation,year,2012,785.6
Rheinland-Pfalz,precipitation,year,2013,804.4
Rheinland-Pfalz,precipitation,year,2014,752.8
Rheinland-Pfalz,precipitation,year,2015,622.2
Rheinland-Pfalz,precipitation,year,2016,746.9
Rheinland-Pfalz,precipitation,year,2017,768
Rheinland-Pfalz,precipitation,year,2018,657.3
Rheinland-Pfalz,precipitation,year,2019,756.3
Rheinland-Pfalz,precipitation,year,2020,684.1
Rheinland-Pfalz,precipitation,year,2021,776.6
Rheinland-Pfalz,precipitation,year,2022,698.6
Rheinland-Pfalz,precipitation,year,2023,892.6
Rheinland-Pfalz,precipitation,year,2024,930.6
Rheinland-Pfalz,precipitation,year,2025,694.5
Rheinland-Pfalz,summer_days,year,1951,26.34
Rheinland-Pfalz,summer_days,year,1952,33.9
Rheinland-Pfalz,summer_days,year,1953,30.68
Rheinland-Pfalz,summer_days,year,1954,19.19
Rheinland-Pfalz,summer_days,year,1955,24.32
Rheinland-Pfalz,summer_days,year,1956,11.96
Rheinland-Pfalz,summer_days,year,1957,23.99
Rheinland-Pfalz,summer_days,year,1958,25.93
Rheinland-Pfalz,summer_days,year,1959,51.18
Rheinland-Pfalz,summer_days,year,1960,14.73
Rheinland-Pfalz,summer_days,year,1961,28.14
Rheinland-Pfalz,summer_days,year,1962,23.72
Rheinland-Pfalz,summer_days,year,1963,22.46
Rheinland-Pfalz,summer_days,year,1964,44.09
Rheinland-Pfalz,summer_days,year,1965,12.77
Rheinland-Pfalz,summer_days,year,1966,24.75
Rheinland-Pfalz,summer_days,year,1967,30.75
Rheinland-Pfalz,summer_days,year,1968,16.77
Rheinland-Pfalz,summer_days,year,1969,35.55
Rheinland-Pfalz,summer_days,year,1970,27.14
Rheinland-Pfalz,summer_days,year,1971,33.37
Rheinland-Pfalz,summer_days,year,1972,17.63
Rheinland-Pfalz,summer_days,year,1973,43.45
Rheinland-Pfalz,summer_days,year,1974,21.51
Rheinland-Pfalz,summer_days,year,1975,37.47
Rheinland-Pfalz,summer_days,year,1976,54.21
Rheinland-Pfalz,summer_days,year,1977,18.23
Rheinland-Pfalz,summer_days,year,1978,16.11
Rheinland-Pfalz,summer_days,year,1979,23.23
Rheinland-Pfalz,summer_days,year,1980,16.32
Rheinland-Pfalz,summer_days,year,1981,22.14
Rheinland-Pfalz,summer_days,year,1982,44.5
Rheinland-Pfalz,summer_days,year,1983,51.35
Rheinland-Pfalz,summer_days,year,1984,20.9
Rheinland-Pfalz,summer_days,year,1985,24.53
Rheinland-Pfalz,summer_days,year,1986,35
Rheinland-Pfalz,summer_days,year,1987,21.68
Rheinland-Pfalz,summer_days,year,1988,24.6
Rheinland-Pfalz,summer_days,year,1989,40.58
Rheinland-Pfalz,summer_days,year,1990,35.71
Rheinland-Pfalz,summer_days,year,1991,42.39
Rheinland-Pfalz,summer_days,year,1992,41.62
Rheinland-Pfalz,summer_days,year,1993,33.5
Rheinland-Pfalz,summer_days,year,1994,43.76
Rheinland-Pfalz,summer_days,year,1995,47
Rheinland-Pfalz,summer_days,year,1996,28.71
Rheinland-Pfalz,summer_days,year,1997,41.03
Rheinland-Pfalz,summer_days,year,1998,30.15
Rheinland-Pfalz,summer_days,year,1999,42.6
Rheinland-Pfalz,summer_days,year,2000,32.15
Rheinland-Pfalz,summer_days,year,2001,40.29
Rheinland-Pfalz,summer_days,year,2002,31.45
Rheinland-Pfalz,summer_days,year,2003,69.55
Rheinland-Pfalz,summer_days,year,2004,35.69
Rheinland-Pfalz,summer_days,year,2005,44.89
Rheinland-Pfalz,summer_days,year,2006,50.4
Rheinland-Pfalz,summer_days,year,2007,35.39
Rheinland-Pfalz,summer_days,year,2008,34.3
Rheinland-Pfalz,summer_days,year,2009,37.23
Rheinland-Pfalz,summer_days,year,2010,37.77
Rheinland-Pfalz,summer_days,year,2011,41.64
Rheinland-Pfalz,summer_days,year,2012,36.98
Rheinland-Pfalz,summer_days,year,2013,39.53
Rheinland-Pfalz,summer_days,year,2014,31.31
Rheinland-Pfalz,summer_days,year,2015,46.6
Rheinland-Pfalz,summer_days,year,2016,44.03
Rheinland-Pfalz,summer_days,year,2017,43.77
Rheinland-Pfalz,summer_days,year,2018,77.46
Rheinland-Pfalz,summer_days,year,2019,54.01
Rheinland-Pfalz,summer_days,year,2020,55.44
Rheinland-Pfalz,summer_days,year,2021,32.72
Rheinland-Pfalz,summer_days,year,2022,70.14
Rheinland-Pfalz,summer_days,year,2023,60.94
Rheinland-Pfalz,summer_days,year,2024,48.13
Rheinland-Pfalz,summer_days,year,2025,49.79
Rheinland-Pfalz,sunshine,year,1951,1650.8
Rheinland-Pfalz,sunshine,year,1952,1589.8
Rheinland-Pfalz,sunshine,year,1953,1716.7
Rheinland-Pfalz,sunshine,year,1954,1555.6
Rheinland-Pfalz,sunshine,year,1955,1658.8
Rheinland-Pfalz,sunshine,year,1956,1478.2
Rheinland-Pfalz,sunshine,year,1957,1684.1
Rheinland-Pfalz,sunshine,year,1958,1534.8
Rheinland-Pfalz,sunshine,year,1959,1993.6
Rheinland-Pfalz,sunshine,year,1960,1408.8
Rheinland-Pfalz,sunshine,year,1961,1522.8
Rheinland-Pfalz,sunshine,year,1962,1644
Rheinland-Pfalz,sunshine,year,1963,1548.5
Rheinland-Pfalz,sunshine,year,1964,1650.2
Rheinland-Pfalz,sunshine,year,1965,1386.2
Rheinland-Pfalz,sunshine,year,1966,1440.9
Rheinland-Pfalz,sunshine,year,1967,1646.7
Rheinland-Pfalz,sunshine,year,1968,1409.8
Rheinland-Pfalz,sunshine,year,1969,1463
Rheinland-Pfalz,sunshine,year,1970,1427.6
Rheinland-Pfalz,sunshine,year,1971,1702.9
Rheinland-Pfalz,sunshine,year,1972,1498.8
Rheinland-Pfalz,sunshine,year,1973,1684.3
Rheinland-Pfalz,sunshine,year,1974,1399.2
Rheinland-Pfalz,sunshine,year,1975,1615.3
Rheinland-Pfalz,sunshine,year,1976,1798.7
Rheinland-Pfalz,sunshine,year,1977,1314.1
Rheinland-Pfalz,sunshine,year,1978,1323
Rheinland-Pfalz,sunshine,year,1979,1423.5
Rheinland-Pfalz,sunshine,year,1980,1351.4
Rheinland-Pfalz,sunshine,year,1981,1325.9
Rheinland-Pfalz,sunshine,year,1982,1620.3
Rheinland-Pfalz,sunshine,year,1983,1522.4
Rheinland-Pfalz,sunshine,year,1984,1343
Rheinland-Pfalz,sunshine,year,1985,1530.8
Rheinland-Pfalz,sunshine,year,1986,1479.5
Rheinland-Pfalz,sunshine,year,1987,1366.7
Rheinland-Pfalz,sunshine,year,1988,1405.5
Rheinland-Pfalz,sunshine,year,1989,1705.7
Rheinland-Pfalz,sunshine,year,1990,1668.3
Rheinland-Pfalz,sunshine,year,1991,1685.7
Rheinland-Pfalz,sunshine,year,1992,1536.5
Rheinland-Pfalz,sunshine,year,1993,1513.2
Rheinland-Pfalz,sunshine,year,1994,1552.4
Rheinland-Pfalz,sunshine,year,1995,1526.6
Rheinland-Pfalz,sunshine,year,1996,1524.1
Rheinland-Pfalz,sunshine,year,1997,1711.2
Rheinland-Pfalz,sunshine,year,1998,1386.2
Rheinland-Pfalz,sunshine,year,1999,1587.2
Rheinland-Pfalz,sunshine,year,2000,1473
Rheinland-Pfalz,sunshine,year,2001,1523.8
Rheinland-Pfalz,sunshine,year,2002,1467
Rheinland-Pfalz,sunshine,year,2003,2052.5
Rheinland-Pfalz,sunshine,year,2004,1588
Rheinland-Pfalz,sunshine,year,2005,1710.6
Rheinland-Pfalz,sunshine,year,2006,1723.8
Rheinland-Pfalz,sunshine,year,2007,1700.4
Rheinland-Pfalz,sunshine,year,2008,1525.9
Rheinland-Pfalz,sunshine,year,2009,1641.1
Rheinland-Pfalz,sunshine,year,2010,1553.8
Rheinland-Pfalz,sunshine,year,2011,1821.9
Rheinland-Pfalz,sunshine,year,2012,1672.5
Rheinland-Pfalz,sunshine,year,2013,1470
Rheinland-Pfalz,sunshine,year,2014,1581
Rheinland-Pfalz,sunshine,year,2015,1693.2
Rheinland-Pfalz,sunshine,year,2016,1500.6
Rheinland-Pfalz,sunshine,year,2017,1643.9
Rheinland-Pfalz,sunshine,year,2018,1994.2
Rheinland-Pfalz,sunshine,year,2019,1851.3
Rheinland-Pfalz,sunshine,year,2020,1911.6
Rheinland-Pfalz,sunshine,year,2021,1681.6
Rheinland-Pfalz,sunshine,year,2022,2095.7
Rheinland-Pfalz,sunshine,year,2023,1791
Rheinland-Pfalz,sunshine,year,2024,1585.5
Rheinland-Pfalz,sunshine,year,2025,1948.8
Rheinland-Pfalz,temp_mean,year,1881,7.97
Rheinland-Pfalz,temp_mean,year,1882,8.55
Rheinland-Pfalz,temp_mean,year,1883,8.26
Rheinland-Pfalz,temp_mean,year,1884,8.94
Rheinland-Pfalz,temp_mean,year,1885,8.01
Rheinland-Pfalz,temp_mean,year,1886,8.45
Rheinland-Pfalz,temp_mean,year,1887,7.13
Rheinland-Pfalz,temp_mean,year,1888,7.11
Rheinland-Pfalz,temp_mean,year,1889,7.45
Rheinland-Pfalz,temp_mean,year,1890,7.41
Rheinland-Pfalz,temp_mean,year,1891,7.52
Rheinland-Pfalz,temp_mean,year,1892,7.85
Rheinland-Pfalz,temp_mean,year,1893,8.39
Rheinland-Pfalz,temp_mean,year,1894,8.3
Rheinland-Pfalz,temp_mean,year,1895,7.49
Rheinland-Pfalz,temp_mean,year,1896,7.8
Rheinland-Pfalz,temp_mean,year,1897,8.31
Rheinland-Pfalz,temp_mean,year,1898,8.68
Rheinland-Pfalz,temp_mean,year,1899,8.4
Rheinland-Pfalz,temp_mean,year,1900,8.69
Rheinland-Pfalz,temp_mean,year,1901,7.91
Rheinland-Pfalz,temp_mean,year,1902,7.7
Rheinland-Pfalz,temp_mean,year,1903,8.47
Rheinland-Pfalz,temp_mean,year,1904,8.6
Rheinland-Pfalz,temp_mean,year,1905,8.2
Rheinland-Pfalz,temp_mean,year,1906,8.37
Rheinland-Pfalz,temp_mean,year,1907,8.06
Rheinland-Pfalz,temp_mean,year,1908,7.57
Rheinland-Pfalz,temp_mean,year,1909,7.66
Rheinland-Pfalz,temp_mean,year,1910,8.48
Rheinland-Pfalz,temp_mean,year,1911,9.27
Rheinland-Pfalz,temp_mean,year,1912,8.26
Rheinland-Pfalz,temp_mean,year,1913,8.74
Rheinland-Pfalz,temp_mean,year,1914,8.58
Rheinland-Pfalz,temp_mean,year,1915,8.51
Rheinland-Pfalz,temp_mean,year,1916,8.78
Rheinland-Pfalz,temp_mean,year,1917,7.75
Rheinland-Pfalz,temp_mean,year,1918,8.85
Rheinland-Pfalz,temp_mean,year,1919,7.79
Rheinland-Pfalz,temp_mean,year,1920,8.82
Rheinland-Pfalz,temp_mean,year,1921,9.45
Rheinland-Pfalz,temp_mean,year,1922,7.71
Rheinland-Pfalz,temp_mean,year,1923,8.56
Rheinland-Pfalz,temp_mean,year,1924,7.8
Rheinland-Pfalz,temp_mean,year,1925,8.49
Rheinland-Pfalz,temp_mean,year,1926,9.02
Rheinland-Pfalz,temp_mean,year,1927,8.37
Rheinland-Pfalz,temp_mean,year,1928,8.84
Rheinland-Pfalz,temp_mean,year,1929,7.99
Rheinland-Pfalz,temp_mean,year,1930,9.13
Rheinland-Pfalz,temp_mean,year,1931,7.86
Rheinland-Pfalz,temp_mean,year,1932,8.46
Rheinland-Pfalz,temp_mean,year,1933,8.13
Rheinland-Pfalz,temp_mean,year,1934,9.67
Rheinland-Pfalz,temp_mean,year,1935,8.79
Rheinland-Pfalz,temp_mean,year,1936,8.66
Rheinland-Pfalz,temp_mean,year,1937,9.03
Rheinland-Pfalz,temp_mean,year,1938,8.72
Rheinland-Pfalz,temp_mean,year,1939,8.56
Rheinland-Pfalz,temp_mean,year,1940,7.28
Rheinland-Pfalz,temp_mean,year,1941,7.71
Rheinland-Pfalz,temp_mean,year,1942,7.81
Rheinland-Pfalz,temp_mean,year,1943,9.14
Rheinland-Pfalz,temp_mean,year,1944,8.43
Rheinland-Pfalz,temp_mean,year,1945,9.33
Rheinland-Pfalz,temp_mean,year,1946,8.49
Rheinland-Pfalz,temp_mean,year,1947,9.27
Rheinland-Pfalz,temp_mean,year,1948,9.2
Rheinland-Pfalz,temp_mean,year,1949,9.52
Rheinland-Pfalz,temp_mean,year,1950,8.82
Rheinland-Pfalz,temp_mean,year,1951,8.93
Rheinland-Pfalz,temp_mean,year,1952,8.45
Rheinland-Pfalz,temp_mean,year,1953,9.11
Rheinland-Pfalz,temp_mean,year,1954,8.1
Rheinland-Pfalz,temp_mean,year,1955,7.88
Rheinland-Pfalz,temp_mean,year,1956,7.2
Rheinland-Pfalz,temp_mean,year,1957,8.92
Rheinland-Pfalz,temp_mean,year,1958,8.55
Rheinland-Pfalz,temp_mean,year,1959,9.57
Rheinland-Pfalz,temp_mean,year,1960,8.82
Rheinland-Pfalz,temp_mean,year,1961,9.3
Rheinland-Pfalz,temp_mean,year,1962,7.53
Rheinland-Pfalz,temp_mean,year,1963,7.35
Rheinland-Pfalz,temp_mean,year,1964,8.63
Rheinland-Pfalz,temp_mean,year,1965,7.82
Rheinland-Pfalz,temp_mean,year,1966,8.93
Rheinland-Pfalz,temp_mean,year,1967,8.99
Rheinland-Pfalz,temp_mean,year,1968,8.28
Rheinland-Pfalz,temp_mean,year,1969,8.22
Rheinland-Pfalz,temp_mean,year,1970,8.19
Rheinland-Pfalz,temp_mean,year,1971,8.67
Rheinland-Pfalz,temp_mean,year,1972,8.04
Rheinland-Pfalz,temp_mean,year,1973,8.63
Rheinland-Pfalz,temp_mean,year,1974,9.08
Rheinland-Pfalz,temp_mean,year,1975,9.08
Rheinland-Pfalz,temp_mean,year,1976,9.19
Rheinland-Pfalz,temp_mean,year,1977,8.89
Rheinland-Pfalz,temp_mean,year,1978,7.96
Rheinland-Pfalz,temp_mean,year,1979,8.07
Rheinland-Pfalz,temp_mean,year,1980,8.07
Rheinland-Pfalz,temp_mean,year,1981,8.51
Rheinland-Pfalz,temp_mean,year,1982,9.09
Rheinland-Pfalz,temp_mean,year,1983,9.2
Rheinland-Pfalz,temp_mean,year,1984,8.29
Rheinland-Pfalz,temp_mean,year,1985,7.71
Rheinland-Pfalz,temp_mean,year,1986,8.29
Rheinland-Pfalz,temp_mean,year,1987,7.93
Rheinland-Pfalz,temp_mean,year,1988,9.35
Rheinland-Pfalz,temp_mean,year,1989,9.67
Rheinland-Pfalz,temp_mean,year,1990,9.7
Rheinland-Pfalz,temp_mean,year,1991,8.69
Rheinland-Pfalz,temp_mean,year,1992,9.54
Rheinland-Pfalz,temp_mean,year,1993,8.93
Rheinland-Pfalz,temp_mean,year,1994,10.14
Rheinland-Pfalz,temp_mean,year,1995,9.43
Rheinland-Pfalz,temp_mean,year,1996,7.78
Rheinland-Pfalz,temp_mean,year,1997,9.25
Rheinland-Pfalz,temp_mean,year,1998,9.25
Rheinland-Pfalz,temp_mean,year,1999,9.76
Rheinland-Pfalz,temp_mean,year,2000,10.09
Rheinland-Pfalz,temp_mean,year,2001,9.53
Rheinland-Pfalz,temp_mean,year,2002,10.05
Rheinland-Pfalz,temp_mean,year,2003,10.07
Rheinland-Pfalz,temp_mean,year,2004,9.23
Rheinland-Pfalz,temp_mean,year,2005,9.54
Rheinland-Pfalz,temp_mean,year,2006,9.94
Rheinland-Pfalz,temp_mean,year,2007,10.12
Rheinland-Pfalz,temp_mean,year,2008,9.55
Rheinland-Pfalz,temp_mean,year,2009,9.58
Rheinland-Pfalz,temp_mean,year,2010,8.37
Rheinland-Pfalz,temp_mean,year,2011,10.19
Rheinland-Pfalz,temp_mean,year,2012,9.46
Rheinland-Pfalz,temp_mean,year,2013,8.98
Rheinland-Pfalz,temp_mean,year,2014,10.67
Rheinland-Pfalz,temp_mean,year,2015,10.25
Rheinland-Pfalz,temp_mean,year,2016,9.76
Rheinland-Pfalz,temp_mean,year,2017,10.01
Rheinland-Pfalz,temp_mean,year,2018,10.84
Rheinland-Pfalz,temp_mean,year,2019,10.45
Rheinland-Pfalz,temp_mean,year,2020,10.96
Rheinland-Pfalz,temp_mean,year,2021,9.45
Rheinland-Pfalz,temp_mean,year,2022,11.18
Rheinland-Pfalz,temp_mean,year,2023,11.12
Rheinland-Pfalz,temp_mean,year,2024,10.94
Rheinland-Pfalz,temp_mean,year,2025,10.57
Rheinland-Pfalz,tropical_nights,year,1951,0.01
Rheinland-Pfalz,tropical_nights,year,1952,2.69
Rheinland-Pfalz,tropical_nights,year,1953,0.01
Rheinland-Pfalz,tropical_nights,year,1954,0
Rheinland-Pfalz,tropical_nights,year,1955,0
Rheinland-Pfalz,tropical_nights,year,1956,0
Rheinland-Pfalz,tropical_nights,year,1957,1.24
Rheinland-Pfalz,tropical_nights,year,1958,0
Rheinland-Pfalz,tropical_nights,year,1959,0.54
Rheinland-Pfalz,tropical_nights,year,1960,0
Rheinland-Pfalz,tropical_nights,year,1961,0.01
Rheinland-Pfalz,tropical_nights,year,1962,0.01
Rheinland-Pfalz,tropical_nights,year,1963,0.08
Rheinland-Pfalz,tropical_nights,year,1964,0.89
Rheinland-Pfalz,tropical_nights,year,1965,0.01
Rheinland-Pfalz,tropical_nights,year,1966,0.04
Rheinland-Pfalz,tropical_nights,year,1967,0.16
Rheinland-Pfalz,tropical_nights,year,1968,0.02
Rheinland-Pfalz,tropical_nights,year,1969,0.72
Rheinland-Pfalz,tropical_nights,year,1970,0.01
Rheinland-Pfalz,tropical_nights,year,1971,0.15
Rheinland-Pfalz,tropical_nights,year,1972,0.1
Rheinland-Pfalz,tropical_nights,year,1973,0.17
Rheinland-Pfalz,tropical_nights,year,1974,0.12
Rheinland-Pfalz,tropical_nights,year,1975,0.07
Rheinland-Pfalz,tropical_nights,year,1976,1.53
Rheinland-Pfalz,tropical_nights,year,1977,0
Rheinland-Pfalz,tropical_nights,year,1978,0.02
Rheinland-Pfalz,tropical_nights,year,1979,0
Rheinland-Pfalz,tropical_nights,year,1980,0.02
Rheinland-Pfalz,tropical_nights,year,1981,0.04
Rheinland-Pfalz,tropical_nights,year,1982,0.48
Rheinland-Pfalz,tropical_nights,year,1983,1.48
Rheinland-Pfalz,tropical_nights,year,1984,0.19
Rheinland-Pfalz,tropical_nights,year,1985,0.03
Rheinland-Pfalz,tropical_nights,year,1986,0.21
Rheinland-Pfalz,tropical_nights,year,1987,0.32
Rheinland-Pfalz,tropical_nights,year,1988,0.06
Rheinland-Pfalz,tropical_nights,year,1989,0.39
Rheinland-Pfalz,tropical_nights,year,1990,0.44
Rheinland-Pfalz,tropical_nights,year,1991,1.39
Rheinland-Pfalz,tropical_nights,year,1992,1.4
Rheinland-Pfalz,tropical_nights,year,1993,0
Rheinland-Pfalz,tropical_nights,year,1994,2.18
Rheinland-Pfalz,tropical_nights,year,1995,0.48
Rheinland-Pfalz,tropical_nights,year,1996,0.05
Rheinland-Pfalz,tropical_nights,year,1997,0.16
Rheinland-Pfalz,tropical_nights,year,1998,0.52
Rheinland-Pfalz,tropical_nights,year,1999,0.2
Rheinland-Pfalz,tropical_nights,year,2000,0.21
Rheinland-Pfalz,tropical_nights,year,2001,0.86
Rheinland-Pfalz,tropical_nights,year,2002,0.46
Rheinland-Pfalz,tropical_nights,year,2003,4.67
Rheinland-Pfalz,tropical_nights,year,2004,0.08
Rheinland-Pfalz,tropical_nights,year,2005,0.69
Rheinland-Pfalz,tropical_nights,year,2006,2.6
Rheinland-Pfalz,tropical_nights,year,2007,0.28
Rheinland-Pfalz,tropical_nights,year,2008,0.03
Rheinland-Pfalz,tropical_nights,year,2009,0
Rheinland-Pfalz,tropical_nights,year,2010,0.8
Rheinland-Pfalz,tropical_nights,year,2011,0.16
Rheinland-Pfalz,tropical_nights,year,2012,0.65
Rheinland-Pfalz,tropical_nights,year,2013,1.41
Rheinland-Pfalz,tropical_nights,year,2014,0.6
Rheinland-Pfalz,tropical_nights,year,2015,3.5
Rheinland-Pfalz,tropical_nights,year,2016,0.2
Rheinland-Pfalz,tropical_nights,year,2017,0.22
Rheinland-Pfalz,tropical_nights,year,2018,2.18
Rheinland-Pfalz,tropical_nights,year,2019,2.55
Rheinland-Pfalz,tropical_nights,year,2020,1.99
Rheinland-Pfalz,tropical_nights,year,2021,0.16
Rheinland-Pfalz,tropical_nights,year,2022,0.79
Rheinland-Pfalz,tropical_nights,year,2023,0.72
Rheinland-Pfalz,tropical_nights,year,2024,0.46
Rheinland-Pfalz,tropical_nights,year,2025,1.14
Saarland,frost_days,year,1951,65.41
Saarland,frost_days,year,1952,97.67
Saarland,frost_days,year,1953,83.74
Saarland,frost_days,year,1954,78.54
Saarland,frost_days,year,1955,112.47
Saarland,frost_days,year,1956,100.95
Saarland,frost_days,year,1957,71.71
Saarland,frost_days,year,1958,85.42
Saarland,frost_days,year,1959,70.7
Saarland,frost_days,year,1960,63.83
Saarland,frost_days,year,1961,61.41
Saarland,frost_days,year,1962,100.57
Saarland,frost_days,year,1963,99.63
Saarland,frost_days,year,1964,87.33
Saarland,frost_days,year,1965,84.91
Saarland,frost_days,year,1966,69.21
Saarland,frost_days,year,1967,75.04
Saarland,frost_days,year,1968,91.42
Saarland,frost_days,year,1969,95.83
Saarland,frost_days,year,1970,90.35
Saarland,frost_days,year,1971,84.03
Saarland,frost_days,year,1972,77.13
Saarland,frost_days,year,1973,102.26
Saarland,frost_days,year,1974,43.4
Saarland,frost_days,year,1975,76.99
Saarland,frost_days,year,1976,84.73
Saarland,frost_days,year,1977,62.06
Saarland,frost_days,year,1978,83.71
Saarland,frost_days,year,1979,88.28
Saarland,frost_days,year,1980,81.22
Saarland,frost_days,year,1981,87.32
Saarland,frost_days,year,1982,70.84
Saarland,frost_days,year,1983,82
Saarland,frost_days,year,1984,73.84
Saarland,frost_days,year,1985,104.16
Saarland,frost_days,year,1986,84.13
Saarland,frost_days,year,1987,86.89
Saarland,frost_days,year,1988,58.31
Saarland,frost_days,year,1989,67.7
Saarland,frost_days,year,1990,53.25
Saarland,frost_days,year,1991,82.02
Saarland,frost_days,year,1992,55.55
Saarland,frost_days,year,1993,72.59
Saarland,frost_days,year,1994,45.57
Saarland,frost_days,year,1995,70.21
Saarland,frost_days,year,1996,98.1
Saarland,frost_days,year,1997,72.33
Saarland,frost_days,year,1998,71.41
Saarland,frost_days,year,1999,61.41
Saarland,frost_days,year,2000,43.98
Saarland,frost_days,year,2001,72.07
Saarland,frost_days,year,2002,52.14
Saarland,frost_days,year,2003,80.03
Saarland,frost_days,year,2004,77.83
Saarland,frost_days,year,2005,83.23
Saarland,frost_days,year,2006,81.43
Saarland,frost_days,year,2007,47.23
Saarland,frost_days,year,2008,77.15
Saarland,frost_days,year,2009,70.3
Saarland,frost_days,year,2010,97.36
Saarland,frost_days,year,2011,63.83
Saarland,frost_days,year,2012,62.8
Saarland,frost_days,year,2013,93.09
Saarland,frost_days,year,2014,38.33
Saarland,frost_days,year,2015,68.92
Saarland,frost_days,year,2016,72.86
Saarland,frost_days,year,2017,69.16
Saarland,frost_days,year,2018,62.2
Saarland,frost_days,year,2019,62.77
Saarland,frost_days,year,2020,52.64
Saarland,frost_days,year,2021,71.15
Saarland,frost_days,year,2022,59.42
Saarland,frost_days,year,2023,57.24
Saarland,frost_days,year,2024,44.22
Saarland,frost_days,year,2025,63.79
Saarland,hot_days,year,1951,1.38
Saarland,hot_days,year,1952,11.69
Saarland,hot_days,year,1953,5.93
Saarland,hot_days,year,1954,3.03
Saarland,hot_days,year,1955,1.96
Saarland,hot_days,year,1956,1.51
Saarland,hot_days,year,1957,7.98
Saarland,hot_days,year,1958,1.18
Saarland,hot_days,year,1959,6.95
Saarland,hot_days,year,1960,1.23
Saarland,hot_days,year,1961,4.03
Saarland,hot_days,year,1962,4.18
Saarland,hot_days,year,1963,2.63
Saarland,hot_days,year,1964,13.39
Saarland,hot_days,year,1965,1
Saarland,hot_days,year,1966,2.89
Saarland,hot_days,year,1967,4.91
Saarland,hot_days,year,1968,2.1
Saarland,hot_days,year,1969,4.21
Saarland,hot_days,year,1970,0.69
Saarland,hot_days,year,1971,6.17
Saarland,hot_days,year,1972,3.2
Saarland,hot_days,year,1973,9.88
Saarland,hot_days,year,1974,2.02
Saarland,hot_days,year,1975,7.86
Saarland,hot_days,year,1976,19.34
Saarland,hot_days,year,1977,1.32
Saarland,hot_days,year,1978,0.91
Saarland,hot_days,year,1979,1.14
Saarland,hot_days,year,1980,0.86
Saarland,hot_days,year,1981,1.61
Saarland,hot_days,year,1982,5.66
Saarland,hot_days,year,1983,13.77
Saarland,hot_days,year,1984,5.27
Saarland,hot_days,year,1985,2.72
Saarland,hot_days,year,1986,3.4
Saarland,hot_days,year,1987,2.07
Saarland,hot_days,year,1988,1.15
Saarland,hot_days,year,1989,6.03
Saarland,hot_days,year,1990,9.74
Saarland,hot_days,year,1991,8.68
Saarland,hot_days,year,1992,8.72
Saarland,hot_days,year,1993,1.61
Saarland,hot_days,year,1994,17.47
Saarland,hot_days,year,1995,11.64
Saarland,hot_days,year,1996,2.71
Saarland,hot_days,year,1997,6.56
Saarland,hot_days,year,1998,9.56
Saarland,hot_days,year,1999,4.3
Saarland,hot_days,year,2000,2.44
Saarland,hot_days,year,2001,8.62
Saarland,hot_days,year,2002,6.15
Saarland,hot_days,year,2003,22.7
Saarland,hot_days,year,2004,4.45
Saarland,hot_days,year,2005,14.33
Saarland,hot_days,year,2006,17.08
Saarland,hot_days,year,2007,3.48
Saarland,hot_days,year,2008,4.55
Saarland,hot_days,year,2009,4.47
Saarland,hot_days,year,2010,10.31
Saarland,hot_days,year,2011,4.9
Saarland,hot_days,year,2012,7.26
Saarland,hot_days,year,2013,11.13
Saarland,hot_days,year,2014,5.91
Saarland,hot_days,year,2015,20.9
Saarland,hot_days,year,2016,11.39
Saarland,hot_days,year,2017,11.18
Saarland,hot_days,year,2018,18.52
Saarland,hot_days,year,2019,20.56
Saarland,hot_days,year,2020,17.49
Saarland,hot_days,year,2021,3.88
Saarland,hot_days,year,2022,29.75
Saarland,hot_days,year,2023,13.55
Saarland,hot_days,year,2024,11.58
Saarland,hot_days,year,2025,15.76
Saarland,ice_days,year,1951,3.19
Saarland,ice_days,year,1952,25.75
Saarland,ice_days,year,1953,21.59
Saarland,ice_days,year,1954,25.55
Saarland,ice_days,year,1955,27.93
Saarland,ice_days,year,1956,38.98
Saarland,ice_days,year,1957,10.99
Saarland,ice_days,year,1958,14.82
Saarland,ice_days,year,1959,10.87
Saarland,ice_days,year,1960,17.27
Saarland,ice_days,year,1961,15.69
Saarland,ice_days,year,1962,21.58
Saarland,ice_days,year,1963,59.23
Saarland,ice_days,year,1964,26.91
Saarland,ice_days,year,1965,17.87
Saarland,ice_days,year,1966,14.84
Saarland,ice_days,year,1967,15.5
Saarland,ice_days,year,1968,24.5
Saarland,ice_days,year,1969,34.5
Saarland,ice_days,year,1970,24.74
Saarland,ice_days,year,1971,16.49
Saarland,ice_days,year,1972,14.28
Saarland,ice_days,year,1973,9.84
Saarland,ice_days,year,1974,2.77
Saarland,ice_days,year,1975,4.65
Saarland,ice_days,year,1976,18.49
Saarland,ice_days,year,1977,8.91
Saarland,ice_days,year,1978,24.03
Saarland,ice_days,year,1979,23.01
Saarland,ice_days,year,1980,21.51
Saarland,ice_days,year,1981,16.71
Saarland,ice_days,year,1982,16.66
Saarland,ice_days,year,1983,16.25
Saarland,ice_days,year,1984,4.9
Saarland,ice_days,year,1985,39.43
Saarland,ice_days,year,1986,28.95
Saarland,ice_days,year,1987,28.53
Saarland,ice_days,year,1988,4.31
Saarland,ice_days,year,1989,8.65
Saarland,ice_days,year,1990,8.07
Saarland,ice_days,year,1991,18.08
Saarland,ice_days,year,1992,8.53
Saarland,ice_days,year,1993,19.46
Saarland,ice_days,year,1994,5.94
Saarland,ice_days,year,1995,13.35
Saarland,ice_days,year,1996,33.42
Saarland,ice_days,year,1997,17.58
Saarland,ice_days,year,1998,15.75
Saarland,ice_days,year,1999,9.53
Saarland,ice_days,year,2000,4.29
Saarland,ice_days,year,2001,8.49
Saarland,ice_days,year,2002,15.48
Saarland,ice_days,year,2003,12.16
Saarland,ice_days,year,2004,13.69
Saarland,ice_days,year,2005,18.11
Saarland,ice_days,year,2006,13.01
Saarland,ice_days,year,2007,5.52
Saarland,ice_days,year,2008,7.03
Saarland,ice_days,year,2009,18.9
Saarland,ice_days,year,2010,42.43
Saarland,ice_days,year,2011,7.11
Saarland,ice_days,year,2012,17.02
Saarland,ice_days,year,2013,20.54
Saarland,ice_days,year,2014,2.16
Saarland,ice_days,year,2015,4.28
Saarland,ice_days,year,2016,7.08
Saarland,ice_days,year,2017,11.79
Saarland,ice_days,year,2018,11.18
Saarland,ice_days,year,2019,6.04
Saarland,ice_days,year,2020,1.68
Saarland,ice_days,year,2021,7.22
Saarland,ice_days,year,2022,7.74
Saarland,ice_days,year,2023,4.67
Saarland,ice_days,year,2024,11.2
Saarland,ice_days,year,2025,5.49
Saarland,precip_ge10,year,1951,29.07
Saarland,precip_ge10,year,1952,33.04
Saarland,precip_ge10,year,1953,11.36
Saarland,precip_ge10,year,1954,24.1
Saarland,precip_ge10,year,1955,25.22
Saarland,precip_ge10,year,1956,24.9
Saarland,precip_ge10,year,1957,26.91
Saarland,precip_ge10,year,1958,40.44
Saarland,precip_ge10,year,1959,16.64
Saarland,precip_ge10,year,1960,31.86
Saarland,precip_ge10,year,1961,29.86
Saarland,precip_ge10,year,1962,20.14
Saarland,precip_ge10,year,1963,24.78
Saarland,precip_ge10,year,1964,20.95
Saarland,precip_ge10,year,1965,42.68
Saarland,precip_ge10,year,1966,34.25
Saarland,precip_ge10,year,1967,32.46
Saarland,precip_ge10,year,1968,30.26
Saarland,precip_ge10,year,1969,26.16
Saarland,precip_ge10,year,1970,29.89
Saarland,precip_ge10,year,1971,19.46
Saarland,precip_ge10,year,1972,21.38
Saarland,precip_ge10,year,1973,20.47
Saarland,precip_ge10,year,1974,25.13
Saarland,precip_ge10,year,1975,20.62
Saarland,precip_ge10,year,1976,17.96
Saarland,precip_ge10,year,1977,33.24
Saarland,precip_ge10,year,1978,31.49
Saarland,precip_ge10,year,1979,35.14
Saarland,precip_ge10,year,1980,36.66
Saarland,precip_ge10,year,1981,36.51
Saarland,precip_ge10,year,1982,32.56
Saarland,precip_ge10,year,1983,28.31
Saarland,precip_ge10,year,1984,35.97
Saarland,precip_ge10,year,1985,20.74
Saarland,precip_ge10,year,1986,32.45
Saarland,precip_ge10,year,1987,32.59
Saarland,precip_ge10,year,1988,34.22
Saarland,precip_ge10,year,1989,28.67
Saarland,precip_ge10,year,1990,27.38
Saarland,precip_ge10,year,1991,22.84
Saarland,precip_ge10,year,1992,26.46
Saarland,precip_ge10,year,1993,29.51
Saarland,precip_ge10,year,1994,27.63
Saarland,precip_ge10,year,1995,37.23
Saarland,precip_ge10,year,1996,19.41
Saarland,precip_ge10,year,1997,26.93
Saarland,precip_ge10,year,1998,28.24
Saarland,precip_ge10,year,1999,31.93
Saarland,precip_ge10,year,2000,41.27
Saarland,precip_ge10,year,2001,39.84
Saarland,precip_ge10,year,2002,36.58
Saarland,precip_ge10,year,2003,20.89
Saarland,precip_ge10,year,2004,24.32
Saarland,precip_ge10,year,2005,20.88
Saarland,precip_ge10,year,2006,26.93
Saarland,precip_ge10,year,2007,31.56
Saarland,precip_ge10,year,2008,24.82
Saarland,precip_ge10,year,2009,28.51
Saarland,precip_ge10,year,2010,30.81
Saarland,precip_ge10,year,2011,20.74
Saarland,precip_ge10,year,2012,28.43
Saarland,precip_ge10,year,2013,29.85
Saarland,precip_ge10,year,2014,26.02
Saarland,precip_ge10,year,2015,18.5
Saarland,precip_ge10,year,2016,28.77
Saarland,precip_ge10,year,2017,28.67
Saarland,precip_ge10,year,2018,27.4
Saarland,precip_ge10,year,2019,28.25
Saarland,precip_ge10,year,2020,28.21
Saarland,precip_ge10,year,2021,26.15
Saarland,precip_ge10,year,2022,26.69
Saarland,precip_ge10,year,2023,42.09
Saarland,precip_ge10,year,2024,38.9
Saarland,precip_ge10,year,2025,27.24
Saarland,precip_ge20,year,1951,4.83
Saarland,precip_ge20,year,1952,6.76
Saarland,precip_ge20,year,1953,2.13
Saarland,precip_ge20,year,1954,4.16
Saarland,precip_ge20,year,1955,5.02
Saarland,precip_ge20,year,1956,5.64
Saarland,precip_ge20,year,1957,6.41
Saarland,precip_ge20,year,1958,8.93
Saarland,precip_ge20,year,1959,3.64
Saarland,precip_ge20,year,1960,6.45
Saarland,precip_ge20,year,1961,7.89
Saarland,precip_ge20,year,1962,6.63
Saarland,precip_ge20,year,1963,6.73
Saarland,precip_ge20,year,1964,4.87
Saarland,precip_ge20,year,1965,10.22
Saarland,precip_ge20,year,1966,6.55
Saarland,precip_ge20,year,1967,9.67
Saarland,precip_ge20,year,1968,7.95
Saarland,precip_ge20,year,1969,5.34
Saarland,precip_ge20,year,1970,7.69
Saarland,precip_ge20,year,1971,4.16
Saarland,precip_ge20,year,1972,3.83
Saarland,precip_ge20,year,1973,3.94
Saarland,precip_ge20,year,1974,4.72
Saarland,precip_ge20,year,1975,4.98
Saarland,precip_ge20,year,1976,2.91
Saarland,precip_ge20,year,1977,5.46
Saarland,precip_ge20,year,1978,9.04
Saarland,precip_ge20,year,1979,8.7
Saarland,precip_ge20,year,1980,7.83
Saarland,precip_ge20,year,1981,10.4
Saarland,precip_ge20,year,1982,9.47
Saarland,precip_ge20,year,1983,8.66
Saarland,precip_ge20,year,1984,9.58
Saarland,precip_ge20,year,1985,2.87
Saarland,precip_ge20,year,1986,11.41
Saarland,precip_ge20,year,1987,7.52
Saarland,precip_ge20,year,1988,6.1
Saarland,precip_ge20,year,1989,4.89
Saarland,precip_ge20,year,1990,8.29
Saarland,precip_ge20,year,1991,4.59
Saarland,precip_ge20,year,1992,5.01
Saarland,precip_ge20,year,1993,8.26
Saarland,precip_ge20,year,1994,5.38
Saarland,precip_ge20,year,1995,9.9
Saarland,precip_ge20,year,1996,5.77
Saarland,precip_ge20,year,1997,6.71
Saarland,precip_ge20,year,1998,7.63
Saarland,precip_ge20,year,1999,8.17
Saarland,precip_ge20,year,2000,7.74
Saarland,precip_ge20,year,2001,6.28
Saarland,precip_ge20,year,2002,11.65
Saarland,precip_ge20,year,2003,5.49
Saarland,precip_ge20,year,2004,6.08
Saarland,precip_ge20,year,2005,3.31
Saarland,precip_ge20,year,2006,6.63
Saarland,precip_ge20,year,2007,8.01
Saarland,precip_ge20,year,2008,6.63
Saarland,precip_ge20,year,2009,5.59
Saarland,precip_ge20,year,2010,5.47
Saarland,precip_ge20,year,2011,5.32
Saarland,precip_ge20,year,2012,5.65
Saarland,precip_ge20,year,2013,7.21
Saarland,precip_ge20,year,2014,5.8
Saarland,precip_ge20,year,2015,3.21
Saarland,precip_ge20,year,2016,6.24
Saarland,precip_ge20,year,2017,7.4
Saarland,precip_ge20,year,2018,8.82
Saarland,precip_ge20,year,2019,5.06
Saarland,precip_ge20,year,2020,6.53
Saarland,precip_ge20,year,2021,5.21
Saarland,precip_ge20,year,2022,8.38
Saarland,precip_ge20,year,2023,9.31
Saarland,precip_ge20,year,2024,13.51
Saarland,precip_ge20,year,2025,5.69
Saarland,precipitation,year,1881,776.2
Saarland,precipitation,year,1882,1210.3
Saarland,precipitation,year,1883,819.5
Saarland,precipitation,year,1884,769
Saarland,precipitation,year,1885,925.1
Saarland,precipitation,year,1886,891.6
Saarland,precipitation,year,1887,754
Saarland,precipitation,year,1888,839.8
Saarland,precipitation,year,1889,762
Saarland,precipitation,year,1890,770
Saarland,precipitation,year,1891,796.3
Saarland,precipitation,year,1892,650.2
Saarland,precipitation,year,1893,748.3
Saarland,precipitation,year,1894,754.1
Saarland,precipitation,year,1895,871.8
Saarland,precipitation,year,1896,840.6
Saarland,precipitation,year,1897,776.2
Saarland,precipitation,year,1898,687.1
Saarland,precipitation,year,1899,750.5
Saarland,precipitation,year,1900,793.9
Saarland,precipitation,year,1901,940.1
Saarland,precipitation,year,1902,752.7
Saarland,precipitation,year,1903,826.7
Saarland,precipitation,year,1904,779.9
Saarland,precipitation,year,1905,790.5
Saarland,precipitation,year,1906,840.9
Saarland,precipitation,year,1907,752.8
Saarland,precipitation,year,1908,833.1
Saarland,precipitation,year,1909,841.1
Saarland,precipitation,year,1910,1060.9
Saarland,precipitation,year,1911,720.5
Saarland,precipitation,year,1912,923.2
Saarland,precipitation,year,1913,882.2
Saarland,precipitation,year,1914,998.9
Saarland,precipitation,year,1915,896
Saarland,precipitation,year,1916,975.6
Saarland,precipitation,year,1917,797.5
Saarland,precipitation,year,1918,857.8
Saarland,precipitation,year,1919,897.5
Saarland,precipitation,year,1920,769.9
Saarland,precipitation,year,1921,432.9
Saarland,precipitation,year,1922,1041.7
Saarland,precipitation,year,1923,1002.1
Saarland,precipitation,year,1924,943.6
Saarland,precipitation,year,1925,1019.3
Saarland,precipitation,year,1926,843.6
Saarland,precipitation,year,1927,988.6
Saarland,precipitation,year,1928,850.6
Saarland,precipitation,year,1929,669.8
Saarland,precipitation,year,1930,1115.7
Saarland,precipitation,year,1931,920.7
Saarland,precipitation,year,1932,875.3
Saarland,precipitation,year,1933,583.3
Saarland,precipitation,year,1934,729.2
Saarland,precipitation,year,1935,953
Saarland,precipitation,year,1936,966.9
Saarland,precipitation,year,1937,931.1
Saarland,precipitation,year,1938,777.7
Saarland,precipitation,year,1939,1061
Saarland,precipitation,year,1940,987.2
Saarland,precipitation,year,1941,961.1
Saarland,precipitation,year,1942,738.5
Saarland,precipitation,year,1943,803.5
Saarland,precipitation,year,1944,898.3
Saarland,precipitation,year,1945,851.6
Saarland,precipitation,year,1946,904.4
Saarland,precipitation,year,1947,862.7
Saarland,precipitation,year,1948,925.8
Saarland,precipitation,year,1949,634
Saarland,precipitation,year,1950,1068.8
Saarland,precipitation,year,1951,920.9
Saarland,precipitation,year,1952,1062.2
Saarland,precipitation,year,1953,541
Saarland,precipitation,year,1954,923.4
Saarland,precipitation,year,1955,824.4
Saarland,precipitation,year,1956,875.8
Saarland,precipitation,year,1957,883.9
Saarland,precipitation,year,1958,1181.3
Saarland,precipitation,year,1959,685.6
Saarland,precipitation,year,1960,1055.1
Saarland,precipitation,year,1961,1028.9
Saarland,precipitation,year,1962,786.7
Saarland,precipitation,year,1963,842.6
Saarland,precipitation,year,1964,692.9
Saarland,precipitation,year,1965,1274.4
Saarland,precipitation,year,1966,1084.3
Saarland,precipitation,year,1967,1094.6
Saarland,precipitation,year,1968,1028.1
Saarland,precipitation,year,1969,867.7
Saarland,precipitation,year,1970,1086.2
Saarland,precipitation,year,1971,661.1
Saarland,precipitation,year,1972,740.8
Saarland,precipitation,year,1973,734.7
Saarland,precipitation,year,1974,956.9
Saarland,precipitation,year,1975,718.7
Saarland,precipitation,year,1976,601.6
Saarland,precipitation,year,1977,1008.4
Saarland,precipitation,year,1978,989.7
Saarland,precipitation,year,1979,1101.9
Saarland,precipitation,year,1980,1081.5
Saarland,precipitation,year,1981,1184.3
Saarland,precipitation,year,1982,1015.3
Saarland,precipitation,year,1983,962.8
Saarland,precipitation,year,1984,1094.9
Saarland,precipitation,year,1985,752.4
Saarland,precipitation,year,1986,1083.4
Saarland,precipitation,year,1987,1026
Saarland,precipitation,year,1988,1045.5
Saarland,precipitation,year,1989,870
Saarland,precipitation,year,1990,917.1
Saarland,precipitation,year,1991,694.6
Saarland,precipitation,year,1992,895.2
Saarland,precipitation,year,1993,1017.2
Saarland,precipitation,year,1994,970.5
Saarland,precipitation,year,1995,1117.6
Saarland,precipitation,year,1996,724.4
Saarland,precipitation,year,1997,906.1
Saarland,precipitation,year,1998,1002.7
Saarland,precipitation,year,1999,1023
Saarland,precipitation,year,2000,1165.5
Saarland,precipitation,year,2001,1068.8
Saarland,precipitation,year,2002,1057.7
Saarland,precipitation,year,2003,673.6
Saarland,precipitation,year,2004,860.7
Saarland,precipitation,year,2005,735
Saarland,precipitation,year,2006,888.8
Saarland,precipitation,year,2007,985.9
Saarland,precipitation,year,2008,876.7
Saarland,precipitation,year,2009,899.5
Saarland,precipitation,year,2010,958.3
Saarland,precipitation,year,2011,746
Saarland,precipitation,year,2012,889
Saarland,precipitation,year,2013,981.1
Saarland,precipitation,year,2014,836.5
Saarland,precipitation,year,2015,670.8
Saarland,precipitation,year,2016,889.2
Saarland,precipitation,year,2017,910.5
Saarland,precipitation,year,2018,872.7
Saarland,precipitation,year,2019,914.2
Saarland,precipitation,year,2020,864.2
Saarland,precipitation,year,2021,893.8
Saarland,precipitation,year,2022,844.8
Saarland,precipitation,year,2023,1119
Saarland,precipitation,year,2024,1204.9
Saarland,precipitation,year,2025,818
Saarland,summer_days,year,1951,26.2
Saarland,summer_days,year,1952,33.49
Saarland,summer_days,year,1953,30.2
Saarland,summer_days,year,1954,21.27
Saarland,summer_days,year,1955,24.48
Saarland,summer_days,year,1956,13.21
Saarland,summer_days,year,1957,25.25
Saarland,summer_days,year,1958,22.56
Saarland,summer_days,year,1959,48.18
Saarland,summer_days,year,1960,14.12
Saarland,summer_days,year,1961,30.68
Saarland,summer_days,year,1962,26.4
Saarland,summer_days,year,1963,21.62
Saarland,summer_days,year,1964,44.26
Saarland,summer_days,year,1965,12.27
Saarland,summer_days,year,1966,25.32
Saarland,summer_days,year,1967,30.8
Saarland,summer_days,year,1968,15.43
Saarland,summer_days,year,1969,38.78
Saarland,summer_days,year,1970,27.85
Saarland,summer_days,year,1971,33.77
Saarland,summer_days,year,1972,17.76
Saarland,summer_days,year,1973,45.2
Saarland,summer_days,year,1974,24.98
Saarland,summer_days,year,1975,37.47
Saarland,summer_days,year,1976,56.67
Saarland,summer_days,year,1977,17.92
Saarland,summer_days,year,1978,13.53
Saarland,summer_days,year,1979,23.09
Saarland,summer_days,year,1980,15.27
Saarland,summer_days,year,1981,22.82
Saarland,summer_days,year,1982,43.3
Saarland,summer_days,year,1983,54.24
Saarland,summer_days,year,1984,22.41
Saarland,summer_days,year,1985,27.71
Saarland,summer_days,year,1986,35.66
Saarland,summer_days,year,1987,24.6
Saarland,summer_days,year,1988,24.17
Saarland,summer_days,year,1989,44.09
Saarland,summer_days,year,1990,37.72
Saarland,summer_days,year,1991,47.32
Saarland,summer_days,year,1992,41.38
Saarland,summer_days,year,1993,35.2
Saarland,summer_days,year,1994,46.32
Saarland,summer_days,year,1995,49.5
Saarland,summer_days,year,1996,33.84
Saarland,summer_days,year,1997,44.91
Saarland,summer_days,year,1998,30.02
Saarland,summer_days,year,1999,43.47
Saarland,summer_days,year,2000,32.65
Saarland,summer_days,year,2001,39.74
Saarland,summer_days,year,2002,32.03
Saarland,summer_days,year,2003,77.34
Saarland,summer_days,year,2004,37.13
Saarland,summer_days,year,2005,49.33
Saarland,summer_days,year,2006,52.29
Saarland,summer_days,year,2007,34.92
Saarland,summer_days,year,2008,32.34
Saarland,summer_days,year,2009,37.03
Saarland,summer_days,year,2010,39.53
Saarland,summer_days,year,2011,39.98
Saarland,summer_days,year,2012,37.69
Saarland,summer_days,year,2013,42.12
Saarland,summer_days,year,2014,34.22
Saarland,summer_days,year,2015,52.3
Saarland,summer_days,year,2016,46.71
Saarland,summer_days,year,2017,47.57
Saarland,summer_days,year,2018,83.43
Saarland,summer_days,year,2019,58.76
Saarland,summer_days,year,2020,62.76
Saarland,summer_days,year,2021,38.47
Saarland,summer_days,year,2022,80.36
Saarland,summer_days,year,2023,69.27
Saarland,summer_days,year,2024,49.23
Saarland,summer_days,year,2025,57.5
Saarland,sunshine,year,1951,1751.1
Saarland,sunshine,year,1952,1746
Saarland,sunshine,year,1953,1917.5
Saarland,sunshine,year,1954,1658.7
Saarland,sunshine,year,1955,1833.7
Saarland,sunshine,year,1956,1687.9
Saarland,sunshine,year,1957,1864.2
Saarland,sunshine,year,1958,1607
Saarland,sunshine,year,1959,2112.7
Saarland,sunshine,year,1960,1435.5
Saarland,sunshine,year,1961,1670.5
Saarland,sunshine,year,1962,1815.1
Saarland,sunshine,year,1963,1633.9
Saarland,sunshine,year,1964,1714.1
Saarland,sunshine,year,1965,1442.1
Saarland,sunshine,year,1966,1528.2
Saarland,sunshine,year,1967,1741
Saarland,sunshine,year,1968,1473.4
Saarland,sunshine,year,1969,1496.9
Saarland,sunshine,year,1970,1486.1
Saarland,sunshine,year,1971,1783.5
Saarland,sunshine,year,1972,1574.5
Saarland,sunshine,year,1973,1758.3
Saarland,sunshine,year,1974,1421.2
Saarland,sunshine,year,1975,1625.6
Saarland,sunshine,year,1976,1876.2
Saarland,sunshine,year,1977,1352.4
Saarland,sunshine,year,1978,1362.7
Saarland,sunshine,year,1979,1438.2
Saarland,sunshine,year,1980,1345.1
Saarland,sunshine,year,1981,1380.4
Saarland,sunshine,year,1982,1637.1
Saarland,sunshine,year,1983,1543.6
Saarland,sunshine,year,1984,1412.6
Saarland,sunshine,year,1985,1594.6
Saarland,sunshine,year,1986,1502.3
Saarland,sunshine,year,1987,1408.9
Saarland,sunshine,year,1988,1504.8
Saarland,sunshine,year,1989,1812.5
Saarland,sunshine,year,1990,1794.5
Saarland,sunshine,year,1991,1823.7
Saarland,sunshine,year,1992,1616.6
Saarland,sunshine,year,1993,1545
Saarland,sunshine,year,1994,1538.9
Saarland,sunshine,year,1995,1571
Saarland,sunshine,year,1996,1571.9
Saarland,sunshine,year,1997,1811.3
Saarland,sunshine,year,1998,1445.3
Saarland,sunshine,year,1999,1634.5
Saarland,sunshine,year,2000,1532.7
Saarland,sunshine,year,2001,1584.9
Saarland,sunshine,year,2002,1537.1
Saarland,sunshine,year,2003,2120.1
Saarland,sunshine,year,2004,1618.7
Saarland,sunshine,year,2005,1743.3
Saarland,sunshine,year,2006,1719.6
Saarland,sunshine,year,2007,1750.4
Saarland,sunshine,year,2008,1527.9
Saarland,sunshine,year,2009,1711.5
Saarland,sunshine,year,2010,1592.9
Saarland,sunshine,year,2011,1835.6
Saarland,sunshine,year,2012,1729.3
Saarland,sunshine,year,2013,1488
Saarland,sunshine,year,2014,1598.7
Saarland,sunshine,year,2015,1677.8
Saarland,sunshine,year,2016,1483.7
Saarland,sunshine,year,2017,1688.6
Saarland,sunshine,year,2018,2044.7
Saarland,sunshine,year,2019,1922.7
Saarland,sunshine,year,2020,1960.2
Saarland,sunshine,year,2021,1748
Saarland,sunshine,year,2022,2138
Saarland,sunshine,year,2023,1834.4
Saarland,sunshine,year,2024,1588.6
Saarland,sunshine,year,2025,2021.5
Saarland,temp_mean,year,1881,8.28
Saarland,temp_mean,year,1882,8.79
Saarland,temp_mean,year,1883,8.51
Saarland,temp_mean,year,1884,9.18
Saarland,temp_mean,year,1885,8.3
Saarland,temp_mean,year,1886,8.69
Saarland,temp_mean,year,1887,7.32
Saarland,temp_mean,year,1888,7.32
Saarland,temp_mean,year,1889,7.62
Saarland,temp_mean,year,1890,7.64
Saarland,temp_mean,year,1891,7.73
Saarland,temp_mean,year,1892,8.07
Saarland,temp_mean,year,1893,8.68
Saarland,temp_mean,year,1894,8.53
Saarland,temp_mean,year,1895,7.79
Saarland,temp_mean,year,1896,8.03
Saarland,temp_mean,year,1897,8.6
Saarland,temp_mean,year,1898,8.93
Saarland,temp_mean,year,1899,8.67
Saarland,temp_mean,year,1900,8.97
Saarland,temp_mean,year,1901,8.07
Saarland,temp_mean,year,1902,7.92
Saarland,temp_mean,year,1903,8.56
Saarland,temp_mean,year,1904,8.74
Saarland,temp_mean,year,1905,8.32
Saarland,temp_mean,year,1906,8.51
Saarland,temp_mean,year,1907,8.3
Saarland,temp_mean,year,1908,7.85
Saarland,temp_mean,year,1909,7.92
Saarland,temp_mean,year,1910,8.67
Saarland,temp_mean,year,1911,9.53
Saarland,temp_mean,year,1912,8.47
Saarland,temp_mean,year,1913,9
Saarland,temp_mean,year,1914,8.78
Saarland,temp_mean,year,1915,8.73
Saarland,temp_mean,year,1916,8.92
Saarland,temp_mean,year,1917,7.82
Saarland,temp_mean,year,1918,8.95
Saarland,temp_mean,year,1919,7.89
Saarland,temp_mean,year,1920,8.95
Saarland,temp_mean,year,1921,9.52
Saarland,temp_mean,year,1922,7.82
Saarland,temp_mean,year,1923,8.65
Saarland,temp_mean,year,1924,7.95
Saarland,temp_mean,year,1925,8.52
Saarland,temp_mean,year,1926,9.08
Saarland,temp_mean,year,1927,8.51
Saarland,temp_mean,year,1928,8.98
Saarland,temp_mean,year,1929,8.12
Saarland,temp_mean,year,1930,9.27
Saarland,temp_mean,year,1931,8
Saarland,temp_mean,year,1932,8.66
Saarland,temp_mean,year,1933,8.42
Saarland,temp_mean,year,1934,9.79
Saarland,temp_mean,year,1935,8.94
Saarland,temp_mean,year,1936,8.83
Saarland,temp_mean,year,1937,9.27
Saarland,temp_mean,year,1938,8.96
Saarland,temp_mean,year,1939,8.77
Saarland,temp_mean,year,1940,7.58
Saarland,temp_mean,year,1941,7.95
Saarland,temp_mean,year,1942,8.1
Saarland,temp_mean,year,1943,9.38
Saarland,temp_mean,year,1944,8.64
Saarland,temp_mean,year,1945,9.51
Saarland,temp_mean,year,1946,8.66
Saarland,temp_mean,year,1947,9.54
Saarland,temp_mean,year,1948,9.5
Saarland,temp_mean,year,1949,9.93
Saarland,temp_mean,year,1950,9.13
Saarland,temp_mean,year,1951,9.16
Saarland,temp_mean,year,1952,8.74
Saarland,temp_mean,year,1953,9.45
Saarland,temp_mean,year,1954,8.35
Saarland,temp_mean,year,1955,8.25
Saarland,temp_mean,year,1956,7.45
Saarland,temp_mean,year,1957,9.25
Saarland,temp_mean,year,1958,8.86
Saarland,temp_mean,year,1959,10.07
Saarland,temp_mean,year,1960,9.15
Saarland,temp_mean,year,1961,9.67
Saarland,temp_mean,year,1962,7.88
Saarland,temp_mean,year,1963,7.73
Saarland,temp_mean,year,1964,9.01
Saarland,temp_mean,year,1965,8.12
Saarland,temp_mean,year,1966,9.21
Saarland,temp_mean,year,1967,9.17
Saarland,temp_mean,year,1968,8.55
Saarland,temp_mean,year,1969,8.55
Saarland,temp_mean,year,1970,8.51
Saarland,temp_mean,year,1971,8.92
Saarland,temp_mean,year,1972,8.34
Saarland,temp_mean,year,1973,8.86
Saarland,temp_mean,year,1974,9.4
Saarland,temp_mean,year,1975,9.41
Saarland,temp_mean,year,1976,9.56
Saarland,temp_mean,year,1977,9.15
Saarland,temp_mean,year,1978,8.13
Saarland,temp_mean,year,1979,8.4
Saarland,temp_mean,year,1980,8.29
Saarland,temp_mean,year,1981,8.87
Saarland,temp_mean,year,1982,9.51
Saarland,temp_mean,year,1983,9.55
Saarland,temp_mean,year,1984,8.69
Saarland,temp_mean,year,1985,8.15
Saarland,temp_mean,year,1986,8.63
Saarland,temp_mean,year,1987,8.33
Saarland,temp_mean,year,1988,9.6
Saarland,temp_mean,year,1989,9.93
Saarland,temp_mean,year,1990,9.99
Saarland,temp_mean,year,1991,9.11
Saarland,temp_mean,year,1992,9.82
Saarland,temp_mean,year,1993,9.28
Saarland,temp_mean,year,1994,10.54
Saarland,temp_mean,year,1995,9.82
Saarland,temp_mean,year,1996,8.3
Saarland,temp_mean,year,1997,9.69
Saarland,temp_mean,year,1998,9.49
Saarland,temp_mean,year,1999,9.9
Saarland,temp_mean,year,2000,10.29
Saarland,temp_mean,year,2001,9.73
Saarland,temp_mean,year,2002,10.29
Saarland,temp_mean,year,2003,10.62
Saarland,temp_mean,year,2004,9.54
Saarland,temp_mean,year,2005,9.85
Saarland,temp_mean,year,2006,10.26
Saarland,temp_mean,year,2007,10.32
Saarland,temp_mean,year,2008,9.73
Saarland,temp_mean,year,2009,9.85
Saarland,temp_mean,year,2010,8.71
Saarland,temp_mean,year,2011,10.46
Saarland,temp_mean,year,2012,9.72
Saarland,temp_mean,year,2013,9.22
Saarland,temp_mean,year,2014,10.93
Saarland,temp_mean,year,2015,10.5
Saarland,temp_mean,year,2016,9.9
Saarland,temp_mean,year,2017,10.21
Saarland,temp_mean,year,2018,11.1
Saarland,temp_mean,year,2019,10.71
Saarland,temp_mean,year,2020,11.26
Saarland,temp_mean,year,2021,9.72
Saarland,temp_mean,year,2022,11.52
Saarland,temp_mean,year,2023,11.38
Saarland,temp_mean,year,2024,11.09
Saarland,temp_mean,year,2025,10.87
Saarland,tropical_nights,year,1951,0
Saarland,tropical_nights,year,1952,3.62
Saarland,tropical_nights,year,1953,0.08
Saarland,tropical_nights,year,1954,0.08
Saarland,tropical_nights,year,1955,0
Saarland,tropical_nights,year,1956,0
Saarland,tropical_nights,year,1957,1.19
Saarland,tropical_nights,year,1958,0
Saarland,tropical_nights,year,1959,0.79
Saarland,tropical_nights,year,1960,0
Saarland,tropical_nights,year,1961,0
Saarland,tropical_nights,year,1962,0.07
Saarland,tropical_nights,year,1963,0
Saarland,tropical_nights,year,1964,1.03
Saarland,tropical_nights,year,1965,0
Saarland,tropical_nights,year,1966,0.06
Saarland,tropical_nights,year,1967,0.24
Saarland,tropical_nights,year,1968,0
Saarland,tropical_nights,year,1969,0.32
Saarland,tropical_nights,year,1970,0
Saarland,tropical_nights,year,1971,0.06
Saarland,tropical_nights,year,1972,0.04
Saarland,tropical_nights,year,1973,0.11
Saarland,tropical_nights,year,1974,0
Saarland,tropical_nights,year,1975,0
Saarland,tropical_nights,year,1976,2.21
Saarland,tropical_nights,year,1977,0
Saarland,tropical_nights,year,1978,0
Saarland,tropical_nights,year,1979,0
Saarland,tropical_nights,year,1980,0
Saarland,tropical_nights,year,1981,0
Saarland,tropical_nights,year,1982,0.32
Saarland,tropical_nights,year,1983,2.42
Saarland,tropical_nights,year,1984,0.05
Saarland,tropical_nights,year,1985,0
Saarland,tropical_nights,year,1986,0.1
Saarland,tropical_nights,year,1987,0.62
Saarland,tropical_nights,year,1988,0
Saarland,tropical_nights,year,1989,0.36
Saarland,tropical_nights,year,1990,0.51
Saarland,tropical_nights,year,1991,1.65
Saarland,tropical_nights,year,1992,1.36
Saarland,tropical_nights,year,1993,0
Saarland,tropical_nights,year,1994,3.01
Saarland,tropical_nights,year,1995,0.68
Saarland,tropical_nights,year,1996,0.21
Saarland,tropical_nights,year,1997,0.23
Saarland,tropical_nights,year,1998,0.71
Saarland,tropical_nights,year,1999,0.05
Saarland,tropical_nights,year,2000,0
Saarland,tropical_nights,year,2001,0.56
Saarland,tropical_nights,year,2002,0.97
Saarland,tropical_nights,year,2003,6.26
Saarland,tropical_nights,year,2004,0.53
Saarland,tropical_nights,year,2005,0.87
Saarland,tropical_nights,year,2006,2.96
Saarland,tropical_nights,year,2007,0
Saarland,tropical_nights,year,2008,0
Saarland,tropical_nights,year,2009,0
Saarland,tropical_nights,year,2010,0.07
Saarland,tropical_nights,year,2011,0.42
Saarland,tropical_nights,year,2012,0.73
Saarland,tropical_nights,year,2013,1.44
Saarland,tropical_nights,year,2014,0.6
Saarland,tropical_nights,year,2015,3.6
Saarland,tropical_nights,year,2016,0.58
Saarland,tropical_nights,year,2017,0.18
Saarland,tropical_nights,year,2018,2.99
Saarland,tropical_nights,year,2019,2.51
Saarland,tropical_nights,year,2020,2.78
Saarland,tropical_nights,year,2021,0.1
Saarland,tropical_nights,year,2022,0.65
Saarland,tropical_nights,year,2023,0.82
Saarland,tropical_nights,year,2024,0.83
Saarland,tropical_nights,year,2025,1.83
Sachsen,frost_days,year,1951,87.59
Sachsen,frost_days,year,1952,118.65
Sachsen,frost_days,year,1953,94.22
Sachsen,frost_days,year,1954,103.14
Sachsen,frost_days,year,1955,118.07
Sachsen,frost_days,year,1956,114.2
Sachsen,frost_days,year,1957,88
Sachsen,frost_days,year,1958,99.89
Sachsen,frost_days,year,1959,94.21
Sachsen,frost_days,year,1960,88.59
Sachsen,frost_days,year,1961,69.73
Sachsen,frost_days,year,1962,108.4
Sachsen,frost_days,year,1963,113.66
Sachsen,frost_days,year,1964,105.6
Sachsen,frost_days,year,1965,108.46
Sachsen,frost_days,year,1966,87.87
Sachsen,frost_days,year,1967,79.14
Sachsen,frost_days,year,1968,103.33
Sachsen,frost_days,year,1969,123.58
Sachsen,frost_days,year,1970,108.9
Sachsen,frost_days,year,1971,90.85
Sachsen,frost_days,year,1972,93.93
Sachsen,frost_days,year,1973,105.85
Sachsen,frost_days,year,1974,58.93
Sachsen,frost_days,year,1975,81.85
Sachsen,frost_days,year,1976,104.11
Sachsen,frost_days,year,1977,78.94
Sachsen,frost_days,year,1978,94.76
Sachsen,frost_days,year,1979,107.57
Sachsen,frost_days,year,1980,112.74
Sachsen,frost_days,year,1981,105.75
Sachsen,frost_days,year,1982,89.41
Sachsen,frost_days,year,1983,82.59
Sachsen,frost_days,year,1984,101.95
Sachsen,frost_days,year,1985,107.72
Sachsen,frost_days,year,1986,87.2
Sachsen,frost_days,year,1987,102.9
Sachsen,frost_days,year,1988,85.15
Sachsen,frost_days,year,1989,72.45
Sachsen,frost_days,year,1990,63.52
Sachsen,frost_days,year,1991,101.8
Sachsen,frost_days,year,1992,80.88
Sachsen,frost_days,year,1993,100.51
Sachsen,frost_days,year,1994,71.66
Sachsen,frost_days,year,1995,105.29
Sachsen,frost_days,year,1996,128.56
Sachsen,frost_days,year,1997,104
Sachsen,frost_days,year,1998,79.29
Sachsen,frost_days,year,1999,85.18
Sachsen,frost_days,year,2000,64.64
Sachsen,frost_days,year,2001,98.78
Sachsen,frost_days,year,2002,84.29
Sachsen,frost_days,year,2003,111.97
Sachsen,frost_days,year,2004,97.37
Sachsen,frost_days,year,2005,103.89
Sachsen,frost_days,year,2006,94.31
Sachsen,frost_days,year,2007,71.46
Sachsen,frost_days,year,2008,77.72
Sachsen,frost_days,year,2009,93.14
Sachsen,frost_days,year,2010,120.24
Sachsen,frost_days,year,2011,93
Sachsen,frost_days,year,2012,87.56
Sachsen,frost_days,year,2013,107.43
Sachsen,frost_days,year,2014,67.89
Sachsen,frost_days,year,2015,81.39
Sachsen,frost_days,year,2016,89.54
Sachsen,frost_days,year,2017,83.9
Sachsen,frost_days,year,2018,85.73
Sachsen,frost_days,year,2019,76.32
Sachsen,frost_days,year,2020,72.9
Sachsen,frost_days,year,2021,101.2
Sachsen,frost_days,year,2022,80.66
Sachsen,frost_days,year,2023,71.16
Sachsen,frost_days,year,2024,65.59
Sachsen,frost_days,year,2025,94.05
Sachsen,hot_days,year,1951,4.67
Sachsen,hot_days,year,1952,8.81
Sachsen,hot_days,year,1953,6.98
Sachsen,hot_days,year,1954,4.11
Sachsen,hot_days,year,1955,1.14
Sachsen,hot_days,year,1956,0.75
Sachsen,hot_days,year,1957,8.75
Sachsen,hot_days,year,1958,2.7
Sachsen,hot_days,year,1959,5.3
Sachsen,hot_days,year,1960,2.65
Sachsen,hot_days,year,1961,5.48
Sachsen,hot_days,year,1962,2.92
Sachsen,hot_days,year,1963,7.57
Sachsen,hot_days,year,1964,12.25
Sachsen,hot_days,year,1965,1.67
Sachsen,hot_days,year,1966,4.09
Sachsen,hot_days,year,1967,6.44
Sachsen,hot_days,year,1968,4.19
Sachsen,hot_days,year,1969,8.69
Sachsen,hot_days,year,1970,4.17
Sachsen,hot_days,year,1971,12.41
Sachsen,hot_days,year,1972,8.36
Sachsen,hot_days,year,1973,5.82
Sachsen,hot_days,year,1974,4.28
Sachsen,hot_days,year,1975,6.69
Sachsen,hot_days,year,1976,8.02
Sachsen,hot_days,year,1977,1.92
Sachsen,hot_days,year,1978,3
Sachsen,hot_days,year,1979,4.06
Sachsen,hot_days,year,1980,2.09
Sachsen,hot_days,year,1981,2.84
Sachsen,hot_days,year,1982,6.27
Sachsen,hot_days,year,1983,9.72
Sachsen,hot_days,year,1984,3.94
Sachsen,hot_days,year,1985,2.8
Sachsen,hot_days,year,1986,5.33
Sachsen,hot_days,year,1987,1.78
Sachsen,hot_days,year,1988,4.57
Sachsen,hot_days,year,1989,5.95
Sachsen,hot_days,year,1990,7.35
Sachsen,hot_days,year,1991,5.8
Sachsen,hot_days,year,1992,12.24
Sachsen,hot_days,year,1993,2.18
Sachsen,hot_days,year,1994,18.56
Sachsen,hot_days,year,1995,10.01
Sachsen,hot_days,year,1996,2.44
Sachsen,hot_days,year,1997,4.76
Sachsen,hot_days,year,1998,6.75
Sachsen,hot_days,year,1999,3.15
Sachsen,hot_days,year,2000,9.05
Sachsen,hot_days,year,2001,6.3
Sachsen,hot_days,year,2002,7
Sachsen,hot_days,year,2003,19.36
Sachsen,hot_days,year,2004,3.44
Sachsen,hot_days,year,2005,5.96
Sachsen,hot_days,year,2006,16.37
Sachsen,hot_days,year,2007,6.76
Sachsen,hot_days,year,2008,8.73
Sachsen,hot_days,year,2009,3.56
Sachsen,hot_days,year,2010,10.34
Sachsen,hot_days,year,2011,3.99
Sachsen,hot_days,year,2012,9.85
Sachsen,hot_days,year,2013,10.28
Sachsen,hot_days,year,2014,8.77
Sachsen,hot_days,year,2015,21.6
Sachsen,hot_days,year,2016,8.89
Sachsen,hot_days,year,2017,7.2
Sachsen,hot_days,year,2018,24.87
Sachsen,hot_days,year,2019,19.83
Sachsen,hot_days,year,2020,11.73
Sachsen,hot_days,year,2021,5.1
Sachsen,hot_days,year,2022,16.23
Sachsen,hot_days,year,2023,12.72
Sachsen,hot_days,year,2024,19.29
Sachsen,hot_days,year,2025,11.41
Sachsen,ice_days,year,1951,13.48
Sachsen,ice_days,year,1952,33.84
Sachsen,ice_days,year,1953,28.16
Sachsen,ice_days,year,1954,39.63
Sachsen,ice_days,year,1955,38.51
Sachsen,ice_days,year,1956,53.45
Sachsen,ice_days,year,1957,16.39
Sachsen,ice_days,year,1958,22.3
Sachsen,ice_days,year,1959,22.22
Sachsen,ice_days,year,1960,26.19
Sachsen,ice_days,year,1961,22.78
Sachsen,ice_days,year,1962,35.46
Sachsen,ice_days,year,1963,66.46
Sachsen,ice_days,year,1964,39.57
Sachsen,ice_days,year,1965,32.71
Sachsen,ice_days,year,1966,30.92
Sachsen,ice_days,year,1967,20.58
Sachsen,ice_days,year,1968,37.18
Sachsen,ice_days,year,1969,55.63
Sachsen,ice_days,year,1970,43.75
Sachsen,ice_days,year,1971,26.92
Sachsen,ice_days,year,1972,24.92
Sachsen,ice_days,year,1973,24.27
Sachsen,ice_days,year,1974,8.33
Sachsen,ice_days,year,1975,14.78
Sachsen,ice_days,year,1976,34.97
Sachsen,ice_days,year,1977,18.62
Sachsen,ice_days,year,1978,30.48
Sachsen,ice_days,year,1979,33.15
Sachsen,ice_days,year,1980,40.5
Sachsen,ice_days,year,1981,43.04
Sachsen,ice_days,year,1982,21.26
Sachsen,ice_days,year,1983,28.21
Sachsen,ice_days,year,1984,27.17
Sachsen,ice_days,year,1985,53.43
Sachsen,ice_days,year,1986,45.41
Sachsen,ice_days,year,1987,52.95
Sachsen,ice_days,year,1988,17.17
Sachsen,ice_days,year,1989,8.51
Sachsen,ice_days,year,1990,12.63
Sachsen,ice_days,year,1991,23.2
Sachsen,ice_days,year,1992,16.57
Sachsen,ice_days,year,1993,29.7
Sachsen,ice_days,year,1994,12.17
Sachsen,ice_days,year,1995,31.88
Sachsen,ice_days,year,1996,55.09
Sachsen,ice_days,year,1997,20.25
Sachsen,ice_days,year,1998,27.05
Sachsen,ice_days,year,1999,18.48
Sachsen,ice_days,year,2000,12.06
Sachsen,ice_days,year,2001,23.97
Sachsen,ice_days,year,2002,23.4
Sachsen,ice_days,year,2003,28.45
Sachsen,ice_days,year,2004,24.11
Sachsen,ice_days,year,2005,33.93
Sachsen,ice_days,year,2006,32.74
Sachsen,ice_days,year,2007,14
Sachsen,ice_days,year,2008,12.79
Sachsen,ice_days,year,2009,32.02
Sachsen,ice_days,year,2010,63.69
Sachsen,ice_days,year,2011,19.26
Sachsen,ice_days,year,2012,29.36
Sachsen,ice_days,year,2013,38.89
Sachsen,ice_days,year,2014,14.38
Sachsen,ice_days,year,2015,7.39
Sachsen,ice_days,year,2016,14.54
Sachsen,ice_days,year,2017,21.45
Sachsen,ice_days,year,2018,20.17
Sachsen,ice_days,year,2019,8.42
Sachsen,ice_days,year,2020,4.26
Sachsen,ice_days,year,2021,20.79
Sachsen,ice_days,year,2022,12.35
Sachsen,ice_days,year,2023,12.74
Sachsen,ice_days,year,2024,8.54
Sachsen,ice_days,year,2025,10.03
Sachsen,precip_ge10,year,1951,14.19
Sachsen,precip_ge10,year,1952,17.56
Sachsen,precip_ge10,year,1953,14.11
Sachsen,precip_ge10,year,1954,23.22
Sachsen,precip_ge10,year,1955,19.83
Sachsen,precip_ge10,year,1956,21.97
Sachsen,precip_ge10,year,1957,19.29
Sachsen,precip_ge10,year,1958,20.04
Sachsen,precip_ge10,year,1959,13.64
Sachsen,precip_ge10,year,1960,19.27
Sachsen,precip_ge10,year,1961,19.04
Sachsen,precip_ge10,year,1962,11.69
Sachsen,precip_ge10,year,1963,11.83
Sachsen,precip_ge10,year,1964,12.59
Sachsen,precip_ge10,year,1965,22.22
Sachsen,precip_ge10,year,1966,23.97
Sachsen,precip_ge10,year,1967,21.23
Sachsen,precip_ge10,year,1968,14.2
Sachsen,precip_ge10,year,1969,16.38
Sachsen,precip_ge10,year,1970,21.37
Sachsen,precip_ge10,year,1971,14.69
Sachsen,precip_ge10,year,1972,13.95
Sachsen,precip_ge10,year,1973,14.53
Sachsen,precip_ge10,year,1974,25.97
Sachsen,precip_ge10,year,1975,13.74
Sachsen,precip_ge10,year,1976,12.17
Sachsen,precip_ge10,year,1977,20.14
Sachsen,precip_ge10,year,1978,17.95
Sachsen,precip_ge10,year,1979,18.29
Sachsen,precip_ge10,year,1980,20.18
Sachsen,precip_ge10,year,1981,28.33
Sachsen,precip_ge10,year,1982,10.09
Sachsen,precip_ge10,year,1983,16.97
Sachsen,precip_ge10,year,1984,16.04
Sachsen,precip_ge10,year,1985,11.04
Sachsen,precip_ge10,year,1986,20.49
Sachsen,precip_ge10,year,1987,23.23
Sachsen,precip_ge10,year,1988,16.52
Sachsen,precip_ge10,year,1989,15.34
Sachsen,precip_ge10,year,1990,13.29
Sachsen,precip_ge10,year,1991,11.51
Sachsen,precip_ge10,year,1992,16.91
Sachsen,precip_ge10,year,1993,21.45
Sachsen,precip_ge10,year,1994,20.11
Sachsen,precip_ge10,year,1995,23.55
Sachsen,precip_ge10,year,1996,14.41
Sachsen,precip_ge10,year,1997,16.98
Sachsen,precip_ge10,year,1998,19.04
Sachsen,precip_ge10,year,1999,15.36
Sachsen,precip_ge10,year,2000,17.92
Sachsen,precip_ge10,year,2001,18.58
Sachsen,precip_ge10,year,2002,24.37
Sachsen,precip_ge10,year,2003,11.23
Sachsen,precip_ge10,year,2004,19.53
Sachsen,precip_ge10,year,2005,20.71
Sachsen,precip_ge10,year,2006,15.16
Sachsen,precip_ge10,year,2007,22
Sachsen,precip_ge10,year,2008,18.44
Sachsen,precip_ge10,year,2009,19.78
Sachsen,precip_ge10,year,2010,27.5
Sachsen,precip_ge10,year,2011,17.39
Sachsen,precip_ge10,year,2012,17.76
Sachsen,precip_ge10,year,2013,20.15
Sachsen,precip_ge10,year,2014,15.36
Sachsen,precip_ge10,year,2015,16.1
Sachsen,precip_ge10,year,2016,18.09
Sachsen,precip_ge10,year,2017,19.51
Sachsen,precip_ge10,year,2018,11.42
Sachsen,precip_ge10,year,2019,15.01
Sachsen,precip_ge10,year,2020,16.07
Sachsen,precip_ge10,year,2021,19.56
Sachsen,precip_ge10,year,2022,12.85
Sachsen,precip_ge10,year,2023,19.37
Sachsen,precip_ge10,year,2024,17.98
Sachsen,precip_ge10,year,2025,13.93
Sachsen,precip_ge20,year,1951,3.67
Sachsen,precip_ge20,year,1952,3.45
Sachsen,precip_ge20,year,1953,2.64
Sachsen,precip_ge20,year,1954,8.16
Sachsen,precip_ge20,year,1955,4.28
Sachsen,precip_ge20,year,1956,5.7
Sachsen,precip_ge20,year,1957,4.71
Sachsen,precip_ge20,year,1958,5.35
Sachsen,precip_ge20,year,1959,5.11
Sachsen,precip_ge20,year,1960,4.89
Sachsen,precip_ge20,year,1961,3.67
Sachsen,precip_ge20,year,1962,1.18
Sachsen,precip_ge20,year,1963,2.39
Sachsen,precip_ge20,year,1964,2.85
Sachsen,precip_ge20,year,1965,5.09
Sachsen,precip_ge20,year,1966,5.42
Sachsen,precip_ge20,year,1967,4.83
Sachsen,precip_ge20,year,1968,3.17
Sachsen,precip_ge20,year,1969,3.46
Sachsen,precip_ge20,year,1970,4.33
Sachsen,precip_ge20,year,1971,3.19
Sachsen,precip_ge20,year,1972,3.8
Sachsen,precip_ge20,year,1973,3.59
Sachsen,precip_ge20,year,1974,6.43
Sachsen,precip_ge20,year,1975,3.54
Sachsen,precip_ge20,year,1976,1.21
Sachsen,precip_ge20,year,1977,6.25
Sachsen,precip_ge20,year,1978,4.99
Sachsen,precip_ge20,year,1979,3.69
Sachsen,precip_ge20,year,1980,5.55
Sachsen,precip_ge20,year,1981,7.32
Sachsen,precip_ge20,year,1982,2.04
Sachsen,precip_ge20,year,1983,4.79
Sachsen,precip_ge20,year,1984,3.6
Sachsen,precip_ge20,year,1985,2
Sachsen,precip_ge20,year,1986,5.33
Sachsen,precip_ge20,year,1987,4.9
Sachsen,precip_ge20,year,1988,2.69
Sachsen,precip_ge20,year,1989,3.1
Sachsen,precip_ge20,year,1990,2.99
Sachsen,precip_ge20,year,1991,3.3
Sachsen,precip_ge20,year,1992,3.67
Sachsen,precip_ge20,year,1993,4.08
Sachsen,precip_ge20,year,1994,6.42
Sachsen,precip_ge20,year,1995,6.65
Sachsen,precip_ge20,year,1996,3.84
Sachsen,precip_ge20,year,1997,3.49
Sachsen,precip_ge20,year,1998,4.36
Sachsen,precip_ge20,year,1999,3.3
Sachsen,precip_ge20,year,2000,3.97
Sachsen,precip_ge20,year,2001,3.27
Sachsen,precip_ge20,year,2002,7.25
Sachsen,precip_ge20,year,2003,1.75
Sachsen,precip_ge20,year,2004,4.15
Sachsen,precip_ge20,year,2005,3.94
Sachsen,precip_ge20,year,2006,3.05
Sachsen,precip_ge20,year,2007,5.51
Sachsen,precip_ge20,year,2008,4.59
Sachsen,precip_ge20,year,2009,4.06
Sachsen,precip_ge20,year,2010,8.7
Sachsen,precip_ge20,year,2011,5.18
Sachsen,precip_ge20,year,2012,4.27
Sachsen,precip_ge20,year,2013,7.89
Sachsen,precip_ge20,year,2014,3.99
Sachsen,precip_ge20,year,2015,3.49
Sachsen,precip_ge20,year,2016,4.33
Sachsen,precip_ge20,year,2017,3.61
Sachsen,precip_ge20,year,2018,2.59
Sachsen,precip_ge20,year,2019,3.06
Sachsen,precip_ge20,year,2020,5.61
Sachsen,precip_ge20,year,2021,5.77
Sachsen,precip_ge20,year,2022,3.21
Sachsen,precip_ge20,year,2023,3.45
Sachsen,precip_ge20,year,2024,4.59
Sachsen,precip_ge20,year,2025,2.96
Sachsen,precipitation,year,1881,731
Sachsen,precipitation,year,1882,952.3
Sachsen,precipitation,year,1883,655.9
Sachsen,precipitation,year,1884,723.8
Sachsen,precipitation,year,1885,665
Sachsen,precipitation,year,1886,714.9
Sachsen,precipitation,year,1887,598.3
Sachsen,precipitation,year,1888,717.9
Sachsen,precipitation,year,1889,757.6
Sachsen,precipitation,year,1890,727.3
Sachsen,precipitation,year,1891,815.2
Sachsen,precipitation,year,1892,540.2
Sachsen,precipitation,year,1893,665.4
Sachsen,precipitation,year,1894,829.5
Sachsen,precipitation,year,1895,717.5
Sachsen,precipitation,year,1896,766.5
Sachsen,precipitation,year,1897,806.2
Sachsen,precipitation,year,1898,793.5
Sachsen,precipitation,year,1899,837.4
Sachsen,precipitation,year,1900,768.3
Sachsen,precipitation,year,1901,743
Sachsen,precipitation,year,1902,715.6
Sachsen,precipitation,year,1903,663.3
Sachsen,precipitation,year,1904,554.9
Sachsen,precipitation,year,1905,915.4
Sachsen,precipitation,year,1906,792.6
Sachsen,precipitation,year,1907,787.1
Sachsen,precipitation,year,1908,636.6
Sachsen,precipitation,year,1909,722.9
Sachsen,precipitation,year,1910,784.7
Sachsen,precipitation,year,1911,501.6
Sachsen,precipitation,year,1912,842
Sachsen,precipitation,year,1913,725.8
Sachsen,precipitation,year,1914,707.3
Sachsen,precipitation,year,1915,862.2
Sachsen,precipitation,year,1916,806.6
Sachsen,precipitation,year,1917,643.8
Sachsen,precipitation,year,1918,753.5
Sachsen,precipitation,year,1919,774
Sachsen,precipitation,year,1920,738.4
Sachsen,precipitation,year,1921,699.6
Sachsen,precipitation,year,1922,866.5
Sachsen,precipitation,year,1923,757.2
Sachsen,precipitation,year,1924,752.4
Sachsen,precipitation,year,1925,766.2
Sachsen,precipitation,year,1926,1031.9
Sachsen,precipitation,year,1927,854.1
Sachsen,precipitation,year,1928,676.8
Sachsen,precipitation,year,1929,572.5
Sachsen,precipitation,year,1930,878
Sachsen,precipitation,year,1931,749.9
Sachsen,precipitation,year,1932,746.8
Sachsen,precipitation,year,1933,652.7
Sachsen,precipitation,year,1934,634.4
Sachsen,precipitation,year,1935,755.1
Sachsen,precipitation,year,1936,681.8
Sachsen,precipitation,year,1937,782.3
Sachsen,precipitation,year,1938,710.4
Sachsen,precipitation,year,1939,888.6
Sachsen,precipitation,year,1940,802.9
Sachsen,precipitation,year,1941,1021.7
Sachsen,precipitation,year,1942,610
Sachsen,precipitation,year,1943,498.3
Sachsen,precipitation,year,1944,768.6
Sachsen,precipitation,year,1945,724.2
Sachsen,precipitation,year,1946,767.3
Sachsen,precipitation,year,1947,599.9
Sachsen,precipitation,year,1948,665.8
Sachsen,precipitation,year,1949,659
Sachsen,precipitation,year,1950,731.4
Sachsen,precipitation,year,1951,572.3
Sachsen,precipitation,year,1952,740.4
Sachsen,precipitation,year,1953,580.3
Sachsen,precipitation,year,1954,899.2
Sachsen,precipitation,year,1955,800.6
Sachsen,precipitation,year,1956,844.5
Sachsen,precipitation,year,1957,765.4
Sachsen,precipitation,year,1958,815.7
Sachsen,precipitation,year,1959,556.7
Sachsen,precipitation,year,1960,745.1
Sachsen,precipitation,year,1961,726.3
Sachsen,precipitation,year,1962,557.9
Sachsen,precipitation,year,1963,545.3
Sachsen,precipitation,year,1964,573.6
Sachsen,precipitation,year,1965,864.9
Sachsen,precipitation,year,1966,847.9
Sachsen,precipitation,year,1967,800.9
Sachsen,precipitation,year,1968,750.3
Sachsen,precipitation,year,1969,633
Sachsen,precipitation,year,1970,852.8
Sachsen,precipitation,year,1971,615.9
Sachsen,precipitation,year,1972,546.8
Sachsen,precipitation,year,1973,661.7
Sachsen,precipitation,year,1974,926.6
Sachsen,precipitation,year,1975,582.5
Sachsen,precipitation,year,1976,522.1
Sachsen,precipitation,year,1977,802.1
Sachsen,precipitation,year,1978,758.3
Sachsen,precipitation,year,1979,702.6
Sachsen,precipitation,year,1980,798.2
Sachsen,precipitation,year,1981,961
Sachsen,precipitation,year,1982,463.7
Sachsen,precipitation,year,1983,691.7
Sachsen,precipitation,year,1984,647.5
Sachsen,precipitation,year,1985,605.4
Sachsen,precipitation,year,1986,789.3
Sachsen,precipitation,year,1987,819.7
Sachsen,precipitation,year,1988,727.6
Sachsen,precipitation,year,1989,611.3
Sachsen,precipitation,year,1990,595.9
Sachsen,precipitation,year,1991,546.2
Sachsen,precipitation,year,1992,670.9
Sachsen,precipitation,year,1993,786.1
Sachsen,precipitation,year,1994,800.3
Sachsen,precipitation,year,1995,894.1
Sachsen,precipitation,year,1996,651.4
Sachsen,precipitation,year,1997,672.3
Sachsen,precipitation,year,1998,793.3
Sachsen,precipitation,year,1999,697.4
Sachsen,precipitation,year,2000,777.2
Sachsen,precipitation,year,2001,815
Sachsen,precipitation,year,2002,921.6
Sachsen,precipitation,year,2003,481.8
Sachsen,precipitation,year,2004,776
Sachsen,precipitation,year,2005,764.4
Sachsen,precipitation,year,2006,645.4
Sachsen,precipitation,year,2007,849
Sachsen,precipitation,year,2008,736
Sachsen,precipitation,year,2009,796.6
Sachsen,precipitation,year,2010,986.8
Sachsen,precipitation,year,2011,696.2
Sachsen,precipitation,year,2012,729.8
Sachsen,precipitation,year,2013,789.9
Sachsen,precipitation,year,2014,623.5
Sachsen,precipitation,year,2015,635.3
Sachsen,precipitation,year,2016,715.5
Sachsen,precipitation,year,2017,747.3
Sachsen,precipitation,year,2018,468.5
Sachsen,precipitation,year,2019,602.3
Sachsen,precipitation,year,2020,633.4
Sachsen,precipitation,year,2021,778.1
Sachsen,precipitation,year,2022,565.1
Sachsen,precipitation,year,2023,796.9
Sachsen,precipitation,year,2024,711.2
Sachsen,precipitation,year,2025,561.6
Sachsen,summer_days,year,1951,34.23
Sachsen,summer_days,year,1952,35.86
Sachsen,summer_days,year,1953,39.05
Sachsen,summer_days,year,1954,20.66
Sachsen,summer_days,year,1955,23.44
Sachsen,summer_days,year,1956,18.36
Sachsen,summer_days,year,1957,27.84
Sachsen,summer_days,year,1958,25.86
Sachsen,summer_days,year,1959,36.2
Sachsen,summer_days,year,1960,19.87
Sachsen,summer_days,year,1961,32.1
Sachsen,summer_days,year,1962,26.03
Sachsen,summer_days,year,1963,34.78
Sachsen,summer_days,year,1964,45.18
Sachsen,summer_days,year,1965,18.64
Sachsen,summer_days,year,1966,30.58
Sachsen,summer_days,year,1967,34.75
Sachsen,summer_days,year,1968,32.98
Sachsen,summer_days,year,1969,38.52
Sachsen,summer_days,year,1970,33.38
Sachsen,summer_days,year,1971,39.73
Sachsen,summer_days,year,1972,28.17
Sachsen,summer_days,year,1973,40.22
Sachsen,summer_days,year,1974,19.16
Sachsen,summer_days,year,1975,43.22
Sachsen,summer_days,year,1976,35.84
Sachsen,summer_days,year,1977,18.42
Sachsen,summer_days,year,1978,19.46
Sachsen,summer_days,year,1979,29.9
Sachsen,summer_days,year,1980,15.65
Sachsen,summer_days,year,1981,25.63
Sachsen,summer_days,year,1982,45.14
Sachsen,summer_days,year,1983,48.75
Sachsen,summer_days,year,1984,18.3
Sachsen,summer_days,year,1985,29
Sachsen,summer_days,year,1986,34.73
Sachsen,summer_days,year,1987,18.48
Sachsen,summer_days,year,1988,29.43
Sachsen,summer_days,year,1989,36.31
Sachsen,summer_days,year,1990,33.95
Sachsen,summer_days,year,1991,34.84
Sachsen,summer_days,year,1992,52.88
Sachsen,summer_days,year,1993,32.9
Sachsen,summer_days,year,1994,41.74
Sachsen,summer_days,year,1995,47.29
Sachsen,summer_days,year,1996,24.47
Sachsen,summer_days,year,1997,40.09
Sachsen,summer_days,year,1998,30.16
Sachsen,summer_days,year,1999,38.22
Sachsen,summer_days,year,2000,38.66
Sachsen,summer_days,year,2001,32.47
Sachsen,summer_days,year,2002,41.61
Sachsen,summer_days,year,2003,61.46
Sachsen,summer_days,year,2004,30.33
Sachsen,summer_days,year,2005,39.43
Sachsen,summer_days,year,2006,50.38
Sachsen,summer_days,year,2007,41.43
Sachsen,summer_days,year,2008,36.82
Sachsen,summer_days,year,2009,36.46
Sachsen,summer_days,year,2010,35.68
Sachsen,summer_days,year,2011,41.93
Sachsen,summer_days,year,2012,41.44
Sachsen,summer_days,year,2013,38.73
Sachsen,summer_days,year,2014,36.78
Sachsen,summer_days,year,2015,48.1
Sachsen,summer_days,year,2016,49.48
Sachsen,summer_days,year,2017,43.65
Sachsen,summer_days,year,2018,76.53
Sachsen,summer_days,year,2019,59.52
Sachsen,summer_days,year,2020,48.87
Sachsen,summer_days,year,2021,41.11
Sachsen,summer_days,year,2022,57.26
Sachsen,summer_days,year,2023,62.85
Sachsen,summer_days,year,2024,61.89
Sachsen,summer_days,year,2025,44.55
Sachsen,sunshine,year,1951,1842.9
Sachsen,sunshine,year,1952,1607.6
Sachsen,sunshine,year,1953,1892.9
Sachsen,sunshine,year,1954,1665.1
Sachsen,sunshine,year,1955,1589.6
Sachsen,sunshine,year,1956,1551.9
Sachsen,sunshine,year,1957,1666.8
Sachsen,sunshine,year,1958,1509.2
Sachsen,sunshine,year,1959,2007.5
Sachsen,sunshine,year,1960,1541.6
Sachsen,sunshine,year,1961,1577.1
Sachsen,sunshine,year,1962,1547.1
Sachsen,sunshine,year,1963,1674.6
Sachsen,sunshine,year,1964,1724.4
Sachsen,sunshine,year,1965,1514.3
Sachsen,sunshine,year,1966,1444.8
Sachsen,sunshine,year,1967,1604.6
Sachsen,sunshine,year,1968,1558.5
Sachsen,sunshine,year,1969,1642.7
Sachsen,sunshine,year,1970,1461.9
Sachsen,sunshine,year,1971,1692
Sachsen,sunshine,year,1972,1523.8
Sachsen,sunshine,year,1973,1639.1
Sachsen,sunshine,year,1974,1365.9
Sachsen,sunshine,year,1975,1566.2
Sachsen,sunshine,year,1976,1643
Sachsen,sunshine,year,1977,1258.2
Sachsen,sunshine,year,1978,1355.2
Sachsen,sunshine,year,1979,1475.2
Sachsen,sunshine,year,1980,1425.3
Sachsen,sunshine,year,1981,1385.5
Sachsen,sunshine,year,1982,1858.9
Sachsen,sunshine,year,1983,1591.9
Sachsen,sunshine,year,1984,1430
Sachsen,sunshine,year,1985,1480.7
Sachsen,sunshine,year,1986,1561.5
Sachsen,sunshine,year,1987,1357
Sachsen,sunshine,year,1988,1508.1
Sachsen,sunshine,year,1989,1809.3
Sachsen,sunshine,year,1990,1805
Sachsen,sunshine,year,1991,1728.3
Sachsen,sunshine,year,1992,1727.4
Sachsen,sunshine,year,1993,1642.5
Sachsen,sunshine,year,1994,1645.1
Sachsen,sunshine,year,1995,1600.3
Sachsen,sunshine,year,1996,1427
Sachsen,sunshine,year,1997,1728.6
Sachsen,sunshine,year,1998,1510.5
Sachsen,sunshine,year,1999,1595.4
Sachsen,sunshine,year,2000,1610.2
Sachsen,sunshine,year,2001,1464.1
Sachsen,sunshine,year,2002,1530
Sachsen,sunshine,year,2003,2031.2
Sachsen,sunshine,year,2004,1589.2
Sachsen,sunshine,year,2005,1798.6
Sachsen,sunshine,year,2006,1855.6
Sachsen,sunshine,year,2007,1714.5
Sachsen,sunshine,year,2008,1614.8
Sachsen,sunshine,year,2009,1644.9
Sachsen,sunshine,year,2010,1559.5
Sachsen,sunshine,year,2011,1987.4
Sachsen,sunshine,year,2012,1759.6
Sachsen,sunshine,year,2013,1481.3
Sachsen,sunshine,year,2014,1662.2
Sachsen,sunshine,year,2015,1854.8
Sachsen,sunshine,year,2016,1641.8
Sachsen,sunshine,year,2017,1609.9
Sachsen,sunshine,year,2018,2030.6
Sachsen,sunshine,year,2019,1930.6
Sachsen,sunshine,year,2020,1902.5
Sachsen,sunshine,year,2021,1616.9
Sachsen,sunshine,year,2022,2002.6
Sachsen,sunshine,year,2023,1714.6
Sachsen,sunshine,year,2024,1830.1
Sachsen,sunshine,year,2025,1954.5
Sachsen,temp_mean,year,1881,6.71
Sachsen,temp_mean,year,1882,8.12
Sachsen,temp_mean,year,1883,7.46
Sachsen,temp_mean,year,1884,8.21
Sachsen,temp_mean,year,1885,7.73
Sachsen,temp_mean,year,1886,7.85
Sachsen,temp_mean,year,1887,6.72
Sachsen,temp_mean,year,1888,6.66
Sachsen,temp_mean,year,1889,7.11
Sachsen,temp_mean,year,1890,7.2
Sachsen,temp_mean,year,1891,7.36
Sachsen,temp_mean,year,1892,7.36
Sachsen,temp_mean,year,1893,7.63
Sachsen,temp_mean,year,1894,7.94
Sachsen,temp_mean,year,1895,7.3
Sachsen,temp_mean,year,1896,7.39
Sachsen,temp_mean,year,1897,7.85
Sachsen,temp_mean,year,1898,8.63
Sachsen,temp_mean,year,1899,7.91
Sachsen,temp_mean,year,1900,8.26
Sachsen,temp_mean,year,1901,7.5
Sachsen,temp_mean,year,1902,6.91
Sachsen,temp_mean,year,1903,8.43
Sachsen,temp_mean,year,1904,8.29
Sachsen,temp_mean,year,1905,7.82
Sachsen,temp_mean,year,1906,8.22
Sachsen,temp_mean,year,1907,7.71
Sachsen,temp_mean,year,1908,7.36
Sachsen,temp_mean,year,1909,7.3
Sachsen,temp_mean,year,1910,8.36
Sachsen,temp_mean,year,1911,9.02
Sachsen,temp_mean,year,1912,7.66
Sachsen,temp_mean,year,1913,8.4
Sachsen,temp_mean,year,1914,8.39
Sachsen,temp_mean,year,1915,7.74
Sachsen,temp_mean,year,1916,8.44
Sachsen,temp_mean,year,1917,7.38
Sachsen,temp_mean,year,1918,8.53
Sachsen,temp_mean,year,1919,7.09
Sachsen,temp_mean,year,1920,8.48
Sachsen,temp_mean,year,1921,8.75
Sachsen,temp_mean,year,1922,6.91
Sachsen,temp_mean,year,1923,7.88
Sachsen,temp_mean,year,1924,7.46
Sachsen,temp_mean,year,1925,8.34
Sachsen,temp_mean,year,1926,8.63
Sachsen,temp_mean,year,1927,7.8
Sachsen,temp_mean,year,1928,8.03
Sachsen,temp_mean,year,1929,7.14
Sachsen,temp_mean,year,1930,8.6
Sachsen,temp_mean,year,1931,7.42
Sachsen,temp_mean,year,1932,8.13
Sachsen,temp_mean,year,1933,7.15
Sachsen,temp_mean,year,1934,9.57
Sachsen,temp_mean,year,1935,8.22
Sachsen,temp_mean,year,1936,8.25
Sachsen,temp_mean,year,1937,8.42
Sachsen,temp_mean,year,1938,8.46
Sachsen,temp_mean,year,1939,8.07
Sachsen,temp_mean,year,1940,6.17
Sachsen,temp_mean,year,1941,6.68
Sachsen,temp_mean,year,1942,7.05
Sachsen,temp_mean,year,1943,8.79
Sachsen,temp_mean,year,1944,8.14
Sachsen,temp_mean,year,1945,8.92
Sachsen,temp_mean,year,1946,8.17
Sachsen,temp_mean,year,1947,8.16
Sachsen,temp_mean,year,1948,9.11
Sachsen,temp_mean,year,1949,8.93
Sachsen,temp_mean,year,1950,8.46
Sachsen,temp_mean,year,1951,8.87
Sachsen,temp_mean,year,1952,7.78
Sachsen,temp_mean,year,1953,9.06
Sachsen,temp_mean,year,1954,7.48
Sachsen,temp_mean,year,1955,7.23
Sachsen,temp_mean,year,1956,6.38
Sachsen,temp_mean,year,1957,8.49
Sachsen,temp_mean,year,1958,8.17
Sachsen,temp_mean,year,1959,8.84
Sachsen,temp_mean,year,1960,8.21
Sachsen,temp_mean,year,1961,8.89
Sachsen,temp_mean,year,1962,7.1
Sachsen,temp_mean,year,1963,7.22
Sachsen,temp_mean,year,1964,8
Sachsen,temp_mean,year,1965,7.39
Sachsen,temp_mean,year,1966,8.51
Sachsen,temp_mean,year,1967,8.9
Sachsen,temp_mean,year,1968,8.05
Sachsen,temp_mean,year,1969,7.53
Sachsen,temp_mean,year,1970,7.45
Sachsen,temp_mean,year,1971,8.33
Sachsen,temp_mean,year,1972,7.82
Sachsen,temp_mean,year,1973,8
Sachsen,temp_mean,year,1974,8.66
Sachsen,temp_mean,year,1975,8.88
Sachsen,temp_mean,year,1976,8.14
Sachsen,temp_mean,year,1977,8.49
Sachsen,temp_mean,year,1978,7.64
Sachsen,temp_mean,year,1979,7.67
Sachsen,temp_mean,year,1980,7.23
Sachsen,temp_mean,year,1981,8.02
Sachsen,temp_mean,year,1982,9
Sachsen,temp_mean,year,1983,9.03
Sachsen,temp_mean,year,1984,7.72
Sachsen,temp_mean,year,1985,7.33
Sachsen,temp_mean,year,1986,7.79
Sachsen,temp_mean,year,1987,7.01
Sachsen,temp_mean,year,1988,8.78
Sachsen,temp_mean,year,1989,9.52
Sachsen,temp_mean,year,1990,9.42
Sachsen,temp_mean,year,1991,8.16
Sachsen,temp_mean,year,1992,9.3
Sachsen,temp_mean,year,1993,8.26
Sachsen,temp_mean,year,1994,9.45
Sachsen,temp_mean,year,1995,8.54
Sachsen,temp_mean,year,1996,6.63
Sachsen,temp_mean,year,1997,8.46
Sachsen,temp_mean,year,1998,8.89
Sachsen,temp_mean,year,1999,9.18
Sachsen,temp_mean,year,2000,9.82
Sachsen,temp_mean,year,2001,8.62
Sachsen,temp_mean,year,2002,9.2
Sachsen,temp_mean,year,2003,9.01
Sachsen,temp_mean,year,2004,8.62
Sachsen,temp_mean,year,2005,8.59
Sachsen,temp_mean,year,2006,9.24
Sachsen,temp_mean,year,2007,9.68
Sachsen,temp_mean,year,2008,9.41
Sachsen,temp_mean,year,2009,8.91
Sachsen,temp_mean,year,2010,7.46
Sachsen,temp_mean,year,2011,9.37
Sachsen,temp_mean,year,2012,8.86
Sachsen,temp_mean,year,2013,8.39
Sachsen,temp_mean,year,2014,10.14
Sachsen,temp_mean,year,2015,9.93
Sachsen,temp_mean,year,2016,9.37
Sachsen,temp_mean,year,2017,9.39
Sachsen,temp_mean,year,2018,10.29
Sachsen,temp_mean,year,2019,10.35
Sachsen,temp_mean,year,2020,10.27
Sachsen,temp_mean,year,2021,8.86
Sachsen,temp_mean,year,2022,10.17
Sachsen,temp_mean,year,2023,10.44
Sachsen,temp_mean,year,2024,10.95
Sachsen,temp_mean,year,2025,9.7
Sachsen,tropical_nights,year,1951,0.14
Sachsen,tropical_nights,year,1952,1
Sachsen,tropical_nights,year,1953,0
Sachsen,tropical_nights,year,1954,0.02
Sachsen,tropical_nights,year,1955,0
Sachsen,tropical_nights,year,1956,0
Sachsen,tropical_nights,year,1957,1.36
Sachsen,tropical_nights,year,1958,0
Sachsen,tropical_nights,year,1959,1.23
Sachsen,tropical_nights,year,1960,0.01
Sachsen,tropical_nights,year,1961,0.01
Sachsen,tropical_nights,year,1962,0
Sachsen,tropical_nights,year,1963,0.26
Sachsen,tropical_nights,year,1964,0.35
Sachsen,tropical_nights,year,1965,0
Sachsen,tropical_nights,year,1966,0.39
Sachsen,tropical_nights,year,1967,0.13
Sachsen,tropical_nights,year,1968,0.06
Sachsen,tropical_nights,year,1969,0.58
Sachsen,tropical_nights,year,1970,0.19
Sachsen,tropical_nights,year,1971,1.26
Sachsen,tropical_nights,year,1972,1.14
Sachsen,tropical_nights,year,1973,0.4
Sachsen,tropical_nights,year,1974,0.41
Sachsen,tropical_nights,year,1975,0.39
Sachsen,tropical_nights,year,1976,1.4
Sachsen,tropical_nights,year,1977,0
Sachsen,tropical_nights,year,1978,0.03
Sachsen,tropical_nights,year,1979,0.07
Sachsen,tropical_nights,year,1980,0.05
Sachsen,tropical_nights,year,1981,0.26
Sachsen,tropical_nights,year,1982,0.53
Sachsen,tropical_nights,year,1983,1.56
Sachsen,tropical_nights,year,1984,0.87
Sachsen,tropical_nights,year,1985,0.2
Sachsen,tropical_nights,year,1986,0.34
Sachsen,tropical_nights,year,1987,0.49
Sachsen,tropical_nights,year,1988,0.53
Sachsen,tropical_nights,year,1989,0.1
Sachsen,tropical_nights,year,1990,0.09
Sachsen,tropical_nights,year,1991,0.97
Sachsen,tropical_nights,year,1992,1.03
Sachsen,tropical_nights,year,1993,0
Sachsen,tropical_nights,year,1994,1.89
Sachsen,tropical_nights,year,1995,0.07
Sachsen,tropical_nights,year,1996,0.02
Sachsen,tropical_nights,year,1997,0.01
Sachsen,tropical_nights,year,1998,0.68
Sachsen,tropical_nights,year,1999,0.08
Sachsen,tropical_nights,year,2000,0.29
Sachsen,tropical_nights,year,2001,0.47
Sachsen,tropical_nights,year,2002,0.21
Sachsen,tropical_nights,year,2003,1.21
Sachsen,tropical_nights,year,2004,0
Sachsen,tropical_nights,year,2005,0.03
Sachsen,tropical_nights,year,2006,0.55
Sachsen,tropical_nights,year,2007,0.64
Sachsen,tropical_nights,year,2008,0.04
Sachsen,tropical_nights,year,2009,0
Sachsen,tropical_nights,year,2010,0.84
Sachsen,tropical_nights,year,2011,0.02
Sachsen,tropical_nights,year,2012,0.67
Sachsen,tropical_nights,year,2013,0.49
Sachsen,tropical_nights,year,2014,0.12
Sachsen,tropical_nights,year,2015,1.8
Sachsen,tropical_nights,year,2016,0.01
Sachsen,tropical_nights,year,2017,0.07
Sachsen,tropical_nights,year,2018,2.13
Sachsen,tropical_nights,year,2019,1.08
Sachsen,tropical_nights,year,2020,0.77
Sachsen,tropical_nights,year,2021,0.77
Sachsen,tropical_nights,year,2022,0.67
Sachsen,tropical_nights,year,2023,0.52
Sachsen,tropical_nights,year,2024,0.4
Sachsen,tropical_nights,year,2025,0.03
Sachsen-Anhalt,frost_days,year,1951,80.79
Sachsen-Anhalt,frost_days,year,1952,110.05
Sachsen-Anhalt,frost_days,year,1953,83.56
Sachsen-Anhalt,frost_days,year,1954,93.93
Sachsen-Anhalt,frost_days,year,1955,108.6
Sachsen-Anhalt,frost_days,year,1956,99.15
Sachsen-Anhalt,frost_days,year,1957,74.83
Sachsen-Anhalt,frost_days,year,1958,89.07
Sachsen-Anhalt,frost_days,year,1959,84.75
Sachsen-Anhalt,frost_days,year,1960,76.33
Sachsen-Anhalt,frost_days,year,1961,60.44
Sachsen-Anhalt,frost_days,year,1962,95.05
Sachsen-Anhalt,frost_days,year,1963,108.12
Sachsen-Anhalt,frost_days,year,1964,96.32
Sachsen-Anhalt,frost_days,year,1965,95.22
Sachsen-Anhalt,frost_days,year,1966,77.03
Sachsen-Anhalt,frost_days,year,1967,65.31
Sachsen-Anhalt,frost_days,year,1968,93.8
Sachsen-Anhalt,frost_days,year,1969,117.19
Sachsen-Anhalt,frost_days,year,1970,100.1
Sachsen-Anhalt,frost_days,year,1971,83.48
Sachsen-Anhalt,frost_days,year,1972,84.27
Sachsen-Anhalt,frost_days,year,1973,88.56
Sachsen-Anhalt,frost_days,year,1974,48.01
Sachsen-Anhalt,frost_days,year,1975,67.29
Sachsen-Anhalt,frost_days,year,1976,97.39
Sachsen-Anhalt,frost_days,year,1977,65.84
Sachsen-Anhalt,frost_days,year,1978,88.74
Sachsen-Anhalt,frost_days,year,1979,100.27
Sachsen-Anhalt,frost_days,year,1980,106.14
Sachsen-Anhalt,frost_days,year,1981,95.72
Sachsen-Anhalt,frost_days,year,1982,79.12
Sachsen-Anhalt,frost_days,year,1983,72.65
Sachsen-Anhalt,frost_days,year,1984,92.29
Sachsen-Anhalt,frost_days,year,1985,99.53
Sachsen-Anhalt,frost_days,year,1986,80.06
Sachsen-Anhalt,frost_days,year,1987,93.23
Sachsen-Anhalt,frost_days,year,1988,70
Sachsen-Anhalt,frost_days,year,1989,61.02
Sachsen-Anhalt,frost_days,year,1990,51.51
Sachsen-Anhalt,frost_days,year,1991,87.43
Sachsen-Anhalt,frost_days,year,1992,66.02
Sachsen-Anhalt,frost_days,year,1993,85.15
Sachsen-Anhalt,frost_days,year,1994,58.67
Sachsen-Anhalt,frost_days,year,1995,92.64
Sachsen-Anhalt,frost_days,year,1996,122.69
Sachsen-Anhalt,frost_days,year,1997,87.3
Sachsen-Anhalt,frost_days,year,1998,69.72
Sachsen-Anhalt,frost_days,year,1999,69.22
Sachsen-Anhalt,frost_days,year,2000,48.62
Sachsen-Anhalt,frost_days,year,2001,83.93
Sachsen-Anhalt,frost_days,year,2002,69.95
Sachsen-Anhalt,frost_days,year,2003,99.6
Sachsen-Anhalt,frost_days,year,2004,82.18
Sachsen-Anhalt,frost_days,year,2005,92.31
Sachsen-Anhalt,frost_days,year,2006,84.35
Sachsen-Anhalt,frost_days,year,2007,57.17
Sachsen-Anhalt,frost_days,year,2008,63.58
Sachsen-Anhalt,frost_days,year,2009,82.82
Sachsen-Anhalt,frost_days,year,2010,112.75
Sachsen-Anhalt,frost_days,year,2011,82.71
Sachsen-Anhalt,frost_days,year,2012,76.24
Sachsen-Anhalt,frost_days,year,2013,99.04
Sachsen-Anhalt,frost_days,year,2014,58.48
Sachsen-Anhalt,frost_days,year,2015,67.95
Sachsen-Anhalt,frost_days,year,2016,79.56
Sachsen-Anhalt,frost_days,year,2017,72.78
Sachsen-Anhalt,frost_days,year,2018,75.56
Sachsen-Anhalt,frost_days,year,2019,61.93
Sachsen-Anhalt,frost_days,year,2020,53.57
Sachsen-Anhalt,frost_days,year,2021,82.51
Sachsen-Anhalt,frost_days,year,2022,69.57
Sachsen-Anhalt,frost_days,year,2023,60.75
Sachsen-Anhalt,frost_days,year,2024,49.35
Sachsen-Anhalt,frost_days,year,2025,83.4
Sachsen-Anhalt,hot_days,year,1951,4.25
Sachsen-Anhalt,hot_days,year,1952,5.57
Sachsen-Anhalt,hot_days,year,1953,7.3
Sachsen-Anhalt,hot_days,year,1954,4.57
Sachsen-Anhalt,hot_days,year,1955,1.27
Sachsen-Anhalt,hot_days,year,1956,0.99
Sachsen-Anhalt,hot_days,year,1957,7.93
Sachsen-Anhalt,hot_days,year,1958,1.71
Sachsen-Anhalt,hot_days,year,1959,6.56
Sachsen-Anhalt,hot_days,year,1960,2.28
Sachsen-Anhalt,hot_days,year,1961,5.78
Sachsen-Anhalt,hot_days,year,1962,1.56
Sachsen-Anhalt,hot_days,year,1963,6.53
Sachsen-Anhalt,hot_days,year,1964,12.22
Sachsen-Anhalt,hot_days,year,1965,0.78
Sachsen-Anhalt,hot_days,year,1966,4.47
Sachsen-Anhalt,hot_days,year,1967,4.17
Sachsen-Anhalt,hot_days,year,1968,4.4
Sachsen-Anhalt,hot_days,year,1969,11.33
Sachsen-Anhalt,hot_days,year,1970,2.88
Sachsen-Anhalt,hot_days,year,1971,10.44
Sachsen-Anhalt,hot_days,year,1972,6.37
Sachsen-Anhalt,hot_days,year,1973,7.62
Sachsen-Anhalt,hot_days,year,1974,4.01
Sachsen-Anhalt,hot_days,year,1975,10.38
Sachsen-Anhalt,hot_days,year,1976,10.25
Sachsen-Anhalt,hot_days,year,1977,2.1
Sachsen-Anhalt,hot_days,year,1978,3.91
Sachsen-Anhalt,hot_days,year,1979,4.31
Sachsen-Anhalt,hot_days,year,1980,1.97
Sachsen-Anhalt,hot_days,year,1981,3.17
Sachsen-Anhalt,hot_days,year,1982,8.91
Sachsen-Anhalt,hot_days,year,1983,11.99
Sachsen-Anhalt,hot_days,year,1984,3.66
Sachsen-Anhalt,hot_days,year,1985,2.86
Sachsen-Anhalt,hot_days,year,1986,7.11
Sachsen-Anhalt,hot_days,year,1987,1.77
Sachsen-Anhalt,hot_days,year,1988,2.8
Sachsen-Anhalt,hot_days,year,1989,7.69
Sachsen-Anhalt,hot_days,year,1990,7.71
Sachsen-Anhalt,hot_days,year,1991,6.48
Sachsen-Anhalt,hot_days,year,1992,12.6
Sachsen-Anhalt,hot_days,year,1993,1.62
Sachsen-Anhalt,hot_days,year,1994,19.84
Sachsen-Anhalt,hot_days,year,1995,15.93
Sachsen-Anhalt,hot_days,year,1996,4.19
Sachsen-Anhalt,hot_days,year,1997,8.65
Sachsen-Anhalt,hot_days,year,1998,7.52
Sachsen-Anhalt,hot_days,year,1999,6.85
Sachsen-Anhalt,hot_days,year,2000,7.4
Sachsen-Anhalt,hot_days,year,2001,9.19
Sachsen-Anhalt,hot_days,year,2002,7.89
Sachsen-Anhalt,hot_days,year,2003,22.16
Sachsen-Anhalt,hot_days,year,2004,4.96
Sachsen-Anhalt,hot_days,year,2005,10.38
Sachsen-Anhalt,hot_days,year,2006,19.33
Sachsen-Anhalt,hot_days,year,2007,7.48
Sachsen-Anhalt,hot_days,year,2008,11.69
Sachsen-Anhalt,hot_days,year,2009,6.3
Sachsen-Anhalt,hot_days,year,2010,11.88
Sachsen-Anhalt,hot_days,year,2011,4.63
Sachsen-Anhalt,hot_days,year,2012,9.63
Sachsen-Anhalt,hot_days,year,2013,12.24
Sachsen-Anhalt,hot_days,year,2014,9.55
Sachsen-Anhalt,hot_days,year,2015,17.9
Sachsen-Anhalt,hot_days,year,2016,14.36
Sachsen-Anhalt,hot_days,year,2017,6.22
Sachsen-Anhalt,hot_days,year,2018,28.81
Sachsen-Anhalt,hot_days,year,2019,22.54
Sachsen-Anhalt,hot_days,year,2020,14.31
Sachsen-Anhalt,hot_days,year,2021,6.7
Sachsen-Anhalt,hot_days,year,2022,20.43
Sachsen-Anhalt,hot_days,year,2023,11.67
Sachsen-Anhalt,hot_days,year,2024,18.23
Sachsen-Anhalt,hot_days,year,2025,12.11
Sachsen-Anhalt,ice_days,year,1951,8.56
Sachsen-Anhalt,ice_days,year,1952,21.04
Sachsen-Anhalt,ice_days,year,1953,16.5
Sachsen-Anhalt,ice_days,year,1954,34.11
Sachsen-Anhalt,ice_days,year,1955,32.22
Sachsen-Anhalt,ice_days,year,1956,42.65
Sachsen-Anhalt,ice_days,year,1957,9.65
Sachsen-Anhalt,ice_days,year,1958,12.35
Sachsen-Anhalt,ice_days,year,1959,18.76
Sachsen-Anhalt,ice_days,year,1960,19.67
Sachsen-Anhalt,ice_days,year,1961,18.29
Sachsen-Anhalt,ice_days,year,1962,30.06
Sachsen-Anhalt,ice_days,year,1963,63.15
Sachsen-Anhalt,ice_days,year,1964,31.57
Sachsen-Anhalt,ice_days,year,1965,24.16
Sachsen-Anhalt,ice_days,year,1966,29.01
Sachsen-Anhalt,ice_days,year,1967,12.01
Sachsen-Anhalt,ice_days,year,1968,31.51
Sachsen-Anhalt,ice_days,year,1969,49.79
Sachsen-Anhalt,ice_days,year,1970,39.3
Sachsen-Anhalt,ice_days,year,1971,18.22
Sachsen-Anhalt,ice_days,year,1972,20.13
Sachsen-Anhalt,ice_days,year,1973,11.73
Sachsen-Anhalt,ice_days,year,1974,1.33
Sachsen-Anhalt,ice_days,year,1975,7.28
Sachsen-Anhalt,ice_days,year,1976,26.69
Sachsen-Anhalt,ice_days,year,1977,10.03
Sachsen-Anhalt,ice_days,year,1978,26.77
Sachsen-Anhalt,ice_days,year,1979,32.79
Sachsen-Anhalt,ice_days,year,1980,30.88
Sachsen-Anhalt,ice_days,year,1981,32.28
Sachsen-Anhalt,ice_days,year,1982,16.81
Sachsen-Anhalt,ice_days,year,1983,18.15
Sachsen-Anhalt,ice_days,year,1984,17.29
Sachsen-Anhalt,ice_days,year,1985,45.65
Sachsen-Anhalt,ice_days,year,1986,38.73
Sachsen-Anhalt,ice_days,year,1987,42.93
Sachsen-Anhalt,ice_days,year,1988,6.39
Sachsen-Anhalt,ice_days,year,1989,6.07
Sachsen-Anhalt,ice_days,year,1990,5.66
Sachsen-Anhalt,ice_days,year,1991,17.97
Sachsen-Anhalt,ice_days,year,1992,11.54
Sachsen-Anhalt,ice_days,year,1993,23.03
Sachsen-Anhalt,ice_days,year,1994,10.73
Sachsen-Anhalt,ice_days,year,1995,23.55
Sachsen-Anhalt,ice_days,year,1996,49.04
Sachsen-Anhalt,ice_days,year,1997,15.83
Sachsen-Anhalt,ice_days,year,1998,18.48
Sachsen-Anhalt,ice_days,year,1999,9.14
Sachsen-Anhalt,ice_days,year,2000,7.6
Sachsen-Anhalt,ice_days,year,2001,15.11
Sachsen-Anhalt,ice_days,year,2002,17.26
Sachsen-Anhalt,ice_days,year,2003,19.48
Sachsen-Anhalt,ice_days,year,2004,12.41
Sachsen-Anhalt,ice_days,year,2005,19.04
Sachsen-Anhalt,ice_days,year,2006,21.42
Sachsen-Anhalt,ice_days,year,2007,8.62
Sachsen-Anhalt,ice_days,year,2008,7.7
Sachsen-Anhalt,ice_days,year,2009,21.91
Sachsen-Anhalt,ice_days,year,2010,60.59
Sachsen-Anhalt,ice_days,year,2011,13.32
Sachsen-Anhalt,ice_days,year,2012,24.5
Sachsen-Anhalt,ice_days,year,2013,28.18
Sachsen-Anhalt,ice_days,year,2014,13.99
Sachsen-Anhalt,ice_days,year,2015,3.01
Sachsen-Anhalt,ice_days,year,2016,10.62
Sachsen-Anhalt,ice_days,year,2017,13.68
Sachsen-Anhalt,ice_days,year,2018,11.98
Sachsen-Anhalt,ice_days,year,2019,4.18
Sachsen-Anhalt,ice_days,year,2020,0.67
Sachsen-Anhalt,ice_days,year,2021,14.74
Sachsen-Anhalt,ice_days,year,2022,9.09
Sachsen-Anhalt,ice_days,year,2023,5.43
Sachsen-Anhalt,ice_days,year,2024,5.69
Sachsen-Anhalt,ice_days,year,2025,6.86
Sachsen-Anhalt,precip_ge10,year,1951,13.43
Sachsen-Anhalt,precip_ge10,year,1952,14.05
Sachsen-Anhalt,precip_ge10,year,1953,9.47
Sachsen-Anhalt,precip_ge10,year,1954,16.11
Sachsen-Anhalt,precip_ge10,year,1955,14.89
Sachsen-Anhalt,precip_ge10,year,1956,16.71
Sachsen-Anhalt,precip_ge10,year,1957,14.1
Sachsen-Anhalt,precip_ge10,year,1958,14.35
Sachsen-Anhalt,precip_ge10,year,1959,7.85
Sachsen-Anhalt,precip_ge10,year,1960,14.2
Sachsen-Anhalt,precip_ge10,year,1961,17.07
Sachsen-Anhalt,precip_ge10,year,1962,8.36
Sachsen-Anhalt,precip_ge10,year,1963,8.83
Sachsen-Anhalt,precip_ge10,year,1964,8.34
Sachsen-Anhalt,precip_ge10,year,1965,14.65
Sachsen-Anhalt,precip_ge10,year,1966,16.62
Sachsen-Anhalt,precip_ge10,year,1967,14.91
Sachsen-Anhalt,precip_ge10,year,1968,11.45
Sachsen-Anhalt,precip_ge10,year,1969,12.43
Sachsen-Anhalt,precip_ge10,year,1970,15.63
Sachsen-Anhalt,precip_ge10,year,1971,9.11
Sachsen-Anhalt,precip_ge10,year,1972,14.94
Sachsen-Anhalt,precip_ge10,year,1973,7.66
Sachsen-Anhalt,precip_ge10,year,1974,12.18
Sachsen-Anhalt,precip_ge10,year,1975,8.28
Sachsen-Anhalt,precip_ge10,year,1976,6.75
Sachsen-Anhalt,precip_ge10,year,1977,17.02
Sachsen-Anhalt,precip_ge10,year,1978,10.96
Sachsen-Anhalt,precip_ge10,year,1979,11.97
Sachsen-Anhalt,precip_ge10,year,1980,12.86
Sachsen-Anhalt,precip_ge10,year,1981,16.76
Sachsen-Anhalt,precip_ge10,year,1982,6.75
Sachsen-Anhalt,precip_ge10,year,1983,14.13
Sachsen-Anhalt,precip_ge10,year,1984,13.65
Sachsen-Anhalt,precip_ge10,year,1985,7.29
Sachsen-Anhalt,precip_ge10,year,1986,16.26
Sachsen-Anhalt,precip_ge10,year,1987,13.56
Sachsen-Anhalt,precip_ge10,year,1988,8.9
Sachsen-Anhalt,precip_ge10,year,1989,9.26
Sachsen-Anhalt,precip_ge10,year,1990,10.89
Sachsen-Anhalt,precip_ge10,year,1991,8.26
Sachsen-Anhalt,precip_ge10,year,1992,13.88
Sachsen-Anhalt,precip_ge10,year,1993,15.5
Sachsen-Anhalt,precip_ge10,year,1994,18.1
Sachsen-Anhalt,precip_ge10,year,1995,12.48
Sachsen-Anhalt,precip_ge10,year,1996,10.92
Sachsen-Anhalt,precip_ge10,year,1997,11.18
Sachsen-Anhalt,precip_ge10,year,1998,12.88
Sachsen-Anhalt,precip_ge10,year,1999,9.92
Sachsen-Anhalt,precip_ge10,year,2000,10.69
Sachsen-Anhalt,precip_ge10,year,2001,13.57
Sachsen-Anhalt,precip_ge10,year,2002,19.8
Sachsen-Anhalt,precip_ge10,year,2003,9.13
Sachsen-Anhalt,precip_ge10,year,2004,13.81
Sachsen-Anhalt,precip_ge10,year,2005,12.6
Sachsen-Anhalt,precip_ge10,year,2006,8.44
Sachsen-Anhalt,precip_ge10,year,2007,21.01
Sachsen-Anhalt,precip_ge10,year,2008,15.16
Sachsen-Anhalt,precip_ge10,year,2009,14.53
Sachsen-Anhalt,precip_ge10,year,2010,20.57
Sachsen-Anhalt,precip_ge10,year,2011,13.25
Sachsen-Anhalt,precip_ge10,year,2012,11
Sachsen-Anhalt,precip_ge10,year,2013,15.85
Sachsen-Anhalt,precip_ge10,year,2014,12.91
Sachsen-Anhalt,precip_ge10,year,2015,13.32
Sachsen-Anhalt,precip_ge10,year,2016,9.48
Sachsen-Anhalt,precip_ge10,year,2017,14.7
Sachsen-Anhalt,precip_ge10,year,2018,6.6
Sachsen-Anhalt,precip_ge10,year,2019,10.15
Sachsen-Anhalt,precip_ge10,year,2020,10.33
Sachsen-Anhalt,precip_ge10,year,2021,13.04
Sachsen-Anhalt,precip_ge10,year,2022,7.42
Sachsen-Anhalt,precip_ge10,year,2023,17.85
Sachsen-Anhalt,precip_ge10,year,2024,14.91
Sachsen-Anhalt,precip_ge10,year,2025,9.43
Sachsen-Anhalt,precip_ge20,year,1951,3.24
Sachsen-Anhalt,precip_ge20,year,1952,2.65
Sachsen-Anhalt,precip_ge20,year,1953,2.32
Sachsen-Anhalt,precip_ge20,year,1954,4.05
Sachsen-Anhalt,precip_ge20,year,1955,4.72
Sachsen-Anhalt,precip_ge20,year,1956,4.46
Sachsen-Anhalt,precip_ge20,year,1957,2.85
Sachsen-Anhalt,precip_ge20,year,1958,3.52
Sachsen-Anhalt,precip_ge20,year,1959,2.72
Sachsen-Anhalt,precip_ge20,year,1960,3.14
Sachsen-Anhalt,precip_ge20,year,1961,3.95
Sachsen-Anhalt,precip_ge20,year,1962,1.29
Sachsen-Anhalt,precip_ge20,year,1963,1.83
Sachsen-Anhalt,precip_ge20,year,1964,2.26
Sachsen-Anhalt,precip_ge20,year,1965,3.69
Sachsen-Anhalt,precip_ge20,year,1966,3.93
Sachsen-Anhalt,precip_ge20,year,1967,3.25
Sachsen-Anhalt,precip_ge20,year,1968,2.95
Sachsen-Anhalt,precip_ge20,year,1969,2.38
Sachsen-Anhalt,precip_ge20,year,1970,3.69
Sachsen-Anhalt,precip_ge20,year,1971,2.47
Sachsen-Anhalt,precip_ge20,year,1972,3.87
Sachsen-Anhalt,precip_ge20,year,1973,1.07
Sachsen-Anhalt,precip_ge20,year,1974,2.25
Sachsen-Anhalt,precip_ge20,year,1975,1.9
Sachsen-Anhalt,precip_ge20,year,1976,0.68
Sachsen-Anhalt,precip_ge20,year,1977,4.65
Sachsen-Anhalt,precip_ge20,year,1978,1.76
Sachsen-Anhalt,precip_ge20,year,1979,1.6
Sachsen-Anhalt,precip_ge20,year,1980,2.72
Sachsen-Anhalt,precip_ge20,year,1981,3.86
Sachsen-Anhalt,precip_ge20,year,1982,0.54
Sachsen-Anhalt,precip_ge20,year,1983,3.35
Sachsen-Anhalt,precip_ge20,year,1984,2.82
Sachsen-Anhalt,precip_ge20,year,1985,1.18
Sachsen-Anhalt,precip_ge20,year,1986,3.26
Sachsen-Anhalt,precip_ge20,year,1987,2.59
Sachsen-Anhalt,precip_ge20,year,1988,1.26
Sachsen-Anhalt,precip_ge20,year,1989,1.55
Sachsen-Anhalt,precip_ge20,year,1990,2.64
Sachsen-Anhalt,precip_ge20,year,1991,1.38
Sachsen-Anhalt,precip_ge20,year,1992,2.89
Sachsen-Anhalt,precip_ge20,year,1993,3.39
Sachsen-Anhalt,precip_ge20,year,1994,5.6
Sachsen-Anhalt,precip_ge20,year,1995,2.04
Sachsen-Anhalt,precip_ge20,year,1996,1.99
Sachsen-Anhalt,precip_ge20,year,1997,2.6
Sachsen-Anhalt,precip_ge20,year,1998,2.31
Sachsen-Anhalt,precip_ge20,year,1999,1.53
Sachsen-Anhalt,precip_ge20,year,2000,1.63
Sachsen-Anhalt,precip_ge20,year,2001,2.31
Sachsen-Anhalt,precip_ge20,year,2002,5.88
Sachsen-Anhalt,precip_ge20,year,2003,1.92
Sachsen-Anhalt,precip_ge20,year,2004,1.93
Sachsen-Anhalt,precip_ge20,year,2005,2.26
Sachsen-Anhalt,precip_ge20,year,2006,1.18
Sachsen-Anhalt,precip_ge20,year,2007,6.88
Sachsen-Anhalt,precip_ge20,year,2008,2.79
Sachsen-Anhalt,precip_ge20,year,2009,2.18
Sachsen-Anhalt,precip_ge20,year,2010,5.45
Sachsen-Anhalt,precip_ge20,year,2011,4.03
Sachsen-Anhalt,precip_ge20,year,2012,1.99
Sachsen-Anhalt,precip_ge20,year,2013,4.39
Sachsen-Anhalt,precip_ge20,year,2014,3.97
Sachsen-Anhalt,precip_ge20,year,2015,3.26
Sachsen-Anhalt,precip_ge20,year,2016,2.46
Sachsen-Anhalt,precip_ge20,year,2017,3.95
Sachsen-Anhalt,precip_ge20,year,2018,1.39
Sachsen-Anhalt,precip_ge20,year,2019,2.54
Sachsen-Anhalt,precip_ge20,year,2020,3.05
Sachsen-Anhalt,precip_ge20,year,2021,4.32
Sachsen-Anhalt,precip_ge20,year,2022,1.05
Sachsen-Anhalt,precip_ge20,year,2023,3.8
Sachsen-Anhalt,precip_ge20,year,2024,3.79
Sachsen-Anhalt,precip_ge20,year,2025,1.74
Sachsen-Anhalt,precipitation,year,1881,536.2
Sachsen-Anhalt,precipitation,year,1882,666.8
Sachsen-Anhalt,precipitation,year,1883,474.9
Sachsen-Anhalt,precipitation,year,1884,635.9
Sachsen-Anhalt,precipitation,year,1885,536.3
Sachsen-Anhalt,precipitation,year,1886,500.1
Sachsen-Anhalt,precipitation,year,1887,453.2
Sachsen-Anhalt,precipitation,year,1888,555
Sachsen-Anhalt,precipitation,year,1889,598.6
Sachsen-Anhalt,precipitation,year,1890,559.4
Sachsen-Anhalt,precipitation,year,1891,619.1
Sachsen-Anhalt,precipitation,year,1892,410.8
Sachsen-Anhalt,precipitation,year,1893,543.1
Sachsen-Anhalt,precipitation,year,1894,577.8
Sachsen-Anhalt,precipitation,year,1895,576.6
Sachsen-Anhalt,precipitation,year,1896,597.3
Sachsen-Anhalt,precipitation,year,1897,572.5
Sachsen-Anhalt,precipitation,year,1898,573.7
Sachsen-Anhalt,precipitation,year,1899,604.6
Sachsen-Anhalt,precipitation,year,1900,597.6
Sachsen-Anhalt,precipitation,year,1901,559
Sachsen-Anhalt,precipitation,year,1902,570.7
Sachsen-Anhalt,precipitation,year,1903,527
Sachsen-Anhalt,precipitation,year,1904,442.2
Sachsen-Anhalt,precipitation,year,1905,710.2
Sachsen-Anhalt,precipitation,year,1906,659.3
Sachsen-Anhalt,precipitation,year,1907,574.6
Sachsen-Anhalt,precipitation,year,1908,485.6
Sachsen-Anhalt,precipitation,year,1909,575.5
Sachsen-Anhalt,precipitation,year,1910,543
Sachsen-Anhalt,precipitation,year,1911,352.6
Sachsen-Anhalt,precipitation,year,1912,593.1
Sachsen-Anhalt,precipitation,year,1913,489.7
Sachsen-Anhalt,precipitation,year,1914,595
Sachsen-Anhalt,precipitation,year,1915,589.7
Sachsen-Anhalt,precipitation,year,1916,581.1
Sachsen-Anhalt,precipitation,year,1917,488.1
Sachsen-Anhalt,precipitation,year,1918,601.2
Sachsen-Anhalt,precipitation,year,1919,496.4
Sachsen-Anhalt,precipitation,year,1920,469
Sachsen-Anhalt,precipitation,year,1921,484.6
Sachsen-Anhalt,precipitation,year,1922,617.3
Sachsen-Anhalt,precipitation,year,1923,574.4
Sachsen-Anhalt,precipitation,year,1924,550.4
Sachsen-Anhalt,precipitation,year,1925,519.2
Sachsen-Anhalt,precipitation,year,1926,733.2
Sachsen-Anhalt,precipitation,year,1927,652.8
Sachsen-Anhalt,precipitation,year,1928,560.4
Sachsen-Anhalt,precipitation,year,1929,434.1
Sachsen-Anhalt,precipitation,year,1930,602.1
Sachsen-Anhalt,precipitation,year,1931,590.3
Sachsen-Anhalt,precipitation,year,1932,544.1
Sachsen-Anhalt,precipitation,year,1933,475.4
Sachsen-Anhalt,precipitation,year,1934,433
Sachsen-Anhalt,precipitation,year,1935,578.4
Sachsen-Anhalt,precipitation,year,1936,525.2
Sachsen-Anhalt,precipitation,year,1937,672
Sachsen-Anhalt,precipitation,year,1938,528.6
Sachsen-Anhalt,precipitation,year,1939,691.2
Sachsen-Anhalt,precipitation,year,1940,577.6
Sachsen-Anhalt,precipitation,year,1941,690
Sachsen-Anhalt,precipitation,year,1942,486.5
Sachsen-Anhalt,precipitation,year,1943,433.7
Sachsen-Anhalt,precipitation,year,1944,571.1
Sachsen-Anhalt,precipitation,year,1945,573.4
Sachsen-Anhalt,precipitation,year,1946,579.9
Sachsen-Anhalt,precipitation,year,1947,464.4
Sachsen-Anhalt,precipitation,year,1948,523.2
Sachsen-Anhalt,precipitation,year,1949,491.8
Sachsen-Anhalt,precipitation,year,1950,616.9
Sachsen-Anhalt,precipitation,year,1951,536.4
Sachsen-Anhalt,precipitation,year,1952,593.4
Sachsen-Anhalt,precipitation,year,1953,455.7
Sachsen-Anhalt,precipitation,year,1954,651
Sachsen-Anhalt,precipitation,year,1955,649.6
Sachsen-Anhalt,precipitation,year,1956,694.5
Sachsen-Anhalt,precipitation,year,1957,567.6
Sachsen-Anhalt,precipitation,year,1958,626.8
Sachsen-Anhalt,precipitation,year,1959,383.2
Sachsen-Anhalt,precipitation,year,1960,590.8
Sachsen-Anhalt,precipitation,year,1961,685.1
Sachsen-Anhalt,precipitation,year,1962,472.4
Sachsen-Anhalt,precipitation,year,1963,420.3
Sachsen-Anhalt,precipitation,year,1964,440.9
Sachsen-Anhalt,precipitation,year,1965,654.4
Sachsen-Anhalt,precipitation,year,1966,694.7
Sachsen-Anhalt,precipitation,year,1967,623.2
Sachsen-Anhalt,precipitation,year,1968,561.2
Sachsen-Anhalt,precipitation,year,1969,545.3
Sachsen-Anhalt,precipitation,year,1970,712.1
Sachsen-Anhalt,precipitation,year,1971,444.1
Sachsen-Anhalt,precipitation,year,1972,518
Sachsen-Anhalt,precipitation,year,1973,459.6
Sachsen-Anhalt,precipitation,year,1974,618.5
Sachsen-Anhalt,precipitation,year,1975,432.1
Sachsen-Anhalt,precipitation,year,1976,389.8
Sachsen-Anhalt,precipitation,year,1977,664.2
Sachsen-Anhalt,precipitation,year,1978,535.3
Sachsen-Anhalt,precipitation,year,1979,564.2
Sachsen-Anhalt,precipitation,year,1980,574.9
Sachsen-Anhalt,precipitation,year,1981,708.2
Sachsen-Anhalt,precipitation,year,1982,370.2
Sachsen-Anhalt,precipitation,year,1983,563.8
Sachsen-Anhalt,precipitation,year,1984,573
Sachsen-Anhalt,precipitation,year,1985,481.8
Sachsen-Anhalt,precipitation,year,1986,625.7
Sachsen-Anhalt,precipitation,year,1987,620.5
Sachsen-Anhalt,precipitation,year,1988,520.3
Sachsen-Anhalt,precipitation,year,1989,428.1
Sachsen-Anhalt,precipitation,year,1990,526.2
Sachsen-Anhalt,precipitation,year,1991,409.8
Sachsen-Anhalt,precipitation,year,1992,595.9
Sachsen-Anhalt,precipitation,year,1993,648.5
Sachsen-Anhalt,precipitation,year,1994,721.7
Sachsen-Anhalt,precipitation,year,1995,579.9
Sachsen-Anhalt,precipitation,year,1996,499
Sachsen-Anhalt,precipitation,year,1997,534.5
Sachsen-Anhalt,precipitation,year,1998,637
Sachsen-Anhalt,precipitation,year,1999,529.1
Sachsen-Anhalt,precipitation,year,2000,570.3
Sachsen-Anhalt,precipitation,year,2001,628.5
Sachsen-Anhalt,precipitation,year,2002,751.6
Sachsen-Anhalt,precipitation,year,2003,421.2
Sachsen-Anhalt,precipitation,year,2004,582.4
Sachsen-Anhalt,precipitation,year,2005,581.8
Sachsen-Anhalt,precipitation,year,2006,478.2
Sachsen-Anhalt,precipitation,year,2007,806.1
Sachsen-Anhalt,precipitation,year,2008,593.3
Sachsen-Anhalt,precipitation,year,2009,635
Sachsen-Anhalt,precipitation,year,2010,750.8
Sachsen-Anhalt,precipitation,year,2011,531.3
Sachsen-Anhalt,precipitation,year,2012,540.4
Sachsen-Anhalt,precipitation,year,2013,628.9
Sachsen-Anhalt,precipitation,year,2014,550.5
Sachsen-Anhalt,precipitation,year,2015,564
Sachsen-Anhalt,precipitation,year,2016,484.6
Sachsen-Anhalt,precipitation,year,2017,635.2
Sachsen-Anhalt,precipitation,year,2018,352.5
Sachsen-Anhalt,precipitation,year,2019,485.5
Sachsen-Anhalt,precipitation,year,2020,499.9
Sachsen-Anhalt,precipitation,year,2021,582.4
Sachsen-Anhalt,precipitation,year,2022,420.7
Sachsen-Anhalt,precipitation,year,2023,735
Sachsen-Anhalt,precipitation,year,2024,613.2
Sachsen-Anhalt,precipitation,year,2025,436.7
Sachsen-Anhalt,summer_days,year,1951,31.02
Sachsen-Anhalt,summer_days,year,1952,32.37
Sachsen-Anhalt,summer_days,year,1953,37.96
Sachsen-Anhalt,summer_days,year,1954,19.83
Sachsen-Anhalt,summer_days,year,1955,24.76
Sachsen-Anhalt,summer_days,year,1956,15.24
Sachsen-Anhalt,summer_days,year,1957,28.89
Sachsen-Anhalt,summer_days,year,1958,22.8
Sachsen-Anhalt,summer_days,year,1959,44.48
Sachsen-Anhalt,summer_days,year,1960,20.95
Sachsen-Anhalt,summer_days,year,1961,29.97
Sachsen-Anhalt,summer_days,year,1962,18.58
Sachsen-Anhalt,summer_days,year,1963,34.16
Sachsen-Anhalt,summer_days,year,1964,42.57
Sachsen-Anhalt,summer_days,year,1965,16.68
Sachsen-Anhalt,summer_days,year,1966,31.31
Sachsen-Anhalt,summer_days,year,1967,29.54
Sachsen-Anhalt,summer_days,year,1968,35.41
Sachsen-Anhalt,summer_days,year,1969,40.67
Sachsen-Anhalt,summer_days,year,1970,34.16
Sachsen-Anhalt,summer_days,year,1971,39.72
Sachsen-Anhalt,summer_days,year,1972,26.78
Sachsen-Anhalt,summer_days,year,1973,40.72
Sachsen-Anhalt,summer_days,year,1974,18.11
Sachsen-Anhalt,summer_days,year,1975,47.01
Sachsen-Anhalt,summer_days,year,1976,43.85
Sachsen-Anhalt,summer_days,year,1977,17.49
Sachsen-Anhalt,summer_days,year,1978,22.21
Sachsen-Anhalt,summer_days,year,1979,28.02
Sachsen-Anhalt,summer_days,year,1980,18.57
Sachsen-Anhalt,summer_days,year,1981,25.66
Sachsen-Anhalt,summer_days,year,1982,49.57
Sachsen-Anhalt,summer_days,year,1983,51.95
Sachsen-Anhalt,summer_days,year,1984,21.2
Sachsen-Anhalt,summer_days,year,1985,27.84
Sachsen-Anhalt,summer_days,year,1986,36.89
Sachsen-Anhalt,summer_days,year,1987,17.63
Sachsen-Anhalt,summer_days,year,1988,29.69
Sachsen-Anhalt,summer_days,year,1989,45.07
Sachsen-Anhalt,summer_days,year,1990,34.25
Sachsen-Anhalt,summer_days,year,1991,37.17
Sachsen-Anhalt,summer_days,year,1992,56.18
Sachsen-Anhalt,summer_days,year,1993,32.94
Sachsen-Anhalt,summer_days,year,1994,43.57
Sachsen-Anhalt,summer_days,year,1995,53.02
Sachsen-Anhalt,summer_days,year,1996,28.3
Sachsen-Anhalt,summer_days,year,1997,51.44
Sachsen-Anhalt,summer_days,year,1998,29.63
Sachsen-Anhalt,summer_days,year,1999,48.07
Sachsen-Anhalt,summer_days,year,2000,37
Sachsen-Anhalt,summer_days,year,2001,34.96
Sachsen-Anhalt,summer_days,year,2002,42.1
Sachsen-Anhalt,summer_days,year,2003,62.39
Sachsen-Anhalt,summer_days,year,2004,32.3
Sachsen-Anhalt,summer_days,year,2005,45.66
Sachsen-Anhalt,summer_days,year,2006,60.41
Sachsen-Anhalt,summer_days,year,2007,40.83
Sachsen-Anhalt,summer_days,year,2008,38.11
Sachsen-Anhalt,summer_days,year,2009,44.18
Sachsen-Anhalt,summer_days,year,2010,40.58
Sachsen-Anhalt,summer_days,year,2011,46
Sachsen-Anhalt,summer_days,year,2012,41.41
Sachsen-Anhalt,summer_days,year,2013,44.4
Sachsen-Anhalt,summer_days,year,2014,38.55
Sachsen-Anhalt,summer_days,year,2015,46.7
Sachsen-Anhalt,summer_days,year,2016,57.58
Sachsen-Anhalt,summer_days,year,2017,41.51
Sachsen-Anhalt,summer_days,year,2018,87.6
Sachsen-Anhalt,summer_days,year,2019,63.42
Sachsen-Anhalt,summer_days,year,2020,52.06
Sachsen-Anhalt,summer_days,year,2021,46.67
Sachsen-Anhalt,summer_days,year,2022,66.23
Sachsen-Anhalt,summer_days,year,2023,64.52
Sachsen-Anhalt,summer_days,year,2024,63.08
Sachsen-Anhalt,summer_days,year,2025,48.63
Sachsen-Anhalt,sunshine,year,1951,1685.9
Sachsen-Anhalt,sunshine,year,1952,1562.6
Sachsen-Anhalt,sunshine,year,1953,1740.7
Sachsen-Anhalt,sunshine,year,1954,1574.2
Sachsen-Anhalt,sunshine,year,1955,1558.6
Sachsen-Anhalt,sunshine,year,1956,1478.7
Sachsen-Anhalt,sunshine,year,1957,1577.9
Sachsen-Anhalt,sunshine,year,1958,1436.2
Sachsen-Anhalt,sunshine,year,1959,1919.7
Sachsen-Anhalt,sunshine,year,1960,1441.8
Sachsen-Anhalt,sunshine,year,1961,1468.6
Sachsen-Anhalt,sunshine,year,1962,1455.9
Sachsen-Anhalt,sunshine,year,1963,1616.9
Sachsen-Anhalt,sunshine,year,1964,1654.5
Sachsen-Anhalt,sunshine,year,1965,1486.7
Sachsen-Anhalt,sunshine,year,1966,1419.1
Sachsen-Anhalt,sunshine,year,1967,1581.4
Sachsen-Anhalt,sunshine,year,1968,1547.7
Sachsen-Anhalt,sunshine,year,1969,1516.9
Sachsen-Anhalt,sunshine,year,1970,1443.3
Sachsen-Anhalt,sunshine,year,1971,1629.5
Sachsen-Anhalt,sunshine,year,1972,1482.1
Sachsen-Anhalt,sunshine,year,1973,1603.2
Sachsen-Anhalt,sunshine,year,1974,1396
Sachsen-Anhalt,sunshine,year,1975,1642.4
Sachsen-Anhalt,sunshine,year,1976,1688.4
Sachsen-Anhalt,sunshine,year,1977,1314.1
Sachsen-Anhalt,sunshine,year,1978,1328.5
Sachsen-Anhalt,sunshine,year,1979,1397.6
Sachsen-Anhalt,sunshine,year,1980,1451.4
Sachsen-Anhalt,sunshine,year,1981,1365.6
Sachsen-Anhalt,sunshine,year,1982,1808
Sachsen-Anhalt,sunshine,year,1983,1578.5
Sachsen-Anhalt,sunshine,year,1984,1358.5
Sachsen-Anhalt,sunshine,year,1985,1471.9
Sachsen-Anhalt,sunshine,year,1986,1542.1
Sachsen-Anhalt,sunshine,year,1987,1361.9
Sachsen-Anhalt,sunshine,year,1988,1500.9
Sachsen-Anhalt,sunshine,year,1989,1836.7
Sachsen-Anhalt,sunshine,year,1990,1703.8
Sachsen-Anhalt,sunshine,year,1991,1731.8
Sachsen-Anhalt,sunshine,year,1992,1702.2
Sachsen-Anhalt,sunshine,year,1993,1541.5
Sachsen-Anhalt,sunshine,year,1994,1677.7
Sachsen-Anhalt,sunshine,year,1995,1687.5
Sachsen-Anhalt,sunshine,year,1996,1425.4
Sachsen-Anhalt,sunshine,year,1997,1746.4
Sachsen-Anhalt,sunshine,year,1998,1441.7
Sachsen-Anhalt,sunshine,year,1999,1664.7
Sachsen-Anhalt,sunshine,year,2000,1609.1
Sachsen-Anhalt,sunshine,year,2001,1472.9
Sachsen-Anhalt,sunshine,year,2002,1508.3
Sachsen-Anhalt,sunshine,year,2003,2011.1
Sachsen-Anhalt,sunshine,year,2004,1584.9
Sachsen-Anhalt,sunshine,year,2005,1791.5
Sachsen-Anhalt,sunshine,year,2006,1828.5
Sachsen-Anhalt,sunshine,year,2007,1689.9
Sachsen-Anhalt,sunshine,year,2008,1659.2
Sachsen-Anhalt,sunshine,year,2009,1707.8
Sachsen-Anhalt,sunshine,year,2010,1534.5
Sachsen-Anhalt,sunshine,year,2011,1897.6
Sachsen-Anhalt,sunshine,year,2012,1668
Sachsen-Anhalt,sunshine,year,2013,1518.2
Sachsen-Anhalt,sunshine,year,2014,1648.3
Sachsen-Anhalt,sunshine,year,2015,1787
Sachsen-Anhalt,sunshine,year,2016,1675.6
Sachsen-Anhalt,sunshine,year,2017,1541.8
Sachsen-Anhalt,sunshine,year,2018,2085.5
Sachsen-Anhalt,sunshine,year,2019,1882.4
Sachsen-Anhalt,sunshine,year,2020,1899.2
Sachsen-Anhalt,sunshine,year,2021,1578.1
Sachsen-Anhalt,sunshine,year,2022,2011.5
Sachsen-Anhalt,sunshine,year,2023,1705.1
Sachsen-Anhalt,sunshine,year,2024,1758.4
Sachsen-Anhalt,sunshine,year,2025,1953.7
Sachsen-Anhalt,temp_mean,year,1881,7.46
Sachsen-Anhalt,temp_mean,year,1882,8.81
Sachsen-Anhalt,temp_mean,year,1883,8.32
Sachsen-Anhalt,temp_mean,year,1884,8.94
Sachsen-Anhalt,temp_mean,year,1885,8.07
Sachsen-Anhalt,temp_mean,year,1886,8.36
Sachsen-Anhalt,temp_mean,year,1887,7.5
Sachsen-Anhalt,temp_mean,year,1888,7.29
Sachsen-Anhalt,temp_mean,year,1889,7.96
Sachsen-Anhalt,temp_mean,year,1890,7.85
Sachsen-Anhalt,temp_mean,year,1891,8
Sachsen-Anhalt,temp_mean,year,1892,7.89
Sachsen-Anhalt,temp_mean,year,1893,8.32
Sachsen-Anhalt,temp_mean,year,1894,8.63
Sachsen-Anhalt,temp_mean,year,1895,7.84
Sachsen-Anhalt,temp_mean,year,1896,8.1
Sachsen-Anhalt,temp_mean,year,1897,8.33
Sachsen-Anhalt,temp_mean,year,1898,9.01
Sachsen-Anhalt,temp_mean,year,1899,8.56
Sachsen-Anhalt,temp_mean,year,1900,8.81
Sachsen-Anhalt,temp_mean,year,1901,8.1
Sachsen-Anhalt,temp_mean,year,1902,7.27
Sachsen-Anhalt,temp_mean,year,1903,8.98
Sachsen-Anhalt,temp_mean,year,1904,8.81
Sachsen-Anhalt,temp_mean,year,1905,8.42
Sachsen-Anhalt,temp_mean,year,1906,8.95
Sachsen-Anhalt,temp_mean,year,1907,8.13
Sachsen-Anhalt,temp_mean,year,1908,7.93
Sachsen-Anhalt,temp_mean,year,1909,7.8
Sachsen-Anhalt,temp_mean,year,1910,8.87
Sachsen-Anhalt,temp_mean,year,1911,9.66
Sachsen-Anhalt,temp_mean,year,1912,8.24
Sachsen-Anhalt,temp_mean,year,1913,9.06
Sachsen-Anhalt,temp_mean,year,1914,9.11
Sachsen-Anhalt,temp_mean,year,1915,8.2
Sachsen-Anhalt,temp_mean,year,1916,8.8
Sachsen-Anhalt,temp_mean,year,1917,7.98
Sachsen-Anhalt,temp_mean,year,1918,8.95
Sachsen-Anhalt,temp_mean,year,1919,7.66
Sachsen-Anhalt,temp_mean,year,1920,9.02
Sachsen-Anhalt,temp_mean,year,1921,9.41
Sachsen-Anhalt,temp_mean,year,1922,7.44
Sachsen-Anhalt,temp_mean,year,1923,8.21
Sachsen-Anhalt,temp_mean,year,1924,8.01
Sachsen-Anhalt,temp_mean,year,1925,8.94
Sachsen-Anhalt,temp_mean,year,1926,9.17
Sachsen-Anhalt,temp_mean,year,1927,8.4
Sachsen-Anhalt,temp_mean,year,1928,8.58
Sachsen-Anhalt,temp_mean,year,1929,7.64
Sachsen-Anhalt,temp_mean,year,1930,9.18
Sachsen-Anhalt,temp_mean,year,1931,8.16
Sachsen-Anhalt,temp_mean,year,1932,8.93
Sachsen-Anhalt,temp_mean,year,1933,7.96
Sachsen-Anhalt,temp_mean,year,1934,10.27
Sachsen-Anhalt,temp_mean,year,1935,8.97
Sachsen-Anhalt,temp_mean,year,1936,8.9
Sachsen-Anhalt,temp_mean,year,1937,8.96
Sachsen-Anhalt,temp_mean,year,1938,9.24
Sachsen-Anhalt,temp_mean,year,1939,8.87
Sachsen-Anhalt,temp_mean,year,1940,6.73
Sachsen-Anhalt,temp_mean,year,1941,7.42
Sachsen-Anhalt,temp_mean,year,1942,7.62
Sachsen-Anhalt,temp_mean,year,1943,9.33
Sachsen-Anhalt,temp_mean,year,1944,8.97
Sachsen-Anhalt,temp_mean,year,1945,9.18
Sachsen-Anhalt,temp_mean,year,1946,8.77
Sachsen-Anhalt,temp_mean,year,1947,8.57
Sachsen-Anhalt,temp_mean,year,1948,9.69
Sachsen-Anhalt,temp_mean,year,1949,9.69
Sachsen-Anhalt,temp_mean,year,1950,9
Sachsen-Anhalt,temp_mean,year,1951,9.17
Sachsen-Anhalt,temp_mean,year,1952,8.22
Sachsen-Anhalt,temp_mean,year,1953,9.61
Sachsen-Anhalt,temp_mean,year,1954,8.1
Sachsen-Anhalt,temp_mean,year,1955,7.82
Sachsen-Anhalt,temp_mean,year,1956,7.1
Sachsen-Anhalt,temp_mean,year,1957,9.04
Sachsen-Anhalt,temp_mean,year,1958,8.63
Sachsen-Anhalt,temp_mean,year,1959,9.41
Sachsen-Anhalt,temp_mean,year,1960,8.78
Sachsen-Anhalt,temp_mean,year,1961,9.35
Sachsen-Anhalt,temp_mean,year,1962,7.54
Sachsen-Anhalt,temp_mean,year,1963,7.53
Sachsen-Anhalt,temp_mean,year,1964,8.41
Sachsen-Anhalt,temp_mean,year,1965,7.88
Sachsen-Anhalt,temp_mean,year,1966,8.85
Sachsen-Anhalt,temp_mean,year,1967,9.47
Sachsen-Anhalt,temp_mean,year,1968,8.59
Sachsen-Anhalt,temp_mean,year,1969,7.97
Sachsen-Anhalt,temp_mean,year,1970,7.97
Sachsen-Anhalt,temp_mean,year,1971,8.93
Sachsen-Anhalt,temp_mean,year,1972,8.22
Sachsen-Anhalt,temp_mean,year,1973,8.73
Sachsen-Anhalt,temp_mean,year,1974,9.36
Sachsen-Anhalt,temp_mean,year,1975,9.52
Sachsen-Anhalt,temp_mean,year,1976,8.77
Sachsen-Anhalt,temp_mean,year,1977,9.08
Sachsen-Anhalt,temp_mean,year,1978,8.28
Sachsen-Anhalt,temp_mean,year,1979,7.98
Sachsen-Anhalt,temp_mean,year,1980,7.92
Sachsen-Anhalt,temp_mean,year,1981,8.62
Sachsen-Anhalt,temp_mean,year,1982,9.55
Sachsen-Anhalt,temp_mean,year,1983,9.63
Sachsen-Anhalt,temp_mean,year,1984,8.41
Sachsen-Anhalt,temp_mean,year,1985,7.88
Sachsen-Anhalt,temp_mean,year,1986,8.2
Sachsen-Anhalt,temp_mean,year,1987,7.53
Sachsen-Anhalt,temp_mean,year,1988,9.56
Sachsen-Anhalt,temp_mean,year,1989,10.12
Sachsen-Anhalt,temp_mean,year,1990,10.07
Sachsen-Anhalt,temp_mean,year,1991,8.8
Sachsen-Anhalt,temp_mean,year,1992,9.91
Sachsen-Anhalt,temp_mean,year,1993,8.75
Sachsen-Anhalt,temp_mean,year,1994,9.97
Sachsen-Anhalt,temp_mean,year,1995,9.29
Sachsen-Anhalt,temp_mean,year,1996,7.28
Sachsen-Anhalt,temp_mean,year,1997,9.26
Sachsen-Anhalt,temp_mean,year,1998,9.59
Sachsen-Anhalt,temp_mean,year,1999,10.1
Sachsen-Anhalt,temp_mean,year,2000,10.39
Sachsen-Anhalt,temp_mean,year,2001,9.35
Sachsen-Anhalt,temp_mean,year,2002,9.7
Sachsen-Anhalt,temp_mean,year,2003,9.63
Sachsen-Anhalt,temp_mean,year,2004,9.34
Sachsen-Anhalt,temp_mean,year,2005,9.42
Sachsen-Anhalt,temp_mean,year,2006,10.02
Sachsen-Anhalt,temp_mean,year,2007,10.34
Sachsen-Anhalt,temp_mean,year,2008,10.01
Sachsen-Anhalt,temp_mean,year,2009,9.54
Sachsen-Anhalt,temp_mean,year,2010,7.99
Sachsen-Anhalt,temp_mean,year,2011,9.98
Sachsen-Anhalt,temp_mean,year,2012,9.44
Sachsen-Anhalt,temp_mean,year,2013,9.07
Sachsen-Anhalt,temp_mean,year,2014,10.68
Sachsen-Anhalt,temp_mean,year,2015,10.32
Sachsen-Anhalt,temp_mean,year,2016,10.08
Sachsen-Anhalt,temp_mean,year,2017,10.03
Sachsen-Anhalt,temp_mean,year,2018,10.88
Sachsen-Anhalt,temp_mean,year,2019,10.93
Sachsen-Anhalt,temp_mean,year,2020,10.98
Sachsen-Anhalt,temp_mean,year,2021,9.63
Sachsen-Anhalt,temp_mean,year,2022,10.84
Sachsen-Anhalt,temp_mean,year,2023,11.02
Sachsen-Anhalt,temp_mean,year,2024,11.48
Sachsen-Anhalt,temp_mean,year,2025,10.37
Sachsen-Anhalt,tropical_nights,year,1951,0.01
Sachsen-Anhalt,tropical_nights,year,1952,0.18
Sachsen-Anhalt,tropical_nights,year,1953,0
Sachsen-Anhalt,tropical_nights,year,1954,0.03
Sachsen-Anhalt,tropical_nights,year,1955,0
Sachsen-Anhalt,tropical_nights,year,1956,0
Sachsen-Anhalt,tropical_nights,year,1957,0.56
Sachsen-Anhalt,tropical_nights,year,1958,0
Sachsen-Anhalt,tropical_nights,year,1959,0.25
Sachsen-Anhalt,tropical_nights,year,1960,0
Sachsen-Anhalt,tropical_nights,year,1961,0
Sachsen-Anhalt,tropical_nights,year,1962,0
Sachsen-Anhalt,tropical_nights,year,1963,0.38
Sachsen-Anhalt,tropical_nights,year,1964,0.72
Sachsen-Anhalt,tropical_nights,year,1965,0
Sachsen-Anhalt,tropical_nights,year,1966,0
Sachsen-Anhalt,tropical_nights,year,1967,0
Sachsen-Anhalt,tropical_nights,year,1968,0
Sachsen-Anhalt,tropical_nights,year,1969,0.72
Sachsen-Anhalt,tropical_nights,year,1970,0
Sachsen-Anhalt,tropical_nights,year,1971,0.27
Sachsen-Anhalt,tropical_nights,year,1972,0.04
Sachsen-Anhalt,tropical_nights,year,1973,0.03
Sachsen-Anhalt,tropical_nights,year,1974,0.04
Sachsen-Anhalt,tropical_nights,year,1975,0.01
Sachsen-Anhalt,tropical_nights,year,1976,0.17
Sachsen-Anhalt,tropical_nights,year,1977,0
Sachsen-Anhalt,tropical_nights,year,1978,0
Sachsen-Anhalt,tropical_nights,year,1979,0
Sachsen-Anhalt,tropical_nights,year,1980,0
Sachsen-Anhalt,tropical_nights,year,1981,0
Sachsen-Anhalt,tropical_nights,year,1982,0.11
Sachsen-Anhalt,tropical_nights,year,1983,0.66
Sachsen-Anhalt,tropical_nights,year,1984,0.71
Sachsen-Anhalt,tropical_nights,year,1985,0
Sachsen-Anhalt,tropical_nights,year,1986,0.12
Sachsen-Anhalt,tropical_nights,year,1987,0.01
Sachsen-Anhalt,tropical_nights,year,1988,0.18
Sachsen-Anhalt,tropical_nights,year,1989,0
Sachsen-Anhalt,tropical_nights,year,1990,0.02
Sachsen-Anhalt,tropical_nights,year,1991,0.15
Sachsen-Anhalt,tropical_nights,year,1992,0.57
Sachsen-Anhalt,tropical_nights,year,1993,0
Sachsen-Anhalt,tropical_nights,year,1994,1.61
Sachsen-Anhalt,tropical_nights,year,1995,0.03
Sachsen-Anhalt,tropical_nights,year,1996,0
Sachsen-Anhalt,tropical_nights,year,1997,0.13
Sachsen-Anhalt,tropical_nights,year,1998,0.21
Sachsen-Anhalt,tropical_nights,year,1999,0
Sachsen-Anhalt,tropical_nights,year,2000,0.09
Sachsen-Anhalt,tropical_nights,year,2001,0.17
Sachsen-Anhalt,tropical_nights,year,2002,0.16
Sachsen-Anhalt,tropical_nights,year,2003,1.29
Sachsen-Anhalt,tropical_nights,year,2004,0
Sachsen-Anhalt,tropical_nights,year,2005,0.05
Sachsen-Anhalt,tropical_nights,year,2006,0.93
Sachsen-Anhalt,tropical_nights,year,2007,0.32
Sachsen-Anhalt,tropical_nights,year,2008,0.02
Sachsen-Anhalt,tropical_nights,year,2009,0
Sachsen-Anhalt,tropical_nights,year,2010,1.12
Sachsen-Anhalt,tropical_nights,year,2011,0.01
Sachsen-Anhalt,tropical_nights,year,2012,0.21
Sachsen-Anhalt,tropical_nights,year,2013,0.1
Sachsen-Anhalt,tropical_nights,year,2014,0.14
Sachsen-Anhalt,tropical_nights,year,2015,0.7
Sachsen-Anhalt,tropical_nights,year,2016,0
Sachsen-Anhalt,tropical_nights,year,2017,0
Sachsen-Anhalt,tropical_nights,year,2018,2.1
Sachsen-Anhalt,tropical_nights,year,2019,0.48
Sachsen-Anhalt,tropical_nights,year,2020,0.49
Sachsen-Anhalt,tropical_nights,year,2021,0.49
Sachsen-Anhalt,tropical_nights,year,2022,0.27
Sachsen-Anhalt,tropical_nights,year,2023,0.09
Sachsen-Anhalt,tropical_nights,year,2024,0.07
Sachsen-Anhalt,tropical_nights,year,2025,0.01
Schleswig-Holstein,frost_days,year,1951,63.55
Schleswig-Holstein,frost_days,year,1952,95.43
Schleswig-Holstein,frost_days,year,1953,65.55
Schleswig-Holstein,frost_days,year,1954,86.07
Schleswig-Holstein,frost_days,year,1955,101.55
Schleswig-Holstein,frost_days,year,1956,95.18
Schleswig-Holstein,frost_days,year,1957,60.58
Schleswig-Holstein,frost_days,year,1958,89.61
Schleswig-Holstein,frost_days,year,1959,66.67
Schleswig-Holstein,frost_days,year,1960,73.59
Schleswig-Holstein,frost_days,year,1961,60.22
Schleswig-Holstein,frost_days,year,1962,81.6
Schleswig-Holstein,frost_days,year,1963,102.77
Schleswig-Holstein,frost_days,year,1964,94.02
Schleswig-Holstein,frost_days,year,1965,88.68
Schleswig-Holstein,frost_days,year,1966,80.79
Schleswig-Holstein,frost_days,year,1967,52.07
Schleswig-Holstein,frost_days,year,1968,81.88
Schleswig-Holstein,frost_days,year,1969,112.89
Schleswig-Holstein,frost_days,year,1970,102.15
Schleswig-Holstein,frost_days,year,1971,62.8
Schleswig-Holstein,frost_days,year,1972,69.79
Schleswig-Holstein,frost_days,year,1973,66.4
Schleswig-Holstein,frost_days,year,1974,30.95
Schleswig-Holstein,frost_days,year,1975,57.4
Schleswig-Holstein,frost_days,year,1976,93.6
Schleswig-Holstein,frost_days,year,1977,63.04
Schleswig-Holstein,frost_days,year,1978,80.87
Schleswig-Holstein,frost_days,year,1979,94.09
Schleswig-Holstein,frost_days,year,1980,102.8
Schleswig-Holstein,frost_days,year,1981,85.57
Schleswig-Holstein,frost_days,year,1982,72.63
Schleswig-Holstein,frost_days,year,1983,66.17
Schleswig-Holstein,frost_days,year,1984,76.87
Schleswig-Holstein,frost_days,year,1985,91.87
Schleswig-Holstein,frost_days,year,1986,78.66
Schleswig-Holstein,frost_days,year,1987,89.29
Schleswig-Holstein,frost_days,year,1988,56.87
Schleswig-Holstein,frost_days,year,1989,47.11
Schleswig-Holstein,frost_days,year,1990,37.23
Schleswig-Holstein,frost_days,year,1991,66.78
Schleswig-Holstein,frost_days,year,1992,46.11
Schleswig-Holstein,frost_days,year,1993,75.8
Schleswig-Holstein,frost_days,year,1994,46.63
Schleswig-Holstein,frost_days,year,1995,77.11
Schleswig-Holstein,frost_days,year,1996,118.89
Schleswig-Holstein,frost_days,year,1997,78.38
Schleswig-Holstein,frost_days,year,1998,54.79
Schleswig-Holstein,frost_days,year,1999,54.87
Schleswig-Holstein,frost_days,year,2000,35.28
Schleswig-Holstein,frost_days,year,2001,81.11
Schleswig-Holstein,frost_days,year,2002,58.12
Schleswig-Holstein,frost_days,year,2003,80.05
Schleswig-Holstein,frost_days,year,2004,65.96
Schleswig-Holstein,frost_days,year,2005,76.21
Schleswig-Holstein,frost_days,year,2006,72.21
Schleswig-Holstein,frost_days,year,2007,37.12
Schleswig-Holstein,frost_days,year,2008,48.66
Schleswig-Holstein,frost_days,year,2009,63.56
Schleswig-Holstein,frost_days,year,2010,111.73
Schleswig-Holstein,frost_days,year,2011,67.49
Schleswig-Holstein,frost_days,year,2012,66.97
Schleswig-Holstein,frost_days,year,2013,89.17
Schleswig-Holstein,frost_days,year,2014,41.55
Schleswig-Holstein,frost_days,year,2015,39.61
Schleswig-Holstein,frost_days,year,2016,67.17
Schleswig-Holstein,frost_days,year,2017,49.06
Schleswig-Holstein,frost_days,year,2018,61.77
Schleswig-Holstein,frost_days,year,2019,48.8
Schleswig-Holstein,frost_days,year,2020,28.97
Schleswig-Holstein,frost_days,year,2021,68.28
Schleswig-Holstein,frost_days,year,2022,48.54
Schleswig-Holstein,frost_days,year,2023,54.02
Schleswig-Holstein,frost_days,year,2024,33.63
Schleswig-Holstein,frost_days,year,2025,59.02
Schleswig-Holstein,hot_days,year,1951,0.38
Schleswig-Holstein,hot_days,year,1952,0.82
Schleswig-Holstein,hot_days,year,1953,1.88
Schleswig-Holstein,hot_days,year,1954,0.69
Schleswig-Holstein,hot_days,year,1955,0.02
Schleswig-Holstein,hot_days,year,1956,0.02
Schleswig-Holstein,hot_days,year,1957,2.07
Schleswig-Holstein,hot_days,year,1958,0
Schleswig-Holstein,hot_days,year,1959,2.66
Schleswig-Holstein,hot_days,year,1960,0.08
Schleswig-Holstein,hot_days,year,1961,1.4
Schleswig-Holstein,hot_days,year,1962,0
Schleswig-Holstein,hot_days,year,1963,2.17
Schleswig-Holstein,hot_days,year,1964,2.05
Schleswig-Holstein,hot_days,year,1965,0
Schleswig-Holstein,hot_days,year,1966,0.94
Schleswig-Holstein,hot_days,year,1967,0.13
Schleswig-Holstein,hot_days,year,1968,1.17
Schleswig-Holstein,hot_days,year,1969,4.04
Schleswig-Holstein,hot_days,year,1970,0.42
Schleswig-Holstein,hot_days,year,1971,0.64
Schleswig-Holstein,hot_days,year,1972,1.28
Schleswig-Holstein,hot_days,year,1973,2.88
Schleswig-Holstein,hot_days,year,1974,0.45
Schleswig-Holstein,hot_days,year,1975,6.29
Schleswig-Holstein,hot_days,year,1976,4.8
Schleswig-Holstein,hot_days,year,1977,0.03
Schleswig-Holstein,hot_days,year,1978,0.99
Schleswig-Holstein,hot_days,year,1979,0.77
Schleswig-Holstein,hot_days,year,1980,0.02
Schleswig-Holstein,hot_days,year,1981,0.47
Schleswig-Holstein,hot_days,year,1982,5.04
Schleswig-Holstein,hot_days,year,1983,4.92
Schleswig-Holstein,hot_days,year,1984,0.31
Schleswig-Holstein,hot_days,year,1985,0.49
Schleswig-Holstein,hot_days,year,1986,1.55
Schleswig-Holstein,hot_days,year,1987,0.15
Schleswig-Holstein,hot_days,year,1988,0.02
Schleswig-Holstein,hot_days,year,1989,1.4
Schleswig-Holstein,hot_days,year,1990,1.84
Schleswig-Holstein,hot_days,year,1991,1.09
Schleswig-Holstein,hot_days,year,1992,3.46
Schleswig-Holstein,hot_days,year,1993,0.01
Schleswig-Holstein,hot_days,year,1994,11.36
Schleswig-Holstein,hot_days,year,1995,6.97
Schleswig-Holstein,hot_days,year,1996,3.05
Schleswig-Holstein,hot_days,year,1997,5.07
Schleswig-Holstein,hot_days,year,1998,0.78
Schleswig-Holstein,hot_days,year,1999,2.28
Schleswig-Holstein,hot_days,year,2000,3.27
Schleswig-Holstein,hot_days,year,2001,2.08
Schleswig-Holstein,hot_days,year,2002,3.68
Schleswig-Holstein,hot_days,year,2003,5.98
Schleswig-Holstein,hot_days,year,2004,1.7
Schleswig-Holstein,hot_days,year,2005,1.97
Schleswig-Holstein,hot_days,year,2006,6.89
Schleswig-Holstein,hot_days,year,2007,1.46
Schleswig-Holstein,hot_days,year,2008,3.68
Schleswig-Holstein,hot_days,year,2009,1.52
Schleswig-Holstein,hot_days,year,2010,6.35
Schleswig-Holstein,hot_days,year,2011,0.37
Schleswig-Holstein,hot_days,year,2012,1.43
Schleswig-Holstein,hot_days,year,2013,3
Schleswig-Holstein,hot_days,year,2014,1.09
Schleswig-Holstein,hot_days,year,2015,3.5
Schleswig-Holstein,hot_days,year,2016,2.55
Schleswig-Holstein,hot_days,year,2017,0.01
Schleswig-Holstein,hot_days,year,2018,10.61
Schleswig-Holstein,hot_days,year,2019,7.18
Schleswig-Holstein,hot_days,year,2020,7.35
Schleswig-Holstein,hot_days,year,2021,1.47
Schleswig-Holstein,hot_days,year,2022,6.99
Schleswig-Holstein,hot_days,year,2023,1.97
Schleswig-Holstein,hot_days,year,2024,3.47
Schleswig-Holstein,hot_days,year,2025,3.32
Schleswig-Holstein,ice_days,year,1951,5.42
Schleswig-Holstein,ice_days,year,1952,11.35
Schleswig-Holstein,ice_days,year,1953,14.03
Schleswig-Holstein,ice_days,year,1954,28.95
Schleswig-Holstein,ice_days,year,1955,27.45
Schleswig-Holstein,ice_days,year,1956,34.45
Schleswig-Holstein,ice_days,year,1957,6.67
Schleswig-Holstein,ice_days,year,1958,15.76
Schleswig-Holstein,ice_days,year,1959,20.18
Schleswig-Holstein,ice_days,year,1960,16.23
Schleswig-Holstein,ice_days,year,1961,16.88
Schleswig-Holstein,ice_days,year,1962,22.14
Schleswig-Holstein,ice_days,year,1963,58
Schleswig-Holstein,ice_days,year,1964,23.89
Schleswig-Holstein,ice_days,year,1965,13.73
Schleswig-Holstein,ice_days,year,1966,29.31
Schleswig-Holstein,ice_days,year,1967,8.58
Schleswig-Holstein,ice_days,year,1968,19.83
Schleswig-Holstein,ice_days,year,1969,45.35
Schleswig-Holstein,ice_days,year,1970,37.62
Schleswig-Holstein,ice_days,year,1971,15.55
Schleswig-Holstein,ice_days,year,1972,18.56
Schleswig-Holstein,ice_days,year,1973,6.47
Schleswig-Holstein,ice_days,year,1974,0.94
Schleswig-Holstein,ice_days,year,1975,2.18
Schleswig-Holstein,ice_days,year,1976,21.1
Schleswig-Holstein,ice_days,year,1977,8.62
Schleswig-Holstein,ice_days,year,1978,24.66
Schleswig-Holstein,ice_days,year,1979,39.36
Schleswig-Holstein,ice_days,year,1980,25.97
Schleswig-Holstein,ice_days,year,1981,28.74
Schleswig-Holstein,ice_days,year,1982,20.22
Schleswig-Holstein,ice_days,year,1983,11.34
Schleswig-Holstein,ice_days,year,1984,11.96
Schleswig-Holstein,ice_days,year,1985,41.41
Schleswig-Holstein,ice_days,year,1986,37.46
Schleswig-Holstein,ice_days,year,1987,32.24
Schleswig-Holstein,ice_days,year,1988,4.04
Schleswig-Holstein,ice_days,year,1989,4.35
Schleswig-Holstein,ice_days,year,1990,4.02
Schleswig-Holstein,ice_days,year,1991,15.18
Schleswig-Holstein,ice_days,year,1992,6.73
Schleswig-Holstein,ice_days,year,1993,13.58
Schleswig-Holstein,ice_days,year,1994,10.34
Schleswig-Holstein,ice_days,year,1995,19.55
Schleswig-Holstein,ice_days,year,1996,45.56
Schleswig-Holstein,ice_days,year,1997,16.06
Schleswig-Holstein,ice_days,year,1998,11.75
Schleswig-Holstein,ice_days,year,1999,7.35
Schleswig-Holstein,ice_days,year,2000,5.6
Schleswig-Holstein,ice_days,year,2001,13.92
Schleswig-Holstein,ice_days,year,2002,14.12
Schleswig-Holstein,ice_days,year,2003,15.25
Schleswig-Holstein,ice_days,year,2004,8.76
Schleswig-Holstein,ice_days,year,2005,9.22
Schleswig-Holstein,ice_days,year,2006,13.8
Schleswig-Holstein,ice_days,year,2007,3.65
Schleswig-Holstein,ice_days,year,2008,4.11
Schleswig-Holstein,ice_days,year,2009,12.69
Schleswig-Holstein,ice_days,year,2010,58.68
Schleswig-Holstein,ice_days,year,2011,12.54
Schleswig-Holstein,ice_days,year,2012,23.18
Schleswig-Holstein,ice_days,year,2013,22.22
Schleswig-Holstein,ice_days,year,2014,11.94
Schleswig-Holstein,ice_days,year,2015,3.59
Schleswig-Holstein,ice_days,year,2016,10.52
Schleswig-Holstein,ice_days,year,2017,6.74
Schleswig-Holstein,ice_days,year,2018,8.73
Schleswig-Holstein,ice_days,year,2019,3.74
Schleswig-Holstein,ice_days,year,2020,0.46
Schleswig-Holstein,ice_days,year,2021,10.95
Schleswig-Holstein,ice_days,year,2022,7.01
Schleswig-Holstein,ice_days,year,2023,5.14
Schleswig-Holstein,ice_days,year,2024,3.93
Schleswig-Holstein,ice_days,year,2025,2.43
Schleswig-Holstein,precip_ge10,year,1951,26.08
Schleswig-Holstein,precip_ge10,year,1952,18.39
Schleswig-Holstein,precip_ge10,year,1953,16.95
Schleswig-Holstein,precip_ge10,year,1954,25.2
Schleswig-Holstein,precip_ge10,year,1955,14.96
Schleswig-Holstein,precip_ge10,year,1956,18.44
Schleswig-Holstein,precip_ge10,year,1957,20.38
Schleswig-Holstein,precip_ge10,year,1958,20.91
Schleswig-Holstein,precip_ge10,year,1959,9.54
Schleswig-Holstein,precip_ge10,year,1960,23.15
Schleswig-Holstein,precip_ge10,year,1961,21.28
Schleswig-Holstein,precip_ge10,year,1962,21.42
Schleswig-Holstein,precip_ge10,year,1963,17.18
Schleswig-Holstein,precip_ge10,year,1964,14.11
Schleswig-Holstein,precip_ge10,year,1965,27.54
Schleswig-Holstein,precip_ge10,year,1966,27.38
Schleswig-Holstein,precip_ge10,year,1967,21.58
Schleswig-Holstein,precip_ge10,year,1968,20.52
Schleswig-Holstein,precip_ge10,year,1969,19.83
Schleswig-Holstein,precip_ge10,year,1970,22.23
Schleswig-Holstein,precip_ge10,year,1971,12.13
Schleswig-Holstein,precip_ge10,year,1972,16.97
Schleswig-Holstein,precip_ge10,year,1973,20.51
Schleswig-Holstein,precip_ge10,year,1974,19.45
Schleswig-Holstein,precip_ge10,year,1975,12.98
Schleswig-Holstein,precip_ge10,year,1976,12.75
Schleswig-Holstein,precip_ge10,year,1977,20.57
Schleswig-Holstein,precip_ge10,year,1978,19.44
Schleswig-Holstein,precip_ge10,year,1979,20.01
Schleswig-Holstein,precip_ge10,year,1980,27.96
Schleswig-Holstein,precip_ge10,year,1981,24.62
Schleswig-Holstein,precip_ge10,year,1982,17.32
Schleswig-Holstein,precip_ge10,year,1983,21.71
Schleswig-Holstein,precip_ge10,year,1984,23.08
Schleswig-Holstein,precip_ge10,year,1985,20.39
Schleswig-Holstein,precip_ge10,year,1986,22.58
Schleswig-Holstein,precip_ge10,year,1987,21.4
Schleswig-Holstein,precip_ge10,year,1988,24.57
Schleswig-Holstein,precip_ge10,year,1989,16.77
Schleswig-Holstein,precip_ge10,year,1990,30.08
Schleswig-Holstein,precip_ge10,year,1991,20.8
Schleswig-Holstein,precip_ge10,year,1992,18.85
Schleswig-Holstein,precip_ge10,year,1993,24.53
Schleswig-Holstein,precip_ge10,year,1994,29.06
Schleswig-Holstein,precip_ge10,year,1995,19.59
Schleswig-Holstein,precip_ge10,year,1996,14.96
Schleswig-Holstein,precip_ge10,year,1997,21.46
Schleswig-Holstein,precip_ge10,year,1998,29.58
Schleswig-Holstein,precip_ge10,year,1999,20.59
Schleswig-Holstein,precip_ge10,year,2000,13.45
Schleswig-Holstein,precip_ge10,year,2001,22.92
Schleswig-Holstein,precip_ge10,year,2002,30.3
Schleswig-Holstein,precip_ge10,year,2003,16.06
Schleswig-Holstein,precip_ge10,year,2004,24.14
Schleswig-Holstein,precip_ge10,year,2005,18.74
Schleswig-Holstein,precip_ge10,year,2006,17.78
Schleswig-Holstein,precip_ge10,year,2007,28.03
Schleswig-Holstein,precip_ge10,year,2008,20.93
Schleswig-Holstein,precip_ge10,year,2009,16.58
Schleswig-Holstein,precip_ge10,year,2010,24.14
Schleswig-Holstein,precip_ge10,year,2011,26.44
Schleswig-Holstein,precip_ge10,year,2012,18.7
Schleswig-Holstein,precip_ge10,year,2013,22.2
Schleswig-Holstein,precip_ge10,year,2014,22.14
Schleswig-Holstein,precip_ge10,year,2015,25.89
Schleswig-Holstein,precip_ge10,year,2016,18.2
Schleswig-Holstein,precip_ge10,year,2017,28.73
Schleswig-Holstein,precip_ge10,year,2018,13.36
Schleswig-Holstein,precip_ge10,year,2019,19.92
Schleswig-Holstein,precip_ge10,year,2020,20.65
Schleswig-Holstein,precip_ge10,year,2021,23.05
Schleswig-Holstein,precip_ge10,year,2022,18.96
Schleswig-Holstein,precip_ge10,year,2023,27.84
Schleswig-Holstein,precip_ge10,year,2024,28.15
Schleswig-Holstein,precip_ge10,year,2025,20.17
Schleswig-Holstein,precip_ge20,year,1951,5.18
Schleswig-Holstein,precip_ge20,year,1952,2.42
Schleswig-Holstein,precip_ge20,year,1953,2.82
Schleswig-Holstein,precip_ge20,year,1954,5.82
Schleswig-Holstein,precip_ge20,year,1955,3.96
Schleswig-Holstein,precip_ge20,year,1956,2.34
Schleswig-Holstein,precip_ge20,year,1957,3.67
Schleswig-Holstein,precip_ge20,year,1958,2.82
Schleswig-Holstein,precip_ge20,year,1959,1.69
Schleswig-Holstein,precip_ge20,year,1960,6.05
Schleswig-Holstein,precip_ge20,year,1961,3.2
Schleswig-Holstein,precip_ge20,year,1962,2.84
Schleswig-Holstein,precip_ge20,year,1963,3.14
Schleswig-Holstein,precip_ge20,year,1964,1.64
Schleswig-Holstein,precip_ge20,year,1965,7.06
Schleswig-Holstein,precip_ge20,year,1966,4.84
Schleswig-Holstein,precip_ge20,year,1967,4.63
Schleswig-Holstein,precip_ge20,year,1968,4.63
Schleswig-Holstein,precip_ge20,year,1969,3.78
Schleswig-Holstein,precip_ge20,year,1970,4.49
Schleswig-Holstein,precip_ge20,year,1971,2.33
Schleswig-Holstein,precip_ge20,year,1972,2.87
Schleswig-Holstein,precip_ge20,year,1973,4.09
Schleswig-Holstein,precip_ge20,year,1974,2.45
Schleswig-Holstein,precip_ge20,year,1975,2.31
Schleswig-Holstein,precip_ge20,year,1976,1.76
Schleswig-Holstein,precip_ge20,year,1977,3.01
Schleswig-Holstein,precip_ge20,year,1978,2.66
Schleswig-Holstein,precip_ge20,year,1979,2.53
Schleswig-Holstein,precip_ge20,year,1980,5.6
Schleswig-Holstein,precip_ge20,year,1981,4.42
Schleswig-Holstein,precip_ge20,year,1982,2.43
Schleswig-Holstein,precip_ge20,year,1983,3.37
Schleswig-Holstein,precip_ge20,year,1984,5.38
Schleswig-Holstein,precip_ge20,year,1985,2.5
Schleswig-Holstein,precip_ge20,year,1986,4.86
Schleswig-Holstein,precip_ge20,year,1987,2.3
Schleswig-Holstein,precip_ge20,year,1988,2.98
Schleswig-Holstein,precip_ge20,year,1989,5.18
Schleswig-Holstein,precip_ge20,year,1990,6.04
Schleswig-Holstein,precip_ge20,year,1991,4.84
Schleswig-Holstein,precip_ge20,year,1992,3.97
Schleswig-Holstein,precip_ge20,year,1993,4.31
Schleswig-Holstein,precip_ge20,year,1994,5.29
Schleswig-Holstein,precip_ge20,year,1995,3.25
Schleswig-Holstein,precip_ge20,year,1996,1.7
Schleswig-Holstein,precip_ge20,year,1997,4.7
Schleswig-Holstein,precip_ge20,year,1998,6.12
Schleswig-Holstein,precip_ge20,year,1999,3.25
Schleswig-Holstein,precip_ge20,year,2000,1.7
Schleswig-Holstein,precip_ge20,year,2001,4.28
Schleswig-Holstein,precip_ge20,year,2002,6.76
Schleswig-Holstein,precip_ge20,year,2003,2.76
Schleswig-Holstein,precip_ge20,year,2004,3.97
Schleswig-Holstein,precip_ge20,year,2005,4.01
Schleswig-Holstein,precip_ge20,year,2006,3.21
Schleswig-Holstein,precip_ge20,year,2007,5.45
Schleswig-Holstein,precip_ge20,year,2008,5.26
Schleswig-Holstein,precip_ge20,year,2009,3.91
Schleswig-Holstein,precip_ge20,year,2010,5.41
Schleswig-Holstein,precip_ge20,year,2011,6.78
Schleswig-Holstein,precip_ge20,year,2012,3.51
Schleswig-Holstein,precip_ge20,year,2013,3.57
Schleswig-Holstein,precip_ge20,year,2014,5.47
Schleswig-Holstein,precip_ge20,year,2015,3.85
Schleswig-Holstein,precip_ge20,year,2016,2.96
Schleswig-Holstein,precip_ge20,year,2017,6.86
Schleswig-Holstein,precip_ge20,year,2018,1.61
Schleswig-Holstein,precip_ge20,year,2019,3.88
Schleswig-Holstein,precip_ge20,year,2020,3.5
Schleswig-Holstein,precip_ge20,year,2021,3.56
Schleswig-Holstein,precip_ge20,year,2022,4.69
Schleswig-Holstein,precip_ge20,year,2023,4.9
Schleswig-Holstein,precip_ge20,year,2024,7.24
Schleswig-Holstein,precip_ge20,year,2025,6.14
Schleswig-Holstein,precipitation,year,1881,675.7
Schleswig-Holstein,precipitation,year,1882,785.4
Schleswig-Holstein,precipitation,year,1883,684.6
Schleswig-Holstein,precipitation,year,1884,767.4
Schleswig-Holstein,precipitation,year,1885,684.6
Schleswig-Holstein,precipitation,year,1886,625.7
Schleswig-Holstein,precipitation,year,1887,540.2
Schleswig-Holstein,precipitation,year,1888,809.3
Schleswig-Holstein,precipitation,year,1889,742.4
Schleswig-Holstein,precipitation,year,1890,706.9
Schleswig-Holstein,precipitation,year,1891,769.4
Schleswig-Holstein,precipitation,year,1892,632.9
Schleswig-Holstein,precipitation,year,1893,712.9
Schleswig-Holstein,precipitation,year,1894,753.7
Schleswig-Holstein,precipitation,year,1895,750.8
Schleswig-Holstein,precipitation,year,1896,701.2
Schleswig-Holstein,precipitation,year,1897,716.4
Schleswig-Holstein,precipitation,year,1898,739.9
Schleswig-Holstein,precipitation,year,1899,702.2
Schleswig-Holstein,precipitation,year,1900,712.4
Schleswig-Holstein,precipitation,year,1901,744.5
Schleswig-Holstein,precipitation,year,1902,726.6
Schleswig-Holstein,precipitation,year,1903,904.3
Schleswig-Holstein,precipitation,year,1904,649.1
Schleswig-Holstein,precipitation,year,1905,663.5
Schleswig-Holstein,precipitation,year,1906,675.7
Schleswig-Holstein,precipitation,year,1907,568.5
Schleswig-Holstein,precipitation,year,1908,684.7
Schleswig-Holstein,precipitation,year,1909,759.1
Schleswig-Holstein,precipitation,year,1910,823.1
Schleswig-Holstein,precipitation,year,1911,669.8
Schleswig-Holstein,precipitation,year,1912,802.3
Schleswig-Holstein,precipitation,year,1913,630.4
Schleswig-Holstein,precipitation,year,1914,832.6
Schleswig-Holstein,precipitation,year,1915,747.9
Schleswig-Holstein,precipitation,year,1916,832.8
Schleswig-Holstein,precipitation,year,1917,695.4
Schleswig-Holstein,precipitation,year,1918,788
Schleswig-Holstein,precipitation,year,1919,645.4
Schleswig-Holstein,precipitation,year,1920,699.7
Schleswig-Holstein,precipitation,year,1921,633.6
Schleswig-Holstein,precipitation,year,1922,665.9
Schleswig-Holstein,precipitation,year,1923,777.3
Schleswig-Holstein,precipitation,year,1924,703.4
Schleswig-Holstein,precipitation,year,1925,806.7
Schleswig-Holstein,precipitation,year,1926,867.9
Schleswig-Holstein,precipitation,year,1927,917.4
Schleswig-Holstein,precipitation,year,1928,793.2
Schleswig-Holstein,precipitation,year,1929,580.8
Schleswig-Holstein,precipitation,year,1930,730.6
Schleswig-Holstein,precipitation,year,1931,851.3
Schleswig-Holstein,precipitation,year,1932,734.7
Schleswig-Holstein,precipitation,year,1933,612.1
Schleswig-Holstein,precipitation,year,1934,633.2
Schleswig-Holstein,precipitation,year,1935,828.3
Schleswig-Holstein,precipitation,year,1936,803
Schleswig-Holstein,precipitation,year,1937,842.5
Schleswig-Holstein,precipitation,year,1938,670
Schleswig-Holstein,precipitation,year,1939,734.7
Schleswig-Holstein,precipitation,year,1940,720.2
Schleswig-Holstein,precipitation,year,1941,680.8
Schleswig-Holstein,precipitation,year,1942,642
Schleswig-Holstein,precipitation,year,1943,639.6
Schleswig-Holstein,precipitation,year,1944,757.8
Schleswig-Holstein,precipitation,year,1945,803.3
Schleswig-Holstein,precipitation,year,1946,808.2
Schleswig-Holstein,precipitation,year,1947,645.5
Schleswig-Holstein,precipitation,year,1948,745.8
Schleswig-Holstein,precipitation,year,1949,746.8
Schleswig-Holstein,precipitation,year,1950,861.7
Schleswig-Holstein,precipitation,year,1951,876.5
Schleswig-Holstein,precipitation,year,1952,757
Schleswig-Holstein,precipitation,year,1953,695.5
Schleswig-Holstein,precipitation,year,1954,949.7
Schleswig-Holstein,precipitation,year,1955,697.9
Schleswig-Holstein,precipitation,year,1956,710.6
Schleswig-Holstein,precipitation,year,1957,796.6
Schleswig-Holstein,precipitation,year,1958,773
Schleswig-Holstein,precipitation,year,1959,478.2
Schleswig-Holstein,precipitation,year,1960,901.6
Schleswig-Holstein,precipitation,year,1961,812.3
Schleswig-Holstein,precipitation,year,1962,789.7
Schleswig-Holstein,precipitation,year,1963,716.2
Schleswig-Holstein,precipitation,year,1964,632.2
Schleswig-Holstein,precipitation,year,1965,940.1
Schleswig-Holstein,precipitation,year,1966,927.6
Schleswig-Holstein,precipitation,year,1967,870.1
Schleswig-Holstein,precipitation,year,1968,809.1
Schleswig-Holstein,precipitation,year,1969,718.1
Schleswig-Holstein,precipitation,year,1970,850.7
Schleswig-Holstein,precipitation,year,1971,597.7
Schleswig-Holstein,precipitation,year,1972,646.2
Schleswig-Holstein,precipitation,year,1973,770.4
Schleswig-Holstein,precipitation,year,1974,824.3
Schleswig-Holstein,precipitation,year,1975,592.4
Schleswig-Holstein,precipitation,year,1976,542.2
Schleswig-Holstein,precipitation,year,1977,788.6
Schleswig-Holstein,precipitation,year,1978,806.2
Schleswig-Holstein,precipitation,year,1979,810.3
Schleswig-Holstein,precipitation,year,1980,944.5
Schleswig-Holstein,precipitation,year,1981,875.7
Schleswig-Holstein,precipitation,year,1982,714.4
Schleswig-Holstein,precipitation,year,1983,814.4
Schleswig-Holstein,precipitation,year,1984,819.6
Schleswig-Holstein,precipitation,year,1985,797.9
Schleswig-Holstein,precipitation,year,1986,828.7
Schleswig-Holstein,precipitation,year,1987,837
Schleswig-Holstein,precipitation,year,1988,904.4
Schleswig-Holstein,precipitation,year,1989,702.4
Schleswig-Holstein,precipitation,year,1990,959.4
Schleswig-Holstein,precipitation,year,1991,770.3
Schleswig-Holstein,precipitation,year,1992,747.2
Schleswig-Holstein,precipitation,year,1993,875
Schleswig-Holstein,precipitation,year,1994,952.4
Schleswig-Holstein,precipitation,year,1995,733.3
Schleswig-Holstein,precipitation,year,1996,553.7
Schleswig-Holstein,precipitation,year,1997,736.9
Schleswig-Holstein,precipitation,year,1998,1041.4
Schleswig-Holstein,precipitation,year,1999,836.1
Schleswig-Holstein,precipitation,year,2000,699.2
Schleswig-Holstein,precipitation,year,2001,899.8
Schleswig-Holstein,precipitation,year,2002,1026.6
Schleswig-Holstein,precipitation,year,2003,619.8
Schleswig-Holstein,precipitation,year,2004,887.7
Schleswig-Holstein,precipitation,year,2005,743.6
Schleswig-Holstein,precipitation,year,2006,777.8
Schleswig-Holstein,precipitation,year,2007,983
Schleswig-Holstein,precipitation,year,2008,836.7
Schleswig-Holstein,precipitation,year,2009,773.2
Schleswig-Holstein,precipitation,year,2010,861.5
Schleswig-Holstein,precipitation,year,2011,869.1
Schleswig-Holstein,precipitation,year,2012,799.7
Schleswig-Holstein,precipitation,year,2013,754.7
Schleswig-Holstein,precipitation,year,2014,805.3
Schleswig-Holstein,precipitation,year,2015,894.1
Schleswig-Holstein,precipitation,year,2016,742.6
Schleswig-Holstein,precipitation,year,2017,998.6
Schleswig-Holstein,precipitation,year,2018,577.9
Schleswig-Holstein,precipitation,year,2019,815.3
Schleswig-Holstein,precipitation,year,2020,771
Schleswig-Holstein,precipitation,year,2021,802.2
Schleswig-Holstein,precipitation,year,2022,748.7
Schleswig-Holstein,precipitation,year,2023,1027.7
Schleswig-Holstein,precipitation,year,2024,961.7
Schleswig-Holstein,precipitation,year,2025,728.4
Schleswig-Holstein,summer_days,year,1951,10.48
Schleswig-Holstein,summer_days,year,1952,9.71
Schleswig-Holstein,summer_days,year,1953,19.28
Schleswig-Holstein,summer_days,year,1954,7.79
Schleswig-Holstein,summer_days,year,1955,18.28
Schleswig-Holstein,summer_days,year,1956,6.4
Schleswig-Holstein,summer_days,year,1957,12.61
Schleswig-Holstein,summer_days,year,1958,7.14
Schleswig-Holstein,summer_days,year,1959,26.03
Schleswig-Holstein,summer_days,year,1960,6.57
Schleswig-Holstein,summer_days,year,1961,12.32
Schleswig-Holstein,summer_days,year,1962,2.55
Schleswig-Holstein,summer_days,year,1963,11.4
Schleswig-Holstein,summer_days,year,1964,13.51
Schleswig-Holstein,summer_days,year,1965,2.49
Schleswig-Holstein,summer_days,year,1966,13.01
Schleswig-Holstein,summer_days,year,1967,8.28
Schleswig-Holstein,summer_days,year,1968,17.14
Schleswig-Holstein,summer_days,year,1969,26.45
Schleswig-Holstein,summer_days,year,1970,16.58
Schleswig-Holstein,summer_days,year,1971,17.47
Schleswig-Holstein,summer_days,year,1972,13.64
Schleswig-Holstein,summer_days,year,1973,21.69
Schleswig-Holstein,summer_days,year,1974,6.07
Schleswig-Holstein,summer_days,year,1975,30.23
Schleswig-Holstein,summer_days,year,1976,32.81
Schleswig-Holstein,summer_days,year,1977,7.19
Schleswig-Holstein,summer_days,year,1978,15.23
Schleswig-Holstein,summer_days,year,1979,11.98
Schleswig-Holstein,summer_days,year,1980,9.18
Schleswig-Holstein,summer_days,year,1981,11.73
Schleswig-Holstein,summer_days,year,1982,26.3
Schleswig-Holstein,summer_days,year,1983,32.61
Schleswig-Holstein,summer_days,year,1984,11.32
Schleswig-Holstein,summer_days,year,1985,10.36
Schleswig-Holstein,summer_days,year,1986,17.63
Schleswig-Holstein,summer_days,year,1987,6.86
Schleswig-Holstein,summer_days,year,1988,6.81
Schleswig-Holstein,summer_days,year,1989,24.1
Schleswig-Holstein,summer_days,year,1990,14.95
Schleswig-Holstein,summer_days,year,1991,15.81
Schleswig-Holstein,summer_days,year,1992,26.39
Schleswig-Holstein,summer_days,year,1993,8.95
Schleswig-Holstein,summer_days,year,1994,27.87
Schleswig-Holstein,summer_days,year,1995,32.79
Schleswig-Holstein,summer_days,year,1996,18.93
Schleswig-Holstein,summer_days,year,1997,31.6
Schleswig-Holstein,summer_days,year,1998,9.06
Schleswig-Holstein,summer_days,year,1999,27.81
Schleswig-Holstein,summer_days,year,2000,13.18
Schleswig-Holstein,summer_days,year,2001,18.76
Schleswig-Holstein,summer_days,year,2002,26.95
Schleswig-Holstein,summer_days,year,2003,35.88
Schleswig-Holstein,summer_days,year,2004,16.56
Schleswig-Holstein,summer_days,year,2005,25.19
Schleswig-Holstein,summer_days,year,2006,38.78
Schleswig-Holstein,summer_days,year,2007,14.17
Schleswig-Holstein,summer_days,year,2008,17.32
Schleswig-Holstein,summer_days,year,2009,18.01
Schleswig-Holstein,summer_days,year,2010,20.51
Schleswig-Holstein,summer_days,year,2011,15.3
Schleswig-Holstein,summer_days,year,2012,13.8
Schleswig-Holstein,summer_days,year,2013,21.74
Schleswig-Holstein,summer_days,year,2014,29.11
Schleswig-Holstein,summer_days,year,2015,17.1
Schleswig-Holstein,summer_days,year,2016,25.14
Schleswig-Holstein,summer_days,year,2017,10.55
Schleswig-Holstein,summer_days,year,2018,46.27
Schleswig-Holstein,summer_days,year,2019,25.93
Schleswig-Holstein,summer_days,year,2020,26.41
Schleswig-Holstein,summer_days,year,2021,22.56
Schleswig-Holstein,summer_days,year,2022,30.24
Schleswig-Holstein,summer_days,year,2023,26.6
Schleswig-Holstein,summer_days,year,2024,25.05
Schleswig-Holstein,summer_days,year,2025,16.15
Schleswig-Holstein,sunshine,year,1951,1738.5
Schleswig-Holstein,sunshine,year,1952,1613.2
Schleswig-Holstein,sunshine,year,1953,1694.1
Schleswig-Holstein,sunshine,year,1954,1511.5
Schleswig-Holstein,sunshine,year,1955,1824
Schleswig-Holstein,sunshine,year,1956,1696.7
Schleswig-Holstein,sunshine,year,1957,1718.3
Schleswig-Holstein,sunshine,year,1958,1572.4
Schleswig-Holstein,sunshine,year,1959,2085
Schleswig-Holstein,sunshine,year,1960,1529.2
Schleswig-Holstein,sunshine,year,1961,1648.9
Schleswig-Holstein,sunshine,year,1962,1512.1
Schleswig-Holstein,sunshine,year,1963,1545.2
Schleswig-Holstein,sunshine,year,1964,1623.1
Schleswig-Holstein,sunshine,year,1965,1571.9
Schleswig-Holstein,sunshine,year,1966,1469.8
Schleswig-Holstein,sunshine,year,1967,1589.5
Schleswig-Holstein,sunshine,year,1968,1676.9
Schleswig-Holstein,sunshine,year,1969,1614.7
Schleswig-Holstein,sunshine,year,1970,1647
Schleswig-Holstein,sunshine,year,1971,1649.4
Schleswig-Holstein,sunshine,year,1972,1620.5
Schleswig-Holstein,sunshine,year,1973,1699.2
Schleswig-Holstein,sunshine,year,1974,1619.1
Schleswig-Holstein,sunshine,year,1975,1807
Schleswig-Holstein,sunshine,year,1976,1788.1
Schleswig-Holstein,sunshine,year,1977,1469.1
Schleswig-Holstein,sunshine,year,1978,1417.9
Schleswig-Holstein,sunshine,year,1979,1431.7
Schleswig-Holstein,sunshine,year,1980,1546.3
Schleswig-Holstein,sunshine,year,1981,1431.7
Schleswig-Holstein,sunshine,year,1982,1693.5
Schleswig-Holstein,sunshine,year,1983,1572.3
Schleswig-Holstein,sunshine,year,1984,1406.6
Schleswig-Holstein,sunshine,year,1985,1381.9
Schleswig-Holstein,sunshine,year,1986,1538.8
Schleswig-Holstein,sunshine,year,1987,1328.8
Schleswig-Holstein,sunshine,year,1988,1409.9
Schleswig-Holstein,sunshine,year,1989,1710.6
Schleswig-Holstein,sunshine,year,1990,1591.4
Schleswig-Holstein,sunshine,year,1991,1665
Schleswig-Holstein,sunshine,year,1992,1675.4
Schleswig-Holstein,sunshine,year,1993,1459
Schleswig-Holstein,sunshine,year,1994,1672
Schleswig-Holstein,sunshine,year,1995,1815.7
Schleswig-Holstein,sunshine,year,1996,1589.6
Schleswig-Holstein,sunshine,year,1997,1745.3
Schleswig-Holstein,sunshine,year,1998,1379.3
Schleswig-Holstein,sunshine,year,1999,1729.1
Schleswig-Holstein,sunshine,year,2000,1472.2
Schleswig-Holstein,sunshine,year,2001,1500
Schleswig-Holstein,sunshine,year,2002,1548.7
Schleswig-Holstein,sunshine,year,2003,1948.1
Schleswig-Holstein,sunshine,year,2004,1584.2
Schleswig-Holstein,sunshine,year,2005,1823.6
Schleswig-Holstein,sunshine,year,2006,1676.5
Schleswig-Holstein,sunshine,year,2007,1652.9
Schleswig-Holstein,sunshine,year,2008,1708.8
Schleswig-Holstein,sunshine,year,2009,1791.5
Schleswig-Holstein,sunshine,year,2010,1578.8
Schleswig-Holstein,sunshine,year,2011,1649.9
Schleswig-Holstein,sunshine,year,2012,1555.6
Schleswig-Holstein,sunshine,year,2013,1623.2
Schleswig-Holstein,sunshine,year,2014,1692.2
Schleswig-Holstein,sunshine,year,2015,1637.8
Schleswig-Holstein,sunshine,year,2016,1573.2
Schleswig-Holstein,sunshine,year,2017,1499
Schleswig-Holstein,sunshine,year,2018,1947.6
Schleswig-Holstein,sunshine,year,2019,1676.5
Schleswig-Holstein,sunshine,year,2020,1850.2
Schleswig-Holstein,sunshine,year,2021,1554.9
Schleswig-Holstein,sunshine,year,2022,1933.9
Schleswig-Holstein,sunshine,year,2023,1746.9
Schleswig-Holstein,sunshine,year,2024,1646.9
Schleswig-Holstein,sunshine,year,2025,1847.9
Schleswig-Holstein,temp_mean,year,1881,7.12
Schleswig-Holstein,temp_mean,year,1882,8.78
Schleswig-Holstein,temp_mean,year,1883,8.18
Schleswig-Holstein,temp_mean,year,1884,8.86
Schleswig-Holstein,temp_mean,year,1885,7.62
Schleswig-Holstein,temp_mean,year,1886,7.83
Schleswig-Holstein,temp_mean,year,1887,7.34
Schleswig-Holstein,temp_mean,year,1888,6.69
Schleswig-Holstein,temp_mean,year,1889,7.73
Schleswig-Holstein,temp_mean,year,1890,7.62
Schleswig-Holstein,temp_mean,year,1891,7.61
Schleswig-Holstein,temp_mean,year,1892,7.12
Schleswig-Holstein,temp_mean,year,1893,7.85
Schleswig-Holstein,temp_mean,year,1894,8.41
Schleswig-Holstein,temp_mean,year,1895,7.35
Schleswig-Holstein,temp_mean,year,1896,8.08
Schleswig-Holstein,temp_mean,year,1897,7.97
Schleswig-Holstein,temp_mean,year,1898,8.51
Schleswig-Holstein,temp_mean,year,1899,8.38
Schleswig-Holstein,temp_mean,year,1900,8.35
Schleswig-Holstein,temp_mean,year,1901,7.94
Schleswig-Holstein,temp_mean,year,1902,6.97
Schleswig-Holstein,temp_mean,year,1903,8.39
Schleswig-Holstein,temp_mean,year,1904,8.2
Schleswig-Holstein,temp_mean,year,1905,8.05
Schleswig-Holstein,temp_mean,year,1906,8.54
Schleswig-Holstein,temp_mean,year,1907,7.59
Schleswig-Holstein,temp_mean,year,1908,7.82
Schleswig-Holstein,temp_mean,year,1909,7.34
Schleswig-Holstein,temp_mean,year,1910,8.75
Schleswig-Holstein,temp_mean,year,1911,9.08
Schleswig-Holstein,temp_mean,year,1912,7.97
Schleswig-Holstein,temp_mean,year,1913,8.82
Schleswig-Holstein,temp_mean,year,1914,9.22
Schleswig-Holstein,temp_mean,year,1915,7.63
Schleswig-Holstein,temp_mean,year,1916,8.19
Schleswig-Holstein,temp_mean,year,1917,7.74
Schleswig-Holstein,temp_mean,year,1918,8.43
Schleswig-Holstein,temp_mean,year,1919,7.2
Schleswig-Holstein,temp_mean,year,1920,8.57
Schleswig-Holstein,temp_mean,year,1921,9.08
Schleswig-Holstein,temp_mean,year,1922,7.1
Schleswig-Holstein,temp_mean,year,1923,7.59
Schleswig-Holstein,temp_mean,year,1924,7.58
Schleswig-Holstein,temp_mean,year,1925,8.51
Schleswig-Holstein,temp_mean,year,1926,8.69
Schleswig-Holstein,temp_mean,year,1927,8.03
Schleswig-Holstein,temp_mean,year,1928,8.1
Schleswig-Holstein,temp_mean,year,1929,7.11
Schleswig-Holstein,temp_mean,year,1930,8.73
Schleswig-Holstein,temp_mean,year,1931,7.71
Schleswig-Holstein,temp_mean,year,1932,8.68
Schleswig-Holstein,temp_mean,year,1933,8.29
Schleswig-Holstein,temp_mean,year,1934,9.7
Schleswig-Holstein,temp_mean,year,1935,8.65
Schleswig-Holstein,temp_mean,year,1936,8.36
Schleswig-Holstein,temp_mean,year,1937,8.43
Schleswig-Holstein,temp_mean,year,1938,9.1
Schleswig-Holstein,temp_mean,year,1939,8.64
Schleswig-Holstein,temp_mean,year,1940,6.5
Schleswig-Holstein,temp_mean,year,1941,7.11
Schleswig-Holstein,temp_mean,year,1942,6.95
Schleswig-Holstein,temp_mean,year,1943,8.97
Schleswig-Holstein,temp_mean,year,1944,8.61
Schleswig-Holstein,temp_mean,year,1945,9.13
Schleswig-Holstein,temp_mean,year,1946,8.22
Schleswig-Holstein,temp_mean,year,1947,8
Schleswig-Holstein,temp_mean,year,1948,9.08
Schleswig-Holstein,temp_mean,year,1949,9.31
Schleswig-Holstein,temp_mean,year,1950,8.62
Schleswig-Holstein,temp_mean,year,1951,8.68
Schleswig-Holstein,temp_mean,year,1952,7.75
Schleswig-Holstein,temp_mean,year,1953,9.15
Schleswig-Holstein,temp_mean,year,1954,7.85
Schleswig-Holstein,temp_mean,year,1955,7.78
Schleswig-Holstein,temp_mean,year,1956,7.21
Schleswig-Holstein,temp_mean,year,1957,8.67
Schleswig-Holstein,temp_mean,year,1958,8.06
Schleswig-Holstein,temp_mean,year,1959,9.07
Schleswig-Holstein,temp_mean,year,1960,8.33
Schleswig-Holstein,temp_mean,year,1961,8.94
Schleswig-Holstein,temp_mean,year,1962,7.38
Schleswig-Holstein,temp_mean,year,1963,7.13
Schleswig-Holstein,temp_mean,year,1964,7.95
Schleswig-Holstein,temp_mean,year,1965,7.54
Schleswig-Holstein,temp_mean,year,1966,8.16
Schleswig-Holstein,temp_mean,year,1967,9.09
Schleswig-Holstein,temp_mean,year,1968,8.43
Schleswig-Holstein,temp_mean,year,1969,7.76
Schleswig-Holstein,temp_mean,year,1970,7.55
Schleswig-Holstein,temp_mean,year,1971,8.64
Schleswig-Holstein,temp_mean,year,1972,8
Schleswig-Holstein,temp_mean,year,1973,8.57
Schleswig-Holstein,temp_mean,year,1974,8.91
Schleswig-Holstein,temp_mean,year,1975,9.16
Schleswig-Holstein,temp_mean,year,1976,8.4
Schleswig-Holstein,temp_mean,year,1977,8.6
Schleswig-Holstein,temp_mean,year,1978,7.95
Schleswig-Holstein,temp_mean,year,1979,7.23
Schleswig-Holstein,temp_mean,year,1980,7.69
Schleswig-Holstein,temp_mean,year,1981,8.03
Schleswig-Holstein,temp_mean,year,1982,8.69
Schleswig-Holstein,temp_mean,year,1983,9.12
Schleswig-Holstein,temp_mean,year,1984,8.21
Schleswig-Holstein,temp_mean,year,1985,7.36
Schleswig-Holstein,temp_mean,year,1986,7.78
Schleswig-Holstein,temp_mean,year,1987,7.32
Schleswig-Holstein,temp_mean,year,1988,9.08
Schleswig-Holstein,temp_mean,year,1989,9.6
Schleswig-Holstein,temp_mean,year,1990,9.73
Schleswig-Holstein,temp_mean,year,1991,8.46
Schleswig-Holstein,temp_mean,year,1992,9.53
Schleswig-Holstein,temp_mean,year,1993,8.17
Schleswig-Holstein,temp_mean,year,1994,9.31
Schleswig-Holstein,temp_mean,year,1995,8.86
Schleswig-Holstein,temp_mean,year,1996,7.16
Schleswig-Holstein,temp_mean,year,1997,8.96
Schleswig-Holstein,temp_mean,year,1998,8.99
Schleswig-Holstein,temp_mean,year,1999,9.65
Schleswig-Holstein,temp_mean,year,2000,9.81
Schleswig-Holstein,temp_mean,year,2001,8.85
Schleswig-Holstein,temp_mean,year,2002,9.62
Schleswig-Holstein,temp_mean,year,2003,9.2
Schleswig-Holstein,temp_mean,year,2004,9.12
Schleswig-Holstein,temp_mean,year,2005,9.24
Schleswig-Holstein,temp_mean,year,2006,9.88
Schleswig-Holstein,temp_mean,year,2007,10.04
Schleswig-Holstein,temp_mean,year,2008,9.74
Schleswig-Holstein,temp_mean,year,2009,9.28
Schleswig-Holstein,temp_mean,year,2010,7.67
Schleswig-Holstein,temp_mean,year,2011,9.4
Schleswig-Holstein,temp_mean,year,2012,8.8
Schleswig-Holstein,temp_mean,year,2013,8.78
Schleswig-Holstein,temp_mean,year,2014,10.48
Schleswig-Holstein,temp_mean,year,2015,9.71
Schleswig-Holstein,temp_mean,year,2016,9.61
Schleswig-Holstein,temp_mean,year,2017,9.57
Schleswig-Holstein,temp_mean,year,2018,10.18
Schleswig-Holstein,temp_mean,year,2019,10.18
Schleswig-Holstein,temp_mean,year,2020,10.46
Schleswig-Holstein,temp_mean,year,2021,9.5
Schleswig-Holstein,temp_mean,year,2022,10.25
Schleswig-Holstein,temp_mean,year,2023,10.29
Schleswig-Holstein,temp_mean,year,2024,10.77
Schleswig-Holstein,temp_mean,year,2025,10.11
Schleswig-Holstein,tropical_nights,year,1951,0
Schleswig-Holstein,tropical_nights,year,1952,0
Schleswig-Holstein,tropical_nights,year,1953,0.01
Schleswig-Holstein,tropical_nights,year,1954,0
Schleswig-Holstein,tropical_nights,year,1955,0
Schleswig-Holstein,tropical_nights,year,1956,0
Schleswig-Holstein,tropical_nights,year,1957,0
Schleswig-Holstein,tropical_nights,year,1958,0
Schleswig-Holstein,tropical_nights,year,1959,0
Schleswig-Holstein,tropical_nights,year,1960,0
Schleswig-Holstein,tropical_nights,year,1961,0
Schleswig-Holstein,tropical_nights,year,1962,0
Schleswig-Holstein,tropical_nights,year,1963,0
Schleswig-Holstein,tropical_nights,year,1964,0
Schleswig-Holstein,tropical_nights,year,1965,0
Schleswig-Holstein,tropical_nights,year,1966,0
Schleswig-Holstein,tropical_nights,year,1967,0
Schleswig-Holstein,tropical_nights,year,1968,0
Schleswig-Holstein,tropical_nights,year,1969,0.89
Schleswig-Holstein,tropical_nights,year,1970,0
Schleswig-Holstein,tropical_nights,year,1971,0
Schleswig-Holstein,tropical_nights,year,1972,0
Schleswig-Holstein,tropical_nights,year,1973,0
Schleswig-Holstein,tropical_nights,year,1974,0
Schleswig-Holstein,tropical_nights,year,1975,0.19
Schleswig-Holstein,tropical_nights,year,1976,0.11
Schleswig-Holstein,tropical_nights,year,1977,0
Schleswig-Holstein,tropical_nights,year,1978,0
Schleswig-Holstein,tropical_nights,year,1979,0
Schleswig-Holstein,tropical_nights,year,1980,0
Schleswig-Holstein,tropical_nights,year,1981,0
Schleswig-Holstein,tropical_nights,year,1982,0.01
Schleswig-Holstein,tropical_nights,year,1983,0.02
Schleswig-Holstein,tropical_nights,year,1984,0
Schleswig-Holstein,tropical_nights,year,1985,0
Schleswig-Holstein,tropical_nights,year,1986,0
Schleswig-Holstein,tropical_nights,year,1987,0
Schleswig-Holstein,tropical_nights,year,1988,0
Schleswig-Holstein,tropical_nights,year,1989,0
Schleswig-Holstein,tropical_nights,year,1990,0
Schleswig-Holstein,tropical_nights,year,1991,0.01
Schleswig-Holstein,tropical_nights,year,1992,0.02
Schleswig-Holstein,tropical_nights,year,1993,0
Schleswig-Holstein,tropical_nights,year,1994,2.82
Schleswig-Holstein,tropical_nights,year,1995,0
Schleswig-Holstein,tropical_nights,year,1996,0
Schleswig-Holstein,tropical_nights,year,1997,0.75
Schleswig-Holstein,tropical_nights,year,1998,0.01
Schleswig-Holstein,tropical_nights,year,1999,0
Schleswig-Holstein,tropical_nights,year,2000,0.02
Schleswig-Holstein,tropical_nights,year,2001,0.01
Schleswig-Holstein,tropical_nights,year,2002,0.09
Schleswig-Holstein,tropical_nights,year,2003,0.18
Schleswig-Holstein,tropical_nights,year,2004,0.01
Schleswig-Holstein,tropical_nights,year,2005,0
Schleswig-Holstein,tropical_nights,year,2006,1.06
Schleswig-Holstein,tropical_nights,year,2007,0
Schleswig-Holstein,tropical_nights,year,2008,0
Schleswig-Holstein,tropical_nights,year,2009,0
Schleswig-Holstein,tropical_nights,year,2010,0.63
Schleswig-Holstein,tropical_nights,year,2011,0
Schleswig-Holstein,tropical_nights,year,2012,0
Schleswig-Holstein,tropical_nights,year,2013,0.01
Schleswig-Holstein,tropical_nights,year,2014,0.02
Schleswig-Holstein,tropical_nights,year,2015,0
Schleswig-Holstein,tropical_nights,year,2016,0.01
Schleswig-Holstein,tropical_nights,year,2017,0
Schleswig-Holstein,tropical_nights,year,2018,1.22
Schleswig-Holstein,tropical_nights,year,2019,0.06
Schleswig-Holstein,tropical_nights,year,2020,0.07
Schleswig-Holstein,tropical_nights,year,2021,0.03
Schleswig-Holstein,tropical_nights,year,2022,0.03
Schleswig-Holstein,tropical_nights,year,2023,0
Schleswig-Holstein,tropical_nights,year,2024,0
Schleswig-Holstein,tropical_nights,year,2025,0
Thueringen,frost_days,year,1951,99.08
Thueringen,frost_days,year,1952,118.98
Thueringen,frost_days,year,1953,101.48
Thueringen,frost_days,year,1954,107.73
Thueringen,frost_days,year,1955,124.98
Thueringen,frost_days,year,1956,116.95
Thueringen,frost_days,year,1957,92.43
Thueringen,frost_days,year,1958,102.23
Thueringen,frost_days,year,1959,99.51
Thueringen,frost_days,year,1960,90.11
Thueringen,frost_days,year,1961,77.56
Thueringen,frost_days,year,1962,117.13
Thueringen,frost_days,year,1963,117.62
Thueringen,frost_days,year,1964,108.37
Thueringen,frost_days,year,1965,113.22
Thueringen,frost_days,year,1966,92.86
Thueringen,frost_days,year,1967,88.72
Thueringen,frost_days,year,1968,113.54
Thueringen,frost_days,year,1969,124.27
Thueringen,frost_days,year,1970,112.96
Thueringen,frost_days,year,1971,99.67
Thueringen,frost_days,year,1972,104.72
Thueringen,frost_days,year,1973,120.47
Thueringen,frost_days,year,1974,66.43
Thueringen,frost_days,year,1975,91.82
Thueringen,frost_days,year,1976,109.05
Thueringen,frost_days,year,1977,81.42
Thueringen,frost_days,year,1978,101.95
Thueringen,frost_days,year,1979,114.82
Thueringen,frost_days,year,1980,112.9
Thueringen,frost_days,year,1981,112.34
Thueringen,frost_days,year,1982,100.23
Thueringen,frost_days,year,1983,95.04
Thueringen,frost_days,year,1984,110.02
Thueringen,frost_days,year,1985,119.73
Thueringen,frost_days,year,1986,96.54
Thueringen,frost_days,year,1987,108.71
Thueringen,frost_days,year,1988,89.48
Thueringen,frost_days,year,1989,81.52
Thueringen,frost_days,year,1990,75.52
Thueringen,frost_days,year,1991,109.93
Thueringen,frost_days,year,1992,89.26
Thueringen,frost_days,year,1993,102.65
Thueringen,frost_days,year,1994,75.01
Thueringen,frost_days,year,1995,105.12
Thueringen,frost_days,year,1996,125.79
Thueringen,frost_days,year,1997,99.2
Thueringen,frost_days,year,1998,81.93
Thueringen,frost_days,year,1999,79.82
Thueringen,frost_days,year,2000,62.88
Thueringen,frost_days,year,2001,93.94
Thueringen,frost_days,year,2002,76.86
Thueringen,frost_days,year,2003,110.3
Thueringen,frost_days,year,2004,98.71
Thueringen,frost_days,year,2005,101.06
Thueringen,frost_days,year,2006,95.04
Thueringen,frost_days,year,2007,73.14
Thueringen,frost_days,year,2008,87.07
Thueringen,frost_days,year,2009,94.15
Thueringen,frost_days,year,2010,120
Thueringen,frost_days,year,2011,95.69
Thueringen,frost_days,year,2012,86.31
Thueringen,frost_days,year,2013,109.45
Thueringen,frost_days,year,2014,69.15
Thueringen,frost_days,year,2015,89.11
Thueringen,frost_days,year,2016,90.83
Thueringen,frost_days,year,2017,85.85
Thueringen,frost_days,year,2018,88.28
Thueringen,frost_days,year,2019,81.43
Thueringen,frost_days,year,2020,79.69
Thueringen,frost_days,year,2021,105.72
Thueringen,frost_days,year,2022,82.02
Thueringen,frost_days,year,2023,71.03
Thueringen,frost_days,year,2024,61.99
Thueringen,frost_days,year,2025,93.87
Thueringen,hot_days,year,1951,3.79
Thueringen,hot_days,year,1952,8.03
Thueringen,hot_days,year,1953,4.93
Thueringen,hot_days,year,1954,3.37
Thueringen,hot_days,year,1955,1.26
Thueringen,hot_days,year,1956,0.69
Thueringen,hot_days,year,1957,7.42
Thueringen,hot_days,year,1958,1.81
Thueringen,hot_days,year,1959,4.8
Thueringen,hot_days,year,1960,1.42
Thueringen,hot_days,year,1961,4.52
Thueringen,hot_days,year,1962,1.7
Thueringen,hot_days,year,1963,3.97
Thueringen,hot_days,year,1964,10.67
Thueringen,hot_days,year,1965,1.06
Thueringen,hot_days,year,1966,2.37
Thueringen,hot_days,year,1967,3.84
Thueringen,hot_days,year,1968,1.41
Thueringen,hot_days,year,1969,5.75
Thueringen,hot_days,year,1970,1.74
Thueringen,hot_days,year,1971,7.47
Thueringen,hot_days,year,1972,4.17
Thueringen,hot_days,year,1973,4.65
Thueringen,hot_days,year,1974,3.14
Thueringen,hot_days,year,1975,5.06
Thueringen,hot_days,year,1976,8.49
Thueringen,hot_days,year,1977,1.4
Thueringen,hot_days,year,1978,1.62
Thueringen,hot_days,year,1979,2.39
Thueringen,hot_days,year,1980,1.76
Thueringen,hot_days,year,1981,1.67
Thueringen,hot_days,year,1982,5.1
Thueringen,hot_days,year,1983,7.97
Thueringen,hot_days,year,1984,3.01
Thueringen,hot_days,year,1985,2.05
Thueringen,hot_days,year,1986,3.77
Thueringen,hot_days,year,1987,1.45
Thueringen,hot_days,year,1988,2.45
Thueringen,hot_days,year,1989,4.09
Thueringen,hot_days,year,1990,5.93
Thueringen,hot_days,year,1991,4.87
Thueringen,hot_days,year,1992,8.14
Thueringen,hot_days,year,1993,1.38
Thueringen,hot_days,year,1994,15.86
Thueringen,hot_days,year,1995,8.06
Thueringen,hot_days,year,1996,2.52
Thueringen,hot_days,year,1997,3.7
Thueringen,hot_days,year,1998,6.84
Thueringen,hot_days,year,1999,3.59
Thueringen,hot_days,year,2000,5.24
Thueringen,hot_days,year,2001,7.36
Thueringen,hot_days,year,2002,5.87
Thueringen,hot_days,year,2003,19.74
Thueringen,hot_days,year,2004,3.41
Thueringen,hot_days,year,2005,7.19
Thueringen,hot_days,year,2006,13.03
Thueringen,hot_days,year,2007,4.13
Thueringen,hot_days,year,2008,8.33
Thueringen,hot_days,year,2009,2.96
Thueringen,hot_days,year,2010,9.3
Thueringen,hot_days,year,2011,3.58
Thueringen,hot_days,year,2012,7.49
Thueringen,hot_days,year,2013,10.37
Thueringen,hot_days,year,2014,5.68
Thueringen,hot_days,year,2015,17.5
Thueringen,hot_days,year,2016,9.99
Thueringen,hot_days,year,2017,5.51
Thueringen,hot_days,year,2018,20.17
Thueringen,hot_days,year,2019,16.81
Thueringen,hot_days,year,2020,9.48
Thueringen,hot_days,year,2021,3.41
Thueringen,hot_days,year,2022,15.62
Thueringen,hot_days,year,2023,9.25
Thueringen,hot_days,year,2024,13.6
Thueringen,hot_days,year,2025,11.29
Thueringen,ice_days,year,1951,14.64
Thueringen,ice_days,year,1952,37.39
Thueringen,ice_days,year,1953,28.89
Thueringen,ice_days,year,1954,39.67
Thueringen,ice_days,year,1955,43.03
Thueringen,ice_days,year,1956,52.94
Thueringen,ice_days,year,1957,19.4
Thueringen,ice_days,year,1958,27.08
Thueringen,ice_days,year,1959,22.58
Thueringen,ice_days,year,1960,29.89
Thueringen,ice_days,year,1961,25.4
Thueringen,ice_days,year,1962,41.61
Thueringen,ice_days,year,1963,69.82
Thueringen,ice_days,year,1964,42.08
Thueringen,ice_days,year,1965,36.84
Thueringen,ice_days,year,1966,31.15
Thueringen,ice_days,year,1967,22.39
Thueringen,ice_days,year,1968,42.86
Thueringen,ice_days,year,1969,57.85
Thueringen,ice_days,year,1970,46.69
Thueringen,ice_days,year,1971,27.8
Thueringen,ice_days,year,1972,28.69
Thueringen,ice_days,year,1973,26.96
Thueringen,ice_days,year,1974,7.5
Thueringen,ice_days,year,1975,14.45
Thueringen,ice_days,year,1976,35.62
Thueringen,ice_days,year,1977,20.14
Thueringen,ice_days,year,1978,35.03
Thueringen,ice_days,year,1979,36.72
Thueringen,ice_days,year,1980,40.09
Thueringen,ice_days,year,1981,47.37
Thueringen,ice_days,year,1982,24.21
Thueringen,ice_days,year,1983,30.63
Thueringen,ice_days,year,1984,26.77
Thueringen,ice_days,year,1985,53.69
Thueringen,ice_days,year,1986,46.01
Thueringen,ice_days,year,1987,53.91
Thueringen,ice_days,year,1988,15.19
Thueringen,ice_days,year,1989,13.82
Thueringen,ice_days,year,1990,17.6
Thueringen,ice_days,year,1991,28.28
Thueringen,ice_days,year,1992,18.83
Thueringen,ice_days,year,1993,34.86
Thueringen,ice_days,year,1994,15.15
Thueringen,ice_days,year,1995,34.78
Thueringen,ice_days,year,1996,57.41
Thueringen,ice_days,year,1997,21.44
Thueringen,ice_days,year,1998,28.38
Thueringen,ice_days,year,1999,21.22
Thueringen,ice_days,year,2000,12.98
Thueringen,ice_days,year,2001,24.91
Thueringen,ice_days,year,2002,22.44
Thueringen,ice_days,year,2003,28.66
Thueringen,ice_days,year,2004,23.41
Thueringen,ice_days,year,2005,33.38
Thueringen,ice_days,year,2006,32.3
Thueringen,ice_days,year,2007,15.26
Thueringen,ice_days,year,2008,14.19
Thueringen,ice_days,year,2009,31.63
Thueringen,ice_days,year,2010,66.34
Thueringen,ice_days,year,2011,19.31
Thueringen,ice_days,year,2012,27.97
Thueringen,ice_days,year,2013,40.48
Thueringen,ice_days,year,2014,12.17
Thueringen,ice_days,year,2015,10.53
Thueringen,ice_days,year,2016,17.16
Thueringen,ice_days,year,2017,22.55
Thueringen,ice_days,year,2018,23.23
Thueringen,ice_days,year,2019,11.23
Thueringen,ice_days,year,2020,5.5
Thueringen,ice_days,year,2021,21.27
Thueringen,ice_days,year,2022,14.46
Thueringen,ice_days,year,2023,13.72
Thueringen,ice_days,year,2024,11.7
Thueringen,ice_days,year,2025,12.7
Thueringen,precip_ge10,year,1951,17.68
Thueringen,precip_ge10,year,1952,21.23
Thueringen,precip_ge10,year,1953,13.67
Thueringen,precip_ge10,year,1954,19.89
Thueringen,precip_ge10,year,1955,19.21
Thueringen,precip_ge10,year,1956,21.64
Thueringen,precip_ge10,year,1957,17.84
Thueringen,precip_ge10,year,1958,22.3
Thueringen,precip_ge10,year,1959,11.81
Thueringen,precip_ge10,year,1960,19.47
Thueringen,precip_ge10,year,1961,21.49
Thueringen,precip_ge10,year,1962,12.45
Thueringen,precip_ge10,year,1963,15.53
Thueringen,precip_ge10,year,1964,12.04
Thueringen,precip_ge10,year,1965,22.11
Thueringen,precip_ge10,year,1966,26.02
Thueringen,precip_ge10,year,1967,18.8
Thueringen,precip_ge10,year,1968,20.28
Thueringen,precip_ge10,year,1969,19.03
Thueringen,precip_ge10,year,1970,20.85
Thueringen,precip_ge10,year,1971,13.13
Thueringen,precip_ge10,year,1972,19.74
Thueringen,precip_ge10,year,1973,15.17
Thueringen,precip_ge10,year,1974,21.57
Thueringen,precip_ge10,year,1975,14.11
Thueringen,precip_ge10,year,1976,11.58
Thueringen,precip_ge10,year,1977,23.43
Thueringen,precip_ge10,year,1978,15.63
Thueringen,precip_ge10,year,1979,17.31
Thueringen,precip_ge10,year,1980,17.43
Thueringen,precip_ge10,year,1981,24.95
Thueringen,precip_ge10,year,1982,11.68
Thueringen,precip_ge10,year,1983,17.2
Thueringen,precip_ge10,year,1984,20.9
Thueringen,precip_ge10,year,1985,13.85
Thueringen,precip_ge10,year,1986,22.01
Thueringen,precip_ge10,year,1987,22.77
Thueringen,precip_ge10,year,1988,16.95
Thueringen,precip_ge10,year,1989,15.66
Thueringen,precip_ge10,year,1990,15.89
Thueringen,precip_ge10,year,1991,10.44
Thueringen,precip_ge10,year,1992,17.94
Thueringen,precip_ge10,year,1993,21.57
Thueringen,precip_ge10,year,1994,21.38
Thueringen,precip_ge10,year,1995,22.89
Thueringen,precip_ge10,year,1996,16.53
Thueringen,precip_ge10,year,1997,16.46
Thueringen,precip_ge10,year,1998,20.62
Thueringen,precip_ge10,year,1999,18.93
Thueringen,precip_ge10,year,2000,16.57
Thueringen,precip_ge10,year,2001,18.39
Thueringen,precip_ge10,year,2002,27.33
Thueringen,precip_ge10,year,2003,13.58
Thueringen,precip_ge10,year,2004,18.67
Thueringen,precip_ge10,year,2005,16.79
Thueringen,precip_ge10,year,2006,18.13
Thueringen,precip_ge10,year,2007,25.41
Thueringen,precip_ge10,year,2008,16.98
Thueringen,precip_ge10,year,2009,21.11
Thueringen,precip_ge10,year,2010,23.62
Thueringen,precip_ge10,year,2011,15.68
Thueringen,precip_ge10,year,2012,18.45
Thueringen,precip_ge10,year,2013,20.46
Thueringen,precip_ge10,year,2014,18.22
Thueringen,precip_ge10,year,2015,13.66
Thueringen,precip_ge10,year,2016,15.67
Thueringen,precip_ge10,year,2017,21.66
Thueringen,precip_ge10,year,2018,12.74
Thueringen,precip_ge10,year,2019,16.37
Thueringen,precip_ge10,year,2020,17.8
Thueringen,precip_ge10,year,2021,19.7
Thueringen,precip_ge10,year,2022,14.96
Thueringen,precip_ge10,year,2023,23.78
Thueringen,precip_ge10,year,2024,23.23
Thueringen,precip_ge10,year,2025,14.09
Thueringen,precip_ge20,year,1951,3.82
Thueringen,precip_ge20,year,1952,3.29
Thueringen,precip_ge20,year,1953,2.67
Thueringen,precip_ge20,year,1954,3.59
Thueringen,precip_ge20,year,1955,3.89
Thueringen,precip_ge20,year,1956,4.83
Thueringen,precip_ge20,year,1957,2.75
Thueringen,precip_ge20,year,1958,4.8
Thueringen,precip_ge20,year,1959,3.31
Thueringen,precip_ge20,year,1960,4.73
Thueringen,precip_ge20,year,1961,4.66
Thueringen,precip_ge20,year,1962,1.99
Thueringen,precip_ge20,year,1963,3.1
Thueringen,precip_ge20,year,1964,1.98
Thueringen,precip_ge20,year,1965,4.28
Thueringen,precip_ge20,year,1966,5.98
Thueringen,precip_ge20,year,1967,4.42
Thueringen,precip_ge20,year,1968,3.84
Thueringen,precip_ge20,year,1969,3.9
Thueringen,precip_ge20,year,1970,3.43
Thueringen,precip_ge20,year,1971,2.72
Thueringen,precip_ge20,year,1972,5.18
Thueringen,precip_ge20,year,1973,2.62
Thueringen,precip_ge20,year,1974,3.07
Thueringen,precip_ge20,year,1975,2.88
Thueringen,precip_ge20,year,1976,1.33
Thueringen,precip_ge20,year,1977,6.2
Thueringen,precip_ge20,year,1978,3.54
Thueringen,precip_ge20,year,1979,3.4
Thueringen,precip_ge20,year,1980,3.76
Thueringen,precip_ge20,year,1981,6.96
Thueringen,precip_ge20,year,1982,1.97
Thueringen,precip_ge20,year,1983,4.36
Thueringen,precip_ge20,year,1984,5.65
Thueringen,precip_ge20,year,1985,2.22
Thueringen,precip_ge20,year,1986,5.1
Thueringen,precip_ge20,year,1987,4.98
Thueringen,precip_ge20,year,1988,3.08
Thueringen,precip_ge20,year,1989,3.31
Thueringen,precip_ge20,year,1990,2.92
Thueringen,precip_ge20,year,1991,1.94
Thueringen,precip_ge20,year,1992,4.62
Thueringen,precip_ge20,year,1993,4.64
Thueringen,precip_ge20,year,1994,4.88
Thueringen,precip_ge20,year,1995,5.35
Thueringen,precip_ge20,year,1996,3.8
Thueringen,precip_ge20,year,1997,3.39
Thueringen,precip_ge20,year,1998,3.97
Thueringen,precip_ge20,year,1999,3.6
Thueringen,precip_ge20,year,2000,2.6
Thueringen,precip_ge20,year,2001,2.95
Thueringen,precip_ge20,year,2002,7.85
Thueringen,precip_ge20,year,2003,2.77
Thueringen,precip_ge20,year,2004,4.44
Thueringen,precip_ge20,year,2005,3.59
Thueringen,precip_ge20,year,2006,4
Thueringen,precip_ge20,year,2007,7.52
Thueringen,precip_ge20,year,2008,2.79
Thueringen,precip_ge20,year,2009,4.11
Thueringen,precip_ge20,year,2010,5.01
Thueringen,precip_ge20,year,2011,3.53
Thueringen,precip_ge20,year,2012,4.02
Thueringen,precip_ge20,year,2013,6.1
Thueringen,precip_ge20,year,2014,4.42
Thueringen,precip_ge20,year,2015,2.71
Thueringen,precip_ge20,year,2016,3.37
Thueringen,precip_ge20,year,2017,5.26
Thueringen,precip_ge20,year,2018,3.04
Thueringen,precip_ge20,year,2019,3.46
Thueringen,precip_ge20,year,2020,5.32
Thueringen,precip_ge20,year,2021,5.4
Thueringen,precip_ge20,year,2022,3.04
Thueringen,precip_ge20,year,2023,4.7
Thueringen,precip_ge20,year,2024,5.7
Thueringen,precip_ge20,year,2025,3.3
Thueringen,precipitation,year,1881,655
Thueringen,precipitation,year,1882,882.4
Thueringen,precipitation,year,1883,593
Thueringen,precipitation,year,1884,672.2
Thueringen,precipitation,year,1885,615.7
Thueringen,precipitation,year,1886,649
Thueringen,precipitation,year,1887,550.6
Thueringen,precipitation,year,1888,675.4
Thueringen,precipitation,year,1889,682.7
Thueringen,precipitation,year,1890,663.1
Thueringen,precipitation,year,1891,739.4
Thueringen,precipitation,year,1892,535.2
Thueringen,precipitation,year,1893,657
Thueringen,precipitation,year,1894,766
Thueringen,precipitation,year,1895,706.4
Thueringen,precipitation,year,1896,730.8
Thueringen,precipitation,year,1897,737.1
Thueringen,precipitation,year,1898,731.5
Thueringen,precipitation,year,1899,752.9
Thueringen,precipitation,year,1900,775.1
Thueringen,precipitation,year,1901,766
Thueringen,precipitation,year,1902,698.1
Thueringen,precipitation,year,1903,649.7
Thueringen,precipitation,year,1904,600.1
Thueringen,precipitation,year,1905,774.9
Thueringen,precipitation,year,1906,784.4
Thueringen,precipitation,year,1907,642.3
Thueringen,precipitation,year,1908,625.9
Thueringen,precipitation,year,1909,751.8
Thueringen,precipitation,year,1910,687.7
Thueringen,precipitation,year,1911,450.9
Thueringen,precipitation,year,1912,750.2
Thueringen,precipitation,year,1913,666.3
Thueringen,precipitation,year,1914,756
Thueringen,precipitation,year,1915,710.2
Thueringen,precipitation,year,1916,759.6
Thueringen,precipitation,year,1917,644.4
Thueringen,precipitation,year,1918,661.4
Thueringen,precipitation,year,1919,608
Thueringen,precipitation,year,1920,610.2
Thueringen,precipitation,year,1921,572.4
Thueringen,precipitation,year,1922,826
Thueringen,precipitation,year,1923,706.5
Thueringen,precipitation,year,1924,715.8
Thueringen,precipitation,year,1925,718.3
Thueringen,precipitation,year,1926,800.7
Thueringen,precipitation,year,1927,760.4
Thueringen,precipitation,year,1928,649.6
Thueringen,precipitation,year,1929,529
Thueringen,precipitation,year,1930,704.1
Thueringen,precipitation,year,1931,722.1
Thueringen,precipitation,year,1932,664.1
Thueringen,precipitation,year,1933,607.7
Thueringen,precipitation,year,1934,531.7
Thueringen,precipitation,year,1935,716.4
Thueringen,precipitation,year,1936,742.2
Thueringen,precipitation,year,1937,708.1
Thueringen,precipitation,year,1938,638.3
Thueringen,precipitation,year,1939,872.2
Thueringen,precipitation,year,1940,798.4
Thueringen,precipitation,year,1941,901.9
Thueringen,precipitation,year,1942,595.3
Thueringen,precipitation,year,1943,545.4
Thueringen,precipitation,year,1944,774.4
Thueringen,precipitation,year,1945,722.5
Thueringen,precipitation,year,1946,718.1
Thueringen,precipitation,year,1947,642.4
Thueringen,precipitation,year,1948,620.5
Thueringen,precipitation,year,1949,600.9
Thueringen,precipitation,year,1950,829.7
Thueringen,precipitation,year,1951,640.6
Thueringen,precipitation,year,1952,800
Thueringen,precipitation,year,1953,528.2
Thueringen,precipitation,year,1954,742.8
Thueringen,precipitation,year,1955,739.2
Thueringen,precipitation,year,1956,824
Thueringen,precipitation,year,1957,672.5
Thueringen,precipitation,year,1958,803
Thueringen,precipitation,year,1959,481.5
Thueringen,precipitation,year,1960,756.7
Thueringen,precipitation,year,1961,796
Thueringen,precipitation,year,1962,561.8
Thueringen,precipitation,year,1963,591.7
Thueringen,precipitation,year,1964,492
Thueringen,precipitation,year,1965,864.9
Thueringen,precipitation,year,1966,905.6
Thueringen,precipitation,year,1967,725.2
Thueringen,precipitation,year,1968,722.9
Thueringen,precipitation,year,1969,728.8
Thueringen,precipitation,year,1970,837.1
Thueringen,precipitation,year,1971,538.7
Thueringen,precipitation,year,1972,653.3
Thueringen,precipitation,year,1973,612.8
Thueringen,precipitation,year,1974,819
Thueringen,precipitation,year,1975,583.1
Thueringen,precipitation,year,1976,498.6
Thueringen,precipitation,year,1977,820.8
Thueringen,precipitation,year,1978,644.3
Thueringen,precipitation,year,1979,705.9
Thueringen,precipitation,year,1980,733.7
Thueringen,precipitation,year,1981,948.8
Thueringen,precipitation,year,1982,504.4
Thueringen,precipitation,year,1983,681.3
Thueringen,precipitation,year,1984,796
Thueringen,precipitation,year,1985,613.1
Thueringen,precipitation,year,1986,790
Thueringen,precipitation,year,1987,821.7
Thueringen,precipitation,year,1988,731
Thueringen,precipitation,year,1989,633.3
Thueringen,precipitation,year,1990,644.6
Thueringen,precipitation,year,1991,503.2
Thueringen,precipitation,year,1992,728.3
Thueringen,precipitation,year,1993,788.3
Thueringen,precipitation,year,1994,832.8
Thueringen,precipitation,year,1995,844.1
Thueringen,precipitation,year,1996,670.7
Thueringen,precipitation,year,1997,669.9
Thueringen,precipitation,year,1998,827.9
Thueringen,precipitation,year,1999,753.6
Thueringen,precipitation,year,2000,762.4
Thueringen,precipitation,year,2001,795.5
Thueringen,precipitation,year,2002,916.7
Thueringen,precipitation,year,2003,534.4
Thueringen,precipitation,year,2004,749.1
Thueringen,precipitation,year,2005,701.3
Thueringen,precipitation,year,2006,693.8
Thueringen,precipitation,year,2007,948.1
Thueringen,precipitation,year,2008,682.2
Thueringen,precipitation,year,2009,824.3
Thueringen,precipitation,year,2010,842.4
Thueringen,precipitation,year,2011,611
Thueringen,precipitation,year,2012,696.4
Thueringen,precipitation,year,2013,761.9
Thueringen,precipitation,year,2014,668.1
Thueringen,precipitation,year,2015,593.8
Thueringen,precipitation,year,2016,639.4
Thueringen,precipitation,year,2017,783
Thueringen,precipitation,year,2018,509.5
Thueringen,precipitation,year,2019,627.9
Thueringen,precipitation,year,2020,658.4
Thueringen,precipitation,year,2021,755
Thueringen,precipitation,year,2022,584.2
Thueringen,precipitation,year,2023,848.5
Thueringen,precipitation,year,2024,790.5
Thueringen,precipitation,year,2025,552.8
Thueringen,summer_days,year,1951,25.93
Thueringen,summer_days,year,1952,31.75
Thueringen,summer_days,year,1953,33.02
Thueringen,summer_days,year,1954,16.4
Thueringen,summer_days,year,1955,17.07
Thueringen,summer_days,year,1956,13.28
Thueringen,summer_days,year,1957,24
Thueringen,summer_days,year,1958,21.09
Thueringen,summer_days,year,1959,36.84
Thueringen,summer_days,year,1960,15.49
Thueringen,summer_days,year,1961,25.89
Thueringen,summer_days,year,1962,19.57
Thueringen,summer_days,year,1963,23.15
Thueringen,summer_days,year,1964,40.06
Thueringen,summer_days,year,1965,13.39
Thueringen,summer_days,year,1966,23.89
Thueringen,summer_days,year,1967,26.56
Thueringen,summer_days,year,1968,21.8
Thueringen,summer_days,year,1969,30.66
Thueringen,summer_days,year,1970,24.32
Thueringen,summer_days,year,1971,32.72
Thueringen,summer_days,year,1972,19.57
Thueringen,summer_days,year,1973,33.99
Thueringen,summer_days,year,1974,14.92
Thueringen,summer_days,year,1975,35.7
Thueringen,summer_days,year,1976,37.63
Thueringen,summer_days,year,1977,15.11
Thueringen,summer_days,year,1978,15.5
Thueringen,summer_days,year,1979,21.54
Thueringen,summer_days,year,1980,15.85
Thueringen,summer_days,year,1981,20.38
Thueringen,summer_days,year,1982,42.31
Thueringen,summer_days,year,1983,44.77
Thueringen,summer_days,year,1984,15.55
Thueringen,summer_days,year,1985,21.3
Thueringen,summer_days,year,1986,30.05
Thueringen,summer_days,year,1987,15.88
Thueringen,summer_days,year,1988,24.51
Thueringen,summer_days,year,1989,31.13
Thueringen,summer_days,year,1990,30
Thueringen,summer_days,year,1991,31.76
Thueringen,summer_days,year,1992,41.35
Thueringen,summer_days,year,1993,28.21
Thueringen,summer_days,year,1994,39.75
Thueringen,summer_days,year,1995,41.51
Thueringen,summer_days,year,1996,22.74
Thueringen,summer_days,year,1997,35.6
Thueringen,summer_days,year,1998,27.17
Thueringen,summer_days,year,1999,34.49
Thueringen,summer_days,year,2000,30.47
Thueringen,summer_days,year,2001,31.44
Thueringen,summer_days,year,2002,32.91
Thueringen,summer_days,year,2003,58.97
Thueringen,summer_days,year,2004,28.48
Thueringen,summer_days,year,2005,38.43
Thueringen,summer_days,year,2006,48.35
Thueringen,summer_days,year,2007,31.43
Thueringen,summer_days,year,2008,34.6
Thueringen,summer_days,year,2009,33.53
Thueringen,summer_days,year,2010,32.54
Thueringen,summer_days,year,2011,39.28
Thueringen,summer_days,year,2012,35.36
Thueringen,summer_days,year,2013,35.5
Thueringen,summer_days,year,2014,29.97
Thueringen,summer_days,year,2015,44
Thueringen,summer_days,year,2016,42.71
Thueringen,summer_days,year,2017,38.22
Thueringen,summer_days,year,2018,70.86
Thueringen,summer_days,year,2019,52.95
Thueringen,summer_days,year,2020,41.99
Thueringen,summer_days,year,2021,33.87
Thueringen,summer_days,year,2022,59.45
Thueringen,summer_days,year,2023,56.04
Thueringen,summer_days,year,2024,53.07
Thueringen,summer_days,year,2025,41.44
Thueringen,sunshine,year,1951,1632
Thueringen,sunshine,year,1952,1480.8
Thueringen,sunshine,year,1953,1741.9
Thueringen,sunshine,year,1954,1502.5
Thueringen,sunshine,year,1955,1469.6
Thueringen,sunshine,year,1956,1402
Thueringen,sunshine,year,1957,1570.1
Thueringen,sunshine,year,1958,1432.8
Thueringen,sunshine,year,1959,1956.5
Thueringen,sunshine,year,1960,1398.5
Thueringen,sunshine,year,1961,1452.9
Thueringen,sunshine,year,1962,1520.3
Thueringen,sunshine,year,1963,1603.9
Thueringen,sunshine,year,1964,1678.7
Thueringen,sunshine,year,1965,1419
Thueringen,sunshine,year,1966,1369.6
Thueringen,sunshine,year,1967,1548.6
Thueringen,sunshine,year,1968,1487.8
Thueringen,sunshine,year,1969,1513.4
Thueringen,sunshine,year,1970,1373.1
Thueringen,sunshine,year,1971,1676.5
Thueringen,sunshine,year,1972,1480.1
Thueringen,sunshine,year,1973,1606.5
Thueringen,sunshine,year,1974,1326
Thueringen,sunshine,year,1975,1573.3
Thueringen,sunshine,year,1976,1695
Thueringen,sunshine,year,1977,1269.1
Thueringen,sunshine,year,1978,1277.6
Thueringen,sunshine,year,1979,1386.2
Thueringen,sunshine,year,1980,1388.9
Thueringen,sunshine,year,1981,1323.3
Thueringen,sunshine,year,1982,1740.2
Thueringen,sunshine,year,1983,1555.2
Thueringen,sunshine,year,1984,1315.1
Thueringen,sunshine,year,1985,1496.3
Thueringen,sunshine,year,1986,1463.5
Thueringen,sunshine,year,1987,1315.5
Thueringen,sunshine,year,1988,1419
Thueringen,sunshine,year,1989,1730.3
Thueringen,sunshine,year,1990,1581.1
Thueringen,sunshine,year,1991,1645
Thueringen,sunshine,year,1992,1556.6
Thueringen,sunshine,year,1993,1499.9
Thueringen,sunshine,year,1994,1542.9
Thueringen,sunshine,year,1995,1486.4
Thueringen,sunshine,year,1996,1355.4
Thueringen,sunshine,year,1997,1625.8
Thueringen,sunshine,year,1998,1374.5
Thueringen,sunshine,year,1999,1529.3
Thueringen,sunshine,year,2000,1517.8
Thueringen,sunshine,year,2001,1435.7
Thueringen,sunshine,year,2002,1420.5
Thueringen,sunshine,year,2003,1945
Thueringen,sunshine,year,2004,1545.3
Thueringen,sunshine,year,2005,1727.5
Thueringen,sunshine,year,2006,1782
Thueringen,sunshine,year,2007,1636.3
Thueringen,sunshine,year,2008,1549.4
Thueringen,sunshine,year,2009,1547.2
Thueringen,sunshine,year,2010,1477.5
Thueringen,sunshine,year,2011,1879.8
Thueringen,sunshine,year,2012,1633.8
Thueringen,sunshine,year,2013,1394
Thueringen,sunshine,year,2014,1553.2
Thueringen,sunshine,year,2015,1714.7
Thueringen,sunshine,year,2016,1552.4
Thueringen,sunshine,year,2017,1508.4
Thueringen,sunshine,year,2018,1938.5
Thueringen,sunshine,year,2019,1801.1
Thueringen,sunshine,year,2020,1838.2
Thueringen,sunshine,year,2021,1523.3
Thueringen,sunshine,year,2022,1969.1
Thueringen,sunshine,year,2023,1690
Thueringen,sunshine,year,2024,1670.3
Thueringen,sunshine,year,2025,1893.1
Thueringen,temp_mean,year,1881,6.66
Thueringen,temp_mean,year,1882,7.77
Thueringen,temp_mean,year,1883,7.31
Thueringen,temp_mean,year,1884,7.89
Thueringen,temp_mean,year,1885,7.16
Thueringen,temp_mean,year,1886,7.42
Thueringen,temp_mean,year,1887,6.22
Thueringen,temp_mean,year,1888,6.22
Thueringen,temp_mean,year,1889,6.73
Thueringen,temp_mean,year,1890,6.69
Thueringen,temp_mean,year,1891,6.85
Thueringen,temp_mean,year,1892,6.92
Thueringen,temp_mean,year,1893,7.27
Thueringen,temp_mean,year,1894,7.46
Thueringen,temp_mean,year,1895,6.68
Thueringen,temp_mean,year,1896,6.83
Thueringen,temp_mean,year,1897,7.34
Thueringen,temp_mean,year,1898,7.94
Thueringen,temp_mean,year,1899,7.39
Thueringen,temp_mean,year,1900,7.75
Thueringen,temp_mean,year,1901,6.72
Thueringen,temp_mean,year,1902,6.36
Thueringen,temp_mean,year,1903,7.85
Thueringen,temp_mean,year,1904,7.82
Thueringen,temp_mean,year,1905,7.32
Thueringen,temp_mean,year,1906,7.67
Thueringen,temp_mean,year,1907,7.19
Thueringen,temp_mean,year,1908,6.82
Thueringen,temp_mean,year,1909,6.75
Thueringen,temp_mean,year,1910,7.78
Thueringen,temp_mean,year,1911,8.48
Thueringen,temp_mean,year,1912,7.3
Thueringen,temp_mean,year,1913,7.85
Thueringen,temp_mean,year,1914,7.78
Thueringen,temp_mean,year,1915,7.28
Thueringen,temp_mean,year,1916,7.85
Thueringen,temp_mean,year,1917,6.85
Thueringen,temp_mean,year,1918,7.98
Thueringen,temp_mean,year,1919,6.61
Thueringen,temp_mean,year,1920,7.99
Thueringen,temp_mean,year,1921,8.23
Thueringen,temp_mean,year,1922,6.41
Thueringen,temp_mean,year,1923,7.44
Thueringen,temp_mean,year,1924,6.99
Thueringen,temp_mean,year,1925,7.78
Thueringen,temp_mean,year,1926,8.16
Thueringen,temp_mean,year,1927,7.4
Thueringen,temp_mean,year,1928,7.63
Thueringen,temp_mean,year,1929,6.8
Thueringen,temp_mean,year,1930,8.19
Thueringen,temp_mean,year,1931,7.04
Thueringen,temp_mean,year,1932,7.75
Thueringen,temp_mean,year,1933,6.89
Thueringen,temp_mean,year,1934,9.1
Thueringen,temp_mean,year,1935,7.83
Thueringen,temp_mean,year,1936,7.83
Thueringen,temp_mean,year,1937,8.09
Thueringen,temp_mean,year,1938,7.95
Thueringen,temp_mean,year,1939,7.67
Thueringen,temp_mean,year,1940,5.93
Thueringen,temp_mean,year,1941,6.53
Thueringen,temp_mean,year,1942,6.74
Thueringen,temp_mean,year,1943,8.4
Thueringen,temp_mean,year,1944,7.71
Thueringen,temp_mean,year,1945,8.5
Thueringen,temp_mean,year,1946,7.8
Thueringen,temp_mean,year,1947,7.87
Thueringen,temp_mean,year,1948,8.53
Thueringen,temp_mean,year,1949,8.55
Thueringen,temp_mean,year,1950,7.97
Thueringen,temp_mean,year,1951,8.26
Thueringen,temp_mean,year,1952,7.41
Thueringen,temp_mean,year,1953,8.61
Thueringen,temp_mean,year,1954,7.17
Thueringen,temp_mean,year,1955,6.84
Thueringen,temp_mean,year,1956,6.19
Thueringen,temp_mean,year,1957,8.1
Thueringen,temp_mean,year,1958,7.72
Thueringen,temp_mean,year,1959,8.6
Thueringen,temp_mean,year,1960,7.83
Thueringen,temp_mean,year,1961,8.42
Thueringen,temp_mean,year,1962,6.48
Thueringen,temp_mean,year,1963,6.55
Thueringen,temp_mean,year,1964,7.59
Thueringen,temp_mean,year,1965,6.91
Thueringen,temp_mean,year,1966,8.01
Thueringen,temp_mean,year,1967,8.36
Thueringen,temp_mean,year,1968,7.47
Thueringen,temp_mean,year,1969,7.1
Thueringen,temp_mean,year,1970,7.1
Thueringen,temp_mean,year,1971,7.83
Thueringen,temp_mean,year,1972,7.16
Thueringen,temp_mean,year,1973,7.54
Thueringen,temp_mean,year,1974,8.18
Thueringen,temp_mean,year,1975,8.34
Thueringen,temp_mean,year,1976,7.86
Thueringen,temp_mean,year,1977,8.08
Thueringen,temp_mean,year,1978,7.16
Thueringen,temp_mean,year,1979,7.06
Thueringen,temp_mean,year,1980,6.95
Thueringen,temp_mean,year,1981,7.53
Thueringen,temp_mean,year,1982,8.45
Thueringen,temp_mean,year,1983,8.4
Thueringen,temp_mean,year,1984,7.25
Thueringen,temp_mean,year,1985,6.76
Thueringen,temp_mean,year,1986,7.27
Thueringen,temp_mean,year,1987,6.63
Thueringen,temp_mean,year,1988,8.46
Thueringen,temp_mean,year,1989,8.95
Thueringen,temp_mean,year,1990,8.83
Thueringen,temp_mean,year,1991,7.67
Thueringen,temp_mean,year,1992,8.7
Thueringen,temp_mean,year,1993,7.79
Thueringen,temp_mean,year,1994,9.11
Thueringen,temp_mean,year,1995,8.22
Thueringen,temp_mean,year,1996,6.39
Thueringen,temp_mean,year,1997,8.25
Thueringen,temp_mean,year,1998,8.54
Thueringen,temp_mean,year,1999,8.87
Thueringen,temp_mean,year,2000,9.36
Thueringen,temp_mean,year,2001,8.45
Thueringen,temp_mean,year,2002,8.84
Thueringen,temp_mean,year,2003,8.74
Thueringen,temp_mean,year,2004,8.29
Thueringen,temp_mean,year,2005,8.4
Thueringen,temp_mean,year,2006,8.87
Thueringen,temp_mean,year,2007,9.28
Thueringen,temp_mean,year,2008,8.95
Thueringen,temp_mean,year,2009,8.58
Thueringen,temp_mean,year,2010,7.2
Thueringen,temp_mean,year,2011,9.12
Thueringen,temp_mean,year,2012,8.59
Thueringen,temp_mean,year,2013,8.08
Thueringen,temp_mean,year,2014,9.79
Thueringen,temp_mean,year,2015,9.5
Thueringen,temp_mean,year,2016,9.03
Thueringen,temp_mean,year,2017,9.1
Thueringen,temp_mean,year,2018,9.91
Thueringen,temp_mean,year,2019,9.78
Thueringen,temp_mean,year,2020,9.85
Thueringen,temp_mean,year,2021,8.45
Thueringen,temp_mean,year,2022,9.97
Thueringen,temp_mean,year,2023,10.13
Thueringen,temp_mean,year,2024,10.45
Thueringen,temp_mean,year,2025,9.46
Thueringen,tropical_nights,year,1951,0.01
Thueringen,tropical_nights,year,1952,0.34
Thueringen,tropical_nights,year,1953,0
Thueringen,tropical_nights,year,1954,0
Thueringen,tropical_nights,year,1955,0
Thueringen,tropical_nights,year,1956,0
Thueringen,tropical_nights,year,1957,0.66
Thueringen,tropical_nights,year,1958,0
Thueringen,tropical_nights,year,1959,0.15
Thueringen,tropical_nights,year,1960,0
Thueringen,tropical_nights,year,1961,0
Thueringen,tropical_nights,year,1962,0
Thueringen,tropical_nights,year,1963,0
Thueringen,tropical_nights,year,1964,0.16
Thueringen,tropical_nights,year,1965,0
Thueringen,tropical_nights,year,1966,0
Thueringen,tropical_nights,year,1967,0
Thueringen,tropical_nights,year,1968,0
Thueringen,tropical_nights,year,1969,0.08
Thueringen,tropical_nights,year,1970,0
Thueringen,tropical_nights,year,1971,0.02
Thueringen,tropical_nights,year,1972,0
Thueringen,tropical_nights,year,1973,0.01
Thueringen,tropical_nights,year,1974,0.02
Thueringen,tropical_nights,year,1975,0
Thueringen,tropical_nights,year,1976,0.17
Thueringen,tropical_nights,year,1977,0
Thueringen,tropical_nights,year,1978,0
Thueringen,tropical_nights,year,1979,0
Thueringen,tropical_nights,year,1980,0
Thueringen,tropical_nights,year,1981,0
Thueringen,tropical_nights,year,1982,0
Thueringen,tropical_nights,year,1983,0.55
Thueringen,tropical_nights,year,1984,0.06
Thueringen,tropical_nights,year,1985,0
Thueringen,tropical_nights,year,1986,0
Thueringen,tropical_nights,year,1987,0.02
Thueringen,tropical_nights,year,1988,0
Thueringen,tropical_nights,year,1989,0
Thueringen,tropical_nights,year,1990,0
Thueringen,tropical_nights,year,1991,0.08
Thueringen,tropical_nights,year,1992,0.19
Thueringen,tropical_nights,year,1993,0
Thueringen,tropical_nights,year,1994,0.81
Thueringen,tropical_nights,year,1995,0.05
Thueringen,tropical_nights,year,1996,0
Thueringen,tropical_nights,year,1997,0
Thueringen,tropical_nights,year,1998,0.06
Thueringen,tropical_nights,year,1999,0.02
Thueringen,tropical_nights,year,2000,0.04
Thueringen,tropical_nights,year,2001,0.06
Thueringen,tropical_nights,year,2002,0.06
Thueringen,tropical_nights,year,2003,0.9
Thueringen,tropical_nights,year,2004,0
Thueringen,tropical_nights,year,2005,0
Thueringen,tropical_nights,year,2006,0.1
Thueringen,tropical_nights,year,2007,0.07
Thueringen,tropical_nights,year,2008,0
Thueringen,tropical_nights,year,2009,0.01
Thueringen,tropical_nights,year,2010,0.65
Thueringen,tropical_nights,year,2011,0
Thueringen,tropical_nights,year,2012,0.18
Thueringen,tropical_nights,year,2013,0.15
Thueringen,tropical_nights,year,2014,0.07
Thueringen,tropical_nights,year,2015,1.1
Thueringen,tropical_nights,year,2016,0
Thueringen,tropical_nights,year,2017,0
Thueringen,tropical_nights,year,2018,0.8
Thueringen,tropical_nights,year,2019,0.19
Thueringen,tropical_nights,year,2020,0.16
Thueringen,tropical_nights,year,2021,0.03
Thueringen,tropical_nights,year,2022,0.21
Thueringen,tropical_nights,year,2023,0.1
Thueringen,tropical_nights,year,2024,0
Thueringen,tropical_nights,year,2025,0.01
Thueringen/Sachsen-Anhalt,frost_days,year,1951,88.72
Thueringen/Sachsen-Anhalt,frost_days,year,1952,113.92
Thueringen/Sachsen-Anhalt,frost_days,year,1953,91.33
Thueringen/Sachsen-Anhalt,frost_days,year,1954,99.92
Thueringen/Sachsen-Anhalt,frost_days,year,1955,115.71
Thueringen/Sachsen-Anhalt,frost_days,year,1956,106.87
Thueringen/Sachsen-Anhalt,frost_days,year,1957,82.47
Thueringen/Sachsen-Anhalt,frost_days,year,1958,94.78
Thueringen/Sachsen-Anhalt,frost_days,year,1959,91.15
Thueringen/Sachsen-Anhalt,frost_days,year,1960,82.31
Thueringen/Sachsen-Anhalt,frost_days,year,1961,67.87
Thueringen/Sachsen-Anhalt,frost_days,year,1962,104.63
Thueringen/Sachsen-Anhalt,frost_days,year,1963,112.24
Thueringen/Sachsen-Anhalt,frost_days,year,1964,101.55
Thueringen/Sachsen-Anhalt,frost_days,year,1965,103.03
Thueringen/Sachsen-Anhalt,frost_days,year,1966,83.9
Thueringen/Sachsen-Anhalt,frost_days,year,1967,75.47
Thueringen/Sachsen-Anhalt,frost_days,year,1968,102.36
Thueringen/Sachsen-Anhalt,frost_days,year,1969,120.26
Thueringen/Sachsen-Anhalt,frost_days,year,1970,105.68
Thueringen/Sachsen-Anhalt,frost_days,year,1971,90.5
Thueringen/Sachsen-Anhalt,frost_days,year,1972,93.14
Thueringen/Sachsen-Anhalt,frost_days,year,1973,102.4
Thueringen/Sachsen-Anhalt,frost_days,year,1974,56
Thueringen/Sachsen-Anhalt,frost_days,year,1975,77.93
Thueringen/Sachsen-Anhalt,frost_days,year,1976,102.45
Thueringen/Sachsen-Anhalt,frost_days,year,1977,72.6
Thueringen/Sachsen-Anhalt,frost_days,year,1978,94.47
Thueringen/Sachsen-Anhalt,frost_days,year,1979,106.58
Thueringen/Sachsen-Anhalt,frost_days,year,1980,109.07
Thueringen/Sachsen-Anhalt,frost_days,year,1981,102.93
Thueringen/Sachsen-Anhalt,frost_days,year,1982,88.28
Thueringen/Sachsen-Anhalt,frost_days,year,1983,82.36
Thueringen/Sachsen-Anhalt,frost_days,year,1984,99.98
Thueringen/Sachsen-Anhalt,frost_days,year,1985,108.29
Thueringen/Sachsen-Anhalt,frost_days,year,1986,87.21
Thueringen/Sachsen-Anhalt,frost_days,year,1987,99.95
Thueringen/Sachsen-Anhalt,frost_days,year,1988,78.45
Thueringen/Sachsen-Anhalt,frost_days,year,1989,69.91
Thueringen/Sachsen-Anhalt,frost_days,year,1990,61.93
Thueringen/Sachsen-Anhalt,frost_days,year,1991,97.19
Thueringen/Sachsen-Anhalt,frost_days,year,1992,76.1
Thueringen/Sachsen-Anhalt,frost_days,year,1993,92.74
Thueringen/Sachsen-Anhalt,frost_days,year,1994,65.76
Thueringen/Sachsen-Anhalt,frost_days,year,1995,98.05
Thueringen/Sachsen-Anhalt,frost_days,year,1996,124.03
Thueringen/Sachsen-Anhalt,frost_days,year,1997,92.46
Thueringen/Sachsen-Anhalt,frost_days,year,1998,75.02
Thueringen/Sachsen-Anhalt,frost_days,year,1999,73.82
Thueringen/Sachsen-Anhalt,frost_days,year,2000,54.81
Thueringen/Sachsen-Anhalt,frost_days,year,2001,88.27
Thueringen/Sachsen-Anhalt,frost_days,year,2002,72.95
Thueringen/Sachsen-Anhalt,frost_days,year,2003,104.24
Thueringen/Sachsen-Anhalt,frost_days,year,2004,89.35
Thueringen/Sachsen-Anhalt,frost_days,year,2005,96.11
Thueringen/Sachsen-Anhalt,frost_days,year,2006,88.99
Thueringen/Sachsen-Anhalt,frost_days,year,2007,64.1
Thueringen/Sachsen-Anhalt,frost_days,year,2008,73.77
Thueringen/Sachsen-Anhalt,frost_days,year,2009,87.74
Thueringen/Sachsen-Anhalt,frost_days,year,2010,115.9
Thueringen/Sachsen-Anhalt,frost_days,year,2011,88.34
Thueringen/Sachsen-Anhalt,frost_days,year,2012,80.61
Thueringen/Sachsen-Anhalt,frost_days,year,2013,103.56
Thueringen/Sachsen-Anhalt,frost_days,year,2014,63.11
Thueringen/Sachsen-Anhalt,frost_days,year,2015,77.13
Thueringen/Sachsen-Anhalt,frost_days,year,2016,84.45
Thueringen/Sachsen-Anhalt,frost_days,year,2017,78.45
Thueringen/Sachsen-Anhalt,frost_days,year,2018,81.08
Thueringen/Sachsen-Anhalt,frost_days,year,2019,70.39
Thueringen/Sachsen-Anhalt,frost_days,year,2020,64.9
Thueringen/Sachsen-Anhalt,frost_days,year,2021,92.58
Thueringen/Sachsen-Anhalt,frost_days,year,2022,74.97
Thueringen/Sachsen-Anhalt,frost_days,year,2023,65.21
Thueringen/Sachsen-Anhalt,frost_days,year,2024,54.83
Thueringen/Sachsen-Anhalt,frost_days,year,2025,87.94
Thueringen/Sachsen-Anhalt,hot_days,year,1951,4.05
Thueringen/Sachsen-Anhalt,hot_days,year,1952,6.64
Thueringen/Sachsen-Anhalt,hot_days,year,1953,6.27
Thueringen/Sachsen-Anhalt,hot_days,year,1954,4.05
Thueringen/Sachsen-Anhalt,hot_days,year,1955,1.27
Thueringen/Sachsen-Anhalt,hot_days,year,1956,0.86
Thueringen/Sachsen-Anhalt,hot_days,year,1957,7.71
Thueringen/Sachsen-Anhalt,hot_days,year,1958,1.75
Thueringen/Sachsen-Anhalt,hot_days,year,1959,5.8
Thueringen/Sachsen-Anhalt,hot_days,year,1960,1.91
Thueringen/Sachsen-Anhalt,hot_days,year,1961,5.23
Thueringen/Sachsen-Anhalt,hot_days,year,1962,1.62
Thueringen/Sachsen-Anhalt,hot_days,year,1963,5.42
Thueringen/Sachsen-Anhalt,hot_days,year,1964,11.55
Thueringen/Sachsen-Anhalt,hot_days,year,1965,0.9
Thueringen/Sachsen-Anhalt,hot_days,year,1966,3.56
Thueringen/Sachsen-Anhalt,hot_days,year,1967,4.03
Thueringen/Sachsen-Anhalt,hot_days,year,1968,3.1
Thueringen/Sachsen-Anhalt,hot_days,year,1969,8.91
Thueringen/Sachsen-Anhalt,hot_days,year,1970,2.39
Thueringen/Sachsen-Anhalt,hot_days,year,1971,9.15
Thueringen/Sachsen-Anhalt,hot_days,year,1972,5.42
Thueringen/Sachsen-Anhalt,hot_days,year,1973,6.33
Thueringen/Sachsen-Anhalt,hot_days,year,1974,3.63
Thueringen/Sachsen-Anhalt,hot_days,year,1975,8.07
Thueringen/Sachsen-Anhalt,hot_days,year,1976,9.49
Thueringen/Sachsen-Anhalt,hot_days,year,1977,1.8
Thueringen/Sachsen-Anhalt,hot_days,year,1978,2.92
Thueringen/Sachsen-Anhalt,hot_days,year,1979,3.48
Thueringen/Sachsen-Anhalt,hot_days,year,1980,1.88
Thueringen/Sachsen-Anhalt,hot_days,year,1981,2.52
Thueringen/Sachsen-Anhalt,hot_days,year,1982,7.26
Thueringen/Sachsen-Anhalt,hot_days,year,1983,10.25
Thueringen/Sachsen-Anhalt,hot_days,year,1984,3.38
Thueringen/Sachsen-Anhalt,hot_days,year,1985,2.51
Thueringen/Sachsen-Anhalt,hot_days,year,1986,5.66
Thueringen/Sachsen-Anhalt,hot_days,year,1987,1.63
Thueringen/Sachsen-Anhalt,hot_days,year,1988,2.65
Thueringen/Sachsen-Anhalt,hot_days,year,1989,6.13
Thueringen/Sachsen-Anhalt,hot_days,year,1990,6.94
Thueringen/Sachsen-Anhalt,hot_days,year,1991,5.78
Thueringen/Sachsen-Anhalt,hot_days,year,1992,10.67
Thueringen/Sachsen-Anhalt,hot_days,year,1993,1.52
Thueringen/Sachsen-Anhalt,hot_days,year,1994,18.11
Thueringen/Sachsen-Anhalt,hot_days,year,1995,12.52
Thueringen/Sachsen-Anhalt,hot_days,year,1996,3.47
Thueringen/Sachsen-Anhalt,hot_days,year,1997,6.5
Thueringen/Sachsen-Anhalt,hot_days,year,1998,7.23
Thueringen/Sachsen-Anhalt,hot_days,year,1999,5.44
Thueringen/Sachsen-Anhalt,hot_days,year,2000,6.46
Thueringen/Sachsen-Anhalt,hot_days,year,2001,8.4
Thueringen/Sachsen-Anhalt,hot_days,year,2002,7.01
Thueringen/Sachsen-Anhalt,hot_days,year,2003,21.11
Thueringen/Sachsen-Anhalt,hot_days,year,2004,4.29
Thueringen/Sachsen-Anhalt,hot_days,year,2005,9
Thueringen/Sachsen-Anhalt,hot_days,year,2006,16.6
Thueringen/Sachsen-Anhalt,hot_days,year,2007,6.03
Thueringen/Sachsen-Anhalt,hot_days,year,2008,10.23
Thueringen/Sachsen-Anhalt,hot_days,year,2009,4.85
Thueringen/Sachsen-Anhalt,hot_days,year,2010,10.76
Thueringen/Sachsen-Anhalt,hot_days,year,2011,4.17
Thueringen/Sachsen-Anhalt,hot_days,year,2012,8.7
Thueringen/Sachsen-Anhalt,hot_days,year,2013,11.43
Thueringen/Sachsen-Anhalt,hot_days,year,2014,7.87
Thueringen/Sachsen-Anhalt,hot_days,year,2015,17.73
Thueringen/Sachsen-Anhalt,hot_days,year,2016,12.46
Thueringen/Sachsen-Anhalt,hot_days,year,2017,5.91
Thueringen/Sachsen-Anhalt,hot_days,year,2018,25.06
Thueringen/Sachsen-Anhalt,hot_days,year,2019,20.05
Thueringen/Sachsen-Anhalt,hot_days,year,2020,12.21
Thueringen/Sachsen-Anhalt,hot_days,year,2021,5.27
Thueringen/Sachsen-Anhalt,hot_days,year,2022,18.34
Thueringen/Sachsen-Anhalt,hot_days,year,2023,10.62
Thueringen/Sachsen-Anhalt,hot_days,year,2024,16.22
Thueringen/Sachsen-Anhalt,hot_days,year,2025,11.75
Thueringen/Sachsen-Anhalt,ice_days,year,1951,11.2
Thueringen/Sachsen-Anhalt,ice_days,year,1952,28.13
Thueringen/Sachsen-Anhalt,ice_days,year,1953,21.87
Thueringen/Sachsen-Anhalt,ice_days,year,1954,36.52
Thueringen/Sachsen-Anhalt,ice_days,year,1955,36.91
Thueringen/Sachsen-Anhalt,ice_days,year,1956,47.11
Thueringen/Sachsen-Anhalt,ice_days,year,1957,13.88
Thueringen/Sachsen-Anhalt,ice_days,year,1958,18.74
Thueringen/Sachsen-Anhalt,ice_days,year,1959,20.42
Thueringen/Sachsen-Anhalt,ice_days,year,1960,24.1
Thueringen/Sachsen-Anhalt,ice_days,year,1961,21.37
Thueringen/Sachsen-Anhalt,ice_days,year,1962,35.07
Thueringen/Sachsen-Anhalt,ice_days,year,1963,66.04
Thueringen/Sachsen-Anhalt,ice_days,year,1964,36.13
Thueringen/Sachsen-Anhalt,ice_days,year,1965,29.66
Thueringen/Sachsen-Anhalt,ice_days,year,1966,29.94
Thueringen/Sachsen-Anhalt,ice_days,year,1967,16.51
Thueringen/Sachsen-Anhalt,ice_days,year,1968,36.43
Thueringen/Sachsen-Anhalt,ice_days,year,1969,53.29
Thueringen/Sachsen-Anhalt,ice_days,year,1970,42.51
Thueringen/Sachsen-Anhalt,ice_days,year,1971,22.38
Thueringen/Sachsen-Anhalt,ice_days,year,1972,23.84
Thueringen/Sachsen-Anhalt,ice_days,year,1973,18.34
Thueringen/Sachsen-Anhalt,ice_days,year,1974,4.01
Thueringen/Sachsen-Anhalt,ice_days,year,1975,10.39
Thueringen/Sachsen-Anhalt,ice_days,year,1976,30.56
Thueringen/Sachsen-Anhalt,ice_days,year,1977,14.42
Thueringen/Sachsen-Anhalt,ice_days,year,1978,30.35
Thueringen/Sachsen-Anhalt,ice_days,year,1979,34.49
Thueringen/Sachsen-Anhalt,ice_days,year,1980,34.88
Thueringen/Sachsen-Anhalt,ice_days,year,1981,38.83
Thueringen/Sachsen-Anhalt,ice_days,year,1982,20.02
Thueringen/Sachsen-Anhalt,ice_days,year,1983,23.56
Thueringen/Sachsen-Anhalt,ice_days,year,1984,21.4
Thueringen/Sachsen-Anhalt,ice_days,year,1985,49.14
Thueringen/Sachsen-Anhalt,ice_days,year,1986,41.89
Thueringen/Sachsen-Anhalt,ice_days,year,1987,47.69
Thueringen/Sachsen-Anhalt,ice_days,year,1988,10.21
Thueringen/Sachsen-Anhalt,ice_days,year,1989,9.43
Thueringen/Sachsen-Anhalt,ice_days,year,1990,10.84
Thueringen/Sachsen-Anhalt,ice_days,year,1991,22.44
Thueringen/Sachsen-Anhalt,ice_days,year,1992,14.7
Thueringen/Sachsen-Anhalt,ice_days,year,1993,28.16
Thueringen/Sachsen-Anhalt,ice_days,year,1994,12.65
Thueringen/Sachsen-Anhalt,ice_days,year,1995,28.42
Thueringen/Sachsen-Anhalt,ice_days,year,1996,52.67
Thueringen/Sachsen-Anhalt,ice_days,year,1997,18.26
Thueringen/Sachsen-Anhalt,ice_days,year,1998,22.77
Thueringen/Sachsen-Anhalt,ice_days,year,1999,14.38
Thueringen/Sachsen-Anhalt,ice_days,year,2000,9.93
Thueringen/Sachsen-Anhalt,ice_days,year,2001,19.36
Thueringen/Sachsen-Anhalt,ice_days,year,2002,19.51
Thueringen/Sachsen-Anhalt,ice_days,year,2003,23.46
Thueringen/Sachsen-Anhalt,ice_days,year,2004,17.18
Thueringen/Sachsen-Anhalt,ice_days,year,2005,25.26
Thueringen/Sachsen-Anhalt,ice_days,year,2006,26.14
Thueringen/Sachsen-Anhalt,ice_days,year,2007,11.5
Thueringen/Sachsen-Anhalt,ice_days,year,2008,10.52
Thueringen/Sachsen-Anhalt,ice_days,year,2009,26.13
Thueringen/Sachsen-Anhalt,ice_days,year,2010,63.08
Thueringen/Sachsen-Anhalt,ice_days,year,2011,15.92
Thueringen/Sachsen-Anhalt,ice_days,year,2012,26.01
Thueringen/Sachsen-Anhalt,ice_days,year,2013,33.52
Thueringen/Sachsen-Anhalt,ice_days,year,2014,13.2
Thueringen/Sachsen-Anhalt,ice_days,year,2015,6.27
Thueringen/Sachsen-Anhalt,ice_days,year,2016,13.46
Thueringen/Sachsen-Anhalt,ice_days,year,2017,17.53
Thueringen/Sachsen-Anhalt,ice_days,year,2018,16.86
Thueringen/Sachsen-Anhalt,ice_days,year,2019,7.24
Thueringen/Sachsen-Anhalt,ice_days,year,2020,2.77
Thueringen/Sachsen-Anhalt,ice_days,year,2021,17.57
Thueringen/Sachsen-Anhalt,ice_days,year,2022,11.42
Thueringen/Sachsen-Anhalt,ice_days,year,2023,9.03
Thueringen/Sachsen-Anhalt,ice_days,year,2024,8.3
Thueringen/Sachsen-Anhalt,ice_days,year,2025,9.39
Thueringen/Sachsen-Anhalt,precip_ge10,year,1951,15.27
Thueringen/Sachsen-Anhalt,precip_ge10,year,1952,17.16
Thueringen/Sachsen-Anhalt,precip_ge10,year,1953,11.29
Thueringen/Sachsen-Anhalt,precip_ge10,year,1954,17.75
Thueringen/Sachsen-Anhalt,precip_ge10,year,1955,16.76
Thueringen/Sachsen-Anhalt,precip_ge10,year,1956,18.85
Thueringen/Sachsen-Anhalt,precip_ge10,year,1957,15.72
Thueringen/Sachsen-Anhalt,precip_ge10,year,1958,17.8
Thueringen/Sachsen-Anhalt,precip_ge10,year,1959,9.57
Thueringen/Sachsen-Anhalt,precip_ge10,year,1960,16.49
Thueringen/Sachsen-Anhalt,precip_ge10,year,1961,18.99
Thueringen/Sachsen-Anhalt,precip_ge10,year,1962,10.13
Thueringen/Sachsen-Anhalt,precip_ge10,year,1963,11.74
Thueringen/Sachsen-Anhalt,precip_ge10,year,1964,9.95
Thueringen/Sachsen-Anhalt,precip_ge10,year,1965,17.89
Thueringen/Sachsen-Anhalt,precip_ge10,year,1966,20.7
Thueringen/Sachsen-Anhalt,precip_ge10,year,1967,16.6
Thueringen/Sachsen-Anhalt,precip_ge10,year,1968,15.28
Thueringen/Sachsen-Anhalt,precip_ge10,year,1969,15.29
Thueringen/Sachsen-Anhalt,precip_ge10,year,1970,17.89
Thueringen/Sachsen-Anhalt,precip_ge10,year,1971,10.85
Thueringen/Sachsen-Anhalt,precip_ge10,year,1972,17.02
Thueringen/Sachsen-Anhalt,precip_ge10,year,1973,10.92
Thueringen/Sachsen-Anhalt,precip_ge10,year,1974,16.25
Thueringen/Sachsen-Anhalt,precip_ge10,year,1975,10.81
Thueringen/Sachsen-Anhalt,precip_ge10,year,1976,8.85
Thueringen/Sachsen-Anhalt,precip_ge10,year,1977,19.8
Thueringen/Sachsen-Anhalt,precip_ge10,year,1978,12.99
Thueringen/Sachsen-Anhalt,precip_ge10,year,1979,14.29
Thueringen/Sachsen-Anhalt,precip_ge10,year,1980,14.84
Thueringen/Sachsen-Anhalt,precip_ge10,year,1981,20.31
Thueringen/Sachsen-Anhalt,precip_ge10,year,1982,8.89
Thueringen/Sachsen-Anhalt,precip_ge10,year,1983,15.46
Thueringen/Sachsen-Anhalt,precip_ge10,year,1984,16.8
Thueringen/Sachsen-Anhalt,precip_ge10,year,1985,10.14
Thueringen/Sachsen-Anhalt,precip_ge10,year,1986,18.75
Thueringen/Sachsen-Anhalt,precip_ge10,year,1987,17.56
Thueringen/Sachsen-Anhalt,precip_ge10,year,1988,12.39
Thueringen/Sachsen-Anhalt,precip_ge10,year,1989,12.04
Thueringen/Sachsen-Anhalt,precip_ge10,year,1990,13.06
Thueringen/Sachsen-Anhalt,precip_ge10,year,1991,9.21
Thueringen/Sachsen-Anhalt,precip_ge10,year,1992,15.64
Thueringen/Sachsen-Anhalt,precip_ge10,year,1993,18.13
Thueringen/Sachsen-Anhalt,precip_ge10,year,1994,19.52
Thueringen/Sachsen-Anhalt,precip_ge10,year,1995,17
Thueringen/Sachsen-Anhalt,precip_ge10,year,1996,13.35
Thueringen/Sachsen-Anhalt,precip_ge10,year,1997,13.47
Thueringen/Sachsen-Anhalt,precip_ge10,year,1998,16.24
Thueringen/Sachsen-Anhalt,precip_ge10,year,1999,13.83
Thueringen/Sachsen-Anhalt,precip_ge10,year,2000,13.24
Thueringen/Sachsen-Anhalt,precip_ge10,year,2001,15.66
Thueringen/Sachsen-Anhalt,precip_ge10,year,2002,23.07
Thueringen/Sachsen-Anhalt,precip_ge10,year,2003,11.06
Thueringen/Sachsen-Anhalt,precip_ge10,year,2004,15.92
Thueringen/Sachsen-Anhalt,precip_ge10,year,2005,14.42
Thueringen/Sachsen-Anhalt,precip_ge10,year,2006,12.64
Thueringen/Sachsen-Anhalt,precip_ge10,year,2007,22.92
Thueringen/Sachsen-Anhalt,precip_ge10,year,2008,15.95
Thueringen/Sachsen-Anhalt,precip_ge10,year,2009,17.38
Thueringen/Sachsen-Anhalt,precip_ge10,year,2010,21.89
Thueringen/Sachsen-Anhalt,precip_ge10,year,2011,14.3
Thueringen/Sachsen-Anhalt,precip_ge10,year,2012,14.23
Thueringen/Sachsen-Anhalt,precip_ge10,year,2013,17.85
Thueringen/Sachsen-Anhalt,precip_ge10,year,2014,15.21
Thueringen/Sachsen-Anhalt,precip_ge10,year,2015,13.47
Thueringen/Sachsen-Anhalt,precip_ge10,year,2016,12.17
Thueringen/Sachsen-Anhalt,precip_ge10,year,2017,17.72
Thueringen/Sachsen-Anhalt,precip_ge10,year,2018,9.26
Thueringen/Sachsen-Anhalt,precip_ge10,year,2019,12.85
Thueringen/Sachsen-Anhalt,precip_ge10,year,2020,13.57
Thueringen/Sachsen-Anhalt,precip_ge10,year,2021,15.93
Thueringen/Sachsen-Anhalt,precip_ge10,year,2022,10.69
Thueringen/Sachsen-Anhalt,precip_ge10,year,2023,20.42
Thueringen/Sachsen-Anhalt,precip_ge10,year,2024,18.52
Thueringen/Sachsen-Anhalt,precip_ge10,year,2025,11.45
Thueringen/Sachsen-Anhalt,precip_ge20,year,1951,3.49
Thueringen/Sachsen-Anhalt,precip_ge20,year,1952,2.93
Thueringen/Sachsen-Anhalt,precip_ge20,year,1953,2.47
Thueringen/Sachsen-Anhalt,precip_ge20,year,1954,3.85
Thueringen/Sachsen-Anhalt,precip_ge20,year,1955,4.36
Thueringen/Sachsen-Anhalt,precip_ge20,year,1956,4.62
Thueringen/Sachsen-Anhalt,precip_ge20,year,1957,2.81
Thueringen/Sachsen-Anhalt,precip_ge20,year,1958,4.08
Thueringen/Sachsen-Anhalt,precip_ge20,year,1959,2.98
Thueringen/Sachsen-Anhalt,precip_ge20,year,1960,3.83
Thueringen/Sachsen-Anhalt,precip_ge20,year,1961,4.26
Thueringen/Sachsen-Anhalt,precip_ge20,year,1962,1.59
Thueringen/Sachsen-Anhalt,precip_ge20,year,1963,2.38
Thueringen/Sachsen-Anhalt,precip_ge20,year,1964,2.14
Thueringen/Sachsen-Anhalt,precip_ge20,year,1965,3.95
Thueringen/Sachsen-Anhalt,precip_ge20,year,1966,4.82
Thueringen/Sachsen-Anhalt,precip_ge20,year,1967,3.76
Thueringen/Sachsen-Anhalt,precip_ge20,year,1968,3.34
Thueringen/Sachsen-Anhalt,precip_ge20,year,1969,3.04
Thueringen/Sachsen-Anhalt,precip_ge20,year,1970,3.58
Thueringen/Sachsen-Anhalt,precip_ge20,year,1971,2.58
Thueringen/Sachsen-Anhalt,precip_ge20,year,1972,4.44
Thueringen/Sachsen-Anhalt,precip_ge20,year,1973,1.74
Thueringen/Sachsen-Anhalt,precip_ge20,year,1974,2.61
Thueringen/Sachsen-Anhalt,precip_ge20,year,1975,2.33
Thueringen/Sachsen-Anhalt,precip_ge20,year,1976,0.96
Thueringen/Sachsen-Anhalt,precip_ge20,year,1977,5.32
Thueringen/Sachsen-Anhalt,precip_ge20,year,1978,2.53
Thueringen/Sachsen-Anhalt,precip_ge20,year,1979,2.38
Thueringen/Sachsen-Anhalt,precip_ge20,year,1980,3.17
Thueringen/Sachsen-Anhalt,precip_ge20,year,1981,5.2
Thueringen/Sachsen-Anhalt,precip_ge20,year,1982,1.16
Thueringen/Sachsen-Anhalt,precip_ge20,year,1983,3.79
Thueringen/Sachsen-Anhalt,precip_ge20,year,1984,4.05
Thueringen/Sachsen-Anhalt,precip_ge20,year,1985,1.63
Thueringen/Sachsen-Anhalt,precip_ge20,year,1986,4.06
Thueringen/Sachsen-Anhalt,precip_ge20,year,1987,3.63
Thueringen/Sachsen-Anhalt,precip_ge20,year,1988,2.05
Thueringen/Sachsen-Anhalt,precip_ge20,year,1989,2.31
Thueringen/Sachsen-Anhalt,precip_ge20,year,1990,2.76
Thueringen/Sachsen-Anhalt,precip_ge20,year,1991,1.62
Thueringen/Sachsen-Anhalt,precip_ge20,year,1992,3.64
Thueringen/Sachsen-Anhalt,precip_ge20,year,1993,3.93
Thueringen/Sachsen-Anhalt,precip_ge20,year,1994,5.29
Thueringen/Sachsen-Anhalt,precip_ge20,year,1995,3.48
Thueringen/Sachsen-Anhalt,precip_ge20,year,1996,2.78
Thueringen/Sachsen-Anhalt,precip_ge20,year,1997,2.94
Thueringen/Sachsen-Anhalt,precip_ge20,year,1998,3.03
Thueringen/Sachsen-Anhalt,precip_ge20,year,1999,2.43
Thueringen/Sachsen-Anhalt,precip_ge20,year,2000,2.05
Thueringen/Sachsen-Anhalt,precip_ge20,year,2001,2.59
Thueringen/Sachsen-Anhalt,precip_ge20,year,2002,6.73
Thueringen/Sachsen-Anhalt,precip_ge20,year,2003,2.29
Thueringen/Sachsen-Anhalt,precip_ge20,year,2004,3.02
Thueringen/Sachsen-Anhalt,precip_ge20,year,2005,2.84
Thueringen/Sachsen-Anhalt,precip_ge20,year,2006,2.4
Thueringen/Sachsen-Anhalt,precip_ge20,year,2007,7.16
Thueringen/Sachsen-Anhalt,precip_ge20,year,2008,2.79
Thueringen/Sachsen-Anhalt,precip_ge20,year,2009,3.02
Thueringen/Sachsen-Anhalt,precip_ge20,year,2010,5.26
Thueringen/Sachsen-Anhalt,precip_ge20,year,2011,3.81
Thueringen/Sachsen-Anhalt,precip_ge20,year,2012,2.87
Thueringen/Sachsen-Anhalt,precip_ge20,year,2013,5.13
Thueringen/Sachsen-Anhalt,precip_ge20,year,2014,4.17
Thueringen/Sachsen-Anhalt,precip_ge20,year,2015,3.02
Thueringen/Sachsen-Anhalt,precip_ge20,year,2016,2.85
Thueringen/Sachsen-Anhalt,precip_ge20,year,2017,4.52
Thueringen/Sachsen-Anhalt,precip_ge20,year,2018,2.11
Thueringen/Sachsen-Anhalt,precip_ge20,year,2019,2.94
Thueringen/Sachsen-Anhalt,precip_ge20,year,2020,4.03
Thueringen/Sachsen-Anhalt,precip_ge20,year,2021,4.79
Thueringen/Sachsen-Anhalt,precip_ge20,year,2022,1.91
Thueringen/Sachsen-Anhalt,precip_ge20,year,2023,4.19
Thueringen/Sachsen-Anhalt,precip_ge20,year,2024,4.62
Thueringen/Sachsen-Anhalt,precip_ge20,year,2025,2.42
Thueringen/Sachsen-Anhalt,precipitation,year,1881,588.9
Thueringen/Sachsen-Anhalt,precipitation,year,1882,762.3
Thueringen/Sachsen-Anhalt,precipitation,year,1883,527.2
Thueringen/Sachsen-Anhalt,precipitation,year,1884,652
Thueringen/Sachsen-Anhalt,precipitation,year,1885,571.5
Thueringen/Sachsen-Anhalt,precipitation,year,1886,566.1
Thueringen/Sachsen-Anhalt,precipitation,year,1887,496.3
Thueringen/Sachsen-Anhalt,precipitation,year,1888,608.4
Thueringen/Sachsen-Anhalt,precipitation,year,1889,635.9
Thueringen/Sachsen-Anhalt,precipitation,year,1890,605.2
Thueringen/Sachsen-Anhalt,precipitation,year,1891,672.4
Thueringen/Sachsen-Anhalt,precipitation,year,1892,465.9
Thueringen/Sachsen-Anhalt,precipitation,year,1893,593.5
Thueringen/Sachsen-Anhalt,precipitation,year,1894,661.2
Thueringen/Sachsen-Anhalt,precipitation,year,1895,634.1
Thueringen/Sachsen-Anhalt,precipitation,year,1896,656.3
Thueringen/Sachsen-Anhalt,precipitation,year,1897,645.5
Thueringen/Sachsen-Anhalt,precipitation,year,1898,643.5
Thueringen/Sachsen-Anhalt,precipitation,year,1899,670.2
Thueringen/Sachsen-Anhalt,precipitation,year,1900,676.2
Thueringen/Sachsen-Anhalt,precipitation,year,1901,650.6
Thueringen/Sachsen-Anhalt,precipitation,year,1902,627.1
Thueringen/Sachsen-Anhalt,precipitation,year,1903,581.3
Thueringen/Sachsen-Anhalt,precipitation,year,1904,512.1
Thueringen/Sachsen-Anhalt,precipitation,year,1905,738.9
Thueringen/Sachsen-Anhalt,precipitation,year,1906,714.7
Thueringen/Sachsen-Anhalt,precipitation,year,1907,604.6
Thueringen/Sachsen-Anhalt,precipitation,year,1908,547.7
Thueringen/Sachsen-Anhalt,precipitation,year,1909,653.6
Thueringen/Sachsen-Anhalt,precipitation,year,1910,607.1
Thueringen/Sachsen-Anhalt,precipitation,year,1911,396.2
Thueringen/Sachsen-Anhalt,precipitation,year,1912,662.7
Thueringen/Sachsen-Anhalt,precipitation,year,1913,567.9
Thueringen/Sachsen-Anhalt,precipitation,year,1914,666.3
Thueringen/Sachsen-Anhalt,precipitation,year,1915,643.1
Thueringen/Sachsen-Anhalt,precipitation,year,1916,660.2
Thueringen/Sachsen-Anhalt,precipitation,year,1917,557.3
Thueringen/Sachsen-Anhalt,precipitation,year,1918,627.9
Thueringen/Sachsen-Anhalt,precipitation,year,1919,545.8
Thueringen/Sachsen-Anhalt,precipitation,year,1920,531.5
Thueringen/Sachsen-Anhalt,precipitation,year,1921,523.4
Thueringen/Sachsen-Anhalt,precipitation,year,1922,709.7
Thueringen/Sachsen-Anhalt,precipitation,year,1923,632.8
Thueringen/Sachsen-Anhalt,precipitation,year,1924,623.7
Thueringen/Sachsen-Anhalt,precipitation,year,1925,607.4
Thueringen/Sachsen-Anhalt,precipitation,year,1926,763.1
Thueringen/Sachsen-Anhalt,precipitation,year,1927,700.4
Thueringen/Sachsen-Anhalt,precipitation,year,1928,599.9
Thueringen/Sachsen-Anhalt,precipitation,year,1929,476.1
Thueringen/Sachsen-Anhalt,precipitation,year,1930,647.3
Thueringen/Sachsen-Anhalt,precipitation,year,1931,648.7
Thueringen/Sachsen-Anhalt,precipitation,year,1932,597.2
Thueringen/Sachsen-Anhalt,precipitation,year,1933,534
Thueringen/Sachsen-Anhalt,precipitation,year,1934,476.7
Thueringen/Sachsen-Anhalt,precipitation,year,1935,639.5
Thueringen/Sachsen-Anhalt,precipitation,year,1936,621.3
Thueringen/Sachsen-Anhalt,precipitation,year,1937,688
Thueringen/Sachsen-Anhalt,precipitation,year,1938,577.2
Thueringen/Sachsen-Anhalt,precipitation,year,1939,771.3
Thueringen/Sachsen-Anhalt,precipitation,year,1940,675.4
Thueringen/Sachsen-Anhalt,precipitation,year,1941,783.8
Thueringen/Sachsen-Anhalt,precipitation,year,1942,534.7
Thueringen/Sachsen-Anhalt,precipitation,year,1943,483.2
Thueringen/Sachsen-Anhalt,precipitation,year,1944,661.1
Thueringen/Sachsen-Anhalt,precipitation,year,1945,639.4
Thueringen/Sachsen-Anhalt,precipitation,year,1946,641.1
Thueringen/Sachsen-Anhalt,precipitation,year,1947,543.3
Thueringen/Sachsen-Anhalt,precipitation,year,1948,566.3
Thueringen/Sachsen-Anhalt,precipitation,year,1949,540.1
Thueringen/Sachsen-Anhalt,precipitation,year,1950,711.1
Thueringen/Sachsen-Anhalt,precipitation,year,1951,582.6
Thueringen/Sachsen-Anhalt,precipitation,year,1952,684.9
Thueringen/Sachsen-Anhalt,precipitation,year,1953,487.8
Thueringen/Sachsen-Anhalt,precipitation,year,1954,691.7
Thueringen/Sachsen-Anhalt,precipitation,year,1955,689.3
Thueringen/Sachsen-Anhalt,precipitation,year,1956,751.9
Thueringen/Sachsen-Anhalt,precipitation,year,1957,614
Thueringen/Sachsen-Anhalt,precipitation,year,1958,704.8
Thueringen/Sachsen-Anhalt,precipitation,year,1959,426.7
Thueringen/Sachsen-Anhalt,precipitation,year,1960,664.3
Thueringen/Sachsen-Anhalt,precipitation,year,1961,734.2
Thueringen/Sachsen-Anhalt,precipitation,year,1962,512
Thueringen/Sachsen-Anhalt,precipitation,year,1963,496.2
Thueringen/Sachsen-Anhalt,precipitation,year,1964,463.5
Thueringen/Sachsen-Anhalt,precipitation,year,1965,747.6
Thueringen/Sachsen-Anhalt,precipitation,year,1966,788.1
Thueringen/Sachsen-Anhalt,precipitation,year,1967,668.4
Thueringen/Sachsen-Anhalt,precipitation,year,1968,632.8
Thueringen/Sachsen-Anhalt,precipitation,year,1969,626.6
Thueringen/Sachsen-Anhalt,precipitation,year,1970,767.5
Thueringen/Sachsen-Anhalt,precipitation,year,1971,486
Thueringen/Sachsen-Anhalt,precipitation,year,1972,577.9
Thueringen/Sachsen-Anhalt,precipitation,year,1973,527.5
Thueringen/Sachsen-Anhalt,precipitation,year,1974,707.3
Thueringen/Sachsen-Anhalt,precipitation,year,1975,499
Thueringen/Sachsen-Anhalt,precipitation,year,1976,438
Thueringen/Sachsen-Anhalt,precipitation,year,1977,733.6
Thueringen/Sachsen-Anhalt,precipitation,year,1978,583.6
Thueringen/Sachsen-Anhalt,precipitation,year,1979,627
Thueringen/Sachsen-Anhalt,precipitation,year,1980,645.2
Thueringen/Sachsen-Anhalt,precipitation,year,1981,814.8
Thueringen/Sachsen-Anhalt,precipitation,year,1982,429.7
Thueringen/Sachsen-Anhalt,precipitation,year,1983,615.8
Thueringen/Sachsen-Anhalt,precipitation,year,1984,671.7
Thueringen/Sachsen-Anhalt,precipitation,year,1985,539.9
Thueringen/Sachsen-Anhalt,precipitation,year,1986,698.5
Thueringen/Sachsen-Anhalt,precipitation,year,1987,709.6
Thueringen/Sachsen-Anhalt,precipitation,year,1988,613.6
Thueringen/Sachsen-Anhalt,precipitation,year,1989,519
Thueringen/Sachsen-Anhalt,precipitation,year,1990,578.6
Thueringen/Sachsen-Anhalt,precipitation,year,1991,451.2
Thueringen/Sachsen-Anhalt,precipitation,year,1992,654.5
Thueringen/Sachsen-Anhalt,precipitation,year,1993,710.4
Thueringen/Sachsen-Anhalt,precipitation,year,1994,770.9
Thueringen/Sachsen-Anhalt,precipitation,year,1995,696.9
Thueringen/Sachsen-Anhalt,precipitation,year,1996,575.1
Thueringen/Sachsen-Anhalt,precipitation,year,1997,594.5
Thueringen/Sachsen-Anhalt,precipitation,year,1998,721.6
Thueringen/Sachsen-Anhalt,precipitation,year,1999,628.6
Thueringen/Sachsen-Anhalt,precipitation,year,2000,655.3
Thueringen/Sachsen-Anhalt,precipitation,year,2001,702.5
Thueringen/Sachsen-Anhalt,precipitation,year,2002,824.7
Thueringen/Sachsen-Anhalt,precipitation,year,2003,471.3
Thueringen/Sachsen-Anhalt,precipitation,year,2004,656.2
Thueringen/Sachsen-Anhalt,precipitation,year,2005,634.7
Thueringen/Sachsen-Anhalt,precipitation,year,2006,573.7
Thueringen/Sachsen-Anhalt,precipitation,year,2007,868.9
Thueringen/Sachsen-Anhalt,precipitation,year,2008,632.7
Thueringen/Sachsen-Anhalt,precipitation,year,2009,719
Thueringen/Sachsen-Anhalt,precipitation,year,2010,791.4
Thueringen/Sachsen-Anhalt,precipitation,year,2011,566.6
Thueringen/Sachsen-Anhalt,precipitation,year,2012,609
Thueringen/Sachsen-Anhalt,precipitation,year,2013,686.6
Thueringen/Sachsen-Anhalt,precipitation,year,2014,601.5
Thueringen/Sachsen-Anhalt,precipitation,year,2015,576.9
Thueringen/Sachsen-Anhalt,precipitation,year,2016,551.8
Thueringen/Sachsen-Anhalt,precipitation,year,2017,699.3
Thueringen/Sachsen-Anhalt,precipitation,year,2018,420.6
Thueringen/Sachsen-Anhalt,precipitation,year,2019,547.3
Thueringen/Sachsen-Anhalt,precipitation,year,2020,568.6
Thueringen/Sachsen-Anhalt,precipitation,year,2021,657.3
Thueringen/Sachsen-Anhalt,precipitation,year,2022,491.6
Thueringen/Sachsen-Anhalt,precipitation,year,2023,784.2
Thueringen/Sachsen-Anhalt,precipitation,year,2024,690.1
Thueringen/Sachsen-Anhalt,precipitation,year,2025,487.1
Thueringen/Sachsen-Anhalt,summer_days,year,1951,28.81
Thueringen/Sachsen-Anhalt,summer_days,year,1952,32.1
Thueringen/Sachsen-Anhalt,summer_days,year,1953,35.82
Thueringen/Sachsen-Anhalt,summer_days,year,1954,18.34
Thueringen/Sachsen-Anhalt,summer_days,year,1955,21.42
Thueringen/Sachsen-Anhalt,summer_days,year,1956,14.39
Thueringen/Sachsen-Anhalt,summer_days,year,1957,26.77
Thueringen/Sachsen-Anhalt,summer_days,year,1958,22.06
Thueringen/Sachsen-Anhalt,summer_days,year,1959,41.17
Thueringen/Sachsen-Anhalt,summer_days,year,1960,18.58
Thueringen/Sachsen-Anhalt,summer_days,year,1961,28.2
Thueringen/Sachsen-Anhalt,summer_days,year,1962,19.01
Thueringen/Sachsen-Anhalt,summer_days,year,1963,29.38
Thueringen/Sachsen-Anhalt,summer_days,year,1964,41.48
Thueringen/Sachsen-Anhalt,summer_days,year,1965,15.25
Thueringen/Sachsen-Anhalt,summer_days,year,1966,28.09
Thueringen/Sachsen-Anhalt,summer_days,year,1967,28.25
Thueringen/Sachsen-Anhalt,summer_days,year,1968,29.51
Thueringen/Sachsen-Anhalt,summer_days,year,1969,36.33
Thueringen/Sachsen-Anhalt,summer_days,year,1970,29.89
Thueringen/Sachsen-Anhalt,summer_days,year,1971,36.68
Thueringen/Sachsen-Anhalt,summer_days,year,1972,23.65
Thueringen/Sachsen-Anhalt,summer_days,year,1973,37.8
Thueringen/Sachsen-Anhalt,summer_days,year,1974,16.73
Thueringen/Sachsen-Anhalt,summer_days,year,1975,42.1
Thueringen/Sachsen-Anhalt,summer_days,year,1976,41.15
Thueringen/Sachsen-Anhalt,summer_days,year,1977,16.46
Thueringen/Sachsen-Anhalt,summer_days,year,1978,19.3
Thueringen/Sachsen-Anhalt,summer_days,year,1979,25.21
Thueringen/Sachsen-Anhalt,summer_days,year,1980,17.39
Thueringen/Sachsen-Anhalt,summer_days,year,1981,23.37
Thueringen/Sachsen-Anhalt,summer_days,year,1982,46.42
Thueringen/Sachsen-Anhalt,summer_days,year,1983,48.84
Thueringen/Sachsen-Anhalt,summer_days,year,1984,18.75
Thueringen/Sachsen-Anhalt,summer_days,year,1985,25
Thueringen/Sachsen-Anhalt,summer_days,year,1986,33.92
Thueringen/Sachsen-Anhalt,summer_days,year,1987,16.87
Thueringen/Sachsen-Anhalt,summer_days,year,1988,27.44
Thueringen/Sachsen-Anhalt,summer_days,year,1989,39.02
Thueringen/Sachsen-Anhalt,summer_days,year,1990,32.41
Thueringen/Sachsen-Anhalt,summer_days,year,1991,34.82
Thueringen/Sachsen-Anhalt,summer_days,year,1992,49.75
Thueringen/Sachsen-Anhalt,summer_days,year,1993,30.89
Thueringen/Sachsen-Anhalt,summer_days,year,1994,41.91
Thueringen/Sachsen-Anhalt,summer_days,year,1995,48.03
Thueringen/Sachsen-Anhalt,summer_days,year,1996,25.89
Thueringen/Sachsen-Anhalt,summer_days,year,1997,44.57
Thueringen/Sachsen-Anhalt,summer_days,year,1998,28.56
Thueringen/Sachsen-Anhalt,summer_days,year,1999,42.18
Thueringen/Sachsen-Anhalt,summer_days,year,2000,34.17
Thueringen/Sachsen-Anhalt,summer_days,year,2001,33.43
Thueringen/Sachsen-Anhalt,summer_days,year,2002,38.11
Thueringen/Sachsen-Anhalt,summer_days,year,2003,60.91
Thueringen/Sachsen-Anhalt,summer_days,year,2004,30.64
Thueringen/Sachsen-Anhalt,summer_days,year,2005,42.52
Thueringen/Sachsen-Anhalt,summer_days,year,2006,55.18
Thueringen/Sachsen-Anhalt,summer_days,year,2007,36.75
Thueringen/Sachsen-Anhalt,summer_days,year,2008,36.59
Thueringen/Sachsen-Anhalt,summer_days,year,2009,39.56
Thueringen/Sachsen-Anhalt,summer_days,year,2010,37.09
Thueringen/Sachsen-Anhalt,summer_days,year,2011,43.08
Thueringen/Sachsen-Anhalt,summer_days,year,2012,38.79
Thueringen/Sachsen-Anhalt,summer_days,year,2013,40.54
Thueringen/Sachsen-Anhalt,summer_days,year,2014,34.83
Thueringen/Sachsen-Anhalt,summer_days,year,2015,45.53
Thueringen/Sachsen-Anhalt,summer_days,year,2016,51.13
Thueringen/Sachsen-Anhalt,summer_days,year,2017,40.08
Thueringen/Sachsen-Anhalt,summer_days,year,2018,80.34
Thueringen/Sachsen-Anhalt,summer_days,year,2019,58.88
Thueringen/Sachsen-Anhalt,summer_days,year,2020,47.69
Thueringen/Sachsen-Anhalt,summer_days,year,2021,41.12
Thueringen/Sachsen-Anhalt,summer_days,year,2022,63.29
Thueringen/Sachsen-Anhalt,summer_days,year,2023,60.84
Thueringen/Sachsen-Anhalt,summer_days,year,2024,58.74
Thueringen/Sachsen-Anhalt,summer_days,year,2025,45.51
Thueringen/Sachsen-Anhalt,sunshine,year,1951,1662
Thueringen/Sachsen-Anhalt,sunshine,year,1952,1526.4
Thueringen/Sachsen-Anhalt,sunshine,year,1953,1741.2
Thueringen/Sachsen-Anhalt,sunshine,year,1954,1542.4
Thueringen/Sachsen-Anhalt,sunshine,year,1955,1519.2
Thueringen/Sachsen-Anhalt,sunshine,year,1956,1444.7
Thueringen/Sachsen-Anhalt,sunshine,year,1957,1574.4
Thueringen/Sachsen-Anhalt,sunshine,year,1958,1434.7
Thueringen/Sachsen-Anhalt,sunshine,year,1959,1936
Thueringen/Sachsen-Anhalt,sunshine,year,1960,1422.6
Thueringen/Sachsen-Anhalt,sunshine,year,1961,1461.7
Thueringen/Sachsen-Anhalt,sunshine,year,1962,1484.4
Thueringen/Sachsen-Anhalt,sunshine,year,1963,1611.1
Thueringen/Sachsen-Anhalt,sunshine,year,1964,1665.2
Thueringen/Sachsen-Anhalt,sunshine,year,1965,1456.7
Thueringen/Sachsen-Anhalt,sunshine,year,1966,1397.2
Thueringen/Sachsen-Anhalt,sunshine,year,1967,1566.9
Thueringen/Sachsen-Anhalt,sunshine,year,1968,1521.2
Thueringen/Sachsen-Anhalt,sunshine,year,1969,1515.4
Thueringen/Sachsen-Anhalt,sunshine,year,1970,1412.2
Thueringen/Sachsen-Anhalt,sunshine,year,1971,1650.3
Thueringen/Sachsen-Anhalt,sunshine,year,1972,1481.3
Thueringen/Sachsen-Anhalt,sunshine,year,1973,1604.7
Thueringen/Sachsen-Anhalt,sunshine,year,1974,1364.9
Thueringen/Sachsen-Anhalt,sunshine,year,1975,1611.8
Thueringen/Sachsen-Anhalt,sunshine,year,1976,1691.3
Thueringen/Sachsen-Anhalt,sunshine,year,1977,1294.2
Thueringen/Sachsen-Anhalt,sunshine,year,1978,1306
Thueringen/Sachsen-Anhalt,sunshine,year,1979,1392.5
Thueringen/Sachsen-Anhalt,sunshine,year,1980,1423.7
Thueringen/Sachsen-Anhalt,sunshine,year,1981,1346.9
Thueringen/Sachsen-Anhalt,sunshine,year,1982,1778
Thueringen/Sachsen-Anhalt,sunshine,year,1983,1568.2
Thueringen/Sachsen-Anhalt,sunshine,year,1984,1339.3
Thueringen/Sachsen-Anhalt,sunshine,year,1985,1482.7
Thueringen/Sachsen-Anhalt,sunshine,year,1986,1507.3
Thueringen/Sachsen-Anhalt,sunshine,year,1987,1341.3
Thueringen/Sachsen-Anhalt,sunshine,year,1988,1464.6
Thueringen/Sachsen-Anhalt,sunshine,year,1989,1789.6
Thueringen/Sachsen-Anhalt,sunshine,year,1990,1649.5
Thueringen/Sachsen-Anhalt,sunshine,year,1991,1693.4
Thueringen/Sachsen-Anhalt,sunshine,year,1992,1637.7
Thueringen/Sachsen-Anhalt,sunshine,year,1993,1523.1
Thueringen/Sachsen-Anhalt,sunshine,year,1994,1618
Thueringen/Sachsen-Anhalt,sunshine,year,1995,1598.5
Thueringen/Sachsen-Anhalt,sunshine,year,1996,1394.4
Thueringen/Sachsen-Anhalt,sunshine,year,1997,1693
Thueringen/Sachsen-Anhalt,sunshine,year,1998,1411.9
Thueringen/Sachsen-Anhalt,sunshine,year,1999,1604.7
Thueringen/Sachsen-Anhalt,sunshine,year,2000,1568.6
Thueringen/Sachsen-Anhalt,sunshine,year,2001,1456.4
Thueringen/Sachsen-Anhalt,sunshine,year,2002,1469.4
Thueringen/Sachsen-Anhalt,sunshine,year,2003,1981.8
Thueringen/Sachsen-Anhalt,sunshine,year,2004,1567.4
Thueringen/Sachsen-Anhalt,sunshine,year,2005,1763.2
Thueringen/Sachsen-Anhalt,sunshine,year,2006,1807.9
Thueringen/Sachsen-Anhalt,sunshine,year,2007,1666.2
Thueringen/Sachsen-Anhalt,sunshine,year,2008,1610.6
Thueringen/Sachsen-Anhalt,sunshine,year,2009,1636.6
Thueringen/Sachsen-Anhalt,sunshine,year,2010,1509.2
Thueringen/Sachsen-Anhalt,sunshine,year,2011,1889.7
Thueringen/Sachsen-Anhalt,sunshine,year,2012,1652.8
Thueringen/Sachsen-Anhalt,sunshine,year,2013,1464.3
Thueringen/Sachsen-Anhalt,sunshine,year,2014,1607
Thueringen/Sachsen-Anhalt,sunshine,year,2015,1755.6
Thueringen/Sachsen-Anhalt,sunshine,year,2016,1622.2
Thueringen/Sachsen-Anhalt,sunshine,year,2017,1527.4
Thueringen/Sachsen-Anhalt,sunshine,year,2018,2021.7
Thueringen/Sachsen-Anhalt,sunshine,year,2019,1847.1
Thueringen/Sachsen-Anhalt,sunshine,year,2020,1872.7
Thueringen/Sachsen-Anhalt,sunshine,year,2021,1554.3
Thueringen/Sachsen-Anhalt,sunshine,year,2022,1993.1
Thueringen/Sachsen-Anhalt,sunshine,year,2023,1698.5
Thueringen/Sachsen-Anhalt,sunshine,year,2024,1720.2
Thueringen/Sachsen-Anhalt,sunshine,year,2025,1927.5
Thueringen/Sachsen-Anhalt,temp_mean,year,1881,7.11
Thueringen/Sachsen-Anhalt,temp_mean,year,1882,8.35
Thueringen/Sachsen-Anhalt,temp_mean,year,1883,7.87
Thueringen/Sachsen-Anhalt,temp_mean,year,1884,8.47
Thueringen/Sachsen-Anhalt,temp_mean,year,1885,7.67
Thueringen/Sachsen-Anhalt,temp_mean,year,1886,7.94
Thueringen/Sachsen-Anhalt,temp_mean,year,1887,6.93
Thueringen/Sachsen-Anhalt,temp_mean,year,1888,6.82
Thueringen/Sachsen-Anhalt,temp_mean,year,1889,7.42
Thueringen/Sachsen-Anhalt,temp_mean,year,1890,7.33
Thueringen/Sachsen-Anhalt,temp_mean,year,1891,7.49
Thueringen/Sachsen-Anhalt,temp_mean,year,1892,7.46
Thueringen/Sachsen-Anhalt,temp_mean,year,1893,7.86
Thueringen/Sachsen-Anhalt,temp_mean,year,1894,8.11
Thueringen/Sachsen-Anhalt,temp_mean,year,1895,7.32
Thueringen/Sachsen-Anhalt,temp_mean,year,1896,7.54
Thueringen/Sachsen-Anhalt,temp_mean,year,1897,7.89
Thueringen/Sachsen-Anhalt,temp_mean,year,1898,8.53
Thueringen/Sachsen-Anhalt,temp_mean,year,1899,8.04
Thueringen/Sachsen-Anhalt,temp_mean,year,1900,8.34
Thueringen/Sachsen-Anhalt,temp_mean,year,1901,7.49
Thueringen/Sachsen-Anhalt,temp_mean,year,1902,6.87
Thueringen/Sachsen-Anhalt,temp_mean,year,1903,8.48
Thueringen/Sachsen-Anhalt,temp_mean,year,1904,8.37
Thueringen/Sachsen-Anhalt,temp_mean,year,1905,7.93
Thueringen/Sachsen-Anhalt,temp_mean,year,1906,8.38
Thueringen/Sachsen-Anhalt,temp_mean,year,1907,7.71
Thueringen/Sachsen-Anhalt,temp_mean,year,1908,7.44
Thueringen/Sachsen-Anhalt,temp_mean,year,1909,7.34
Thueringen/Sachsen-Anhalt,temp_mean,year,1910,8.39
Thueringen/Sachsen-Anhalt,temp_mean,year,1911,9.14
Thueringen/Sachsen-Anhalt,temp_mean,year,1912,7.82
Thueringen/Sachsen-Anhalt,temp_mean,year,1913,8.52
Thueringen/Sachsen-Anhalt,temp_mean,year,1914,8.52
Thueringen/Sachsen-Anhalt,temp_mean,year,1915,7.79
Thueringen/Sachsen-Anhalt,temp_mean,year,1916,8.38
Thueringen/Sachsen-Anhalt,temp_mean,year,1917,7.48
Thueringen/Sachsen-Anhalt,temp_mean,year,1918,8.53
Thueringen/Sachsen-Anhalt,temp_mean,year,1919,7.2
Thueringen/Sachsen-Anhalt,temp_mean,year,1920,8.57
Thueringen/Sachsen-Anhalt,temp_mean,year,1921,8.89
Thueringen/Sachsen-Anhalt,temp_mean,year,1922,6.98
Thueringen/Sachsen-Anhalt,temp_mean,year,1923,7.86
Thueringen/Sachsen-Anhalt,temp_mean,year,1924,7.56
Thueringen/Sachsen-Anhalt,temp_mean,year,1925,8.43
Thueringen/Sachsen-Anhalt,temp_mean,year,1926,8.72
Thueringen/Sachsen-Anhalt,temp_mean,year,1927,7.96
Thueringen/Sachsen-Anhalt,temp_mean,year,1928,8.16
Thueringen/Sachsen-Anhalt,temp_mean,year,1929,7.27
Thueringen/Sachsen-Anhalt,temp_mean,year,1930,8.74
Thueringen/Sachsen-Anhalt,temp_mean,year,1931,7.66
Thueringen/Sachsen-Anhalt,temp_mean,year,1932,8.4
Thueringen/Sachsen-Anhalt,temp_mean,year,1933,7.49
Thueringen/Sachsen-Anhalt,temp_mean,year,1934,9.75
Thueringen/Sachsen-Anhalt,temp_mean,year,1935,8.46
Thueringen/Sachsen-Anhalt,temp_mean,year,1936,8.43
Thueringen/Sachsen-Anhalt,temp_mean,year,1937,8.58
Thueringen/Sachsen-Anhalt,temp_mean,year,1938,8.67
Thueringen/Sachsen-Anhalt,temp_mean,year,1939,8.34
Thueringen/Sachsen-Anhalt,temp_mean,year,1940,6.38
Thueringen/Sachsen-Anhalt,temp_mean,year,1941,7.03
Thueringen/Sachsen-Anhalt,temp_mean,year,1942,7.23
Thueringen/Sachsen-Anhalt,temp_mean,year,1943,8.92
Thueringen/Sachsen-Anhalt,temp_mean,year,1944,8.41
Thueringen/Sachsen-Anhalt,temp_mean,year,1945,8.88
Thueringen/Sachsen-Anhalt,temp_mean,year,1946,8.34
Thueringen/Sachsen-Anhalt,temp_mean,year,1947,8.26
Thueringen/Sachsen-Anhalt,temp_mean,year,1948,9.18
Thueringen/Sachsen-Anhalt,temp_mean,year,1949,9.19
Thueringen/Sachsen-Anhalt,temp_mean,year,1950,8.54
Thueringen/Sachsen-Anhalt,temp_mean,year,1951,8.77
Thueringen/Sachsen-Anhalt,temp_mean,year,1952,7.87
Thueringen/Sachsen-Anhalt,temp_mean,year,1953,9.17
Thueringen/Sachsen-Anhalt,temp_mean,year,1954,7.69
Thueringen/Sachsen-Anhalt,temp_mean,year,1955,7.39
Thueringen/Sachsen-Anhalt,temp_mean,year,1956,6.7
Thueringen/Sachsen-Anhalt,temp_mean,year,1957,8.62
Thueringen/Sachsen-Anhalt,temp_mean,year,1958,8.23
Thueringen/Sachsen-Anhalt,temp_mean,year,1959,9.05
Thueringen/Sachsen-Anhalt,temp_mean,year,1960,8.36
Thueringen/Sachsen-Anhalt,temp_mean,year,1961,8.94
Thueringen/Sachsen-Anhalt,temp_mean,year,1962,7.07
Thueringen/Sachsen-Anhalt,temp_mean,year,1963,7.09
Thueringen/Sachsen-Anhalt,temp_mean,year,1964,8.05
Thueringen/Sachsen-Anhalt,temp_mean,year,1965,7.45
Thueringen/Sachsen-Anhalt,temp_mean,year,1966,8.48
Thueringen/Sachsen-Anhalt,temp_mean,year,1967,8.98
Thueringen/Sachsen-Anhalt,temp_mean,year,1968,8.1
Thueringen/Sachsen-Anhalt,temp_mean,year,1969,7.59
Thueringen/Sachsen-Anhalt,temp_mean,year,1970,7.59
Thueringen/Sachsen-Anhalt,temp_mean,year,1971,8.44
Thueringen/Sachsen-Anhalt,temp_mean,year,1972,7.75
Thueringen/Sachsen-Anhalt,temp_mean,year,1973,8.2
Thueringen/Sachsen-Anhalt,temp_mean,year,1974,8.84
Thueringen/Sachsen-Anhalt,temp_mean,year,1975,9
Thueringen/Sachsen-Anhalt,temp_mean,year,1976,8.36
Thueringen/Sachsen-Anhalt,temp_mean,year,1977,8.64
Thueringen/Sachsen-Anhalt,temp_mean,year,1978,7.78
Thueringen/Sachsen-Anhalt,temp_mean,year,1979,7.57
Thueringen/Sachsen-Anhalt,temp_mean,year,1980,7.49
Thueringen/Sachsen-Anhalt,temp_mean,year,1981,8.14
Thueringen/Sachsen-Anhalt,temp_mean,year,1982,9.07
Thueringen/Sachsen-Anhalt,temp_mean,year,1983,9.08
Thueringen/Sachsen-Anhalt,temp_mean,year,1984,7.9
Thueringen/Sachsen-Anhalt,temp_mean,year,1985,7.38
Thueringen/Sachsen-Anhalt,temp_mean,year,1986,7.79
Thueringen/Sachsen-Anhalt,temp_mean,year,1987,7.13
Thueringen/Sachsen-Anhalt,temp_mean,year,1988,9.07
Thueringen/Sachsen-Anhalt,temp_mean,year,1989,9.6
Thueringen/Sachsen-Anhalt,temp_mean,year,1990,9.52
Thueringen/Sachsen-Anhalt,temp_mean,year,1991,8.3
Thueringen/Sachsen-Anhalt,temp_mean,year,1992,9.37
Thueringen/Sachsen-Anhalt,temp_mean,year,1993,8.32
Thueringen/Sachsen-Anhalt,temp_mean,year,1994,9.59
Thueringen/Sachsen-Anhalt,temp_mean,year,1995,8.82
Thueringen/Sachsen-Anhalt,temp_mean,year,1996,6.88
Thueringen/Sachsen-Anhalt,temp_mean,year,1997,8.81
Thueringen/Sachsen-Anhalt,temp_mean,year,1998,9.12
Thueringen/Sachsen-Anhalt,temp_mean,year,1999,9.56
Thueringen/Sachsen-Anhalt,temp_mean,year,2000,9.93
Thueringen/Sachsen-Anhalt,temp_mean,year,2001,8.95
Thueringen/Sachsen-Anhalt,temp_mean,year,2002,9.32
Thueringen/Sachsen-Anhalt,temp_mean,year,2003,9.23
Thueringen/Sachsen-Anhalt,temp_mean,year,2004,8.88
Thueringen/Sachsen-Anhalt,temp_mean,year,2005,8.97
Thueringen/Sachsen-Anhalt,temp_mean,year,2006,9.51
Thueringen/Sachsen-Anhalt,temp_mean,year,2007,9.86
Thueringen/Sachsen-Anhalt,temp_mean,year,2008,9.54
Thueringen/Sachsen-Anhalt,temp_mean,year,2009,9.12
Thueringen/Sachsen-Anhalt,temp_mean,year,2010,7.64
Thueringen/Sachsen-Anhalt,temp_mean,year,2011,9.6
Thueringen/Sachsen-Anhalt,temp_mean,year,2012,9.06
Thueringen/Sachsen-Anhalt,temp_mean,year,2013,8.64
Thueringen/Sachsen-Anhalt,temp_mean,year,2014,10.29
Thueringen/Sachsen-Anhalt,temp_mean,year,2015,9.96
Thueringen/Sachsen-Anhalt,temp_mean,year,2016,9.63
Thueringen/Sachsen-Anhalt,temp_mean,year,2017,9.63
Thueringen/Sachsen-Anhalt,temp_mean,year,2018,10.46
Thueringen/Sachsen-Anhalt,temp_mean,year,2019,10.43
Thueringen/Sachsen-Anhalt,temp_mean,year,2020,10.49
Thueringen/Sachsen-Anhalt,temp_mean,year,2021,9.12
Thueringen/Sachsen-Anhalt,temp_mean,year,2022,10.47
Thueringen/Sachsen-Anhalt,temp_mean,year,2023,10.63
Thueringen/Sachsen-Anhalt,temp_mean,year,2024,11.03
Thueringen/Sachsen-Anhalt,temp_mean,year,2025,9.98
Thueringen/Sachsen-Anhalt,tropical_nights,year,1951,0.01
Thueringen/Sachsen-Anhalt,tropical_nights,year,1952,0.25
Thueringen/Sachsen-Anhalt,tropical_nights,year,1953,0
Thueringen/Sachsen-Anhalt,tropical_nights,year,1954,0.02
Thueringen/Sachsen-Anhalt,tropical_nights,year,1955,0
Thueringen/Sachsen-Anhalt,tropical_nights,year,1956,0
Thueringen/Sachsen-Anhalt,tropical_nights,year,1957,0.6
Thueringen/Sachsen-Anhalt,tropical_nights,year,1958,0
Thueringen/Sachsen-Anhalt,tropical_nights,year,1959,0.21
Thueringen/Sachsen-Anhalt,tropical_nights,year,1960,0
Thueringen/Sachsen-Anhalt,tropical_nights,year,1961,0
Thueringen/Sachsen-Anhalt,tropical_nights,year,1962,0
Thueringen/Sachsen-Anhalt,tropical_nights,year,1963,0.22
Thueringen/Sachsen-Anhalt,tropical_nights,year,1964,0.48
Thueringen/Sachsen-Anhalt,tropical_nights,year,1965,0
Thueringen/Sachsen-Anhalt,tropical_nights,year,1966,0
Thueringen/Sachsen-Anhalt,tropical_nights,year,1967,0
Thueringen/Sachsen-Anhalt,tropical_nights,year,1968,0
Thueringen/Sachsen-Anhalt,tropical_nights,year,1969,0.44
Thueringen/Sachsen-Anhalt,tropical_nights,year,1970,0
Thueringen/Sachsen-Anhalt,tropical_nights,year,1971,0.16
Thueringen/Sachsen-Anhalt,tropical_nights,year,1972,0.02
Thueringen/Sachsen-Anhalt,tropical_nights,year,1973,0.02
Thueringen/Sachsen-Anhalt,tropical_nights,year,1974,0.03
Thueringen/Sachsen-Anhalt,tropical_nights,year,1975,0.01
Thueringen/Sachsen-Anhalt,tropical_nights,year,1976,0.17
Thueringen/Sachsen-Anhalt,tropical_nights,year,1977,0
Thueringen/Sachsen-Anhalt,tropical_nights,year,1978,0
Thueringen/Sachsen-Anhalt,tropical_nights,year,1979,0
Thueringen/Sachsen-Anhalt,tropical_nights,year,1980,0
Thueringen/Sachsen-Anhalt,tropical_nights,year,1981,0
Thueringen/Sachsen-Anhalt,tropical_nights,year,1982,0.06
Thueringen/Sachsen-Anhalt,tropical_nights,year,1983,0.61
Thueringen/Sachsen-Anhalt,tropical_nights,year,1984,0.43
Thueringen/Sachsen-Anhalt,tropical_nights,year,1985,0
Thueringen/Sachsen-Anhalt,tropical_nights,year,1986,0.07
Thueringen/Sachsen-Anhalt,tropical_nights,year,1987,0.01
Thueringen/Sachsen-Anhalt,tropical_nights,year,1988,0.1
Thueringen/Sachsen-Anhalt,tropical_nights,year,1989,0
Thueringen/Sachsen-Anhalt,tropical_nights,year,1990,0.01
Thueringen/Sachsen-Anhalt,tropical_nights,year,1991,0.12
Thueringen/Sachsen-Anhalt,tropical_nights,year,1992,0.41
Thueringen/Sachsen-Anhalt,tropical_nights,year,1993,0
Thueringen/Sachsen-Anhalt,tropical_nights,year,1994,1.26
Thueringen/Sachsen-Anhalt,tropical_nights,year,1995,0.04
Thueringen/Sachsen-Anhalt,tropical_nights,year,1996,0
Thueringen/Sachsen-Anhalt,tropical_nights,year,1997,0.07
Thueringen/Sachsen-Anhalt,tropical_nights,year,1998,0.14
Thueringen/Sachsen-Anhalt,tropical_nights,year,1999,0.01
Thueringen/Sachsen-Anhalt,tropical_nights,year,2000,0.07
Thueringen/Sachsen-Anhalt,tropical_nights,year,2001,0.12
Thueringen/Sachsen-Anhalt,tropical_nights,year,2002,0.12
Thueringen/Sachsen-Anhalt,tropical_nights,year,2003,1.12
Thueringen/Sachsen-Anhalt,tropical_nights,year,2004,0
Thueringen/Sachsen-Anhalt,tropical_nights,year,2005,0.03
Thueringen/Sachsen-Anhalt,tropical_nights,year,2006,0.57
Thueringen/Sachsen-Anhalt,tropical_nights,year,2007,0.21
Thueringen/Sachsen-Anhalt,tropical_nights,year,2008,0.01
Thueringen/Sachsen-Anhalt,tropical_nights,year,2009,0
Thueringen/Sachsen-Anhalt,tropical_nights,year,2010,0.92
Thueringen/Sachsen-Anhalt,tropical_nights,year,2011,0.01
Thueringen/Sachsen-Anhalt,tropical_nights,year,2012,0.2
Thueringen/Sachsen-Anhalt,tropical_nights,year,2013,0.12
Thueringen/Sachsen-Anhalt,tropical_nights,year,2014,0.11
Thueringen/Sachsen-Anhalt,tropical_nights,year,2015,0.87
Thueringen/Sachsen-Anhalt,tropical_nights,year,2016,0
Thueringen/Sachsen-Anhalt,tropical_nights,year,2017,0
Thueringen/Sachsen-Anhalt,tropical_nights,year,2018,1.54
Thueringen/Sachsen-Anhalt,tropical_nights,year,2019,0.35
Thueringen/Sachsen-Anhalt,tropical_nights,year,2020,0.35
Thueringen/Sachsen-Anhalt,tropical_nights,year,2021,0.29
Thueringen/Sachsen-Anhalt,tropical_nights,year,2022,0.24
Thueringen/Sachsen-Anhalt,tropical_nights,year,2023,0.09
Thueringen/Sachsen-Anhalt,tropical_nights,year,2024,0.04
Thueringen/Sachsen-Anhalt,tropical_nights,year,2025,0.01
